E:\Samplinglib\.astis\pbps-centered-defect59\independent-elab-review\phase2\fully-elaborated-signatures.lean:16:5: warning: Variable name `hα` is not explicitly referenced.

Hint: The binding can be removed (if unused) or named `_` (if used implicitly). Alternatively, prefix the name with `_` to silence this warning:
  [apply] _hα

Note: This linter can be disabled with `set_option linter.unusedVariables false`
E:\Samplinglib\.astis\pbps-centered-defect59\independent-elab-review\phase2\fully-elaborated-signatures.lean:16:24: warning: Variable name `hαβ` is not explicitly referenced.

Hint: The binding can be removed (if unused) or named `_` (if used implicitly). Alternatively, prefix the name with `_` to silence this warning:
  [apply] _hαβ

Note: This linter can be disabled with `set_option linter.unusedVariables false`
E:\Samplinglib\.astis\pbps-centered-defect59\independent-elab-review\phase2\fully-elaborated-signatures.lean:16:38: warning: Variable name `hV` is not explicitly referenced.

Hint: The binding can be removed (if unused) or named `_` (if used implicitly). Alternatively, prefix the name with `_` to silence this warning:
  [apply] _hV

Note: This linter can be disabled with `set_option linter.unusedVariables false`
E:\Samplinglib\.astis\pbps-centered-defect59\independent-elab-review\phase2\fully-elaborated-signatures.lean:17:5: warning: Variable name `hH` is not explicitly referenced.

Hint: The binding can be removed (if unused) or named `_` (if used implicitly). Alternatively, prefix the name with `_` to silence this warning:
  [apply] _hH

Note: This linter can be disabled with `set_option linter.unusedVariables false`
E:\Samplinglib\.astis\pbps-centered-defect59\independent-elab-review\phase2\fully-elaborated-signatures.lean:20:5: warning: Variable name `hη` is not explicitly referenced.

Hint: The binding can be removed (if unused) or named `_` (if used implicitly). Alternatively, prefix the name with `_` to silence this warning:
  [apply] _hη

Note: This linter can be disabled with `set_option linter.unusedVariables false`
E:\Samplinglib\.astis\pbps-centered-defect59\independent-elab-review\phase2\fully-elaborated-signatures.lean:20:18: warning: Variable name `hβη` is not explicitly referenced.

Hint: The binding can be removed (if unused) or named `_` (if used implicitly). Alternatively, prefix the name with `_` to silence this warning:
  [apply] _hβη

Note: This linter can be disabled with `set_option linter.unusedVariables false`
E:\Samplinglib\.astis\pbps-centered-defect59\independent-elab-review\phase2\fully-elaborated-signatures.lean:68:5: warning: Variable name `hα` is not explicitly referenced.

Hint: The binding can be removed (if unused) or named `_` (if used implicitly). Alternatively, prefix the name with `_` to silence this warning:
  [apply] _hα

Note: This linter can be disabled with `set_option linter.unusedVariables false`
E:\Samplinglib\.astis\pbps-centered-defect59\independent-elab-review\phase2\fully-elaborated-signatures.lean:68:24: warning: Variable name `hαβ` is not explicitly referenced.

Hint: The binding can be removed (if unused) or named `_` (if used implicitly). Alternatively, prefix the name with `_` to silence this warning:
  [apply] _hαβ

Note: This linter can be disabled with `set_option linter.unusedVariables false`
E:\Samplinglib\.astis\pbps-centered-defect59\independent-elab-review\phase2\fully-elaborated-signatures.lean:68:38: warning: Variable name `hV` is not explicitly referenced.

Hint: The binding can be removed (if unused) or named `_` (if used implicitly). Alternatively, prefix the name with `_` to silence this warning:
  [apply] _hV

Note: This linter can be disabled with `set_option linter.unusedVariables false`
E:\Samplinglib\.astis\pbps-centered-defect59\independent-elab-review\phase2\fully-elaborated-signatures.lean:69:5: warning: Variable name `hH` is not explicitly referenced.

Hint: The binding can be removed (if unused) or named `_` (if used implicitly). Alternatively, prefix the name with `_` to silence this warning:
  [apply] _hH

Note: This linter can be disabled with `set_option linter.unusedVariables false`
E:\Samplinglib\.astis\pbps-centered-defect59\independent-elab-review\phase2\fully-elaborated-signatures.lean:72:5: warning: Variable name `hη` is not explicitly referenced.

Hint: The binding can be removed (if unused) or named `_` (if used implicitly). Alternatively, prefix the name with `_` to silence this warning:
  [apply] _hη

Note: This linter can be disabled with `set_option linter.unusedVariables false`
E:\Samplinglib\.astis\pbps-centered-defect59\independent-elab-review\phase2\fully-elaborated-signatures.lean:72:18: warning: Variable name `hβη` is not explicitly referenced.

Hint: The binding can be removed (if unused) or named `_` (if used implicitly). Alternatively, prefix the name with `_` to silence this warning:
  [apply] _hβη

Note: This linter can be disabled with `set_option linter.unusedVariables false`
E:\Samplinglib\.astis\pbps-centered-defect59\independent-elab-review\phase2\fully-elaborated-signatures.lean:120:5: warning: Variable name `hα` is not explicitly referenced.

Hint: The binding can be removed (if unused) or named `_` (if used implicitly). Alternatively, prefix the name with `_` to silence this warning:
  [apply] _hα

Note: This linter can be disabled with `set_option linter.unusedVariables false`
E:\Samplinglib\.astis\pbps-centered-defect59\independent-elab-review\phase2\fully-elaborated-signatures.lean:120:24: warning: Variable name `hαβ` is not explicitly referenced.

Hint: The binding can be removed (if unused) or named `_` (if used implicitly). Alternatively, prefix the name with `_` to silence this warning:
  [apply] _hαβ

Note: This linter can be disabled with `set_option linter.unusedVariables false`
E:\Samplinglib\.astis\pbps-centered-defect59\independent-elab-review\phase2\fully-elaborated-signatures.lean:120:38: warning: Variable name `hV` is not explicitly referenced.

Hint: The binding can be removed (if unused) or named `_` (if used implicitly). Alternatively, prefix the name with `_` to silence this warning:
  [apply] _hV

Note: This linter can be disabled with `set_option linter.unusedVariables false`
E:\Samplinglib\.astis\pbps-centered-defect59\independent-elab-review\phase2\fully-elaborated-signatures.lean:121:5: warning: Variable name `hH` is not explicitly referenced.

Hint: The binding can be removed (if unused) or named `_` (if used implicitly). Alternatively, prefix the name with `_` to silence this warning:
  [apply] _hH

Note: This linter can be disabled with `set_option linter.unusedVariables false`
E:\Samplinglib\.astis\pbps-centered-defect59\independent-elab-review\phase2\fully-elaborated-signatures.lean:124:5: warning: Variable name `hη` is not explicitly referenced.

Hint: The binding can be removed (if unused) or named `_` (if used implicitly). Alternatively, prefix the name with `_` to silence this warning:
  [apply] _hη

Note: This linter can be disabled with `set_option linter.unusedVariables false`
E:\Samplinglib\.astis\pbps-centered-defect59\independent-elab-review\phase2\fully-elaborated-signatures.lean:124:18: warning: Variable name `hβη` is not explicitly referenced.

Hint: The binding can be removed (if unused) or named `_` (if used implicitly). Alternatively, prefix the name with `_` to silence this warning:
  [apply] _hβη

Note: This linter can be disabled with `set_option linter.unusedVariables false`
def AutoSamplingTheory.ExampleCases.ProximalBPS.CenteredDefectOperator.original_signature0.{u_1} : {E : Type u_1} →
  [inst : NormedAddCommGroup E] →
    [inst_1 : @InnerProductSpace Real E Real.instRCLike (@NormedAddCommGroup.toSeminormedAddCommGroup E inst)] →
      [@FiniteDimensional Real E Real.instDivisionRing (@NormedAddCommGroup.toAddCommGroup E inst)
            (@NormedSpace.toModule Real E Real.normedField (@NormedAddCommGroup.toSeminormedAddCommGroup E inst)
              (@InnerProductSpace.toNormedSpace Real E Real.instRCLike
                (@NormedAddCommGroup.toSeminormedAddCommGroup E inst) inst_1))] →
        [inst_3 : MeasurableSpace E] →
          [@BorelSpace E
                (@UniformSpace.toTopologicalSpace E
                  (@PseudoMetricSpace.toUniformSpace E
                    (@SeminormedAddCommGroup.toPseudoMetricSpace E
                      (@NormedAddCommGroup.toSeminormedAddCommGroup E inst))))
                inst_3] →
            {V : E → Real} →
              {α β : NNReal} →
                {η : Real} →
                  @LT.lt Real Real.instLT (@OfNat.ofNat Real (nat_lit 0) (@Zero.toOfNat0 Real Real.instZero)) ↑α →
                    @LE.le NNReal (@Preorder.toLE NNReal (@PartialOrder.toPreorder NNReal NNReal.instPartialOrder)) α
                        β →
                      @ContDiff Real (@DenselyNormedField.toNontriviallyNormedField Real Real.denselyNormedField) E inst
                          (@InnerProductSpace.toNormedSpace Real E Real.instRCLike
                            (@NormedAddCommGroup.toSeminormedAddCommGroup E inst) inst_1)
                          Real Real.normedAddCommGroup
                          (@InnerProductSpace.toNormedSpace Real Real Real.instRCLike
                            (@NormedAddCommGroup.toSeminormedAddCommGroup Real Real.normedAddCommGroup)
                            (@RCLike.toInnerProductSpaceReal Real Real.instRCLike))
                          (@OfNat.ofNat (WithTop ENat) (nat_lit 2)
                            (@instOfNatAtLeastTwo (WithTop ENat) (nat_lit 2) (@WithTop.natCast ENat ENat.instNatCast)
                              ⋯))
                          V →
                        (∀ (x v : E),
                            And
                              (@LE.le Real Real.instLE
                                (@HMul.hMul Real Real Real (@instHMul Real Real.instMul) (↑α)
                                  (@HPow.hPow Real Nat Real
                                    (@instHPow Real Nat (@NPow.toPow Real (@Monoid.toNPow Real Real.instMonoid)))
                                    (@norm E (@NormedAddCommGroup.toNorm E inst) v)
                                    (@OfNat.ofNat Nat (nat_lit 2) (instOfNatNat (nat_lit 2)))))
                                (@DFunLike.coe
                                  (@ContinuousLinearMap Real Real
                                    (@DivisionSemiring.toSemiring Real
                                      (@Semifield.toDivisionSemiring Real
                                        (@Field.toSemifield Real
                                          (@NormedField.toField Real
                                            (@NontriviallyNormedField.toNormedField Real
                                              (@DenselyNormedField.toNontriviallyNormedField Real
                                                Real.denselyNormedField))))))
                                    (@DivisionSemiring.toSemiring Real
                                      (@Semifield.toDivisionSemiring Real
                                        (@Field.toSemifield Real
                                          (@NormedField.toField Real
                                            (@NontriviallyNormedField.toNormedField Real
                                              (@DenselyNormedField.toNontriviallyNormedField Real
                                                Real.denselyNormedField))))))
                                    (@RingHom.id Real
                                      (@Semiring.toNonAssocSemiring Real
                                        (@DivisionSemiring.toSemiring Real
                                          (@Semifield.toDivisionSemiring Real
                                            (@Field.toSemifield Real
                                              (@NormedField.toField Real
                                                (@NontriviallyNormedField.toNormedField Real
                                                  (@DenselyNormedField.toNontriviallyNormedField Real
                                                    Real.denselyNormedField))))))))
                                    E
                                    (@UniformSpace.toTopologicalSpace E
                                      (@PseudoMetricSpace.toUniformSpace E
                                        (@SeminormedAddCommGroup.toPseudoMetricSpace E
                                          (@NormedAddCommGroup.toSeminormedAddCommGroup E inst))))
                                    (@AddCommGroup.toAddCommMonoid E (@NormedAddCommGroup.toAddCommGroup E inst)) Real
                                    (@UniformSpace.toTopologicalSpace Real
                                      (@PseudoMetricSpace.toUniformSpace Real Real.pseudoMetricSpace))
                                    (@AddCommGroup.toAddCommMonoid Real Real.instAddCommGroup)
                                    (@NormedSpace.toModule Real E Real.normedField
                                      (@NormedAddCommGroup.toSeminormedAddCommGroup E inst)
                                      (@InnerProductSpace.toNormedSpace Real E Real.instRCLike
                                        (@NormedAddCommGroup.toSeminormedAddCommGroup E inst) inst_1))
                                    (@Semiring.toModule Real
                                      (@DivisionSemiring.toSemiring Real
                                        (@Semifield.toDivisionSemiring Real
                                          (@Field.toSemifield Real
                                            (@NormedField.toField Real
                                              (@NontriviallyNormedField.toNormedField Real
                                                (@DenselyNormedField.toNontriviallyNormedField Real
                                                  Real.denselyNormedField))))))))
                                  E (fun x => Real)
                                  (@ContinuousLinearMap.funLike Real Real
                                    (@DivisionSemiring.toSemiring Real
                                      (@Semifield.toDivisionSemiring Real
                                        (@Field.toSemifield Real
                                          (@NormedField.toField Real
                                            (@NontriviallyNormedField.toNormedField Real
                                              (@DenselyNormedField.toNontriviallyNormedField Real
                                                Real.denselyNormedField))))))
                                    (@DivisionSemiring.toSemiring Real
                                      (@Semifield.toDivisionSemiring Real
                                        (@Field.toSemifield Real
                                          (@NormedField.toField Real
                                            (@NontriviallyNormedField.toNormedField Real
                                              (@DenselyNormedField.toNontriviallyNormedField Real
                                                Real.denselyNormedField))))))
                                    (@RingHom.id Real
                                      (@Semiring.toNonAssocSemiring Real
                                        (@DivisionSemiring.toSemiring Real
                                          (@Semifield.toDivisionSemiring Real
                                            (@Field.toSemifield Real
                                              (@NormedField.toField Real
                                                (@NontriviallyNormedField.toNormedField Real
                                                  (@DenselyNormedField.toNontriviallyNormedField Real
                                                    Real.denselyNormedField))))))))
                                    E
                                    (@UniformSpace.toTopologicalSpace E
                                      (@PseudoMetricSpace.toUniformSpace E
                                        (@SeminormedAddCommGroup.toPseudoMetricSpace E
                                          (@NormedAddCommGroup.toSeminormedAddCommGroup E inst))))
                                    (@AddCommGroup.toAddCommMonoid E (@NormedAddCommGroup.toAddCommGroup E inst)) Real
                                    (@UniformSpace.toTopologicalSpace Real
                                      (@PseudoMetricSpace.toUniformSpace Real Real.pseudoMetricSpace))
                                    (@AddCommGroup.toAddCommMonoid Real Real.instAddCommGroup)
                                    (@NormedSpace.toModule Real E Real.normedField
                                      (@NormedAddCommGroup.toSeminormedAddCommGroup E inst)
                                      (@InnerProductSpace.toNormedSpace Real E Real.instRCLike
                                        (@NormedAddCommGroup.toSeminormedAddCommGroup E inst) inst_1))
                                    (@Semiring.toModule Real
                                      (@DivisionSemiring.toSemiring Real
                                        (@Semifield.toDivisionSemiring Real
                                          (@Field.toSemifield Real
                                            (@NormedField.toField Real
                                              (@NontriviallyNormedField.toNormedField Real
                                                (@DenselyNormedField.toNontriviallyNormedField Real
                                                  Real.denselyNormedField))))))))
                                  (@DFunLike.coe
                                    (@ContinuousLinearMap Real Real
                                      (@DivisionSemiring.toSemiring Real
                                        (@Semifield.toDivisionSemiring Real
                                          (@Field.toSemifield Real
                                            (@NormedField.toField Real
                                              (@NontriviallyNormedField.toNormedField Real
                                                (@DenselyNormedField.toNontriviallyNormedField Real
                                                  Real.denselyNormedField))))))
                                      (@DivisionSemiring.toSemiring Real
                                        (@Semifield.toDivisionSemiring Real
                                          (@Field.toSemifield Real
                                            (@NormedField.toField Real
                                              (@NontriviallyNormedField.toNormedField Real
                                                (@DenselyNormedField.toNontriviallyNormedField Real
                                                  Real.denselyNormedField))))))
                                      (@RingHom.id Real
                                        (@Semiring.toNonAssocSemiring Real
                                          (@DivisionSemiring.toSemiring Real
                                            (@Semifield.toDivisionSemiring Real
                                              (@Field.toSemifield Real
                                                (@NormedField.toField Real
                                                  (@NontriviallyNormedField.toNormedField Real
                                                    (@DenselyNormedField.toNontriviallyNormedField Real
                                                      Real.denselyNormedField))))))))
                                      E
                                      (@UniformSpace.toTopologicalSpace E
                                        (@PseudoMetricSpace.toUniformSpace E
                                          (@SeminormedAddCommGroup.toPseudoMetricSpace E
                                            (@NormedAddCommGroup.toSeminormedAddCommGroup E inst))))
                                      (@AddCommGroup.toAddCommMonoid E (@NormedAddCommGroup.toAddCommGroup E inst))
                                      (@ContinuousLinearMap Real Real
                                        (@DivisionSemiring.toSemiring Real
                                          (@Semifield.toDivisionSemiring Real
                                            (@Field.toSemifield Real
                                              (@NormedField.toField Real
                                                (@NontriviallyNormedField.toNormedField Real
                                                  (@DenselyNormedField.toNontriviallyNormedField Real
                                                    Real.denselyNormedField))))))
                                        (@DivisionSemiring.toSemiring Real
                                          (@Semifield.toDivisionSemiring Real
                                            (@Field.toSemifield Real
                                              (@NormedField.toField Real
                                                (@NontriviallyNormedField.toNormedField Real
                                                  (@DenselyNormedField.toNontriviallyNormedField Real
                                                    Real.denselyNormedField))))))
                                        (@RingHom.id Real
                                          (@Semiring.toNonAssocSemiring Real
                                            (@DivisionSemiring.toSemiring Real
                                              (@Semifield.toDivisionSemiring Real
                                                (@Field.toSemifield Real
                                                  (@NormedField.toField Real
                                                    (@NontriviallyNormedField.toNormedField Real
                                                      (@DenselyNormedField.toNontriviallyNormedField Real
                                                        Real.denselyNormedField))))))))
                                        E
                                        (@UniformSpace.toTopologicalSpace E
                                          (@PseudoMetricSpace.toUniformSpace E
                                            (@SeminormedAddCommGroup.toPseudoMetricSpace E
                                              (@NormedAddCommGroup.toSeminormedAddCommGroup E inst))))
                                        (@AddCommGroup.toAddCommMonoid E (@NormedAddCommGroup.toAddCommGroup E inst))
                                        Real
                                        (@UniformSpace.toTopologicalSpace Real
                                          (@PseudoMetricSpace.toUniformSpace Real Real.pseudoMetricSpace))
                                        (@AddCommGroup.toAddCommMonoid Real Real.instAddCommGroup)
                                        (@NormedSpace.toModule Real E Real.normedField
                                          (@NormedAddCommGroup.toSeminormedAddCommGroup E inst)
                                          (@InnerProductSpace.toNormedSpace Real E Real.instRCLike
                                            (@NormedAddCommGroup.toSeminormedAddCommGroup E inst) inst_1))
                                        (@Semiring.toModule Real
                                          (@DivisionSemiring.toSemiring Real
                                            (@Semifield.toDivisionSemiring Real
                                              (@Field.toSemifield Real
                                                (@NormedField.toField Real
                                                  (@NontriviallyNormedField.toNormedField Real
                                                    (@DenselyNormedField.toNontriviallyNormedField Real
                                                      Real.denselyNormedField))))))))
                                      (@ContinuousLinearMap.topologicalSpace Real Real Real.normedField Real.normedField
                                        (@RingHom.id Real
                                          (@Semiring.toNonAssocSemiring Real
                                            (@DivisionSemiring.toSemiring Real
                                              (@Semifield.toDivisionSemiring Real
                                                (@Field.toSemifield Real
                                                  (@NormedField.toField Real
                                                    (@NontriviallyNormedField.toNormedField Real
                                                      (@DenselyNormedField.toNontriviallyNormedField Real
                                                        Real.denselyNormedField))))))))
                                        E Real (@NormedAddCommGroup.toAddCommGroup E inst)
                                        (@NormedSpace.toModule Real E Real.normedField
                                          (@NormedAddCommGroup.toSeminormedAddCommGroup E inst)
                                          (@InnerProductSpace.toNormedSpace Real E Real.instRCLike
                                            (@NormedAddCommGroup.toSeminormedAddCommGroup E inst) inst_1))
                                        Real.instAddCommGroup
                                        (@Semiring.toModule Real
                                          (@DivisionSemiring.toSemiring Real
                                            (@Semifield.toDivisionSemiring Real
                                              (@Field.toSemifield Real
                                                (@NormedField.toField Real
                                                  (@NontriviallyNormedField.toNormedField Real
                                                    (@DenselyNormedField.toNontriviallyNormedField Real
                                                      Real.denselyNormedField)))))))
                                        (@UniformSpace.toTopologicalSpace E
                                          (@PseudoMetricSpace.toUniformSpace E
                                            (@SeminormedAddCommGroup.toPseudoMetricSpace E
                                              (@NormedAddCommGroup.toSeminormedAddCommGroup E inst))))
                                        (@UniformSpace.toTopologicalSpace Real
                                          (@PseudoMetricSpace.toUniformSpace Real Real.pseudoMetricSpace))
                                        instIsTopologicalAddGroupReal)
                                      (@AddCommGroup.toAddCommMonoid
                                        (@ContinuousLinearMap Real Real
                                          (@DivisionSemiring.toSemiring Real
                                            (@Semifield.toDivisionSemiring Real
                                              (@Field.toSemifield Real
                                                (@NormedField.toField Real
                                                  (@NontriviallyNormedField.toNormedField Real
                                                    (@DenselyNormedField.toNontriviallyNormedField Real
                                                      Real.denselyNormedField))))))
                                          (@DivisionSemiring.toSemiring Real
                                            (@Semifield.toDivisionSemiring Real
                                              (@Field.toSemifield Real
                                                (@NormedField.toField Real
                                                  (@NontriviallyNormedField.toNormedField Real
                                                    (@DenselyNormedField.toNontriviallyNormedField Real
                                                      Real.denselyNormedField))))))
                                          (@RingHom.id Real
                                            (@Semiring.toNonAssocSemiring Real
                                              (@DivisionSemiring.toSemiring Real
                                                (@Semifield.toDivisionSemiring Real
                                                  (@Field.toSemifield Real
                                                    (@NormedField.toField Real
                                                      (@NontriviallyNormedField.toNormedField Real
                                                        (@DenselyNormedField.toNontriviallyNormedField Real
                                                          Real.denselyNormedField))))))))
                                          E
                                          (@UniformSpace.toTopologicalSpace E
                                            (@PseudoMetricSpace.toUniformSpace E
                                              (@SeminormedAddCommGroup.toPseudoMetricSpace E
                                                (@NormedAddCommGroup.toSeminormedAddCommGroup E inst))))
                                          (@AddCommGroup.toAddCommMonoid E (@NormedAddCommGroup.toAddCommGroup E inst))
                                          Real
                                          (@UniformSpace.toTopologicalSpace Real
                                            (@PseudoMetricSpace.toUniformSpace Real Real.pseudoMetricSpace))
                                          (@AddCommGroup.toAddCommMonoid Real Real.instAddCommGroup)
                                          (@NormedSpace.toModule Real E Real.normedField
                                            (@NormedAddCommGroup.toSeminormedAddCommGroup E inst)
                                            (@InnerProductSpace.toNormedSpace Real E Real.instRCLike
                                              (@NormedAddCommGroup.toSeminormedAddCommGroup E inst) inst_1))
                                          (@Semiring.toModule Real
                                            (@DivisionSemiring.toSemiring Real
                                              (@Semifield.toDivisionSemiring Real
                                                (@Field.toSemifield Real
                                                  (@NormedField.toField Real
                                                    (@NontriviallyNormedField.toNormedField Real
                                                      (@DenselyNormedField.toNontriviallyNormedField Real
                                                        Real.denselyNormedField))))))))
                                        (@ContinuousLinearMap.addCommGroup Real Real.instRing Real Real.instRing E
                                          (@UniformSpace.toTopologicalSpace E
                                            (@PseudoMetricSpace.toUniformSpace E
                                              (@SeminormedAddCommGroup.toPseudoMetricSpace E
                                                (@NormedAddCommGroup.toSeminormedAddCommGroup E inst))))
                                          (@NormedAddCommGroup.toAddCommGroup E inst) Real
                                          (@UniformSpace.toTopologicalSpace Real
                                            (@PseudoMetricSpace.toUniformSpace Real Real.pseudoMetricSpace))
                                          Real.instAddCommGroup
                                          (@NormedSpace.toModule Real E Real.normedField
                                            (@NormedAddCommGroup.toSeminormedAddCommGroup E inst)
                                            (@InnerProductSpace.toNormedSpace Real E Real.instRCLike
                                              (@NormedAddCommGroup.toSeminormedAddCommGroup E inst) inst_1))
                                          (@Semiring.toModule Real
                                            (@DivisionSemiring.toSemiring Real
                                              (@Semifield.toDivisionSemiring Real
                                                (@Field.toSemifield Real
                                                  (@NormedField.toField Real
                                                    (@NontriviallyNormedField.toNormedField Real
                                                      (@DenselyNormedField.toNontriviallyNormedField Real
                                                        Real.denselyNormedField)))))))
                                          (@RingHom.id Real
                                            (@Semiring.toNonAssocSemiring Real
                                              (@DivisionSemiring.toSemiring Real
                                                (@Semifield.toDivisionSemiring Real
                                                  (@Field.toSemifield Real
                                                    (@NormedField.toField Real
                                                      (@NontriviallyNormedField.toNormedField Real
                                                        (@DenselyNormedField.toNontriviallyNormedField Real
                                                          Real.denselyNormedField))))))))
                                          instIsTopologicalAddGroupReal))
                                      (@NormedSpace.toModule Real E Real.normedField
                                        (@NormedAddCommGroup.toSeminormedAddCommGroup E inst)
                                        (@InnerProductSpace.toNormedSpace Real E Real.instRCLike
                                          (@NormedAddCommGroup.toSeminormedAddCommGroup E inst) inst_1))
                                      (@ContinuousLinearMap.module Real Real Real
                                        (@DivisionSemiring.toSemiring Real
                                          (@Semifield.toDivisionSemiring Real
                                            (@Field.toSemifield Real
                                              (@NormedField.toField Real
                                                (@NontriviallyNormedField.toNormedField Real
                                                  (@DenselyNormedField.toNontriviallyNormedField Real
                                                    Real.denselyNormedField))))))
                                        (@DivisionSemiring.toSemiring Real
                                          (@Semifield.toDivisionSemiring Real
                                            (@Field.toSemifield Real
                                              (@NormedField.toField Real
                                                (@NontriviallyNormedField.toNormedField Real
                                                  (@DenselyNormedField.toNontriviallyNormedField Real
                                                    Real.denselyNormedField))))))
                                        (@DivisionSemiring.toSemiring Real
                                          (@Semifield.toDivisionSemiring Real
                                            (@Field.toSemifield Real
                                              (@NormedField.toField Real
                                                (@NontriviallyNormedField.toNormedField Real
                                                  (@DenselyNormedField.toNontriviallyNormedField Real
                                                    Real.denselyNormedField))))))
                                        E
                                        (@UniformSpace.toTopologicalSpace E
                                          (@PseudoMetricSpace.toUniformSpace E
                                            (@SeminormedAddCommGroup.toPseudoMetricSpace E
                                              (@NormedAddCommGroup.toSeminormedAddCommGroup E inst))))
                                        (@AddCommGroup.toAddCommMonoid E (@NormedAddCommGroup.toAddCommGroup E inst))
                                        (@NormedSpace.toModule Real E Real.normedField
                                          (@NormedAddCommGroup.toSeminormedAddCommGroup E inst)
                                          (@InnerProductSpace.toNormedSpace Real E Real.instRCLike
                                            (@NormedAddCommGroup.toSeminormedAddCommGroup E inst) inst_1))
                                        Real
                                        (@UniformSpace.toTopologicalSpace Real
                                          (@PseudoMetricSpace.toUniformSpace Real Real.pseudoMetricSpace))
                                        (@AddCommGroup.toAddCommMonoid Real Real.instAddCommGroup)
                                        (@Semiring.toModule Real
                                          (@DivisionSemiring.toSemiring Real
                                            (@Semifield.toDivisionSemiring Real
                                              (@Field.toSemifield Real
                                                (@NormedField.toField Real
                                                  (@NontriviallyNormedField.toNormedField Real
                                                    (@DenselyNormedField.toNontriviallyNormedField Real
                                                      Real.denselyNormedField)))))))
                                        (@Semiring.toModule Real
                                          (@DivisionSemiring.toSemiring Real
                                            (@Semifield.toDivisionSemiring Real
                                              (@Field.toSemifield Real
                                                (@NormedField.toField Real
                                                  (@NontriviallyNormedField.toNormedField Real
                                                    (@DenselyNormedField.toNontriviallyNormedField Real
                                                      Real.denselyNormedField)))))))
                                        ⋯ ⋯
                                        (@RingHom.id Real
                                          (@Semiring.toNonAssocSemiring Real
                                            (@DivisionSemiring.toSemiring Real
                                              (@Semifield.toDivisionSemiring Real
                                                (@Field.toSemifield Real
                                                  (@NormedField.toField Real
                                                    (@NontriviallyNormedField.toNormedField Real
                                                      (@DenselyNormedField.toNontriviallyNormedField Real
                                                        Real.denselyNormedField))))))))
                                        ⋯))
                                    E
                                    (fun x =>
                                      @ContinuousLinearMap Real Real
                                        (@DivisionSemiring.toSemiring Real
                                          (@Semifield.toDivisionSemiring Real
                                            (@Field.toSemifield Real
                                              (@NormedField.toField Real
                                                (@NontriviallyNormedField.toNormedField Real
                                                  (@DenselyNormedField.toNontriviallyNormedField Real
                                                    Real.denselyNormedField))))))
                                        (@DivisionSemiring.toSemiring Real
                                          (@Semifield.toDivisionSemiring Real
                                            (@Field.toSemifield Real
                                              (@NormedField.toField Real
                                                (@NontriviallyNormedField.toNormedField Real
                                                  (@DenselyNormedField.toNontriviallyNormedField Real
                                                    Real.denselyNormedField))))))
                                        (@RingHom.id Real
                                          (@Semiring.toNonAssocSemiring Real
                                            (@DivisionSemiring.toSemiring Real
                                              (@Semifield.toDivisionSemiring Real
                                                (@Field.toSemifield Real
                                                  (@NormedField.toField Real
                                                    (@NontriviallyNormedField.toNormedField Real
                                                      (@DenselyNormedField.toNontriviallyNormedField Real
                                                        Real.denselyNormedField))))))))
                                        E
                                        (@UniformSpace.toTopologicalSpace E
                                          (@PseudoMetricSpace.toUniformSpace E
                                            (@SeminormedAddCommGroup.toPseudoMetricSpace E
                                              (@NormedAddCommGroup.toSeminormedAddCommGroup E inst))))
                                        (@AddCommGroup.toAddCommMonoid E (@NormedAddCommGroup.toAddCommGroup E inst))
                                        Real
                                        (@UniformSpace.toTopologicalSpace Real
                                          (@PseudoMetricSpace.toUniformSpace Real Real.pseudoMetricSpace))
                                        (@AddCommGroup.toAddCommMonoid Real Real.instAddCommGroup)
                                        (@NormedSpace.toModule Real E Real.normedField
                                          (@NormedAddCommGroup.toSeminormedAddCommGroup E inst)
                                          (@InnerProductSpace.toNormedSpace Real E Real.instRCLike
                                            (@NormedAddCommGroup.toSeminormedAddCommGroup E inst) inst_1))
                                        (@Semiring.toModule Real
                                          (@DivisionSemiring.toSemiring Real
                                            (@Semifield.toDivisionSemiring Real
                                              (@Field.toSemifield Real
                                                (@NormedField.toField Real
                                                  (@NontriviallyNormedField.toNormedField Real
                                                    (@DenselyNormedField.toNontriviallyNormedField Real
                                                      Real.denselyNormedField))))))))
                                    (@ContinuousLinearMap.funLike Real Real
                                      (@DivisionSemiring.toSemiring Real
                                        (@Semifield.toDivisionSemiring Real
                                          (@Field.toSemifield Real
                                            (@NormedField.toField Real
                                              (@NontriviallyNormedField.toNormedField Real
                                                (@DenselyNormedField.toNontriviallyNormedField Real
                                                  Real.denselyNormedField))))))
                                      (@DivisionSemiring.toSemiring Real
                                        (@Semifield.toDivisionSemiring Real
                                          (@Field.toSemifield Real
                                            (@NormedField.toField Real
                                              (@NontriviallyNormedField.toNormedField Real
                                                (@DenselyNormedField.toNontriviallyNormedField Real
                                                  Real.denselyNormedField))))))
                                      (@RingHom.id Real
                                        (@Semiring.toNonAssocSemiring Real
                                          (@DivisionSemiring.toSemiring Real
                                            (@Semifield.toDivisionSemiring Real
                                              (@Field.toSemifield Real
                                                (@NormedField.toField Real
                                                  (@NontriviallyNormedField.toNormedField Real
                                                    (@DenselyNormedField.toNontriviallyNormedField Real
                                                      Real.denselyNormedField))))))))
                                      E
                                      (@UniformSpace.toTopologicalSpace E
                                        (@PseudoMetricSpace.toUniformSpace E
                                          (@SeminormedAddCommGroup.toPseudoMetricSpace E
                                            (@NormedAddCommGroup.toSeminormedAddCommGroup E inst))))
                                      (@AddCommGroup.toAddCommMonoid E (@NormedAddCommGroup.toAddCommGroup E inst))
                                      (@ContinuousLinearMap Real Real
                                        (@DivisionSemiring.toSemiring Real
                                          (@Semifield.toDivisionSemiring Real
                                            (@Field.toSemifield Real
                                              (@NormedField.toField Real
                                                (@NontriviallyNormedField.toNormedField Real
                                                  (@DenselyNormedField.toNontriviallyNormedField Real
                                                    Real.denselyNormedField))))))
                                        (@DivisionSemiring.toSemiring Real
                                          (@Semifield.toDivisionSemiring Real
                                            (@Field.toSemifield Real
                                              (@NormedField.toField Real
                                                (@NontriviallyNormedField.toNormedField Real
                                                  (@DenselyNormedField.toNontriviallyNormedField Real
                                                    Real.denselyNormedField))))))
                                        (@RingHom.id Real
                                          (@Semiring.toNonAssocSemiring Real
                                            (@DivisionSemiring.toSemiring Real
                                              (@Semifield.toDivisionSemiring Real
                                                (@Field.toSemifield Real
                                                  (@NormedField.toField Real
                                                    (@NontriviallyNormedField.toNormedField Real
                                                      (@DenselyNormedField.toNontriviallyNormedField Real
                                                        Real.denselyNormedField))))))))
                                        E
                                        (@UniformSpace.toTopologicalSpace E
                                          (@PseudoMetricSpace.toUniformSpace E
                                            (@SeminormedAddCommGroup.toPseudoMetricSpace E
                                              (@NormedAddCommGroup.toSeminormedAddCommGroup E inst))))
                                        (@AddCommGroup.toAddCommMonoid E (@NormedAddCommGroup.toAddCommGroup E inst))
                                        Real
                                        (@UniformSpace.toTopologicalSpace Real
                                          (@PseudoMetricSpace.toUniformSpace Real Real.pseudoMetricSpace))
                                        (@AddCommGroup.toAddCommMonoid Real Real.instAddCommGroup)
                                        (@NormedSpace.toModule Real E Real.normedField
                                          (@NormedAddCommGroup.toSeminormedAddCommGroup E inst)
                                          (@InnerProductSpace.toNormedSpace Real E Real.instRCLike
                                            (@NormedAddCommGroup.toSeminormedAddCommGroup E inst) inst_1))
                                        (@Semiring.toModule Real
                                          (@DivisionSemiring.toSemiring Real
                                            (@Semifield.toDivisionSemiring Real
                                              (@Field.toSemifield Real
                                                (@NormedField.toField Real
                                                  (@NontriviallyNormedField.toNormedField Real
                                                    (@DenselyNormedField.toNontriviallyNormedField Real
                                                      Real.denselyNormedField))))))))
                                      (@ContinuousLinearMap.topologicalSpace Real Real Real.normedField Real.normedField
                                        (@RingHom.id Real
                                          (@Semiring.toNonAssocSemiring Real
                                            (@DivisionSemiring.toSemiring Real
                                              (@Semifield.toDivisionSemiring Real
                                                (@Field.toSemifield Real
                                                  (@NormedField.toField Real
                                                    (@NontriviallyNormedField.toNormedField Real
                                                      (@DenselyNormedField.toNontriviallyNormedField Real
                                                        Real.denselyNormedField))))))))
                                        E Real (@NormedAddCommGroup.toAddCommGroup E inst)
                                        (@NormedSpace.toModule Real E Real.normedField
                                          (@NormedAddCommGroup.toSeminormedAddCommGroup E inst)
                                          (@InnerProductSpace.toNormedSpace Real E Real.instRCLike
                                            (@NormedAddCommGroup.toSeminormedAddCommGroup E inst) inst_1))
                                        Real.instAddCommGroup
                                        (@Semiring.toModule Real
                                          (@DivisionSemiring.toSemiring Real
                                            (@Semifield.toDivisionSemiring Real
                                              (@Field.toSemifield Real
                                                (@NormedField.toField Real
                                                  (@NontriviallyNormedField.toNormedField Real
                                                    (@DenselyNormedField.toNontriviallyNormedField Real
                                                      Real.denselyNormedField)))))))
                                        (@UniformSpace.toTopologicalSpace E
                                          (@PseudoMetricSpace.toUniformSpace E
                                            (@SeminormedAddCommGroup.toPseudoMetricSpace E
                                              (@NormedAddCommGroup.toSeminormedAddCommGroup E inst))))
                                        (@UniformSpace.toTopologicalSpace Real
                                          (@PseudoMetricSpace.toUniformSpace Real Real.pseudoMetricSpace))
                                        instIsTopologicalAddGroupReal)
                                      (@AddCommGroup.toAddCommMonoid
                                        (@ContinuousLinearMap Real Real
                                          (@DivisionSemiring.toSemiring Real
                                            (@Semifield.toDivisionSemiring Real
                                              (@Field.toSemifield Real
                                                (@NormedField.toField Real
                                                  (@NontriviallyNormedField.toNormedField Real
                                                    (@DenselyNormedField.toNontriviallyNormedField Real
                                                      Real.denselyNormedField))))))
                                          (@DivisionSemiring.toSemiring Real
                                            (@Semifield.toDivisionSemiring Real
                                              (@Field.toSemifield Real
                                                (@NormedField.toField Real
                                                  (@NontriviallyNormedField.toNormedField Real
                                                    (@DenselyNormedField.toNontriviallyNormedField Real
                                                      Real.denselyNormedField))))))
                                          (@RingHom.id Real
                                            (@Semiring.toNonAssocSemiring Real
                                              (@DivisionSemiring.toSemiring Real
                                                (@Semifield.toDivisionSemiring Real
                                                  (@Field.toSemifield Real
                                                    (@NormedField.toField Real
                                                      (@NontriviallyNormedField.toNormedField Real
                                                        (@DenselyNormedField.toNontriviallyNormedField Real
                                                          Real.denselyNormedField))))))))
                                          E
                                          (@UniformSpace.toTopologicalSpace E
                                            (@PseudoMetricSpace.toUniformSpace E
                                              (@SeminormedAddCommGroup.toPseudoMetricSpace E
                                                (@NormedAddCommGroup.toSeminormedAddCommGroup E inst))))
                                          (@AddCommGroup.toAddCommMonoid E (@NormedAddCommGroup.toAddCommGroup E inst))
                                          Real
                                          (@UniformSpace.toTopologicalSpace Real
                                            (@PseudoMetricSpace.toUniformSpace Real Real.pseudoMetricSpace))
                                          (@AddCommGroup.toAddCommMonoid Real Real.instAddCommGroup)
                                          (@NormedSpace.toModule Real E Real.normedField
                                            (@NormedAddCommGroup.toSeminormedAddCommGroup E inst)
                                            (@InnerProductSpace.toNormedSpace Real E Real.instRCLike
                                              (@NormedAddCommGroup.toSeminormedAddCommGroup E inst) inst_1))
                                          (@Semiring.toModule Real
                                            (@DivisionSemiring.toSemiring Real
                                              (@Semifield.toDivisionSemiring Real
                                                (@Field.toSemifield Real
                                                  (@NormedField.toField Real
                                                    (@NontriviallyNormedField.toNormedField Real
                                                      (@DenselyNormedField.toNontriviallyNormedField Real
                                                        Real.denselyNormedField))))))))
                                        (@ContinuousLinearMap.addCommGroup Real Real.instRing Real Real.instRing E
                                          (@UniformSpace.toTopologicalSpace E
                                            (@PseudoMetricSpace.toUniformSpace E
                                              (@SeminormedAddCommGroup.toPseudoMetricSpace E
                                                (@NormedAddCommGroup.toSeminormedAddCommGroup E inst))))
                                          (@NormedAddCommGroup.toAddCommGroup E inst) Real
                                          (@UniformSpace.toTopologicalSpace Real
                                            (@PseudoMetricSpace.toUniformSpace Real Real.pseudoMetricSpace))
                                          Real.instAddCommGroup
                                          (@NormedSpace.toModule Real E Real.normedField
                                            (@NormedAddCommGroup.toSeminormedAddCommGroup E inst)
                                            (@InnerProductSpace.toNormedSpace Real E Real.instRCLike
                                              (@NormedAddCommGroup.toSeminormedAddCommGroup E inst) inst_1))
                                          (@Semiring.toModule Real
                                            (@DivisionSemiring.toSemiring Real
                                              (@Semifield.toDivisionSemiring Real
                                                (@Field.toSemifield Real
                                                  (@NormedField.toField Real
                                                    (@NontriviallyNormedField.toNormedField Real
                                                      (@DenselyNormedField.toNontriviallyNormedField Real
                                                        Real.denselyNormedField)))))))
                                          (@RingHom.id Real
                                            (@Semiring.toNonAssocSemiring Real
                                              (@DivisionSemiring.toSemiring Real
                                                (@Semifield.toDivisionSemiring Real
                                                  (@Field.toSemifield Real
                                                    (@NormedField.toField Real
                                                      (@NontriviallyNormedField.toNormedField Real
                                                        (@DenselyNormedField.toNontriviallyNormedField Real
                                                          Real.denselyNormedField))))))))
                                          instIsTopologicalAddGroupReal))
                                      (@NormedSpace.toModule Real E Real.normedField
                                        (@NormedAddCommGroup.toSeminormedAddCommGroup E inst)
                                        (@InnerProductSpace.toNormedSpace Real E Real.instRCLike
                                          (@NormedAddCommGroup.toSeminormedAddCommGroup E inst) inst_1))
                                      (@ContinuousLinearMap.module Real Real Real
                                        (@DivisionSemiring.toSemiring Real
                                          (@Semifield.toDivisionSemiring Real
                                            (@Field.toSemifield Real
                                              (@NormedField.toField Real
                                                (@NontriviallyNormedField.toNormedField Real
                                                  (@DenselyNormedField.toNontriviallyNormedField Real
                                                    Real.denselyNormedField))))))
                                        (@DivisionSemiring.toSemiring Real
                                          (@Semifield.toDivisionSemiring Real
                                            (@Field.toSemifield Real
                                              (@NormedField.toField Real
                                                (@NontriviallyNormedField.toNormedField Real
                                                  (@DenselyNormedField.toNontriviallyNormedField Real
                                                    Real.denselyNormedField))))))
                                        (@DivisionSemiring.toSemiring Real
                                          (@Semifield.toDivisionSemiring Real
                                            (@Field.toSemifield Real
                                              (@NormedField.toField Real
                                                (@NontriviallyNormedField.toNormedField Real
                                                  (@DenselyNormedField.toNontriviallyNormedField Real
                                                    Real.denselyNormedField))))))
                                        E
                                        (@UniformSpace.toTopologicalSpace E
                                          (@PseudoMetricSpace.toUniformSpace E
                                            (@SeminormedAddCommGroup.toPseudoMetricSpace E
                                              (@NormedAddCommGroup.toSeminormedAddCommGroup E inst))))
                                        (@AddCommGroup.toAddCommMonoid E (@NormedAddCommGroup.toAddCommGroup E inst))
                                        (@NormedSpace.toModule Real E Real.normedField
                                          (@NormedAddCommGroup.toSeminormedAddCommGroup E inst)
                                          (@InnerProductSpace.toNormedSpace Real E Real.instRCLike
                                            (@NormedAddCommGroup.toSeminormedAddCommGroup E inst) inst_1))
                                        Real
                                        (@UniformSpace.toTopologicalSpace Real
                                          (@PseudoMetricSpace.toUniformSpace Real Real.pseudoMetricSpace))
                                        (@AddCommGroup.toAddCommMonoid Real Real.instAddCommGroup)
                                        (@Semiring.toModule Real
                                          (@DivisionSemiring.toSemiring Real
                                            (@Semifield.toDivisionSemiring Real
                                              (@Field.toSemifield Real
                                                (@NormedField.toField Real
                                                  (@NontriviallyNormedField.toNormedField Real
                                                    (@DenselyNormedField.toNontriviallyNormedField Real
                                                      Real.denselyNormedField)))))))
                                        (@Semiring.toModule Real
                                          (@DivisionSemiring.toSemiring Real
                                            (@Semifield.toDivisionSemiring Real
                                              (@Field.toSemifield Real
                                                (@NormedField.toField Real
                                                  (@NontriviallyNormedField.toNormedField Real
                                                    (@DenselyNormedField.toNontriviallyNormedField Real
                                                      Real.denselyNormedField)))))))
                                        ⋯ ⋯
                                        (@RingHom.id Real
                                          (@Semiring.toNonAssocSemiring Real
                                            (@DivisionSemiring.toSemiring Real
                                              (@Semifield.toDivisionSemiring Real
                                                (@Field.toSemifield Real
                                                  (@NormedField.toField Real
                                                    (@NontriviallyNormedField.toNormedField Real
                                                      (@DenselyNormedField.toNontriviallyNormedField Real
                                                        Real.denselyNormedField))))))))
                                        ⋯))
                                    (@fderiv Real
                                      (@DenselyNormedField.toNontriviallyNormedField Real Real.denselyNormedField) E
                                      (@NormedAddCommGroup.toAddCommGroup E inst)
                                      (@NormedSpace.toModule Real E Real.normedField
                                        (@NormedAddCommGroup.toSeminormedAddCommGroup E inst)
                                        (@InnerProductSpace.toNormedSpace Real E Real.instRCLike
                                          (@NormedAddCommGroup.toSeminormedAddCommGroup E inst) inst_1))
                                      (@UniformSpace.toTopologicalSpace E
                                        (@PseudoMetricSpace.toUniformSpace E
                                          (@SeminormedAddCommGroup.toPseudoMetricSpace E
                                            (@NormedAddCommGroup.toSeminormedAddCommGroup E inst))))
                                      (@ContinuousLinearMap Real Real
                                        (@DivisionSemiring.toSemiring Real
                                          (@Semifield.toDivisionSemiring Real
                                            (@Field.toSemifield Real
                                              (@NormedField.toField Real
                                                (@NontriviallyNormedField.toNormedField Real
                                                  (@DenselyNormedField.toNontriviallyNormedField Real
                                                    Real.denselyNormedField))))))
                                        (@DivisionSemiring.toSemiring Real
                                          (@Semifield.toDivisionSemiring Real
                                            (@Field.toSemifield Real
                                              (@NormedField.toField Real
                                                (@NontriviallyNormedField.toNormedField Real
                                                  (@DenselyNormedField.toNontriviallyNormedField Real
                                                    Real.denselyNormedField))))))
                                        (@RingHom.id Real
                                          (@Semiring.toNonAssocSemiring Real
                                            (@DivisionSemiring.toSemiring Real
                                              (@Semifield.toDivisionSemiring Real
                                                (@Field.toSemifield Real
                                                  (@NormedField.toField Real
                                                    (@NontriviallyNormedField.toNormedField Real
                                                      (@DenselyNormedField.toNontriviallyNormedField Real
                                                        Real.denselyNormedField))))))))
                                        E
                                        (@UniformSpace.toTopologicalSpace E
                                          (@PseudoMetricSpace.toUniformSpace E
                                            (@SeminormedAddCommGroup.toPseudoMetricSpace E
                                              (@NormedAddCommGroup.toSeminormedAddCommGroup E inst))))
                                        (@AddCommGroup.toAddCommMonoid E (@NormedAddCommGroup.toAddCommGroup E inst))
                                        Real
                                        (@UniformSpace.toTopologicalSpace Real
                                          (@PseudoMetricSpace.toUniformSpace Real Real.pseudoMetricSpace))
                                        (@AddCommGroup.toAddCommMonoid Real Real.instAddCommGroup)
                                        (@NormedSpace.toModule Real E Real.normedField
                                          (@NormedAddCommGroup.toSeminormedAddCommGroup E inst)
                                          (@InnerProductSpace.toNormedSpace Real E Real.instRCLike
                                            (@NormedAddCommGroup.toSeminormedAddCommGroup E inst) inst_1))
                                        (@Semiring.toModule Real
                                          (@DivisionSemiring.toSemiring Real
                                            (@Semifield.toDivisionSemiring Real
                                              (@Field.toSemifield Real
                                                (@NormedField.toField Real
                                                  (@NontriviallyNormedField.toNormedField Real
                                                    (@DenselyNormedField.toNontriviallyNormedField Real
                                                      Real.denselyNormedField))))))))
                                      (@ContinuousLinearMap.addCommGroup Real Real.instRing Real Real.instRing E
                                        (@UniformSpace.toTopologicalSpace E
                                          (@PseudoMetricSpace.toUniformSpace E
                                            (@SeminormedAddCommGroup.toPseudoMetricSpace E
                                              (@NormedAddCommGroup.toSeminormedAddCommGroup E inst))))
                                        (@NormedAddCommGroup.toAddCommGroup E inst) Real
                                        (@UniformSpace.toTopologicalSpace Real
                                          (@PseudoMetricSpace.toUniformSpace Real Real.pseudoMetricSpace))
                                        Real.instAddCommGroup
                                        (@NormedSpace.toModule Real E Real.normedField
                                          (@NormedAddCommGroup.toSeminormedAddCommGroup E inst)
                                          (@InnerProductSpace.toNormedSpace Real E Real.instRCLike
                                            (@NormedAddCommGroup.toSeminormedAddCommGroup E inst) inst_1))
                                        (@Semiring.toModule Real
                                          (@DivisionSemiring.toSemiring Real
                                            (@Semifield.toDivisionSemiring Real
                                              (@Field.toSemifield Real
                                                (@NormedField.toField Real
                                                  (@NontriviallyNormedField.toNormedField Real
                                                    (@DenselyNormedField.toNontriviallyNormedField Real
                                                      Real.denselyNormedField)))))))
                                        (@RingHom.id Real
                                          (@Semiring.toNonAssocSemiring Real
                                            (@DivisionSemiring.toSemiring Real
                                              (@Semifield.toDivisionSemiring Real
                                                (@Field.toSemifield Real
                                                  (@NormedField.toField Real
                                                    (@NontriviallyNormedField.toNormedField Real
                                                      (@DenselyNormedField.toNontriviallyNormedField Real
                                                        Real.denselyNormedField))))))))
                                        instIsTopologicalAddGroupReal)
                                      (@ContinuousLinearMap.module Real Real Real
                                        (@DivisionSemiring.toSemiring Real
                                          (@Semifield.toDivisionSemiring Real
                                            (@Field.toSemifield Real
                                              (@NormedField.toField Real
                                                (@NontriviallyNormedField.toNormedField Real
                                                  (@DenselyNormedField.toNontriviallyNormedField Real
                                                    Real.denselyNormedField))))))
                                        (@DivisionSemiring.toSemiring Real
                                          (@Semifield.toDivisionSemiring Real
                                            (@Field.toSemifield Real
                                              (@NormedField.toField Real
                                                (@NontriviallyNormedField.toNormedField Real
                                                  (@DenselyNormedField.toNontriviallyNormedField Real
                                                    Real.denselyNormedField))))))
                                        (@DivisionSemiring.toSemiring Real
                                          (@Semifield.toDivisionSemiring Real
                                            (@Field.toSemifield Real
                                              (@NormedField.toField Real
                                                (@NontriviallyNormedField.toNormedField Real
                                                  (@DenselyNormedField.toNontriviallyNormedField Real
                                                    Real.denselyNormedField))))))
                                        E
                                        (@UniformSpace.toTopologicalSpace E
                                          (@PseudoMetricSpace.toUniformSpace E
                                            (@SeminormedAddCommGroup.toPseudoMetricSpace E
                                              (@NormedAddCommGroup.toSeminormedAddCommGroup E inst))))
                                        (@AddCommGroup.toAddCommMonoid E (@NormedAddCommGroup.toAddCommGroup E inst))
                                        (@NormedSpace.toModule Real E Real.normedField
                                          (@NormedAddCommGroup.toSeminormedAddCommGroup E inst)
                                          (@InnerProductSpace.toNormedSpace Real E Real.instRCLike
                                            (@NormedAddCommGroup.toSeminormedAddCommGroup E inst) inst_1))
                                        Real
                                        (@UniformSpace.toTopologicalSpace Real
                                          (@PseudoMetricSpace.toUniformSpace Real Real.pseudoMetricSpace))
                                        (@AddCommGroup.toAddCommMonoid Real Real.instAddCommGroup)
                                        (@Semiring.toModule Real
                                          (@DivisionSemiring.toSemiring Real
                                            (@Semifield.toDivisionSemiring Real
                                              (@Field.toSemifield Real
                                                (@NormedField.toField Real
                                                  (@NontriviallyNormedField.toNormedField Real
                                                    (@DenselyNormedField.toNontriviallyNormedField Real
                                                      Real.denselyNormedField)))))))
                                        (@Semiring.toModule Real
                                          (@DivisionSemiring.toSemiring Real
                                            (@Semifield.toDivisionSemiring Real
                                              (@Field.toSemifield Real
                                                (@NormedField.toField Real
                                                  (@NontriviallyNormedField.toNormedField Real
                                                    (@DenselyNormedField.toNontriviallyNormedField Real
                                                      Real.denselyNormedField)))))))
                                        ⋯ ⋯
                                        (@RingHom.id Real
                                          (@Semiring.toNonAssocSemiring Real
                                            (@DivisionSemiring.toSemiring Real
                                              (@Semifield.toDivisionSemiring Real
                                                (@Field.toSemifield Real
                                                  (@NormedField.toField Real
                                                    (@NontriviallyNormedField.toNormedField Real
                                                      (@DenselyNormedField.toNontriviallyNormedField Real
                                                        Real.denselyNormedField))))))))
                                        ⋯)
                                      (@ContinuousLinearMap.topologicalSpace Real Real Real.normedField Real.normedField
                                        (@RingHom.id Real
                                          (@Semiring.toNonAssocSemiring Real
                                            (@DivisionSemiring.toSemiring Real
                                              (@Semifield.toDivisionSemiring Real
                                                (@Field.toSemifield Real
                                                  (@NormedField.toField Real
                                                    (@NontriviallyNormedField.toNormedField Real
                                                      (@DenselyNormedField.toNontriviallyNormedField Real
                                                        Real.denselyNormedField))))))))
                                        E Real (@NormedAddCommGroup.toAddCommGroup E inst)
                                        (@NormedSpace.toModule Real E Real.normedField
                                          (@NormedAddCommGroup.toSeminormedAddCommGroup E inst)
                                          (@InnerProductSpace.toNormedSpace Real E Real.instRCLike
                                            (@NormedAddCommGroup.toSeminormedAddCommGroup E inst) inst_1))
                                        Real.instAddCommGroup
                                        (@Semiring.toModule Real
                                          (@DivisionSemiring.toSemiring Real
                                            (@Semifield.toDivisionSemiring Real
                                              (@Field.toSemifield Real
                                                (@NormedField.toField Real
                                                  (@NontriviallyNormedField.toNormedField Real
                                                    (@DenselyNormedField.toNontriviallyNormedField Real
                                                      Real.denselyNormedField)))))))
                                        (@UniformSpace.toTopologicalSpace E
                                          (@PseudoMetricSpace.toUniformSpace E
                                            (@SeminormedAddCommGroup.toPseudoMetricSpace E
                                              (@NormedAddCommGroup.toSeminormedAddCommGroup E inst))))
                                        (@UniformSpace.toTopologicalSpace Real
                                          (@PseudoMetricSpace.toUniformSpace Real Real.pseudoMetricSpace))
                                        instIsTopologicalAddGroupReal)
                                      (@fderiv Real
                                        (@DenselyNormedField.toNontriviallyNormedField Real Real.denselyNormedField) E
                                        (@NormedAddCommGroup.toAddCommGroup E inst)
                                        (@NormedSpace.toModule Real E Real.normedField
                                          (@NormedAddCommGroup.toSeminormedAddCommGroup E inst)
                                          (@InnerProductSpace.toNormedSpace Real E Real.instRCLike
                                            (@NormedAddCommGroup.toSeminormedAddCommGroup E inst) inst_1))
                                        (@UniformSpace.toTopologicalSpace E
                                          (@PseudoMetricSpace.toUniformSpace E
                                            (@SeminormedAddCommGroup.toPseudoMetricSpace E
                                              (@NormedAddCommGroup.toSeminormedAddCommGroup E inst))))
                                        Real Real.instAddCommGroup
                                        (@Semiring.toModule Real
                                          (@DivisionSemiring.toSemiring Real
                                            (@Semifield.toDivisionSemiring Real
                                              (@Field.toSemifield Real
                                                (@NormedField.toField Real
                                                  (@NontriviallyNormedField.toNormedField Real
                                                    (@DenselyNormedField.toNontriviallyNormedField Real
                                                      Real.denselyNormedField)))))))
                                        (@UniformSpace.toTopologicalSpace Real
                                          (@PseudoMetricSpace.toUniformSpace Real Real.pseudoMetricSpace))
                                        V)
                                      x)
                                    v)
                                  v))
                              (@LE.le Real Real.instLE
                                (@DFunLike.coe
                                  (@ContinuousLinearMap Real Real
                                    (@DivisionSemiring.toSemiring Real
                                      (@Semifield.toDivisionSemiring Real
                                        (@Field.toSemifield Real
                                          (@NormedField.toField Real
                                            (@NontriviallyNormedField.toNormedField Real
                                              (@DenselyNormedField.toNontriviallyNormedField Real
                                                Real.denselyNormedField))))))
                                    (@DivisionSemiring.toSemiring Real
                                      (@Semifield.toDivisionSemiring Real
                                        (@Field.toSemifield Real
                                          (@NormedField.toField Real
                                            (@NontriviallyNormedField.toNormedField Real
                                              (@DenselyNormedField.toNontriviallyNormedField Real
                                                Real.denselyNormedField))))))
                                    (@RingHom.id Real
                                      (@Semiring.toNonAssocSemiring Real
                                        (@DivisionSemiring.toSemiring Real
                                          (@Semifield.toDivisionSemiring Real
                                            (@Field.toSemifield Real
                                              (@NormedField.toField Real
                                                (@NontriviallyNormedField.toNormedField Real
                                                  (@DenselyNormedField.toNontriviallyNormedField Real
                                                    Real.denselyNormedField))))))))
                                    E
                                    (@UniformSpace.toTopologicalSpace E
                                      (@PseudoMetricSpace.toUniformSpace E
                                        (@SeminormedAddCommGroup.toPseudoMetricSpace E
                                          (@NormedAddCommGroup.toSeminormedAddCommGroup E inst))))
                                    (@AddCommGroup.toAddCommMonoid E (@NormedAddCommGroup.toAddCommGroup E inst)) Real
                                    (@UniformSpace.toTopologicalSpace Real
                                      (@PseudoMetricSpace.toUniformSpace Real Real.pseudoMetricSpace))
                                    (@AddCommGroup.toAddCommMonoid Real Real.instAddCommGroup)
                                    (@NormedSpace.toModule Real E Real.normedField
                                      (@NormedAddCommGroup.toSeminormedAddCommGroup E inst)
                                      (@InnerProductSpace.toNormedSpace Real E Real.instRCLike
                                        (@NormedAddCommGroup.toSeminormedAddCommGroup E inst) inst_1))
                                    (@Semiring.toModule Real
                                      (@DivisionSemiring.toSemiring Real
                                        (@Semifield.toDivisionSemiring Real
                                          (@Field.toSemifield Real
                                            (@NormedField.toField Real
                                              (@NontriviallyNormedField.toNormedField Real
                                                (@DenselyNormedField.toNontriviallyNormedField Real
                                                  Real.denselyNormedField))))))))
                                  E (fun x => Real)
                                  (@ContinuousLinearMap.funLike Real Real
                                    (@DivisionSemiring.toSemiring Real
                                      (@Semifield.toDivisionSemiring Real
                                        (@Field.toSemifield Real
                                          (@NormedField.toField Real
                                            (@NontriviallyNormedField.toNormedField Real
                                              (@DenselyNormedField.toNontriviallyNormedField Real
                                                Real.denselyNormedField))))))
                                    (@DivisionSemiring.toSemiring Real
                                      (@Semifield.toDivisionSemiring Real
                                        (@Field.toSemifield Real
                                          (@NormedField.toField Real
                                            (@NontriviallyNormedField.toNormedField Real
                                              (@DenselyNormedField.toNontriviallyNormedField Real
                                                Real.denselyNormedField))))))
                                    (@RingHom.id Real
                                      (@Semiring.toNonAssocSemiring Real
                                        (@DivisionSemiring.toSemiring Real
                                          (@Semifield.toDivisionSemiring Real
                                            (@Field.toSemifield Real
                                              (@NormedField.toField Real
                                                (@NontriviallyNormedField.toNormedField Real
                                                  (@DenselyNormedField.toNontriviallyNormedField Real
                                                    Real.denselyNormedField))))))))
                                    E
                                    (@UniformSpace.toTopologicalSpace E
                                      (@PseudoMetricSpace.toUniformSpace E
                                        (@SeminormedAddCommGroup.toPseudoMetricSpace E
                                          (@NormedAddCommGroup.toSeminormedAddCommGroup E inst))))
                                    (@AddCommGroup.toAddCommMonoid E (@NormedAddCommGroup.toAddCommGroup E inst)) Real
                                    (@UniformSpace.toTopologicalSpace Real
                                      (@PseudoMetricSpace.toUniformSpace Real Real.pseudoMetricSpace))
                                    (@AddCommGroup.toAddCommMonoid Real Real.instAddCommGroup)
                                    (@NormedSpace.toModule Real E Real.normedField
                                      (@NormedAddCommGroup.toSeminormedAddCommGroup E inst)
                                      (@InnerProductSpace.toNormedSpace Real E Real.instRCLike
                                        (@NormedAddCommGroup.toSeminormedAddCommGroup E inst) inst_1))
                                    (@Semiring.toModule Real
                                      (@DivisionSemiring.toSemiring Real
                                        (@Semifield.toDivisionSemiring Real
                                          (@Field.toSemifield Real
                                            (@NormedField.toField Real
                                              (@NontriviallyNormedField.toNormedField Real
                                                (@DenselyNormedField.toNontriviallyNormedField Real
                                                  Real.denselyNormedField))))))))
                                  (@DFunLike.coe
                                    (@ContinuousLinearMap Real Real
                                      (@DivisionSemiring.toSemiring Real
                                        (@Semifield.toDivisionSemiring Real
                                          (@Field.toSemifield Real
                                            (@NormedField.toField Real
                                              (@NontriviallyNormedField.toNormedField Real
                                                (@DenselyNormedField.toNontriviallyNormedField Real
                                                  Real.denselyNormedField))))))
                                      (@DivisionSemiring.toSemiring Real
                                        (@Semifield.toDivisionSemiring Real
                                          (@Field.toSemifield Real
                                            (@NormedField.toField Real
                                              (@NontriviallyNormedField.toNormedField Real
                                                (@DenselyNormedField.toNontriviallyNormedField Real
                                                  Real.denselyNormedField))))))
                                      (@RingHom.id Real
                                        (@Semiring.toNonAssocSemiring Real
                                          (@DivisionSemiring.toSemiring Real
                                            (@Semifield.toDivisionSemiring Real
                                              (@Field.toSemifield Real
                                                (@NormedField.toField Real
                                                  (@NontriviallyNormedField.toNormedField Real
                                                    (@DenselyNormedField.toNontriviallyNormedField Real
                                                      Real.denselyNormedField))))))))
                                      E
                                      (@UniformSpace.toTopologicalSpace E
                                        (@PseudoMetricSpace.toUniformSpace E
                                          (@SeminormedAddCommGroup.toPseudoMetricSpace E
                                            (@NormedAddCommGroup.toSeminormedAddCommGroup E inst))))
                                      (@AddCommGroup.toAddCommMonoid E (@NormedAddCommGroup.toAddCommGroup E inst))
                                      (@ContinuousLinearMap Real Real
                                        (@DivisionSemiring.toSemiring Real
                                          (@Semifield.toDivisionSemiring Real
                                            (@Field.toSemifield Real
                                              (@NormedField.toField Real
                                                (@NontriviallyNormedField.toNormedField Real
                                                  (@DenselyNormedField.toNontriviallyNormedField Real
                                                    Real.denselyNormedField))))))
                                        (@DivisionSemiring.toSemiring Real
                                          (@Semifield.toDivisionSemiring Real
                                            (@Field.toSemifield Real
                                              (@NormedField.toField Real
                                                (@NontriviallyNormedField.toNormedField Real
                                                  (@DenselyNormedField.toNontriviallyNormedField Real
                                                    Real.denselyNormedField))))))
                                        (@RingHom.id Real
                                          (@Semiring.toNonAssocSemiring Real
                                            (@DivisionSemiring.toSemiring Real
                                              (@Semifield.toDivisionSemiring Real
                                                (@Field.toSemifield Real
                                                  (@NormedField.toField Real
                                                    (@NontriviallyNormedField.toNormedField Real
                                                      (@DenselyNormedField.toNontriviallyNormedField Real
                                                        Real.denselyNormedField))))))))
                                        E
                                        (@UniformSpace.toTopologicalSpace E
                                          (@PseudoMetricSpace.toUniformSpace E
                                            (@SeminormedAddCommGroup.toPseudoMetricSpace E
                                              (@NormedAddCommGroup.toSeminormedAddCommGroup E inst))))
                                        (@AddCommGroup.toAddCommMonoid E (@NormedAddCommGroup.toAddCommGroup E inst))
                                        Real
                                        (@UniformSpace.toTopologicalSpace Real
                                          (@PseudoMetricSpace.toUniformSpace Real Real.pseudoMetricSpace))
                                        (@AddCommGroup.toAddCommMonoid Real Real.instAddCommGroup)
                                        (@NormedSpace.toModule Real E Real.normedField
                                          (@NormedAddCommGroup.toSeminormedAddCommGroup E inst)
                                          (@InnerProductSpace.toNormedSpace Real E Real.instRCLike
                                            (@NormedAddCommGroup.toSeminormedAddCommGroup E inst) inst_1))
                                        (@Semiring.toModule Real
                                          (@DivisionSemiring.toSemiring Real
                                            (@Semifield.toDivisionSemiring Real
                                              (@Field.toSemifield Real
                                                (@NormedField.toField Real
                                                  (@NontriviallyNormedField.toNormedField Real
                                                    (@DenselyNormedField.toNontriviallyNormedField Real
                                                      Real.denselyNormedField))))))))
                                      (@ContinuousLinearMap.topologicalSpace Real Real Real.normedField Real.normedField
                                        (@RingHom.id Real
                                          (@Semiring.toNonAssocSemiring Real
                                            (@DivisionSemiring.toSemiring Real
                                              (@Semifield.toDivisionSemiring Real
                                                (@Field.toSemifield Real
                                                  (@NormedField.toField Real
                                                    (@NontriviallyNormedField.toNormedField Real
                                                      (@DenselyNormedField.toNontriviallyNormedField Real
                                                        Real.denselyNormedField))))))))
                                        E Real (@NormedAddCommGroup.toAddCommGroup E inst)
                                        (@NormedSpace.toModule Real E Real.normedField
                                          (@NormedAddCommGroup.toSeminormedAddCommGroup E inst)
                                          (@InnerProductSpace.toNormedSpace Real E Real.instRCLike
                                            (@NormedAddCommGroup.toSeminormedAddCommGroup E inst) inst_1))
                                        Real.instAddCommGroup
                                        (@Semiring.toModule Real
                                          (@DivisionSemiring.toSemiring Real
                                            (@Semifield.toDivisionSemiring Real
                                              (@Field.toSemifield Real
                                                (@NormedField.toField Real
                                                  (@NontriviallyNormedField.toNormedField Real
                                                    (@DenselyNormedField.toNontriviallyNormedField Real
                                                      Real.denselyNormedField)))))))
                                        (@UniformSpace.toTopologicalSpace E
                                          (@PseudoMetricSpace.toUniformSpace E
                                            (@SeminormedAddCommGroup.toPseudoMetricSpace E
                                              (@NormedAddCommGroup.toSeminormedAddCommGroup E inst))))
                                        (@UniformSpace.toTopologicalSpace Real
                                          (@PseudoMetricSpace.toUniformSpace Real Real.pseudoMetricSpace))
                                        instIsTopologicalAddGroupReal)
                                      (@AddCommGroup.toAddCommMonoid
                                        (@ContinuousLinearMap Real Real
                                          (@DivisionSemiring.toSemiring Real
                                            (@Semifield.toDivisionSemiring Real
                                              (@Field.toSemifield Real
                                                (@NormedField.toField Real
                                                  (@NontriviallyNormedField.toNormedField Real
                                                    (@DenselyNormedField.toNontriviallyNormedField Real
                                                      Real.denselyNormedField))))))
                                          (@DivisionSemiring.toSemiring Real
                                            (@Semifield.toDivisionSemiring Real
                                              (@Field.toSemifield Real
                                                (@NormedField.toField Real
                                                  (@NontriviallyNormedField.toNormedField Real
                                                    (@DenselyNormedField.toNontriviallyNormedField Real
                                                      Real.denselyNormedField))))))
                                          (@RingHom.id Real
                                            (@Semiring.toNonAssocSemiring Real
                                              (@DivisionSemiring.toSemiring Real
                                                (@Semifield.toDivisionSemiring Real
                                                  (@Field.toSemifield Real
                                                    (@NormedField.toField Real
                                                      (@NontriviallyNormedField.toNormedField Real
                                                        (@DenselyNormedField.toNontriviallyNormedField Real
                                                          Real.denselyNormedField))))))))
                                          E
                                          (@UniformSpace.toTopologicalSpace E
                                            (@PseudoMetricSpace.toUniformSpace E
                                              (@SeminormedAddCommGroup.toPseudoMetricSpace E
                                                (@NormedAddCommGroup.toSeminormedAddCommGroup E inst))))
                                          (@AddCommGroup.toAddCommMonoid E (@NormedAddCommGroup.toAddCommGroup E inst))
                                          Real
                                          (@UniformSpace.toTopologicalSpace Real
                                            (@PseudoMetricSpace.toUniformSpace Real Real.pseudoMetricSpace))
                                          (@AddCommGroup.toAddCommMonoid Real Real.instAddCommGroup)
                                          (@NormedSpace.toModule Real E Real.normedField
                                            (@NormedAddCommGroup.toSeminormedAddCommGroup E inst)
                                            (@InnerProductSpace.toNormedSpace Real E Real.instRCLike
                                              (@NormedAddCommGroup.toSeminormedAddCommGroup E inst) inst_1))
                                          (@Semiring.toModule Real
                                            (@DivisionSemiring.toSemiring Real
                                              (@Semifield.toDivisionSemiring Real
                                                (@Field.toSemifield Real
                                                  (@NormedField.toField Real
                                                    (@NontriviallyNormedField.toNormedField Real
                                                      (@DenselyNormedField.toNontriviallyNormedField Real
                                                        Real.denselyNormedField))))))))
                                        (@ContinuousLinearMap.addCommGroup Real Real.instRing Real Real.instRing E
                                          (@UniformSpace.toTopologicalSpace E
                                            (@PseudoMetricSpace.toUniformSpace E
                                              (@SeminormedAddCommGroup.toPseudoMetricSpace E
                                                (@NormedAddCommGroup.toSeminormedAddCommGroup E inst))))
                                          (@NormedAddCommGroup.toAddCommGroup E inst) Real
                                          (@UniformSpace.toTopologicalSpace Real
                                            (@PseudoMetricSpace.toUniformSpace Real Real.pseudoMetricSpace))
                                          Real.instAddCommGroup
                                          (@NormedSpace.toModule Real E Real.normedField
                                            (@NormedAddCommGroup.toSeminormedAddCommGroup E inst)
                                            (@InnerProductSpace.toNormedSpace Real E Real.instRCLike
                                              (@NormedAddCommGroup.toSeminormedAddCommGroup E inst) inst_1))
                                          (@Semiring.toModule Real
                                            (@DivisionSemiring.toSemiring Real
                                              (@Semifield.toDivisionSemiring Real
                                                (@Field.toSemifield Real
                                                  (@NormedField.toField Real
                                                    (@NontriviallyNormedField.toNormedField Real
                                                      (@DenselyNormedField.toNontriviallyNormedField Real
                                                        Real.denselyNormedField)))))))
                                          (@RingHom.id Real
                                            (@Semiring.toNonAssocSemiring Real
                                              (@DivisionSemiring.toSemiring Real
                                                (@Semifield.toDivisionSemiring Real
                                                  (@Field.toSemifield Real
                                                    (@NormedField.toField Real
                                                      (@NontriviallyNormedField.toNormedField Real
                                                        (@DenselyNormedField.toNontriviallyNormedField Real
                                                          Real.denselyNormedField))))))))
                                          instIsTopologicalAddGroupReal))
                                      (@NormedSpace.toModule Real E Real.normedField
                                        (@NormedAddCommGroup.toSeminormedAddCommGroup E inst)
                                        (@InnerProductSpace.toNormedSpace Real E Real.instRCLike
                                          (@NormedAddCommGroup.toSeminormedAddCommGroup E inst) inst_1))
                                      (@ContinuousLinearMap.module Real Real Real
                                        (@DivisionSemiring.toSemiring Real
                                          (@Semifield.toDivisionSemiring Real
                                            (@Field.toSemifield Real
                                              (@NormedField.toField Real
                                                (@NontriviallyNormedField.toNormedField Real
                                                  (@DenselyNormedField.toNontriviallyNormedField Real
                                                    Real.denselyNormedField))))))
                                        (@DivisionSemiring.toSemiring Real
                                          (@Semifield.toDivisionSemiring Real
                                            (@Field.toSemifield Real
                                              (@NormedField.toField Real
                                                (@NontriviallyNormedField.toNormedField Real
                                                  (@DenselyNormedField.toNontriviallyNormedField Real
                                                    Real.denselyNormedField))))))
                                        (@DivisionSemiring.toSemiring Real
                                          (@Semifield.toDivisionSemiring Real
                                            (@Field.toSemifield Real
                                              (@NormedField.toField Real
                                                (@NontriviallyNormedField.toNormedField Real
                                                  (@DenselyNormedField.toNontriviallyNormedField Real
                                                    Real.denselyNormedField))))))
                                        E
                                        (@UniformSpace.toTopologicalSpace E
                                          (@PseudoMetricSpace.toUniformSpace E
                                            (@SeminormedAddCommGroup.toPseudoMetricSpace E
                                              (@NormedAddCommGroup.toSeminormedAddCommGroup E inst))))
                                        (@AddCommGroup.toAddCommMonoid E (@NormedAddCommGroup.toAddCommGroup E inst))
                                        (@NormedSpace.toModule Real E Real.normedField
                                          (@NormedAddCommGroup.toSeminormedAddCommGroup E inst)
                                          (@InnerProductSpace.toNormedSpace Real E Real.instRCLike
                                            (@NormedAddCommGroup.toSeminormedAddCommGroup E inst) inst_1))
                                        Real
                                        (@UniformSpace.toTopologicalSpace Real
                                          (@PseudoMetricSpace.toUniformSpace Real Real.pseudoMetricSpace))
                                        (@AddCommGroup.toAddCommMonoid Real Real.instAddCommGroup)
                                        (@Semiring.toModule Real
                                          (@DivisionSemiring.toSemiring Real
                                            (@Semifield.toDivisionSemiring Real
                                              (@Field.toSemifield Real
                                                (@NormedField.toField Real
                                                  (@NontriviallyNormedField.toNormedField Real
                                                    (@DenselyNormedField.toNontriviallyNormedField Real
                                                      Real.denselyNormedField)))))))
                                        (@Semiring.toModule Real
                                          (@DivisionSemiring.toSemiring Real
                                            (@Semifield.toDivisionSemiring Real
                                              (@Field.toSemifield Real
                                                (@NormedField.toField Real
                                                  (@NontriviallyNormedField.toNormedField Real
                                                    (@DenselyNormedField.toNontriviallyNormedField Real
                                                      Real.denselyNormedField)))))))
                                        ⋯ ⋯
                                        (@RingHom.id Real
                                          (@Semiring.toNonAssocSemiring Real
                                            (@DivisionSemiring.toSemiring Real
                                              (@Semifield.toDivisionSemiring Real
                                                (@Field.toSemifield Real
                                                  (@NormedField.toField Real
                                                    (@NontriviallyNormedField.toNormedField Real
                                                      (@DenselyNormedField.toNontriviallyNormedField Real
                                                        Real.denselyNormedField))))))))
                                        ⋯))
                                    E
                                    (fun x =>
                                      @ContinuousLinearMap Real Real
                                        (@DivisionSemiring.toSemiring Real
                                          (@Semifield.toDivisionSemiring Real
                                            (@Field.toSemifield Real
                                              (@NormedField.toField Real
                                                (@NontriviallyNormedField.toNormedField Real
                                                  (@DenselyNormedField.toNontriviallyNormedField Real
                                                    Real.denselyNormedField))))))
                                        (@DivisionSemiring.toSemiring Real
                                          (@Semifield.toDivisionSemiring Real
                                            (@Field.toSemifield Real
                                              (@NormedField.toField Real
                                                (@NontriviallyNormedField.toNormedField Real
                                                  (@DenselyNormedField.toNontriviallyNormedField Real
                                                    Real.denselyNormedField))))))
                                        (@RingHom.id Real
                                          (@Semiring.toNonAssocSemiring Real
                                            (@DivisionSemiring.toSemiring Real
                                              (@Semifield.toDivisionSemiring Real
                                                (@Field.toSemifield Real
                                                  (@NormedField.toField Real
                                                    (@NontriviallyNormedField.toNormedField Real
                                                      (@DenselyNormedField.toNontriviallyNormedField Real
                                                        Real.denselyNormedField))))))))
                                        E
                                        (@UniformSpace.toTopologicalSpace E
                                          (@PseudoMetricSpace.toUniformSpace E
                                            (@SeminormedAddCommGroup.toPseudoMetricSpace E
                                              (@NormedAddCommGroup.toSeminormedAddCommGroup E inst))))
                                        (@AddCommGroup.toAddCommMonoid E (@NormedAddCommGroup.toAddCommGroup E inst))
                                        Real
                                        (@UniformSpace.toTopologicalSpace Real
                                          (@PseudoMetricSpace.toUniformSpace Real Real.pseudoMetricSpace))
                                        (@AddCommGroup.toAddCommMonoid Real Real.instAddCommGroup)
                                        (@NormedSpace.toModule Real E Real.normedField
                                          (@NormedAddCommGroup.toSeminormedAddCommGroup E inst)
                                          (@InnerProductSpace.toNormedSpace Real E Real.instRCLike
                                            (@NormedAddCommGroup.toSeminormedAddCommGroup E inst) inst_1))
                                        (@Semiring.toModule Real
                                          (@DivisionSemiring.toSemiring Real
                                            (@Semifield.toDivisionSemiring Real
                                              (@Field.toSemifield Real
                                                (@NormedField.toField Real
                                                  (@NontriviallyNormedField.toNormedField Real
                                                    (@DenselyNormedField.toNontriviallyNormedField Real
                                                      Real.denselyNormedField))))))))
                                    (@ContinuousLinearMap.funLike Real Real
                                      (@DivisionSemiring.toSemiring Real
                                        (@Semifield.toDivisionSemiring Real
                                          (@Field.toSemifield Real
                                            (@NormedField.toField Real
                                              (@NontriviallyNormedField.toNormedField Real
                                                (@DenselyNormedField.toNontriviallyNormedField Real
                                                  Real.denselyNormedField))))))
                                      (@DivisionSemiring.toSemiring Real
                                        (@Semifield.toDivisionSemiring Real
                                          (@Field.toSemifield Real
                                            (@NormedField.toField Real
                                              (@NontriviallyNormedField.toNormedField Real
                                                (@DenselyNormedField.toNontriviallyNormedField Real
                                                  Real.denselyNormedField))))))
                                      (@RingHom.id Real
                                        (@Semiring.toNonAssocSemiring Real
                                          (@DivisionSemiring.toSemiring Real
                                            (@Semifield.toDivisionSemiring Real
                                              (@Field.toSemifield Real
                                                (@NormedField.toField Real
                                                  (@NontriviallyNormedField.toNormedField Real
                                                    (@DenselyNormedField.toNontriviallyNormedField Real
                                                      Real.denselyNormedField))))))))
                                      E
                                      (@UniformSpace.toTopologicalSpace E
                                        (@PseudoMetricSpace.toUniformSpace E
                                          (@SeminormedAddCommGroup.toPseudoMetricSpace E
                                            (@NormedAddCommGroup.toSeminormedAddCommGroup E inst))))
                                      (@AddCommGroup.toAddCommMonoid E (@NormedAddCommGroup.toAddCommGroup E inst))
                                      (@ContinuousLinearMap Real Real
                                        (@DivisionSemiring.toSemiring Real
                                          (@Semifield.toDivisionSemiring Real
                                            (@Field.toSemifield Real
                                              (@NormedField.toField Real
                                                (@NontriviallyNormedField.toNormedField Real
                                                  (@DenselyNormedField.toNontriviallyNormedField Real
                                                    Real.denselyNormedField))))))
                                        (@DivisionSemiring.toSemiring Real
                                          (@Semifield.toDivisionSemiring Real
                                            (@Field.toSemifield Real
                                              (@NormedField.toField Real
                                                (@NontriviallyNormedField.toNormedField Real
                                                  (@DenselyNormedField.toNontriviallyNormedField Real
                                                    Real.denselyNormedField))))))
                                        (@RingHom.id Real
                                          (@Semiring.toNonAssocSemiring Real
                                            (@DivisionSemiring.toSemiring Real
                                              (@Semifield.toDivisionSemiring Real
                                                (@Field.toSemifield Real
                                                  (@NormedField.toField Real
                                                    (@NontriviallyNormedField.toNormedField Real
                                                      (@DenselyNormedField.toNontriviallyNormedField Real
                                                        Real.denselyNormedField))))))))
                                        E
                                        (@UniformSpace.toTopologicalSpace E
                                          (@PseudoMetricSpace.toUniformSpace E
                                            (@SeminormedAddCommGroup.toPseudoMetricSpace E
                                              (@NormedAddCommGroup.toSeminormedAddCommGroup E inst))))
                                        (@AddCommGroup.toAddCommMonoid E (@NormedAddCommGroup.toAddCommGroup E inst))
                                        Real
                                        (@UniformSpace.toTopologicalSpace Real
                                          (@PseudoMetricSpace.toUniformSpace Real Real.pseudoMetricSpace))
                                        (@AddCommGroup.toAddCommMonoid Real Real.instAddCommGroup)
                                        (@NormedSpace.toModule Real E Real.normedField
                                          (@NormedAddCommGroup.toSeminormedAddCommGroup E inst)
                                          (@InnerProductSpace.toNormedSpace Real E Real.instRCLike
                                            (@NormedAddCommGroup.toSeminormedAddCommGroup E inst) inst_1))
                                        (@Semiring.toModule Real
                                          (@DivisionSemiring.toSemiring Real
                                            (@Semifield.toDivisionSemiring Real
                                              (@Field.toSemifield Real
                                                (@NormedField.toField Real
                                                  (@NontriviallyNormedField.toNormedField Real
                                                    (@DenselyNormedField.toNontriviallyNormedField Real
                                                      Real.denselyNormedField))))))))
                                      (@ContinuousLinearMap.topologicalSpace Real Real Real.normedField Real.normedField
                                        (@RingHom.id Real
                                          (@Semiring.toNonAssocSemiring Real
                                            (@DivisionSemiring.toSemiring Real
                                              (@Semifield.toDivisionSemiring Real
                                                (@Field.toSemifield Real
                                                  (@NormedField.toField Real
                                                    (@NontriviallyNormedField.toNormedField Real
                                                      (@DenselyNormedField.toNontriviallyNormedField Real
                                                        Real.denselyNormedField))))))))
                                        E Real (@NormedAddCommGroup.toAddCommGroup E inst)
                                        (@NormedSpace.toModule Real E Real.normedField
                                          (@NormedAddCommGroup.toSeminormedAddCommGroup E inst)
                                          (@InnerProductSpace.toNormedSpace Real E Real.instRCLike
                                            (@NormedAddCommGroup.toSeminormedAddCommGroup E inst) inst_1))
                                        Real.instAddCommGroup
                                        (@Semiring.toModule Real
                                          (@DivisionSemiring.toSemiring Real
                                            (@Semifield.toDivisionSemiring Real
                                              (@Field.toSemifield Real
                                                (@NormedField.toField Real
                                                  (@NontriviallyNormedField.toNormedField Real
                                                    (@DenselyNormedField.toNontriviallyNormedField Real
                                                      Real.denselyNormedField)))))))
                                        (@UniformSpace.toTopologicalSpace E
                                          (@PseudoMetricSpace.toUniformSpace E
                                            (@SeminormedAddCommGroup.toPseudoMetricSpace E
                                              (@NormedAddCommGroup.toSeminormedAddCommGroup E inst))))
                                        (@UniformSpace.toTopologicalSpace Real
                                          (@PseudoMetricSpace.toUniformSpace Real Real.pseudoMetricSpace))
                                        instIsTopologicalAddGroupReal)
                                      (@AddCommGroup.toAddCommMonoid
                                        (@ContinuousLinearMap Real Real
                                          (@DivisionSemiring.toSemiring Real
                                            (@Semifield.toDivisionSemiring Real
                                              (@Field.toSemifield Real
                                                (@NormedField.toField Real
                                                  (@NontriviallyNormedField.toNormedField Real
                                                    (@DenselyNormedField.toNontriviallyNormedField Real
                                                      Real.denselyNormedField))))))
                                          (@DivisionSemiring.toSemiring Real
                                            (@Semifield.toDivisionSemiring Real
                                              (@Field.toSemifield Real
                                                (@NormedField.toField Real
                                                  (@NontriviallyNormedField.toNormedField Real
                                                    (@DenselyNormedField.toNontriviallyNormedField Real
                                                      Real.denselyNormedField))))))
                                          (@RingHom.id Real
                                            (@Semiring.toNonAssocSemiring Real
                                              (@DivisionSemiring.toSemiring Real
                                                (@Semifield.toDivisionSemiring Real
                                                  (@Field.toSemifield Real
                                                    (@NormedField.toField Real
                                                      (@NontriviallyNormedField.toNormedField Real
                                                        (@DenselyNormedField.toNontriviallyNormedField Real
                                                          Real.denselyNormedField))))))))
                                          E
                                          (@UniformSpace.toTopologicalSpace E
                                            (@PseudoMetricSpace.toUniformSpace E
                                              (@SeminormedAddCommGroup.toPseudoMetricSpace E
                                                (@NormedAddCommGroup.toSeminormedAddCommGroup E inst))))
                                          (@AddCommGroup.toAddCommMonoid E (@NormedAddCommGroup.toAddCommGroup E inst))
                                          Real
                                          (@UniformSpace.toTopologicalSpace Real
                                            (@PseudoMetricSpace.toUniformSpace Real Real.pseudoMetricSpace))
                                          (@AddCommGroup.toAddCommMonoid Real Real.instAddCommGroup)
                                          (@NormedSpace.toModule Real E Real.normedField
                                            (@NormedAddCommGroup.toSeminormedAddCommGroup E inst)
                                            (@InnerProductSpace.toNormedSpace Real E Real.instRCLike
                                              (@NormedAddCommGroup.toSeminormedAddCommGroup E inst) inst_1))
                                          (@Semiring.toModule Real
                                            (@DivisionSemiring.toSemiring Real
                                              (@Semifield.toDivisionSemiring Real
                                                (@Field.toSemifield Real
                                                  (@NormedField.toField Real
                                                    (@NontriviallyNormedField.toNormedField Real
                                                      (@DenselyNormedField.toNontriviallyNormedField Real
                                                        Real.denselyNormedField))))))))
                                        (@ContinuousLinearMap.addCommGroup Real Real.instRing Real Real.instRing E
                                          (@UniformSpace.toTopologicalSpace E
                                            (@PseudoMetricSpace.toUniformSpace E
                                              (@SeminormedAddCommGroup.toPseudoMetricSpace E
                                                (@NormedAddCommGroup.toSeminormedAddCommGroup E inst))))
                                          (@NormedAddCommGroup.toAddCommGroup E inst) Real
                                          (@UniformSpace.toTopologicalSpace Real
                                            (@PseudoMetricSpace.toUniformSpace Real Real.pseudoMetricSpace))
                                          Real.instAddCommGroup
                                          (@NormedSpace.toModule Real E Real.normedField
                                            (@NormedAddCommGroup.toSeminormedAddCommGroup E inst)
                                            (@InnerProductSpace.toNormedSpace Real E Real.instRCLike
                                              (@NormedAddCommGroup.toSeminormedAddCommGroup E inst) inst_1))
                                          (@Semiring.toModule Real
                                            (@DivisionSemiring.toSemiring Real
                                              (@Semifield.toDivisionSemiring Real
                                                (@Field.toSemifield Real
                                                  (@NormedField.toField Real
                                                    (@NontriviallyNormedField.toNormedField Real
                                                      (@DenselyNormedField.toNontriviallyNormedField Real
                                                        Real.denselyNormedField)))))))
                                          (@RingHom.id Real
                                            (@Semiring.toNonAssocSemiring Real
                                              (@DivisionSemiring.toSemiring Real
                                                (@Semifield.toDivisionSemiring Real
                                                  (@Field.toSemifield Real
                                                    (@NormedField.toField Real
                                                      (@NontriviallyNormedField.toNormedField Real
                                                        (@DenselyNormedField.toNontriviallyNormedField Real
                                                          Real.denselyNormedField))))))))
                                          instIsTopologicalAddGroupReal))
                                      (@NormedSpace.toModule Real E Real.normedField
                                        (@NormedAddCommGroup.toSeminormedAddCommGroup E inst)
                                        (@InnerProductSpace.toNormedSpace Real E Real.instRCLike
                                          (@NormedAddCommGroup.toSeminormedAddCommGroup E inst) inst_1))
                                      (@ContinuousLinearMap.module Real Real Real
                                        (@DivisionSemiring.toSemiring Real
                                          (@Semifield.toDivisionSemiring Real
                                            (@Field.toSemifield Real
                                              (@NormedField.toField Real
                                                (@NontriviallyNormedField.toNormedField Real
                                                  (@DenselyNormedField.toNontriviallyNormedField Real
                                                    Real.denselyNormedField))))))
                                        (@DivisionSemiring.toSemiring Real
                                          (@Semifield.toDivisionSemiring Real
                                            (@Field.toSemifield Real
                                              (@NormedField.toField Real
                                                (@NontriviallyNormedField.toNormedField Real
                                                  (@DenselyNormedField.toNontriviallyNormedField Real
                                                    Real.denselyNormedField))))))
                                        (@DivisionSemiring.toSemiring Real
                                          (@Semifield.toDivisionSemiring Real
                                            (@Field.toSemifield Real
                                              (@NormedField.toField Real
                                                (@NontriviallyNormedField.toNormedField Real
                                                  (@DenselyNormedField.toNontriviallyNormedField Real
                                                    Real.denselyNormedField))))))
                                        E
                                        (@UniformSpace.toTopologicalSpace E
                                          (@PseudoMetricSpace.toUniformSpace E
                                            (@SeminormedAddCommGroup.toPseudoMetricSpace E
                                              (@NormedAddCommGroup.toSeminormedAddCommGroup E inst))))
                                        (@AddCommGroup.toAddCommMonoid E (@NormedAddCommGroup.toAddCommGroup E inst))
                                        (@NormedSpace.toModule Real E Real.normedField
                                          (@NormedAddCommGroup.toSeminormedAddCommGroup E inst)
                                          (@InnerProductSpace.toNormedSpace Real E Real.instRCLike
                                            (@NormedAddCommGroup.toSeminormedAddCommGroup E inst) inst_1))
                                        Real
                                        (@UniformSpace.toTopologicalSpace Real
                                          (@PseudoMetricSpace.toUniformSpace Real Real.pseudoMetricSpace))
                                        (@AddCommGroup.toAddCommMonoid Real Real.instAddCommGroup)
                                        (@Semiring.toModule Real
                                          (@DivisionSemiring.toSemiring Real
                                            (@Semifield.toDivisionSemiring Real
                                              (@Field.toSemifield Real
                                                (@NormedField.toField Real
                                                  (@NontriviallyNormedField.toNormedField Real
                                                    (@DenselyNormedField.toNontriviallyNormedField Real
                                                      Real.denselyNormedField)))))))
                                        (@Semiring.toModule Real
                                          (@DivisionSemiring.toSemiring Real
                                            (@Semifield.toDivisionSemiring Real
                                              (@Field.toSemifield Real
                                                (@NormedField.toField Real
                                                  (@NontriviallyNormedField.toNormedField Real
                                                    (@DenselyNormedField.toNontriviallyNormedField Real
                                                      Real.denselyNormedField)))))))
                                        ⋯ ⋯
                                        (@RingHom.id Real
                                          (@Semiring.toNonAssocSemiring Real
                                            (@DivisionSemiring.toSemiring Real
                                              (@Semifield.toDivisionSemiring Real
                                                (@Field.toSemifield Real
                                                  (@NormedField.toField Real
                                                    (@NontriviallyNormedField.toNormedField Real
                                                      (@DenselyNormedField.toNontriviallyNormedField Real
                                                        Real.denselyNormedField))))))))
                                        ⋯))
                                    (@fderiv Real
                                      (@DenselyNormedField.toNontriviallyNormedField Real Real.denselyNormedField) E
                                      (@NormedAddCommGroup.toAddCommGroup E inst)
                                      (@NormedSpace.toModule Real E Real.normedField
                                        (@NormedAddCommGroup.toSeminormedAddCommGroup E inst)
                                        (@InnerProductSpace.toNormedSpace Real E Real.instRCLike
                                          (@NormedAddCommGroup.toSeminormedAddCommGroup E inst) inst_1))
                                      (@UniformSpace.toTopologicalSpace E
                                        (@PseudoMetricSpace.toUniformSpace E
                                          (@SeminormedAddCommGroup.toPseudoMetricSpace E
                                            (@NormedAddCommGroup.toSeminormedAddCommGroup E inst))))
                                      (@ContinuousLinearMap Real Real
                                        (@DivisionSemiring.toSemiring Real
                                          (@Semifield.toDivisionSemiring Real
                                            (@Field.toSemifield Real
                                              (@NormedField.toField Real
                                                (@NontriviallyNormedField.toNormedField Real
                                                  (@DenselyNormedField.toNontriviallyNormedField Real
                                                    Real.denselyNormedField))))))
                                        (@DivisionSemiring.toSemiring Real
                                          (@Semifield.toDivisionSemiring Real
                                            (@Field.toSemifield Real
                                              (@NormedField.toField Real
                                                (@NontriviallyNormedField.toNormedField Real
                                                  (@DenselyNormedField.toNontriviallyNormedField Real
                                                    Real.denselyNormedField))))))
                                        (@RingHom.id Real
                                          (@Semiring.toNonAssocSemiring Real
                                            (@DivisionSemiring.toSemiring Real
                                              (@Semifield.toDivisionSemiring Real
                                                (@Field.toSemifield Real
                                                  (@NormedField.toField Real
                                                    (@NontriviallyNormedField.toNormedField Real
                                                      (@DenselyNormedField.toNontriviallyNormedField Real
                                                        Real.denselyNormedField))))))))
                                        E
                                        (@UniformSpace.toTopologicalSpace E
                                          (@PseudoMetricSpace.toUniformSpace E
                                            (@SeminormedAddCommGroup.toPseudoMetricSpace E
                                              (@NormedAddCommGroup.toSeminormedAddCommGroup E inst))))
                                        (@AddCommGroup.toAddCommMonoid E (@NormedAddCommGroup.toAddCommGroup E inst))
                                        Real
                                        (@UniformSpace.toTopologicalSpace Real
                                          (@PseudoMetricSpace.toUniformSpace Real Real.pseudoMetricSpace))
                                        (@AddCommGroup.toAddCommMonoid Real Real.instAddCommGroup)
                                        (@NormedSpace.toModule Real E Real.normedField
                                          (@NormedAddCommGroup.toSeminormedAddCommGroup E inst)
                                          (@InnerProductSpace.toNormedSpace Real E Real.instRCLike
                                            (@NormedAddCommGroup.toSeminormedAddCommGroup E inst) inst_1))
                                        (@Semiring.toModule Real
                                          (@DivisionSemiring.toSemiring Real
                                            (@Semifield.toDivisionSemiring Real
                                              (@Field.toSemifield Real
                                                (@NormedField.toField Real
                                                  (@NontriviallyNormedField.toNormedField Real
                                                    (@DenselyNormedField.toNontriviallyNormedField Real
                                                      Real.denselyNormedField))))))))
                                      (@ContinuousLinearMap.addCommGroup Real Real.instRing Real Real.instRing E
                                        (@UniformSpace.toTopologicalSpace E
                                          (@PseudoMetricSpace.toUniformSpace E
                                            (@SeminormedAddCommGroup.toPseudoMetricSpace E
                                              (@NormedAddCommGroup.toSeminormedAddCommGroup E inst))))
                                        (@NormedAddCommGroup.toAddCommGroup E inst) Real
                                        (@UniformSpace.toTopologicalSpace Real
                                          (@PseudoMetricSpace.toUniformSpace Real Real.pseudoMetricSpace))
                                        Real.instAddCommGroup
                                        (@NormedSpace.toModule Real E Real.normedField
                                          (@NormedAddCommGroup.toSeminormedAddCommGroup E inst)
                                          (@InnerProductSpace.toNormedSpace Real E Real.instRCLike
                                            (@NormedAddCommGroup.toSeminormedAddCommGroup E inst) inst_1))
                                        (@Semiring.toModule Real
                                          (@DivisionSemiring.toSemiring Real
                                            (@Semifield.toDivisionSemiring Real
                                              (@Field.toSemifield Real
                                                (@NormedField.toField Real
                                                  (@NontriviallyNormedField.toNormedField Real
                                                    (@DenselyNormedField.toNontriviallyNormedField Real
                                                      Real.denselyNormedField)))))))
                                        (@RingHom.id Real
                                          (@Semiring.toNonAssocSemiring Real
                                            (@DivisionSemiring.toSemiring Real
                                              (@Semifield.toDivisionSemiring Real
                                                (@Field.toSemifield Real
                                                  (@NormedField.toField Real
                                                    (@NontriviallyNormedField.toNormedField Real
                                                      (@DenselyNormedField.toNontriviallyNormedField Real
                                                        Real.denselyNormedField))))))))
                                        instIsTopologicalAddGroupReal)
                                      (@ContinuousLinearMap.module Real Real Real
                                        (@DivisionSemiring.toSemiring Real
                                          (@Semifield.toDivisionSemiring Real
                                            (@Field.toSemifield Real
                                              (@NormedField.toField Real
                                                (@NontriviallyNormedField.toNormedField Real
                                                  (@DenselyNormedField.toNontriviallyNormedField Real
                                                    Real.denselyNormedField))))))
                                        (@DivisionSemiring.toSemiring Real
                                          (@Semifield.toDivisionSemiring Real
                                            (@Field.toSemifield Real
                                              (@NormedField.toField Real
                                                (@NontriviallyNormedField.toNormedField Real
                                                  (@DenselyNormedField.toNontriviallyNormedField Real
                                                    Real.denselyNormedField))))))
                                        (@DivisionSemiring.toSemiring Real
                                          (@Semifield.toDivisionSemiring Real
                                            (@Field.toSemifield Real
                                              (@NormedField.toField Real
                                                (@NontriviallyNormedField.toNormedField Real
                                                  (@DenselyNormedField.toNontriviallyNormedField Real
                                                    Real.denselyNormedField))))))
                                        E
                                        (@UniformSpace.toTopologicalSpace E
                                          (@PseudoMetricSpace.toUniformSpace E
                                            (@SeminormedAddCommGroup.toPseudoMetricSpace E
                                              (@NormedAddCommGroup.toSeminormedAddCommGroup E inst))))
                                        (@AddCommGroup.toAddCommMonoid E (@NormedAddCommGroup.toAddCommGroup E inst))
                                        (@NormedSpace.toModule Real E Real.normedField
                                          (@NormedAddCommGroup.toSeminormedAddCommGroup E inst)
                                          (@InnerProductSpace.toNormedSpace Real E Real.instRCLike
                                            (@NormedAddCommGroup.toSeminormedAddCommGroup E inst) inst_1))
                                        Real
                                        (@UniformSpace.toTopologicalSpace Real
                                          (@PseudoMetricSpace.toUniformSpace Real Real.pseudoMetricSpace))
                                        (@AddCommGroup.toAddCommMonoid Real Real.instAddCommGroup)
                                        (@Semiring.toModule Real
                                          (@DivisionSemiring.toSemiring Real
                                            (@Semifield.toDivisionSemiring Real
                                              (@Field.toSemifield Real
                                                (@NormedField.toField Real
                                                  (@NontriviallyNormedField.toNormedField Real
                                                    (@DenselyNormedField.toNontriviallyNormedField Real
                                                      Real.denselyNormedField)))))))
                                        (@Semiring.toModule Real
                                          (@DivisionSemiring.toSemiring Real
                                            (@Semifield.toDivisionSemiring Real
                                              (@Field.toSemifield Real
                                                (@NormedField.toField Real
                                                  (@NontriviallyNormedField.toNormedField Real
                                                    (@DenselyNormedField.toNontriviallyNormedField Real
                                                      Real.denselyNormedField)))))))
                                        ⋯ ⋯
                                        (@RingHom.id Real
                                          (@Semiring.toNonAssocSemiring Real
                                            (@DivisionSemiring.toSemiring Real
                                              (@Semifield.toDivisionSemiring Real
                                                (@Field.toSemifield Real
                                                  (@NormedField.toField Real
                                                    (@NontriviallyNormedField.toNormedField Real
                                                      (@DenselyNormedField.toNontriviallyNormedField Real
                                                        Real.denselyNormedField))))))))
                                        ⋯)
                                      (@ContinuousLinearMap.topologicalSpace Real Real Real.normedField Real.normedField
                                        (@RingHom.id Real
                                          (@Semiring.toNonAssocSemiring Real
                                            (@DivisionSemiring.toSemiring Real
                                              (@Semifield.toDivisionSemiring Real
                                                (@Field.toSemifield Real
                                                  (@NormedField.toField Real
                                                    (@NontriviallyNormedField.toNormedField Real
                                                      (@DenselyNormedField.toNontriviallyNormedField Real
                                                        Real.denselyNormedField))))))))
                                        E Real (@NormedAddCommGroup.toAddCommGroup E inst)
                                        (@NormedSpace.toModule Real E Real.normedField
                                          (@NormedAddCommGroup.toSeminormedAddCommGroup E inst)
                                          (@InnerProductSpace.toNormedSpace Real E Real.instRCLike
                                            (@NormedAddCommGroup.toSeminormedAddCommGroup E inst) inst_1))
                                        Real.instAddCommGroup
                                        (@Semiring.toModule Real
                                          (@DivisionSemiring.toSemiring Real
                                            (@Semifield.toDivisionSemiring Real
                                              (@Field.toSemifield Real
                                                (@NormedField.toField Real
                                                  (@NontriviallyNormedField.toNormedField Real
                                                    (@DenselyNormedField.toNontriviallyNormedField Real
                                                      Real.denselyNormedField)))))))
                                        (@UniformSpace.toTopologicalSpace E
                                          (@PseudoMetricSpace.toUniformSpace E
                                            (@SeminormedAddCommGroup.toPseudoMetricSpace E
                                              (@NormedAddCommGroup.toSeminormedAddCommGroup E inst))))
                                        (@UniformSpace.toTopologicalSpace Real
                                          (@PseudoMetricSpace.toUniformSpace Real Real.pseudoMetricSpace))
                                        instIsTopologicalAddGroupReal)
                                      (@fderiv Real
                                        (@DenselyNormedField.toNontriviallyNormedField Real Real.denselyNormedField) E
                                        (@NormedAddCommGroup.toAddCommGroup E inst)
                                        (@NormedSpace.toModule Real E Real.normedField
                                          (@NormedAddCommGroup.toSeminormedAddCommGroup E inst)
                                          (@InnerProductSpace.toNormedSpace Real E Real.instRCLike
                                            (@NormedAddCommGroup.toSeminormedAddCommGroup E inst) inst_1))
                                        (@UniformSpace.toTopologicalSpace E
                                          (@PseudoMetricSpace.toUniformSpace E
                                            (@SeminormedAddCommGroup.toPseudoMetricSpace E
                                              (@NormedAddCommGroup.toSeminormedAddCommGroup E inst))))
                                        Real Real.instAddCommGroup
                                        (@Semiring.toModule Real
                                          (@DivisionSemiring.toSemiring Real
                                            (@Semifield.toDivisionSemiring Real
                                              (@Field.toSemifield Real
                                                (@NormedField.toField Real
                                                  (@NontriviallyNormedField.toNormedField Real
                                                    (@DenselyNormedField.toNontriviallyNormedField Real
                                                      Real.denselyNormedField)))))))
                                        (@UniformSpace.toTopologicalSpace Real
                                          (@PseudoMetricSpace.toUniformSpace Real Real.pseudoMetricSpace))
                                        V)
                                      x)
                                    v)
                                  v)
                                (@HMul.hMul Real Real Real (@instHMul Real Real.instMul) (↑β)
                                  (@HPow.hPow Real Nat Real
                                    (@instHPow Real Nat (@NPow.toPow Real (@Monoid.toNPow Real Real.instMonoid)))
                                    (@norm E (@NormedAddCommGroup.toNorm E inst) v)
                                    (@OfNat.ofNat Nat (nat_lit 2) (instOfNatNat (nat_lit 2))))))) →
                          @LT.lt Real Real.instLT (@OfNat.ofNat Real (nat_lit 0) (@Zero.toOfNat0 Real Real.instZero))
                              η →
                            @LE.le Real Real.instLE (@HMul.hMul Real Real Real (@instHMul Real Real.instMul) (↑β) η)
                                (@OfNat.ofNat Real (nat_lit 1) (@One.toOfNat1 Real Real.instOne)) →
                              Prop :=
fun {E} [inst : ⋯] [inst_1 : ⋯] [inst_2 : ⋯] [inst_3 : ⋯] [inst_4 : ⋯] {V} {α β} {η} hα hαβ hV hH hη hβη =>
  let μ :=
    @Measure.tilted E
      (@MeasureSpace.toMeasurableSpace E (@measureSpaceOfInnerProductSpace E inst inst_1 inst_2 inst_3 inst_4))
      (@volume E (@measureSpaceOfInnerProductSpace E inst inst_1 inst_2 inst_3 inst_4)) fun x =>
      @Neg.neg Real Real.instNeg (V x);
  let J :=
    @Measure.map (Prod E E) (Prod E E)
      (@Prod.instMeasurableSpace E E
        (@MeasureSpace.toMeasurableSpace E (@measureSpaceOfInnerProductSpace E inst inst_1 inst_2 inst_3 inst_4))
        inst_3)
      (@Prod.instMeasurableSpace E E inst_3 inst_3)
      (fun p =>
        @Prod.mk E E (@Prod.fst E E p)
          (@HAdd.hAdd E E E
            (@instHAdd E
              (@AddCommMagma.toAdd E
                (@AddCommSemigroup.toAddCommMagma E
                  (@AddCommMonoid.toAddCommSemigroup E
                    (@AddCommGroup.toAddCommMonoid E (@NormedAddCommGroup.toAddCommGroup E inst))))))
            (@Prod.fst E E p)
            (@HSMul.hSMul Real E E
              (@instHSMul Real E
                (@SMulZeroClass.toSMul Real E
                  (@AddZero.toZero E
                    (@AddZeroClass.toAddZero E
                      (@AddMonoid.toAddZeroClass E
                        (@SubNegMonoid.toAddMonoid E
                          (@AddGroup.toSubNegMonoid E
                            (@AddCommGroup.toAddGroup E (@NormedAddCommGroup.toAddCommGroup E inst)))))))
                  (@DistribSMul.toSMulZeroClass Real E
                    (@AddMonoid.toAddZeroClass E
                      (@SubNegMonoid.toAddMonoid E
                        (@AddGroup.toSubNegMonoid E
                          (@AddCommGroup.toAddGroup E (@NormedAddCommGroup.toAddCommGroup E inst)))))
                    (@DistribMulAction.toDistribSMul Real E Real.instMonoid
                      (@SubNegMonoid.toAddMonoid E
                        (@AddGroup.toSubNegMonoid E
                          (@AddCommGroup.toAddGroup E (@NormedAddCommGroup.toAddCommGroup E inst))))
                      (@Module.toDistribMulAction Real E Real.semiring
                        (@AddCommGroup.toAddCommMonoid E (@NormedAddCommGroup.toAddCommGroup E inst))
                        (@NormedSpace.toModule Real E Real.normedField
                          (@NormedAddCommGroup.toSeminormedAddCommGroup E inst)
                          (@InnerProductSpace.toNormedSpace Real E Real.instRCLike
                            (@NormedAddCommGroup.toSeminormedAddCommGroup E inst) inst_1)))))))
              η.sqrt (@Prod.snd E E p))))
      (@Measure.prod E E
        (@MeasureSpace.toMeasurableSpace E (@measureSpaceOfInnerProductSpace E inst inst_1 inst_2 inst_3 inst_4)) inst_3
        μ (@stdGaussian E inst inst_1 inst_2 inst_3));
  let ν := @Measure.snd E E inst_3 inst_3 J;
  have Λ :=
    @Measure.map (Prod E E) (Prod E E) (@Prod.instMeasurableSpace E E inst_3 inst_3)
      (@Prod.instMeasurableSpace E E inst_3 inst_3)
      (fun p =>
        @Prod.mk E E (@Prod.snd E E p)
          (@HSub.hSub E E E
            (@instHSub E
              (@SubNegMonoid.toSub E
                (@AddGroup.toSubNegMonoid E (@AddCommGroup.toAddGroup E (@NormedAddCommGroup.toAddCommGroup E inst)))))
            (@HSMul.hSMul Real E E
              (@instHSMul Real E
                (@SMulZeroClass.toSMul Real E
                  (@AddZero.toZero E
                    (@AddZeroClass.toAddZero E
                      (@AddMonoid.toAddZeroClass E
                        (@SubNegMonoid.toAddMonoid E
                          (@AddGroup.toSubNegMonoid E
                            (@AddCommGroup.toAddGroup E (@NormedAddCommGroup.toAddCommGroup E inst)))))))
                  (@DistribSMul.toSMulZeroClass Real E
                    (@AddMonoid.toAddZeroClass E
                      (@SubNegMonoid.toAddMonoid E
                        (@AddGroup.toSubNegMonoid E
                          (@AddCommGroup.toAddGroup E (@NormedAddCommGroup.toAddCommGroup E inst)))))
                    (@DistribMulAction.toDistribSMul Real E Real.instMonoid
                      (@SubNegMonoid.toAddMonoid E
                        (@AddGroup.toSubNegMonoid E
                          (@AddCommGroup.toAddGroup E (@NormedAddCommGroup.toAddCommGroup E inst))))
                      (@Module.toDistribMulAction Real E Real.semiring
                        (@AddCommGroup.toAddCommMonoid E (@NormedAddCommGroup.toAddCommGroup E inst))
                        (@NormedSpace.toModule Real E Real.normedField
                          (@NormedAddCommGroup.toSeminormedAddCommGroup E inst)
                          (@InnerProductSpace.toNormedSpace Real E Real.instRCLike
                            (@NormedAddCommGroup.toSeminormedAddCommGroup E inst) inst_1)))))))
              (@OfNat.ofNat Real (nat_lit 2)
                (@instOfNatAtLeastTwo Real (nat_lit 2) Real.instNatCast original_signature0._proof_1))
              (@Prod.fst E E p))
            (@Prod.snd E E p)))
      J;
  have F := fun p =>
    @Prod.mk E E (@Prod.fst E E p)
      (@HSub.hSub E E E
        (@instHSub E
          (@SubNegMonoid.toSub E
            (@AddGroup.toSubNegMonoid E (@AddCommGroup.toAddGroup E (@NormedAddCommGroup.toAddCommGroup E inst)))))
        (@HSMul.hSMul Real E E
          (@instHSMul Real E
            (@SMulZeroClass.toSMul Real E
              (@AddZero.toZero E
                (@AddZeroClass.toAddZero E
                  (@AddMonoid.toAddZeroClass E
                    (@SubNegMonoid.toAddMonoid E
                      (@AddGroup.toSubNegMonoid E
                        (@AddCommGroup.toAddGroup E (@NormedAddCommGroup.toAddCommGroup E inst)))))))
              (@DistribSMul.toSMulZeroClass Real E
                (@AddMonoid.toAddZeroClass E
                  (@SubNegMonoid.toAddMonoid E
                    (@AddGroup.toSubNegMonoid E
                      (@AddCommGroup.toAddGroup E (@NormedAddCommGroup.toAddCommGroup E inst)))))
                (@DistribMulAction.toDistribSMul Real E Real.instMonoid
                  (@SubNegMonoid.toAddMonoid E
                    (@AddGroup.toSubNegMonoid E
                      (@AddCommGroup.toAddGroup E (@NormedAddCommGroup.toAddCommGroup E inst))))
                  (@Module.toDistribMulAction Real E Real.semiring
                    (@AddCommGroup.toAddCommMonoid E (@NormedAddCommGroup.toAddCommGroup E inst))
                    (@NormedSpace.toModule Real E Real.normedField (@NormedAddCommGroup.toSeminormedAddCommGroup E inst)
                      (@InnerProductSpace.toNormedSpace Real E Real.instRCLike
                        (@NormedAddCommGroup.toSeminormedAddCommGroup E inst) inst_1)))))))
          (@OfNat.ofNat Real (nat_lit 2)
            (@instOfNatAtLeastTwo Real (nat_lit 2) Real.instNatCast original_signature0._proof_1))
          (@Prod.fst E E p))
        (@Prod.snd E E p));
  have P :=
    @ContinuousLinearMap.comp Real Real Real Real.semiring Real.semiring Real.semiring
      (@RingHom.id Real (@Semiring.toNonAssocSemiring Real Real.semiring))
      (@RingHom.id Real (@Semiring.toNonAssocSemiring Real Real.semiring))
      (@RingHom.id Real (@Semiring.toNonAssocSemiring Real Real.semiring))
      (↥(@Lp (Prod E E) Real (@Prod.instMeasurableSpace E E inst_3 inst_3) Real.normedAddCommGroup
          (@OfNat.ofNat ENNReal (nat_lit 2)
            (@instOfNatAtLeastTwo ENNReal (nat_lit 2)
              (@AddMonoidWithOne.toNatCast ENNReal
                (@AddCommMonoidWithOne.toAddMonoidWithOne ENNReal ENNReal.instAddCommMonoidWithOne))
              original_signature0._proof_1))
          J))
      (@UniformSpace.toTopologicalSpace
        (↥(@Lp (Prod E E) Real (@Prod.instMeasurableSpace E E inst_3 inst_3) Real.normedAddCommGroup
            (@OfNat.ofNat ENNReal (nat_lit 2)
              (@instOfNatAtLeastTwo ENNReal (nat_lit 2)
                (@AddMonoidWithOne.toNatCast ENNReal
                  (@AddCommMonoidWithOne.toAddMonoidWithOne ENNReal ENNReal.instAddCommMonoidWithOne))
                original_signature0._proof_1))
            J))
        (@PseudoMetricSpace.toUniformSpace
          (↥(@Lp (Prod E E) Real (@Prod.instMeasurableSpace E E inst_3 inst_3) Real.normedAddCommGroup
              (@OfNat.ofNat ENNReal (nat_lit 2)
                (@instOfNatAtLeastTwo ENNReal (nat_lit 2)
                  (@AddMonoidWithOne.toNatCast ENNReal
                    (@AddCommMonoidWithOne.toAddMonoidWithOne ENNReal ENNReal.instAddCommMonoidWithOne))
                  original_signature0._proof_1))
              J))
          (@SeminormedAddCommGroup.toPseudoMetricSpace
            (↥(@Lp (Prod E E) Real (@Prod.instMeasurableSpace E E inst_3 inst_3) Real.normedAddCommGroup
                (@OfNat.ofNat ENNReal (nat_lit 2)
                  (@instOfNatAtLeastTwo ENNReal (nat_lit 2)
                    (@AddMonoidWithOne.toNatCast ENNReal
                      (@AddCommMonoidWithOne.toAddMonoidWithOne ENNReal ENNReal.instAddCommMonoidWithOne))
                    original_signature0._proof_1))
                J))
            (@NormedAddCommGroup.toSeminormedAddCommGroup
              (↥(@Lp (Prod E E) Real (@Prod.instMeasurableSpace E E inst_3 inst_3) Real.normedAddCommGroup
                  (@OfNat.ofNat ENNReal (nat_lit 2)
                    (@instOfNatAtLeastTwo ENNReal (nat_lit 2)
                      (@AddMonoidWithOne.toNatCast ENNReal
                        (@AddCommMonoidWithOne.toAddMonoidWithOne ENNReal ENNReal.instAddCommMonoidWithOne))
                      original_signature0._proof_1))
                  J))
              (@Lp.instNormedAddCommGroup (Prod E E) Real (@Prod.instMeasurableSpace E E inst_3 inst_3)
                (@OfNat.ofNat ENNReal (nat_lit 2)
                  (@instOfNatAtLeastTwo ENNReal (nat_lit 2)
                    (@AddMonoidWithOne.toNatCast ENNReal
                      (@AddCommMonoidWithOne.toAddMonoidWithOne ENNReal ENNReal.instAddCommMonoidWithOne))
                    original_signature0._proof_1))
                J Real.normedAddCommGroup fact_one_le_two_ennreal)))))
      (@AddCommGroup.toAddCommMonoid
        (↥(@Lp (Prod E E) Real (@Prod.instMeasurableSpace E E inst_3 inst_3) Real.normedAddCommGroup
            (@OfNat.ofNat ENNReal (nat_lit 2)
              (@instOfNatAtLeastTwo ENNReal (nat_lit 2)
                (@AddMonoidWithOne.toNatCast ENNReal
                  (@AddCommMonoidWithOne.toAddMonoidWithOne ENNReal ENNReal.instAddCommMonoidWithOne))
                original_signature0._proof_1))
            J))
        (@Lp.instAddCommGroup (Prod E E) Real (@Prod.instMeasurableSpace E E inst_3 inst_3)
          (@OfNat.ofNat ENNReal (nat_lit 2)
            (@instOfNatAtLeastTwo ENNReal (nat_lit 2)
              (@AddMonoidWithOne.toNatCast ENNReal
                (@AddCommMonoidWithOne.toAddMonoidWithOne ENNReal ENNReal.instAddCommMonoidWithOne))
              original_signature0._proof_1))
          J Real.normedAddCommGroup))
      (↥(@lpMeas (Prod E E) Real Real Real.instRCLike Real.normedAddCommGroup
          (@InnerProductSpace.toNormedSpace Real Real Real.instRCLike
            (@NormedAddCommGroup.toSeminormedAddCommGroup Real Real.normedAddCommGroup)
            (@RCLike.toInnerProductSpaceReal Real Real.instRCLike))
          (@MeasurableSpace.comap (Prod E E) E (@Prod.snd E E) (@inferInstance (MeasurableSpace E) inst_3))
          (@Prod.instMeasurableSpace E E inst_3 inst_3)
          (@OfNat.ofNat ENNReal (nat_lit 2)
            (@instOfNatAtLeastTwo ENNReal (nat_lit 2)
              (@AddMonoidWithOne.toNatCast ENNReal
                (@AddCommMonoidWithOne.toAddMonoidWithOne ENNReal ENNReal.instAddCommMonoidWithOne))
              original_signature0._proof_1))
          J))
      (@instTopologicalSpaceSubtype
        (↥(@Lp (Prod E E) Real (@Prod.instMeasurableSpace E E inst_3 inst_3) Real.normedAddCommGroup
            (@OfNat.ofNat ENNReal (nat_lit 2)
              (@instOfNatAtLeastTwo ENNReal (nat_lit 2)
                (@AddMonoidWithOne.toNatCast ENNReal
                  (@AddCommMonoidWithOne.toAddMonoidWithOne ENNReal ENNReal.instAddCommMonoidWithOne))
                original_signature0._proof_1))
            J))
        (fun x =>
          @Membership.mem
            (↥(@Lp (Prod E E) Real (@Prod.instMeasurableSpace E E inst_3 inst_3) Real.normedAddCommGroup
                (@OfNat.ofNat ENNReal (nat_lit 2)
                  (@instOfNatAtLeastTwo ENNReal (nat_lit 2)
                    (@AddMonoidWithOne.toNatCast ENNReal
                      (@AddCommMonoidWithOne.toAddMonoidWithOne ENNReal ENNReal.instAddCommMonoidWithOne))
                    original_signature0._proof_1))
                J))
            (@Submodule Real
              (↥(@Lp (Prod E E) Real (@Prod.instMeasurableSpace E E inst_3 inst_3) Real.normedAddCommGroup
                  (@OfNat.ofNat ENNReal (nat_lit 2)
                    (@instOfNatAtLeastTwo ENNReal (nat_lit 2)
                      (@AddMonoidWithOne.toNatCast ENNReal
                        (@AddCommMonoidWithOne.toAddMonoidWithOne ENNReal ENNReal.instAddCommMonoidWithOne))
                      original_signature0._proof_1))
                  J))
              (@DivisionSemiring.toSemiring Real
                (@Semifield.toDivisionSemiring Real
                  (@Field.toSemifield Real
                    (@NormedField.toField Real
                      (@DenselyNormedField.toNormedField Real (@RCLike.toDenselyNormedField Real Real.instRCLike))))))
              (@AddCommGroup.toAddCommMonoid
                (↥(@Lp (Prod E E) Real (@Prod.instMeasurableSpace E E inst_3 inst_3) Real.normedAddCommGroup
                    (@OfNat.ofNat ENNReal (nat_lit 2)
                      (@instOfNatAtLeastTwo ENNReal (nat_lit 2)
                        (@AddMonoidWithOne.toNatCast ENNReal
                          (@AddCommMonoidWithOne.toAddMonoidWithOne ENNReal ENNReal.instAddCommMonoidWithOne))
                        original_signature0._proof_1))
                    J))
                (@Lp.instAddCommGroup (Prod E E) Real (@Prod.instMeasurableSpace E E inst_3 inst_3)
                  (@OfNat.ofNat ENNReal (nat_lit 2)
                    (@instOfNatAtLeastTwo ENNReal (nat_lit 2)
                      (@AddMonoidWithOne.toNatCast ENNReal
                        (@AddCommMonoidWithOne.toAddMonoidWithOne ENNReal ENNReal.instAddCommMonoidWithOne))
                      original_signature0._proof_1))
                  J Real.normedAddCommGroup))
              (@Lp.instModule (Prod E E) Real Real (@Prod.instMeasurableSpace E E inst_3 inst_3)
                (@OfNat.ofNat ENNReal (nat_lit 2)
                  (@instOfNatAtLeastTwo ENNReal (nat_lit 2)
                    (@AddMonoidWithOne.toNatCast ENNReal
                      (@AddCommMonoidWithOne.toAddMonoidWithOne ENNReal ENNReal.instAddCommMonoidWithOne))
                    original_signature0._proof_1))
                J Real.normedAddCommGroup
                (@NormedCommRing.toNormedRing Real
                  (@NormedField.toNormedCommRing Real
                    (@DenselyNormedField.toNormedField Real (@RCLike.toDenselyNormedField Real Real.instRCLike))))
                (@NormedSpace.toModule Real Real
                  (@DenselyNormedField.toNormedField Real (@RCLike.toDenselyNormedField Real Real.instRCLike))
                  (@NormedAddCommGroup.toSeminormedAddCommGroup Real Real.normedAddCommGroup)
                  (@InnerProductSpace.toNormedSpace Real Real Real.instRCLike
                    (@NormedAddCommGroup.toSeminormedAddCommGroup Real Real.normedAddCommGroup)
                    (@RCLike.toInnerProductSpaceReal Real Real.instRCLike)))
                original_signature0._proof_6))
            (@SetLike.instMembership
              (@Submodule Real
                (↥(@Lp (Prod E E) Real (@Prod.instMeasurableSpace E E inst_3 inst_3) Real.normedAddCommGroup
                    (@OfNat.ofNat ENNReal (nat_lit 2)
                      (@instOfNatAtLeastTwo ENNReal (nat_lit 2)
                        (@AddMonoidWithOne.toNatCast ENNReal
                          (@AddCommMonoidWithOne.toAddMonoidWithOne ENNReal ENNReal.instAddCommMonoidWithOne))
                        original_signature0._proof_1))
                    J))
                (@DivisionSemiring.toSemiring Real
                  (@Semifield.toDivisionSemiring Real
                    (@Field.toSemifield Real
                      (@NormedField.toField Real
                        (@DenselyNormedField.toNormedField Real (@RCLike.toDenselyNormedField Real Real.instRCLike))))))
                (@AddCommGroup.toAddCommMonoid
                  (↥(@Lp (Prod E E) Real (@Prod.instMeasurableSpace E E inst_3 inst_3) Real.normedAddCommGroup
                      (@OfNat.ofNat ENNReal (nat_lit 2)
                        (@instOfNatAtLeastTwo ENNReal (nat_lit 2)
                          (@AddMonoidWithOne.toNatCast ENNReal
                            (@AddCommMonoidWithOne.toAddMonoidWithOne ENNReal ENNReal.instAddCommMonoidWithOne))
                          original_signature0._proof_1))
                      J))
                  (@Lp.instAddCommGroup (Prod E E) Real (@Prod.instMeasurableSpace E E inst_3 inst_3)
                    (@OfNat.ofNat ENNReal (nat_lit 2)
                      (@instOfNatAtLeastTwo ENNReal (nat_lit 2)
                        (@AddMonoidWithOne.toNatCast ENNReal
                          (@AddCommMonoidWithOne.toAddMonoidWithOne ENNReal ENNReal.instAddCommMonoidWithOne))
                        original_signature0._proof_1))
                    J Real.normedAddCommGroup))
                (@Lp.instModule (Prod E E) Real Real (@Prod.instMeasurableSpace E E inst_3 inst_3)
                  (@OfNat.ofNat ENNReal (nat_lit 2)
                    (@instOfNatAtLeastTwo ENNReal (nat_lit 2)
                      (@AddMonoidWithOne.toNatCast ENNReal
                        (@AddCommMonoidWithOne.toAddMonoidWithOne ENNReal ENNReal.instAddCommMonoidWithOne))
                      original_signature0._proof_1))
                  J Real.normedAddCommGroup
                  (@NormedCommRing.toNormedRing Real
                    (@NormedField.toNormedCommRing Real
                      (@DenselyNormedField.toNormedField Real (@RCLike.toDenselyNormedField Real Real.instRCLike))))
                  (@NormedSpace.toModule Real Real
                    (@DenselyNormedField.toNormedField Real (@RCLike.toDenselyNormedField Real Real.instRCLike))
                    (@NormedAddCommGroup.toSeminormedAddCommGroup Real Real.normedAddCommGroup)
                    (@InnerProductSpace.toNormedSpace Real Real Real.instRCLike
                      (@NormedAddCommGroup.toSeminormedAddCommGroup Real Real.normedAddCommGroup)
                      (@RCLike.toInnerProductSpaceReal Real Real.instRCLike)))
                  original_signature0._proof_6))
              (↥(@Lp (Prod E E) Real (@Prod.instMeasurableSpace E E inst_3 inst_3) Real.normedAddCommGroup
                  (@OfNat.ofNat ENNReal (nat_lit 2)
                    (@instOfNatAtLeastTwo ENNReal (nat_lit 2)
                      (@AddMonoidWithOne.toNatCast ENNReal
                        (@AddCommMonoidWithOne.toAddMonoidWithOne ENNReal ENNReal.instAddCommMonoidWithOne))
                      original_signature0._proof_1))
                  J))
              (@Submodule.setLike Real
                (↥(@Lp (Prod E E) Real (@Prod.instMeasurableSpace E E inst_3 inst_3) Real.normedAddCommGroup
                    (@OfNat.ofNat ENNReal (nat_lit 2)
                      (@instOfNatAtLeastTwo ENNReal (nat_lit 2)
                        (@AddMonoidWithOne.toNatCast ENNReal
                          (@AddCommMonoidWithOne.toAddMonoidWithOne ENNReal ENNReal.instAddCommMonoidWithOne))
                        original_signature0._proof_1))
                    J))
                (@DivisionSemiring.toSemiring Real
                  (@Semifield.toDivisionSemiring Real
                    (@Field.toSemifield Real
                      (@NormedField.toField Real
                        (@DenselyNormedField.toNormedField Real (@RCLike.toDenselyNormedField Real Real.instRCLike))))))
                (@AddCommGroup.toAddCommMonoid
                  (↥(@Lp (Prod E E) Real (@Prod.instMeasurableSpace E E inst_3 inst_3) Real.normedAddCommGroup
                      (@OfNat.ofNat ENNReal (nat_lit 2)
                        (@instOfNatAtLeastTwo ENNReal (nat_lit 2)
                          (@AddMonoidWithOne.toNatCast ENNReal
                            (@AddCommMonoidWithOne.toAddMonoidWithOne ENNReal ENNReal.instAddCommMonoidWithOne))
                          original_signature0._proof_1))
                      J))
                  (@Lp.instAddCommGroup (Prod E E) Real (@Prod.instMeasurableSpace E E inst_3 inst_3)
                    (@OfNat.ofNat ENNReal (nat_lit 2)
                      (@instOfNatAtLeastTwo ENNReal (nat_lit 2)
                        (@AddMonoidWithOne.toNatCast ENNReal
                          (@AddCommMonoidWithOne.toAddMonoidWithOne ENNReal ENNReal.instAddCommMonoidWithOne))
                        original_signature0._proof_1))
                    J Real.normedAddCommGroup))
                (@Lp.instModule (Prod E E) Real Real (@Prod.instMeasurableSpace E E inst_3 inst_3)
                  (@OfNat.ofNat ENNReal (nat_lit 2)
                    (@instOfNatAtLeastTwo ENNReal (nat_lit 2)
                      (@AddMonoidWithOne.toNatCast ENNReal
                        (@AddCommMonoidWithOne.toAddMonoidWithOne ENNReal ENNReal.instAddCommMonoidWithOne))
                      original_signature0._proof_1))
                  J Real.normedAddCommGroup
                  (@NormedCommRing.toNormedRing Real
                    (@NormedField.toNormedCommRing Real
                      (@DenselyNormedField.toNormedField Real (@RCLike.toDenselyNormedField Real Real.instRCLike))))
                  (@NormedSpace.toModule Real Real
                    (@DenselyNormedField.toNormedField Real (@RCLike.toDenselyNormedField Real Real.instRCLike))
                    (@NormedAddCommGroup.toSeminormedAddCommGroup Real Real.normedAddCommGroup)
                    (@InnerProductSpace.toNormedSpace Real Real Real.instRCLike
                      (@NormedAddCommGroup.toSeminormedAddCommGroup Real Real.normedAddCommGroup)
                      (@RCLike.toInnerProductSpaceReal Real Real.instRCLike)))
                  original_signature0._proof_6)))
            (@lpMeas (Prod E E) Real Real Real.instRCLike Real.normedAddCommGroup
              (@InnerProductSpace.toNormedSpace Real Real Real.instRCLike
                (@NormedAddCommGroup.toSeminormedAddCommGroup Real Real.normedAddCommGroup)
                (@RCLike.toInnerProductSpaceReal Real Real.instRCLike))
              (@MeasurableSpace.comap (Prod E E) E (@Prod.snd E E) (@inferInstance (MeasurableSpace E) inst_3))
              (@Prod.instMeasurableSpace E E inst_3 inst_3)
              (@OfNat.ofNat ENNReal (nat_lit 2)
                (@instOfNatAtLeastTwo ENNReal (nat_lit 2)
                  (@AddMonoidWithOne.toNatCast ENNReal
                    (@AddCommMonoidWithOne.toAddMonoidWithOne ENNReal ENNReal.instAddCommMonoidWithOne))
                  original_signature0._proof_1))
              J)
            x)
        (@UniformSpace.toTopologicalSpace
          (↥(@Lp (Prod E E) Real (@Prod.instMeasurableSpace E E inst_3 inst_3) Real.normedAddCommGroup
              (@OfNat.ofNat ENNReal (nat_lit 2)
                (@instOfNatAtLeastTwo ENNReal (nat_lit 2)
                  (@AddMonoidWithOne.toNatCast ENNReal
                    (@AddCommMonoidWithOne.toAddMonoidWithOne ENNReal ENNReal.instAddCommMonoidWithOne))
                  original_signature0._proof_1))
              J))
          (@PseudoMetricSpace.toUniformSpace
            (↥(@Lp (Prod E E) Real (@Prod.instMeasurableSpace E E inst_3 inst_3) Real.normedAddCommGroup
                (@OfNat.ofNat ENNReal (nat_lit 2)
                  (@instOfNatAtLeastTwo ENNReal (nat_lit 2)
                    (@AddMonoidWithOne.toNatCast ENNReal
                      (@AddCommMonoidWithOne.toAddMonoidWithOne ENNReal ENNReal.instAddCommMonoidWithOne))
                    original_signature0._proof_1))
                J))
            (@SeminormedAddCommGroup.toPseudoMetricSpace
              (↥(@Lp (Prod E E) Real (@Prod.instMeasurableSpace E E inst_3 inst_3) Real.normedAddCommGroup
                  (@OfNat.ofNat ENNReal (nat_lit 2)
                    (@instOfNatAtLeastTwo ENNReal (nat_lit 2)
                      (@AddMonoidWithOne.toNatCast ENNReal
                        (@AddCommMonoidWithOne.toAddMonoidWithOne ENNReal ENNReal.instAddCommMonoidWithOne))
                      original_signature0._proof_1))
                  J))
              (@NormedAddCommGroup.toSeminormedAddCommGroup
                (↥(@Lp (Prod E E) Real (@Prod.instMeasurableSpace E E inst_3 inst_3) Real.normedAddCommGroup
                    (@OfNat.ofNat ENNReal (nat_lit 2)
                      (@instOfNatAtLeastTwo ENNReal (nat_lit 2)
                        (@AddMonoidWithOne.toNatCast ENNReal
                          (@AddCommMonoidWithOne.toAddMonoidWithOne ENNReal ENNReal.instAddCommMonoidWithOne))
                        original_signature0._proof_1))
                    J))
                (@Lp.instNormedAddCommGroup (Prod E E) Real (@Prod.instMeasurableSpace E E inst_3 inst_3)
                  (@OfNat.ofNat ENNReal (nat_lit 2)
                    (@instOfNatAtLeastTwo ENNReal (nat_lit 2)
                      (@AddMonoidWithOne.toNatCast ENNReal
                        (@AddCommMonoidWithOne.toAddMonoidWithOne ENNReal ENNReal.instAddCommMonoidWithOne))
                      original_signature0._proof_1))
                  J Real.normedAddCommGroup fact_one_le_two_ennreal))))))
      (@Submodule.addCommMonoid Real
        (↥(@Lp (Prod E E) Real (@Prod.instMeasurableSpace E E inst_3 inst_3) Real.normedAddCommGroup
            (@OfNat.ofNat ENNReal (nat_lit 2)
              (@instOfNatAtLeastTwo ENNReal (nat_lit 2)
                (@AddMonoidWithOne.toNatCast ENNReal
                  (@AddCommMonoidWithOne.toAddMonoidWithOne ENNReal ENNReal.instAddCommMonoidWithOne))
                original_signature0._proof_1))
            J))
        (@DivisionSemiring.toSemiring Real
          (@Semifield.toDivisionSemiring Real
            (@Field.toSemifield Real
              (@NormedField.toField Real
                (@DenselyNormedField.toNormedField Real (@RCLike.toDenselyNormedField Real Real.instRCLike))))))
        (@AddCommGroup.toAddCommMonoid
          (↥(@Lp (Prod E E) Real (@Prod.instMeasurableSpace E E inst_3 inst_3) Real.normedAddCommGroup
              (@OfNat.ofNat ENNReal (nat_lit 2)
                (@instOfNatAtLeastTwo ENNReal (nat_lit 2)
                  (@AddMonoidWithOne.toNatCast ENNReal
                    (@AddCommMonoidWithOne.toAddMonoidWithOne ENNReal ENNReal.instAddCommMonoidWithOne))
                  original_signature0._proof_1))
              J))
          (@Lp.instAddCommGroup (Prod E E) Real (@Prod.instMeasurableSpace E E inst_3 inst_3)
            (@OfNat.ofNat ENNReal (nat_lit 2)
              (@instOfNatAtLeastTwo ENNReal (nat_lit 2)
                (@AddMonoidWithOne.toNatCast ENNReal
                  (@AddCommMonoidWithOne.toAddMonoidWithOne ENNReal ENNReal.instAddCommMonoidWithOne))
                original_signature0._proof_1))
            J Real.normedAddCommGroup))
        (@Lp.instModule (Prod E E) Real Real (@Prod.instMeasurableSpace E E inst_3 inst_3)
          (@OfNat.ofNat ENNReal (nat_lit 2)
            (@instOfNatAtLeastTwo ENNReal (nat_lit 2)
              (@AddMonoidWithOne.toNatCast ENNReal
                (@AddCommMonoidWithOne.toAddMonoidWithOne ENNReal ENNReal.instAddCommMonoidWithOne))
              original_signature0._proof_1))
          J Real.normedAddCommGroup
          (@NormedCommRing.toNormedRing Real
            (@NormedField.toNormedCommRing Real
              (@DenselyNormedField.toNormedField Real (@RCLike.toDenselyNormedField Real Real.instRCLike))))
          (@NormedSpace.toModule Real Real
            (@DenselyNormedField.toNormedField Real (@RCLike.toDenselyNormedField Real Real.instRCLike))
            (@NormedAddCommGroup.toSeminormedAddCommGroup Real Real.normedAddCommGroup)
            (@InnerProductSpace.toNormedSpace Real Real Real.instRCLike
              (@NormedAddCommGroup.toSeminormedAddCommGroup Real Real.normedAddCommGroup)
              (@RCLike.toInnerProductSpaceReal Real Real.instRCLike)))
          original_signature0._proof_6)
        (@lpMeas (Prod E E) Real Real Real.instRCLike Real.normedAddCommGroup
          (@InnerProductSpace.toNormedSpace Real Real Real.instRCLike
            (@NormedAddCommGroup.toSeminormedAddCommGroup Real Real.normedAddCommGroup)
            (@RCLike.toInnerProductSpaceReal Real Real.instRCLike))
          (@MeasurableSpace.comap (Prod E E) E (@Prod.snd E E) (@inferInstance (MeasurableSpace E) inst_3))
          (@Prod.instMeasurableSpace E E inst_3 inst_3)
          (@OfNat.ofNat ENNReal (nat_lit 2)
            (@instOfNatAtLeastTwo ENNReal (nat_lit 2)
              (@AddMonoidWithOne.toNatCast ENNReal
                (@AddCommMonoidWithOne.toAddMonoidWithOne ENNReal ENNReal.instAddCommMonoidWithOne))
              original_signature0._proof_1))
          J))
      (↥(@Lp (Prod E E) Real (@Prod.instMeasurableSpace E E inst_3 inst_3) Real.normedAddCommGroup
          (@OfNat.ofNat ENNReal (nat_lit 2)
            (@instOfNatAtLeastTwo ENNReal (nat_lit 2)
              (@AddMonoidWithOne.toNatCast ENNReal
                (@AddCommMonoidWithOne.toAddMonoidWithOne ENNReal ENNReal.instAddCommMonoidWithOne))
              original_signature0._proof_1))
          J))
      (@UniformSpace.toTopologicalSpace
        (↥(@Lp (Prod E E) Real (@Prod.instMeasurableSpace E E inst_3 inst_3) Real.normedAddCommGroup
            (@OfNat.ofNat ENNReal (nat_lit 2)
              (@instOfNatAtLeastTwo ENNReal (nat_lit 2)
                (@AddMonoidWithOne.toNatCast ENNReal
                  (@AddCommMonoidWithOne.toAddMonoidWithOne ENNReal ENNReal.instAddCommMonoidWithOne))
                original_signature0._proof_1))
            J))
        (@PseudoMetricSpace.toUniformSpace
          (↥(@Lp (Prod E E) Real (@Prod.instMeasurableSpace E E inst_3 inst_3) Real.normedAddCommGroup
              (@OfNat.ofNat ENNReal (nat_lit 2)
                (@instOfNatAtLeastTwo ENNReal (nat_lit 2)
                  (@AddMonoidWithOne.toNatCast ENNReal
                    (@AddCommMonoidWithOne.toAddMonoidWithOne ENNReal ENNReal.instAddCommMonoidWithOne))
                  original_signature0._proof_1))
              J))
          (@SeminormedAddCommGroup.toPseudoMetricSpace
            (↥(@Lp (Prod E E) Real (@Prod.instMeasurableSpace E E inst_3 inst_3) Real.normedAddCommGroup
                (@OfNat.ofNat ENNReal (nat_lit 2)
                  (@instOfNatAtLeastTwo ENNReal (nat_lit 2)
                    (@AddMonoidWithOne.toNatCast ENNReal
                      (@AddCommMonoidWithOne.toAddMonoidWithOne ENNReal ENNReal.instAddCommMonoidWithOne))
                    original_signature0._proof_1))
                J))
            (@NormedAddCommGroup.toSeminormedAddCommGroup
              (↥(@Lp (Prod E E) Real (@Prod.instMeasurableSpace E E inst_3 inst_3) Real.normedAddCommGroup
                  (@OfNat.ofNat ENNReal (nat_lit 2)
                    (@instOfNatAtLeastTwo ENNReal (nat_lit 2)
                      (@AddMonoidWithOne.toNatCast ENNReal
                        (@AddCommMonoidWithOne.toAddMonoidWithOne ENNReal ENNReal.instAddCommMonoidWithOne))
                      original_signature0._proof_1))
                  J))
              (@Lp.instNormedAddCommGroup (Prod E E) Real (@Prod.instMeasurableSpace E E inst_3 inst_3)
                (@OfNat.ofNat ENNReal (nat_lit 2)
                  (@instOfNatAtLeastTwo ENNReal (nat_lit 2)
                    (@AddMonoidWithOne.toNatCast ENNReal
                      (@AddCommMonoidWithOne.toAddMonoidWithOne ENNReal ENNReal.instAddCommMonoidWithOne))
                    original_signature0._proof_1))
                J Real.normedAddCommGroup fact_one_le_two_ennreal)))))
      (@AddCommGroup.toAddCommMonoid
        (↥(@Lp (Prod E E) Real (@Prod.instMeasurableSpace E E inst_3 inst_3) Real.normedAddCommGroup
            (@OfNat.ofNat ENNReal (nat_lit 2)
              (@instOfNatAtLeastTwo ENNReal (nat_lit 2)
                (@AddMonoidWithOne.toNatCast ENNReal
                  (@AddCommMonoidWithOne.toAddMonoidWithOne ENNReal ENNReal.instAddCommMonoidWithOne))
                original_signature0._proof_1))
            J))
        (@Lp.instAddCommGroup (Prod E E) Real (@Prod.instMeasurableSpace E E inst_3 inst_3)
          (@OfNat.ofNat ENNReal (nat_lit 2)
            (@instOfNatAtLeastTwo ENNReal (nat_lit 2)
              (@AddMonoidWithOne.toNatCast ENNReal
                (@AddCommMonoidWithOne.toAddMonoidWithOne ENNReal ENNReal.instAddCommMonoidWithOne))
              original_signature0._proof_1))
          J Real.normedAddCommGroup))
      (@Lp.instModule (Prod E E) Real Real (@Prod.instMeasurableSpace E E inst_3 inst_3)
        (@OfNat.ofNat ENNReal (nat_lit 2)
          (@instOfNatAtLeastTwo ENNReal (nat_lit 2)
            (@AddMonoidWithOne.toNatCast ENNReal
              (@AddCommMonoidWithOne.toAddMonoidWithOne ENNReal ENNReal.instAddCommMonoidWithOne))
            original_signature0._proof_1))
        J Real.normedAddCommGroup (@NormedCommRing.toNormedRing Real Real.normedCommRing)
        (@Semiring.toModule Real
          (@Ring.toSemiring Real (@NormedRing.toRing Real (@NormedCommRing.toNormedRing Real Real.normedCommRing))))
        Real.isBoundedSMul)
      (@Submodule.module Real
        (↥(@Lp (Prod E E) Real (@Prod.instMeasurableSpace E E inst_3 inst_3) Real.normedAddCommGroup
            (@OfNat.ofNat ENNReal (nat_lit 2)
              (@instOfNatAtLeastTwo ENNReal (nat_lit 2)
                (@AddMonoidWithOne.toNatCast ENNReal
                  (@AddCommMonoidWithOne.toAddMonoidWithOne ENNReal ENNReal.instAddCommMonoidWithOne))
                original_signature0._proof_1))
            J))
        (@DivisionSemiring.toSemiring Real
          (@Semifield.toDivisionSemiring Real
            (@Field.toSemifield Real
              (@NormedField.toField Real
                (@DenselyNormedField.toNormedField Real (@RCLike.toDenselyNormedField Real Real.instRCLike))))))
        (@AddCommGroup.toAddCommMonoid
          (↥(@Lp (Prod E E) Real (@Prod.instMeasurableSpace E E inst_3 inst_3) Real.normedAddCommGroup
              (@OfNat.ofNat ENNReal (nat_lit 2)
                (@instOfNatAtLeastTwo ENNReal (nat_lit 2)
                  (@AddMonoidWithOne.toNatCast ENNReal
                    (@AddCommMonoidWithOne.toAddMonoidWithOne ENNReal ENNReal.instAddCommMonoidWithOne))
                  original_signature0._proof_1))
              J))
          (@Lp.instAddCommGroup (Prod E E) Real (@Prod.instMeasurableSpace E E inst_3 inst_3)
            (@OfNat.ofNat ENNReal (nat_lit 2)
              (@instOfNatAtLeastTwo ENNReal (nat_lit 2)
                (@AddMonoidWithOne.toNatCast ENNReal
                  (@AddCommMonoidWithOne.toAddMonoidWithOne ENNReal ENNReal.instAddCommMonoidWithOne))
                original_signature0._proof_1))
            J Real.normedAddCommGroup))
        (@Lp.instModule (Prod E E) Real Real (@Prod.instMeasurableSpace E E inst_3 inst_3)
          (@OfNat.ofNat ENNReal (nat_lit 2)
            (@instOfNatAtLeastTwo ENNReal (nat_lit 2)
              (@AddMonoidWithOne.toNatCast ENNReal
                (@AddCommMonoidWithOne.toAddMonoidWithOne ENNReal ENNReal.instAddCommMonoidWithOne))
              original_signature0._proof_1))
          J Real.normedAddCommGroup
          (@NormedCommRing.toNormedRing Real
            (@NormedField.toNormedCommRing Real
              (@DenselyNormedField.toNormedField Real (@RCLike.toDenselyNormedField Real Real.instRCLike))))
          (@NormedSpace.toModule Real Real
            (@DenselyNormedField.toNormedField Real (@RCLike.toDenselyNormedField Real Real.instRCLike))
            (@NormedAddCommGroup.toSeminormedAddCommGroup Real Real.normedAddCommGroup)
            (@InnerProductSpace.toNormedSpace Real Real Real.instRCLike
              (@NormedAddCommGroup.toSeminormedAddCommGroup Real Real.normedAddCommGroup)
              (@RCLike.toInnerProductSpaceReal Real Real.instRCLike)))
          original_signature0._proof_6)
        (@lpMeas (Prod E E) Real Real Real.instRCLike Real.normedAddCommGroup
          (@InnerProductSpace.toNormedSpace Real Real Real.instRCLike
            (@NormedAddCommGroup.toSeminormedAddCommGroup Real Real.normedAddCommGroup)
            (@RCLike.toInnerProductSpaceReal Real Real.instRCLike))
          (@MeasurableSpace.comap (Prod E E) E (@Prod.snd E E) (@inferInstance (MeasurableSpace E) inst_3))
          (@Prod.instMeasurableSpace E E inst_3 inst_3)
          (@OfNat.ofNat ENNReal (nat_lit 2)
            (@instOfNatAtLeastTwo ENNReal (nat_lit 2)
              (@AddMonoidWithOne.toNatCast ENNReal
                (@AddCommMonoidWithOne.toAddMonoidWithOne ENNReal ENNReal.instAddCommMonoidWithOne))
              original_signature0._proof_1))
          J))
      (@Lp.instModule (Prod E E) Real Real (@Prod.instMeasurableSpace E E inst_3 inst_3)
        (@OfNat.ofNat ENNReal (nat_lit 2)
          (@instOfNatAtLeastTwo ENNReal (nat_lit 2)
            (@AddMonoidWithOne.toNatCast ENNReal
              (@AddCommMonoidWithOne.toAddMonoidWithOne ENNReal ENNReal.instAddCommMonoidWithOne))
            original_signature0._proof_1))
        J Real.normedAddCommGroup (@NormedCommRing.toNormedRing Real Real.normedCommRing)
        (@Semiring.toModule Real
          (@Ring.toSemiring Real (@NormedRing.toRing Real (@NormedCommRing.toNormedRing Real Real.normedCommRing))))
        Real.isBoundedSMul)
      original_signature0._proof_7
      (@Submodule.subtypeL Real
        (@DivisionSemiring.toSemiring Real
          (@Semifield.toDivisionSemiring Real
            (@Field.toSemifield Real
              (@NormedField.toField Real
                (@DenselyNormedField.toNormedField Real (@RCLike.toDenselyNormedField Real Real.instRCLike))))))
        (↥(@Lp (Prod E E) Real (@Prod.instMeasurableSpace E E inst_3 inst_3) Real.normedAddCommGroup
            (@OfNat.ofNat ENNReal (nat_lit 2)
              (@instOfNatAtLeastTwo ENNReal (nat_lit 2)
                (@AddMonoidWithOne.toNatCast ENNReal
                  (@AddCommMonoidWithOne.toAddMonoidWithOne ENNReal ENNReal.instAddCommMonoidWithOne))
                original_signature0._proof_1))
            J))
        (@UniformSpace.toTopologicalSpace
          (↥(@Lp (Prod E E) Real (@Prod.instMeasurableSpace E E inst_3 inst_3) Real.normedAddCommGroup
              (@OfNat.ofNat ENNReal (nat_lit 2)
                (@instOfNatAtLeastTwo ENNReal (nat_lit 2)
                  (@AddMonoidWithOne.toNatCast ENNReal
                    (@AddCommMonoidWithOne.toAddMonoidWithOne ENNReal ENNReal.instAddCommMonoidWithOne))
                  original_signature0._proof_1))
              J))
          (@PseudoMetricSpace.toUniformSpace
            (↥(@Lp (Prod E E) Real (@Prod.instMeasurableSpace E E inst_3 inst_3) Real.normedAddCommGroup
                (@OfNat.ofNat ENNReal (nat_lit 2)
                  (@instOfNatAtLeastTwo ENNReal (nat_lit 2)
                    (@AddMonoidWithOne.toNatCast ENNReal
                      (@AddCommMonoidWithOne.toAddMonoidWithOne ENNReal ENNReal.instAddCommMonoidWithOne))
                    original_signature0._proof_1))
                J))
            (@SeminormedAddCommGroup.toPseudoMetricSpace
              (↥(@Lp (Prod E E) Real (@Prod.instMeasurableSpace E E inst_3 inst_3) Real.normedAddCommGroup
                  (@OfNat.ofNat ENNReal (nat_lit 2)
                    (@instOfNatAtLeastTwo ENNReal (nat_lit 2)
                      (@AddMonoidWithOne.toNatCast ENNReal
                        (@AddCommMonoidWithOne.toAddMonoidWithOne ENNReal ENNReal.instAddCommMonoidWithOne))
                      original_signature0._proof_1))
                  J))
              (@NormedAddCommGroup.toSeminormedAddCommGroup
                (↥(@Lp (Prod E E) Real (@Prod.instMeasurableSpace E E inst_3 inst_3) Real.normedAddCommGroup
                    (@OfNat.ofNat ENNReal (nat_lit 2)
                      (@instOfNatAtLeastTwo ENNReal (nat_lit 2)
                        (@AddMonoidWithOne.toNatCast ENNReal
                          (@AddCommMonoidWithOne.toAddMonoidWithOne ENNReal ENNReal.instAddCommMonoidWithOne))
                        original_signature0._proof_1))
                    J))
                (@Lp.instNormedAddCommGroup (Prod E E) Real (@Prod.instMeasurableSpace E E inst_3 inst_3)
                  (@OfNat.ofNat ENNReal (nat_lit 2)
                    (@instOfNatAtLeastTwo ENNReal (nat_lit 2)
                      (@AddMonoidWithOne.toNatCast ENNReal
                        (@AddCommMonoidWithOne.toAddMonoidWithOne ENNReal ENNReal.instAddCommMonoidWithOne))
                      original_signature0._proof_1))
                  J Real.normedAddCommGroup fact_one_le_two_ennreal)))))
        (@AddCommGroup.toAddCommMonoid
          (↥(@Lp (Prod E E) Real (@Prod.instMeasurableSpace E E inst_3 inst_3) Real.normedAddCommGroup
              (@OfNat.ofNat ENNReal (nat_lit 2)
                (@instOfNatAtLeastTwo ENNReal (nat_lit 2)
                  (@AddMonoidWithOne.toNatCast ENNReal
                    (@AddCommMonoidWithOne.toAddMonoidWithOne ENNReal ENNReal.instAddCommMonoidWithOne))
                  original_signature0._proof_1))
              J))
          (@Lp.instAddCommGroup (Prod E E) Real (@Prod.instMeasurableSpace E E inst_3 inst_3)
            (@OfNat.ofNat ENNReal (nat_lit 2)
              (@instOfNatAtLeastTwo ENNReal (nat_lit 2)
                (@AddMonoidWithOne.toNatCast ENNReal
                  (@AddCommMonoidWithOne.toAddMonoidWithOne ENNReal ENNReal.instAddCommMonoidWithOne))
                original_signature0._proof_1))
            J Real.normedAddCommGroup))
        (@Lp.instModule (Prod E E) Real Real (@Prod.instMeasurableSpace E E inst_3 inst_3)
          (@OfNat.ofNat ENNReal (nat_lit 2)
            (@instOfNatAtLeastTwo ENNReal (nat_lit 2)
              (@AddMonoidWithOne.toNatCast ENNReal
                (@AddCommMonoidWithOne.toAddMonoidWithOne ENNReal ENNReal.instAddCommMonoidWithOne))
              original_signature0._proof_1))
          J Real.normedAddCommGroup
          (@NormedCommRing.toNormedRing Real
            (@NormedField.toNormedCommRing Real
              (@DenselyNormedField.toNormedField Real (@RCLike.toDenselyNormedField Real Real.instRCLike))))
          (@NormedSpace.toModule Real Real
            (@DenselyNormedField.toNormedField Real (@RCLike.toDenselyNormedField Real Real.instRCLike))
            (@NormedAddCommGroup.toSeminormedAddCommGroup Real Real.normedAddCommGroup)
            (@InnerProductSpace.toNormedSpace Real Real Real.instRCLike
              (@NormedAddCommGroup.toSeminormedAddCommGroup Real Real.normedAddCommGroup)
              (@RCLike.toInnerProductSpaceReal Real Real.instRCLike)))
          original_signature0._proof_6)
        (@lpMeas (Prod E E) Real Real Real.instRCLike Real.normedAddCommGroup
          (@InnerProductSpace.toNormedSpace Real Real Real.instRCLike
            (@NormedAddCommGroup.toSeminormedAddCommGroup Real Real.normedAddCommGroup)
            (@RCLike.toInnerProductSpaceReal Real Real.instRCLike))
          (@MeasurableSpace.comap (Prod E E) E (@Prod.snd E E) (@inferInstance (MeasurableSpace E) inst_3))
          (@Prod.instMeasurableSpace E E inst_3 inst_3)
          (@OfNat.ofNat ENNReal (nat_lit 2)
            (@instOfNatAtLeastTwo ENNReal (nat_lit 2)
              (@AddMonoidWithOne.toNatCast ENNReal
                (@AddCommMonoidWithOne.toAddMonoidWithOne ENNReal ENNReal.instAddCommMonoidWithOne))
              original_signature0._proof_1))
          J))
      (@condExpL2 (Prod E E) Real Real Real.instRCLike Real.normedAddCommGroup
        (@RCLike.toInnerProductSpaceReal Real Real.instRCLike) Real.instCompleteSpace
        (@MeasurableSpace.comap (Prod E E) E (@Prod.snd E E) (@inferInstance (MeasurableSpace E) inst_3))
        (@Prod.instMeasurableSpace E E inst_3 inst_3) J ⋯);
  And
    (@IsProbabilityMeasure E
      (@MeasureSpace.toMeasurableSpace E (@measureSpaceOfInnerProductSpace E inst inst_1 inst_2 inst_3 inst_4)) μ)
    (And (@IsProbabilityMeasure (Prod E E) (@Prod.instMeasurableSpace E E inst_3 inst_3) J)
      (And (@IsProbabilityMeasure E inst_3 ν)
        (∃ S,
          And (@IsMarkovKernel E E inst_3 inst_3 S)
            (And
              (∀ (y : E),
                @Eq (@Measure E inst_3)
                  (@DFunLike.coe (@Kernel E E inst_3 inst_3) E (fun x => @Measure E inst_3)
                    (@Kernel.instFunLike E E inst_3 inst_3) S y)
                  (@Measure.tilted E
                    (@MeasureSpace.toMeasurableSpace E
                      (@measureSpaceOfInnerProductSpace E inst inst_1 inst_2 inst_3 inst_4))
                    (@volume E (@measureSpaceOfInnerProductSpace E inst inst_1 inst_2 inst_3 inst_4)) fun x =>
                    @HSub.hSub Real Real Real (@instHSub Real Real.instSub)
                      (@Neg.neg Real Real.instNeg
                        (V
                          (@HSMul.hSMul Real E E
                            (@instHSMul Real E
                              (@SMulZeroClass.toSMul Real E
                                (@AddZero.toZero E
                                  (@AddZeroClass.toAddZero E
                                    (@AddMonoid.toAddZeroClass E
                                      (@SubNegMonoid.toAddMonoid E
                                        (@AddGroup.toSubNegMonoid E
                                          (@AddCommGroup.toAddGroup E (@NormedAddCommGroup.toAddCommGroup E inst)))))))
                                (@DistribSMul.toSMulZeroClass Real E
                                  (@AddMonoid.toAddZeroClass E
                                    (@SubNegMonoid.toAddMonoid E
                                      (@AddGroup.toSubNegMonoid E
                                        (@AddCommGroup.toAddGroup E (@NormedAddCommGroup.toAddCommGroup E inst)))))
                                  (@DistribMulAction.toDistribSMul Real E Real.instMonoid
                                    (@SubNegMonoid.toAddMonoid E
                                      (@AddGroup.toSubNegMonoid E
                                        (@AddCommGroup.toAddGroup E (@NormedAddCommGroup.toAddCommGroup E inst))))
                                    (@Module.toDistribMulAction Real E Real.semiring
                                      (@AddCommGroup.toAddCommMonoid E (@NormedAddCommGroup.toAddCommGroup E inst))
                                      (@NormedSpace.toModule Real E Real.normedField
                                        (@NormedAddCommGroup.toSeminormedAddCommGroup E inst)
                                        (@InnerProductSpace.toNormedSpace Real E Real.instRCLike
                                          (@NormedAddCommGroup.toSeminormedAddCommGroup E inst) inst_1)))))))
                            (@HDiv.hDiv Real Real Real (@instHDiv Real (@DivInvMonoid.toDiv Real Real.instDivInvMonoid))
                              (@OfNat.ofNat Real (nat_lit 1) (@One.toOfNat1 Real Real.instOne))
                              (@OfNat.ofNat Real (nat_lit 2)
                                (@instOfNatAtLeastTwo Real (nat_lit 2) Real.instNatCast original_signature0._proof_1)))
                            (@HAdd.hAdd E E E
                              (@instHAdd E
                                (@AddCommMagma.toAdd E
                                  (@AddCommSemigroup.toAddCommMagma E
                                    (@AddCommMonoid.toAddCommSemigroup E
                                      (@AddCommGroup.toAddCommMonoid E (@NormedAddCommGroup.toAddCommGroup E inst))))))
                              y x))))
                      (@HDiv.hDiv Real Real Real (@instHDiv Real (@DivInvMonoid.toDiv Real Real.instDivInvMonoid))
                        (@HPow.hPow Real Nat Real
                          (@instHPow Real Nat (@NPow.toPow Real (@Monoid.toNPow Real Real.instMonoid)))
                          (@norm E (@NormedAddCommGroup.toNorm E inst)
                            (@HSub.hSub E E E
                              (@instHSub E
                                (@SubNegMonoid.toSub E
                                  (@AddGroup.toSubNegMonoid E
                                    (@AddCommGroup.toAddGroup E (@NormedAddCommGroup.toAddCommGroup E inst)))))
                              y x))
                          (@OfNat.ofNat Nat (nat_lit 2) (instOfNatNat (nat_lit 2))))
                        (@HMul.hMul Real Real Real (@instHMul Real Real.instMul)
                          (@OfNat.ofNat Real (nat_lit 8)
                            (@instOfNatAtLeastTwo Real (nat_lit 8) Real.instNatCast original_signature0._proof_9))
                          η))))
              (And (@Measure.IsCondKernel E E inst_3 inst_3 Λ S)
                (And (@Eq (@Measure E inst_3) (@Measure.fst E E inst_3 inst_3 Λ) ν)
                  (And (@Eq (@Measure E inst_3) (@Measure.snd E E inst_3 inst_3 Λ) ν)
                    (∃ U,
                      And
                        (∀
                          (g :
                            ↥(@Lp (Prod E E) Real (@Prod.instMeasurableSpace E E inst_3 inst_3) Real.normedAddCommGroup
                                (@OfNat.ofNat ENNReal (nat_lit 2)
                                  (@instOfNatAtLeastTwo ENNReal (nat_lit 2)
                                    (@AddMonoidWithOne.toNatCast ENNReal
                                      (@AddCommMonoidWithOne.toAddMonoidWithOne ENNReal
                                        ENNReal.instAddCommMonoidWithOne))
                                    original_signature0._proof_1))
                                J)),
                          @Filter.EventuallyEq (Prod E E) Real
                            (@ae (Prod E E) (@Measure (Prod E E) (@Prod.instMeasurableSpace E E inst_3 inst_3))
                              (@Measure.instFunLike (Prod E E) (@Prod.instMeasurableSpace E E inst_3 inst_3)) ⋯ J)
                            (@AEEqFun.cast (Prod E E) Real (@Prod.instMeasurableSpace E E inst_3 inst_3) J
                              (@UniformSpace.toTopologicalSpace Real
                                (@PseudoMetricSpace.toUniformSpace Real
                                  (@SeminormedAddCommGroup.toPseudoMetricSpace Real
                                    (@NormedAddCommGroup.toSeminormedAddCommGroup Real Real.normedAddCommGroup))))
                              (@Subtype.val
                                (@AEEqFun (Prod E E) Real (@Prod.instMeasurableSpace E E inst_3 inst_3)
                                  (@UniformSpace.toTopologicalSpace Real
                                    (@PseudoMetricSpace.toUniformSpace Real
                                      (@SeminormedAddCommGroup.toPseudoMetricSpace Real
                                        (@NormedAddCommGroup.toSeminormedAddCommGroup Real Real.normedAddCommGroup))))
                                  J)
                                (fun x =>
                                  @Membership.mem
                                    (@AEEqFun (Prod E E) Real (@Prod.instMeasurableSpace E E inst_3 inst_3)
                                      (@UniformSpace.toTopologicalSpace Real
                                        (@PseudoMetricSpace.toUniformSpace Real
                                          (@SeminormedAddCommGroup.toPseudoMetricSpace Real
                                            (@NormedAddCommGroup.toSeminormedAddCommGroup Real
                                              Real.normedAddCommGroup))))
                                      J)
                                    (@AddSubgroup
                                      (@AEEqFun (Prod E E) Real (@Prod.instMeasurableSpace E E inst_3 inst_3)
                                        (@UniformSpace.toTopologicalSpace Real
                                          (@PseudoMetricSpace.toUniformSpace Real
                                            (@SeminormedAddCommGroup.toPseudoMetricSpace Real
                                              (@NormedAddCommGroup.toSeminormedAddCommGroup Real
                                                Real.normedAddCommGroup))))
                                        J)
                                      (@AEEqFun.instAddGroup (Prod E E) Real
                                        (@Prod.instMeasurableSpace E E inst_3 inst_3) J
                                        (@UniformSpace.toTopologicalSpace Real
                                          (@PseudoMetricSpace.toUniformSpace Real
                                            (@SeminormedAddCommGroup.toPseudoMetricSpace Real
                                              (@NormedAddCommGroup.toSeminormedAddCommGroup Real
                                                Real.normedAddCommGroup))))
                                        (@AddCommGroup.toAddGroup Real
                                          (@NormedAddCommGroup.toAddCommGroup Real Real.normedAddCommGroup))
                                        ⋯))
                                    (@SetLike.instMembership
                                      (@AddSubgroup
                                        (@AEEqFun (Prod E E) Real (@Prod.instMeasurableSpace E E inst_3 inst_3)
                                          (@UniformSpace.toTopologicalSpace Real
                                            (@PseudoMetricSpace.toUniformSpace Real
                                              (@SeminormedAddCommGroup.toPseudoMetricSpace Real
                                                (@NormedAddCommGroup.toSeminormedAddCommGroup Real
                                                  Real.normedAddCommGroup))))
                                          J)
                                        (@AEEqFun.instAddGroup (Prod E E) Real
                                          (@Prod.instMeasurableSpace E E inst_3 inst_3) J
                                          (@UniformSpace.toTopologicalSpace Real
                                            (@PseudoMetricSpace.toUniformSpace Real
                                              (@SeminormedAddCommGroup.toPseudoMetricSpace Real
                                                (@NormedAddCommGroup.toSeminormedAddCommGroup Real
                                                  Real.normedAddCommGroup))))
                                          (@AddCommGroup.toAddGroup Real
                                            (@NormedAddCommGroup.toAddCommGroup Real Real.normedAddCommGroup))
                                          ⋯))
                                      (@AEEqFun (Prod E E) Real (@Prod.instMeasurableSpace E E inst_3 inst_3)
                                        (@UniformSpace.toTopologicalSpace Real
                                          (@PseudoMetricSpace.toUniformSpace Real
                                            (@SeminormedAddCommGroup.toPseudoMetricSpace Real
                                              (@NormedAddCommGroup.toSeminormedAddCommGroup Real
                                                Real.normedAddCommGroup))))
                                        J)
                                      (@AddSubgroup.instSetLike
                                        (@AEEqFun (Prod E E) Real (@Prod.instMeasurableSpace E E inst_3 inst_3)
                                          (@UniformSpace.toTopologicalSpace Real
                                            (@PseudoMetricSpace.toUniformSpace Real
                                              (@SeminormedAddCommGroup.toPseudoMetricSpace Real
                                                (@NormedAddCommGroup.toSeminormedAddCommGroup Real
                                                  Real.normedAddCommGroup))))
                                          J)
                                        (@AEEqFun.instAddGroup (Prod E E) Real
                                          (@Prod.instMeasurableSpace E E inst_3 inst_3) J
                                          (@UniformSpace.toTopologicalSpace Real
                                            (@PseudoMetricSpace.toUniformSpace Real
                                              (@SeminormedAddCommGroup.toPseudoMetricSpace Real
                                                (@NormedAddCommGroup.toSeminormedAddCommGroup Real
                                                  Real.normedAddCommGroup))))
                                          (@AddCommGroup.toAddGroup Real
                                            (@NormedAddCommGroup.toAddCommGroup Real Real.normedAddCommGroup))
                                          ⋯)))
                                    (@Lp (Prod E E) Real (@Prod.instMeasurableSpace E E inst_3 inst_3)
                                      Real.normedAddCommGroup
                                      (@OfNat.ofNat ENNReal (nat_lit 2)
                                        (@instOfNatAtLeastTwo ENNReal (nat_lit 2)
                                          (@AddMonoidWithOne.toNatCast ENNReal
                                            (@AddCommMonoidWithOne.toAddMonoidWithOne ENNReal
                                              ENNReal.instAddCommMonoidWithOne))
                                          original_signature0._proof_1))
                                      J)
                                    x)
                                (@DFunLike.coe
                                  (@LinearIsometry Real Real Real.semiring Real.semiring
                                    (@RingHom.id Real (@Semiring.toNonAssocSemiring Real Real.semiring))
                                    (↥(@Lp (Prod E E) Real (@Prod.instMeasurableSpace E E inst_3 inst_3)
                                        Real.normedAddCommGroup
                                        (@OfNat.ofNat ENNReal (nat_lit 2)
                                          (@instOfNatAtLeastTwo ENNReal (nat_lit 2)
                                            (@AddMonoidWithOne.toNatCast ENNReal
                                              (@AddCommMonoidWithOne.toAddMonoidWithOne ENNReal
                                                ENNReal.instAddCommMonoidWithOne))
                                            original_signature0._proof_1))
                                        J))
                                    (↥(@Lp (Prod E E) Real (@Prod.instMeasurableSpace E E inst_3 inst_3)
                                        Real.normedAddCommGroup
                                        (@OfNat.ofNat ENNReal (nat_lit 2)
                                          (@instOfNatAtLeastTwo ENNReal (nat_lit 2)
                                            (@AddMonoidWithOne.toNatCast ENNReal
                                              (@AddCommMonoidWithOne.toAddMonoidWithOne ENNReal
                                                ENNReal.instAddCommMonoidWithOne))
                                            original_signature0._proof_1))
                                        J))
                                    (@NormedAddCommGroup.toSeminormedAddCommGroup
                                      (↥(@Lp (Prod E E) Real (@Prod.instMeasurableSpace E E inst_3 inst_3)
                                          Real.normedAddCommGroup
                                          (@OfNat.ofNat ENNReal (nat_lit 2)
                                            (@instOfNatAtLeastTwo ENNReal (nat_lit 2)
                                              (@AddMonoidWithOne.toNatCast ENNReal
                                                (@AddCommMonoidWithOne.toAddMonoidWithOne ENNReal
                                                  ENNReal.instAddCommMonoidWithOne))
                                              original_signature0._proof_1))
                                          J))
                                      (@Lp.instNormedAddCommGroup (Prod E E) Real
                                        (@Prod.instMeasurableSpace E E inst_3 inst_3)
                                        (@OfNat.ofNat ENNReal (nat_lit 2)
                                          (@instOfNatAtLeastTwo ENNReal (nat_lit 2)
                                            (@AddMonoidWithOne.toNatCast ENNReal
                                              (@AddCommMonoidWithOne.toAddMonoidWithOne ENNReal
                                                ENNReal.instAddCommMonoidWithOne))
                                            original_signature0._proof_1))
                                        J Real.normedAddCommGroup fact_one_le_two_ennreal))
                                    (@NormedAddCommGroup.toSeminormedAddCommGroup
                                      (↥(@Lp (Prod E E) Real (@Prod.instMeasurableSpace E E inst_3 inst_3)
                                          Real.normedAddCommGroup
                                          (@OfNat.ofNat ENNReal (nat_lit 2)
                                            (@instOfNatAtLeastTwo ENNReal (nat_lit 2)
                                              (@AddMonoidWithOne.toNatCast ENNReal
                                                (@AddCommMonoidWithOne.toAddMonoidWithOne ENNReal
                                                  ENNReal.instAddCommMonoidWithOne))
                                              original_signature0._proof_1))
                                          J))
                                      (@Lp.instNormedAddCommGroup (Prod E E) Real
                                        (@Prod.instMeasurableSpace E E inst_3 inst_3)
                                        (@OfNat.ofNat ENNReal (nat_lit 2)
                                          (@instOfNatAtLeastTwo ENNReal (nat_lit 2)
                                            (@AddMonoidWithOne.toNatCast ENNReal
                                              (@AddCommMonoidWithOne.toAddMonoidWithOne ENNReal
                                                ENNReal.instAddCommMonoidWithOne))
                                            original_signature0._proof_1))
                                        J Real.normedAddCommGroup fact_one_le_two_ennreal))
                                    (@Lp.instModule (Prod E E) Real Real (@Prod.instMeasurableSpace E E inst_3 inst_3)
                                      (@OfNat.ofNat ENNReal (nat_lit 2)
                                        (@instOfNatAtLeastTwo ENNReal (nat_lit 2)
                                          (@AddMonoidWithOne.toNatCast ENNReal
                                            (@AddCommMonoidWithOne.toAddMonoidWithOne ENNReal
                                              ENNReal.instAddCommMonoidWithOne))
                                          original_signature0._proof_1))
                                      J Real.normedAddCommGroup (@NormedCommRing.toNormedRing Real Real.normedCommRing)
                                      (@Semiring.toModule Real
                                        (@Ring.toSemiring Real
                                          (@NormedRing.toRing Real
                                            (@NormedCommRing.toNormedRing Real Real.normedCommRing))))
                                      Real.isBoundedSMul)
                                    (@Lp.instModule (Prod E E) Real Real (@Prod.instMeasurableSpace E E inst_3 inst_3)
                                      (@OfNat.ofNat ENNReal (nat_lit 2)
                                        (@instOfNatAtLeastTwo ENNReal (nat_lit 2)
                                          (@AddMonoidWithOne.toNatCast ENNReal
                                            (@AddCommMonoidWithOne.toAddMonoidWithOne ENNReal
                                              ENNReal.instAddCommMonoidWithOne))
                                          original_signature0._proof_1))
                                      J Real.normedAddCommGroup (@NormedCommRing.toNormedRing Real Real.normedCommRing)
                                      (@Semiring.toModule Real
                                        (@Ring.toSemiring Real
                                          (@NormedRing.toRing Real
                                            (@NormedCommRing.toNormedRing Real Real.normedCommRing))))
                                      Real.isBoundedSMul))
                                  (↥(@Lp (Prod E E) Real (@Prod.instMeasurableSpace E E inst_3 inst_3)
                                      Real.normedAddCommGroup
                                      (@OfNat.ofNat ENNReal (nat_lit 2)
                                        (@instOfNatAtLeastTwo ENNReal (nat_lit 2)
                                          (@AddMonoidWithOne.toNatCast ENNReal
                                            (@AddCommMonoidWithOne.toAddMonoidWithOne ENNReal
                                              ENNReal.instAddCommMonoidWithOne))
                                          original_signature0._proof_1))
                                      J))
                                  (fun x =>
                                    ↥(@Lp (Prod E E) Real (@Prod.instMeasurableSpace E E inst_3 inst_3)
                                        Real.normedAddCommGroup
                                        (@OfNat.ofNat ENNReal (nat_lit 2)
                                          (@instOfNatAtLeastTwo ENNReal (nat_lit 2)
                                            (@AddMonoidWithOne.toNatCast ENNReal
                                              (@AddCommMonoidWithOne.toAddMonoidWithOne ENNReal
                                                ENNReal.instAddCommMonoidWithOne))
                                            original_signature0._proof_1))
                                        J))
                                  (@LinearIsometry.instFunLike Real Real
                                    (↥(@Lp (Prod E E) Real (@Prod.instMeasurableSpace E E inst_3 inst_3)
                                        Real.normedAddCommGroup
                                        (@OfNat.ofNat ENNReal (nat_lit 2)
                                          (@instOfNatAtLeastTwo ENNReal (nat_lit 2)
                                            (@AddMonoidWithOne.toNatCast ENNReal
                                              (@AddCommMonoidWithOne.toAddMonoidWithOne ENNReal
                                                ENNReal.instAddCommMonoidWithOne))
                                            original_signature0._proof_1))
                                        J))
                                    (↥(@Lp (Prod E E) Real (@Prod.instMeasurableSpace E E inst_3 inst_3)
                                        Real.normedAddCommGroup
                                        (@OfNat.ofNat ENNReal (nat_lit 2)
                                          (@instOfNatAtLeastTwo ENNReal (nat_lit 2)
                                            (@AddMonoidWithOne.toNatCast ENNReal
                                              (@AddCommMonoidWithOne.toAddMonoidWithOne ENNReal
                                                ENNReal.instAddCommMonoidWithOne))
                                            original_signature0._proof_1))
                                        J))
                                    Real.semiring Real.semiring
                                    (@RingHom.id Real (@Semiring.toNonAssocSemiring Real Real.semiring))
                                    (@NormedAddCommGroup.toSeminormedAddCommGroup
                                      (↥(@Lp (Prod E E) Real (@Prod.instMeasurableSpace E E inst_3 inst_3)
                                          Real.normedAddCommGroup
                                          (@OfNat.ofNat ENNReal (nat_lit 2)
                                            (@instOfNatAtLeastTwo ENNReal (nat_lit 2)
                                              (@AddMonoidWithOne.toNatCast ENNReal
                                                (@AddCommMonoidWithOne.toAddMonoidWithOne ENNReal
                                                  ENNReal.instAddCommMonoidWithOne))
                                              original_signature0._proof_1))
                                          J))
                                      (@Lp.instNormedAddCommGroup (Prod E E) Real
                                        (@Prod.instMeasurableSpace E E inst_3 inst_3)
                                        (@OfNat.ofNat ENNReal (nat_lit 2)
                                          (@instOfNatAtLeastTwo ENNReal (nat_lit 2)
                                            (@AddMonoidWithOne.toNatCast ENNReal
                                              (@AddCommMonoidWithOne.toAddMonoidWithOne ENNReal
                                                ENNReal.instAddCommMonoidWithOne))
                                            original_signature0._proof_1))
                                        J Real.normedAddCommGroup fact_one_le_two_ennreal))
                                    (@NormedAddCommGroup.toSeminormedAddCommGroup
                                      (↥(@Lp (Prod E E) Real (@Prod.instMeasurableSpace E E inst_3 inst_3)
                                          Real.normedAddCommGroup
                                          (@OfNat.ofNat ENNReal (nat_lit 2)
                                            (@instOfNatAtLeastTwo ENNReal (nat_lit 2)
                                              (@AddMonoidWithOne.toNatCast ENNReal
                                                (@AddCommMonoidWithOne.toAddMonoidWithOne ENNReal
                                                  ENNReal.instAddCommMonoidWithOne))
                                              original_signature0._proof_1))
                                          J))
                                      (@Lp.instNormedAddCommGroup (Prod E E) Real
                                        (@Prod.instMeasurableSpace E E inst_3 inst_3)
                                        (@OfNat.ofNat ENNReal (nat_lit 2)
                                          (@instOfNatAtLeastTwo ENNReal (nat_lit 2)
                                            (@AddMonoidWithOne.toNatCast ENNReal
                                              (@AddCommMonoidWithOne.toAddMonoidWithOne ENNReal
                                                ENNReal.instAddCommMonoidWithOne))
                                            original_signature0._proof_1))
                                        J Real.normedAddCommGroup fact_one_le_two_ennreal))
                                    (@Lp.instModule (Prod E E) Real Real (@Prod.instMeasurableSpace E E inst_3 inst_3)
                                      (@OfNat.ofNat ENNReal (nat_lit 2)
                                        (@instOfNatAtLeastTwo ENNReal (nat_lit 2)
                                          (@AddMonoidWithOne.toNatCast ENNReal
                                            (@AddCommMonoidWithOne.toAddMonoidWithOne ENNReal
                                              ENNReal.instAddCommMonoidWithOne))
                                          original_signature0._proof_1))
                                      J Real.normedAddCommGroup (@NormedCommRing.toNormedRing Real Real.normedCommRing)
                                      (@Semiring.toModule Real
                                        (@Ring.toSemiring Real
                                          (@NormedRing.toRing Real
                                            (@NormedCommRing.toNormedRing Real Real.normedCommRing))))
                                      Real.isBoundedSMul)
                                    (@Lp.instModule (Prod E E) Real Real (@Prod.instMeasurableSpace E E inst_3 inst_3)
                                      (@OfNat.ofNat ENNReal (nat_lit 2)
                                        (@instOfNatAtLeastTwo ENNReal (nat_lit 2)
                                          (@AddMonoidWithOne.toNatCast ENNReal
                                            (@AddCommMonoidWithOne.toAddMonoidWithOne ENNReal
                                              ENNReal.instAddCommMonoidWithOne))
                                          original_signature0._proof_1))
                                      J Real.normedAddCommGroup (@NormedCommRing.toNormedRing Real Real.normedCommRing)
                                      (@Semiring.toModule Real
                                        (@Ring.toSemiring Real
                                          (@NormedRing.toRing Real
                                            (@NormedCommRing.toNormedRing Real Real.normedCommRing))))
                                      Real.isBoundedSMul))
                                  U g)))
                            (@Function.comp (Prod E E) (Prod E E) Real
                              (@AEEqFun.cast (Prod E E) Real (@Prod.instMeasurableSpace E E inst_3 inst_3) J
                                (@UniformSpace.toTopologicalSpace Real
                                  (@PseudoMetricSpace.toUniformSpace Real
                                    (@SeminormedAddCommGroup.toPseudoMetricSpace Real
                                      (@NormedAddCommGroup.toSeminormedAddCommGroup Real Real.normedAddCommGroup))))
                                (@Subtype.val
                                  (@AEEqFun (Prod E E) Real (@Prod.instMeasurableSpace E E inst_3 inst_3)
                                    (@UniformSpace.toTopologicalSpace Real
                                      (@PseudoMetricSpace.toUniformSpace Real
                                        (@SeminormedAddCommGroup.toPseudoMetricSpace Real
                                          (@NormedAddCommGroup.toSeminormedAddCommGroup Real Real.normedAddCommGroup))))
                                    J)
                                  (fun x =>
                                    @Membership.mem
                                      (@AEEqFun (Prod E E) Real (@Prod.instMeasurableSpace E E inst_3 inst_3)
                                        (@UniformSpace.toTopologicalSpace Real
                                          (@PseudoMetricSpace.toUniformSpace Real
                                            (@SeminormedAddCommGroup.toPseudoMetricSpace Real
                                              (@NormedAddCommGroup.toSeminormedAddCommGroup Real
                                                Real.normedAddCommGroup))))
                                        J)
                                      (@AddSubgroup
                                        (@AEEqFun (Prod E E) Real (@Prod.instMeasurableSpace E E inst_3 inst_3)
                                          (@UniformSpace.toTopologicalSpace Real
                                            (@PseudoMetricSpace.toUniformSpace Real
                                              (@SeminormedAddCommGroup.toPseudoMetricSpace Real
                                                (@NormedAddCommGroup.toSeminormedAddCommGroup Real
                                                  Real.normedAddCommGroup))))
                                          J)
                                        (@AEEqFun.instAddGroup (Prod E E) Real
                                          (@Prod.instMeasurableSpace E E inst_3 inst_3) J
                                          (@UniformSpace.toTopologicalSpace Real
                                            (@PseudoMetricSpace.toUniformSpace Real
                                              (@SeminormedAddCommGroup.toPseudoMetricSpace Real
                                                (@NormedAddCommGroup.toSeminormedAddCommGroup Real
                                                  Real.normedAddCommGroup))))
                                          (@AddCommGroup.toAddGroup Real
                                            (@NormedAddCommGroup.toAddCommGroup Real Real.normedAddCommGroup))
                                          ⋯))
                                      (@SetLike.instMembership
                                        (@AddSubgroup
                                          (@AEEqFun (Prod E E) Real (@Prod.instMeasurableSpace E E inst_3 inst_3)
                                            (@UniformSpace.toTopologicalSpace Real
                                              (@PseudoMetricSpace.toUniformSpace Real
                                                (@SeminormedAddCommGroup.toPseudoMetricSpace Real
                                                  (@NormedAddCommGroup.toSeminormedAddCommGroup Real
                                                    Real.normedAddCommGroup))))
                                            J)
                                          (@AEEqFun.instAddGroup (Prod E E) Real
                                            (@Prod.instMeasurableSpace E E inst_3 inst_3) J
                                            (@UniformSpace.toTopologicalSpace Real
                                              (@PseudoMetricSpace.toUniformSpace Real
                                                (@SeminormedAddCommGroup.toPseudoMetricSpace Real
                                                  (@NormedAddCommGroup.toSeminormedAddCommGroup Real
                                                    Real.normedAddCommGroup))))
                                            (@AddCommGroup.toAddGroup Real
                                              (@NormedAddCommGroup.toAddCommGroup Real Real.normedAddCommGroup))
                                            ⋯))
                                        (@AEEqFun (Prod E E) Real (@Prod.instMeasurableSpace E E inst_3 inst_3)
                                          (@UniformSpace.toTopologicalSpace Real
                                            (@PseudoMetricSpace.toUniformSpace Real
                                              (@SeminormedAddCommGroup.toPseudoMetricSpace Real
                                                (@NormedAddCommGroup.toSeminormedAddCommGroup Real
                                                  Real.normedAddCommGroup))))
                                          J)
                                        (@AddSubgroup.instSetLike
                                          (@AEEqFun (Prod E E) Real (@Prod.instMeasurableSpace E E inst_3 inst_3)
                                            (@UniformSpace.toTopologicalSpace Real
                                              (@PseudoMetricSpace.toUniformSpace Real
                                                (@SeminormedAddCommGroup.toPseudoMetricSpace Real
                                                  (@NormedAddCommGroup.toSeminormedAddCommGroup Real
                                                    Real.normedAddCommGroup))))
                                            J)
                                          (@AEEqFun.instAddGroup (Prod E E) Real
                                            (@Prod.instMeasurableSpace E E inst_3 inst_3) J
                                            (@UniformSpace.toTopologicalSpace Real
                                              (@PseudoMetricSpace.toUniformSpace Real
                                                (@SeminormedAddCommGroup.toPseudoMetricSpace Real
                                                  (@NormedAddCommGroup.toSeminormedAddCommGroup Real
                                                    Real.normedAddCommGroup))))
                                            (@AddCommGroup.toAddGroup Real
                                              (@NormedAddCommGroup.toAddCommGroup Real Real.normedAddCommGroup))
                                            ⋯)))
                                      (@Lp (Prod E E) Real (@Prod.instMeasurableSpace E E inst_3 inst_3)
                                        Real.normedAddCommGroup
                                        (@OfNat.ofNat ENNReal (nat_lit 2)
                                          (@instOfNatAtLeastTwo ENNReal (nat_lit 2)
                                            (@AddMonoidWithOne.toNatCast ENNReal
                                              (@AddCommMonoidWithOne.toAddMonoidWithOne ENNReal
                                                ENNReal.instAddCommMonoidWithOne))
                                            original_signature0._proof_1))
                                        J)
                                      x)
                                  g))
                              F))
                        (And
                          (@Function.Involutive
                            (↥(@Lp (Prod E E) Real (@Prod.instMeasurableSpace E E inst_3 inst_3) Real.normedAddCommGroup
                                (@OfNat.ofNat ENNReal (nat_lit 2)
                                  (@instOfNatAtLeastTwo ENNReal (nat_lit 2)
                                    (@AddMonoidWithOne.toNatCast ENNReal
                                      (@AddCommMonoidWithOne.toAddMonoidWithOne ENNReal
                                        ENNReal.instAddCommMonoidWithOne))
                                    original_signature0._proof_1))
                                J))
                            (@DFunLike.coe
                              (@LinearIsometry Real Real Real.semiring Real.semiring
                                (@RingHom.id Real (@Semiring.toNonAssocSemiring Real Real.semiring))
                                (↥(@Lp (Prod E E) Real (@Prod.instMeasurableSpace E E inst_3 inst_3)
                                    Real.normedAddCommGroup
                                    (@OfNat.ofNat ENNReal (nat_lit 2)
                                      (@instOfNatAtLeastTwo ENNReal (nat_lit 2)
                                        (@AddMonoidWithOne.toNatCast ENNReal
                                          (@AddCommMonoidWithOne.toAddMonoidWithOne ENNReal
                                            ENNReal.instAddCommMonoidWithOne))
                                        original_signature0._proof_1))
                                    J))
                                (↥(@Lp (Prod E E) Real (@Prod.instMeasurableSpace E E inst_3 inst_3)
                                    Real.normedAddCommGroup
                                    (@OfNat.ofNat ENNReal (nat_lit 2)
                                      (@instOfNatAtLeastTwo ENNReal (nat_lit 2)
                                        (@AddMonoidWithOne.toNatCast ENNReal
                                          (@AddCommMonoidWithOne.toAddMonoidWithOne ENNReal
                                            ENNReal.instAddCommMonoidWithOne))
                                        original_signature0._proof_1))
                                    J))
                                (@NormedAddCommGroup.toSeminormedAddCommGroup
                                  (↥(@Lp (Prod E E) Real (@Prod.instMeasurableSpace E E inst_3 inst_3)
                                      Real.normedAddCommGroup
                                      (@OfNat.ofNat ENNReal (nat_lit 2)
                                        (@instOfNatAtLeastTwo ENNReal (nat_lit 2)
                                          (@AddMonoidWithOne.toNatCast ENNReal
                                            (@AddCommMonoidWithOne.toAddMonoidWithOne ENNReal
                                              ENNReal.instAddCommMonoidWithOne))
                                          original_signature0._proof_1))
                                      J))
                                  (@Lp.instNormedAddCommGroup (Prod E E) Real
                                    (@Prod.instMeasurableSpace E E inst_3 inst_3)
                                    (@OfNat.ofNat ENNReal (nat_lit 2)
                                      (@instOfNatAtLeastTwo ENNReal (nat_lit 2)
                                        (@AddMonoidWithOne.toNatCast ENNReal
                                          (@AddCommMonoidWithOne.toAddMonoidWithOne ENNReal
                                            ENNReal.instAddCommMonoidWithOne))
                                        original_signature0._proof_1))
                                    J Real.normedAddCommGroup fact_one_le_two_ennreal))
                                (@NormedAddCommGroup.toSeminormedAddCommGroup
                                  (↥(@Lp (Prod E E) Real (@Prod.instMeasurableSpace E E inst_3 inst_3)
                                      Real.normedAddCommGroup
                                      (@OfNat.ofNat ENNReal (nat_lit 2)
                                        (@instOfNatAtLeastTwo ENNReal (nat_lit 2)
                                          (@AddMonoidWithOne.toNatCast ENNReal
                                            (@AddCommMonoidWithOne.toAddMonoidWithOne ENNReal
                                              ENNReal.instAddCommMonoidWithOne))
                                          original_signature0._proof_1))
                                      J))
                                  (@Lp.instNormedAddCommGroup (Prod E E) Real
                                    (@Prod.instMeasurableSpace E E inst_3 inst_3)
                                    (@OfNat.ofNat ENNReal (nat_lit 2)
                                      (@instOfNatAtLeastTwo ENNReal (nat_lit 2)
                                        (@AddMonoidWithOne.toNatCast ENNReal
                                          (@AddCommMonoidWithOne.toAddMonoidWithOne ENNReal
                                            ENNReal.instAddCommMonoidWithOne))
                                        original_signature0._proof_1))
                                    J Real.normedAddCommGroup fact_one_le_two_ennreal))
                                (@Lp.instModule (Prod E E) Real Real (@Prod.instMeasurableSpace E E inst_3 inst_3)
                                  (@OfNat.ofNat ENNReal (nat_lit 2)
                                    (@instOfNatAtLeastTwo ENNReal (nat_lit 2)
                                      (@AddMonoidWithOne.toNatCast ENNReal
                                        (@AddCommMonoidWithOne.toAddMonoidWithOne ENNReal
                                          ENNReal.instAddCommMonoidWithOne))
                                      original_signature0._proof_1))
                                  J Real.normedAddCommGroup (@NormedCommRing.toNormedRing Real Real.normedCommRing)
                                  (@Semiring.toModule Real
                                    (@Ring.toSemiring Real
                                      (@NormedRing.toRing Real
                                        (@NormedCommRing.toNormedRing Real Real.normedCommRing))))
                                  Real.isBoundedSMul)
                                (@Lp.instModule (Prod E E) Real Real (@Prod.instMeasurableSpace E E inst_3 inst_3)
                                  (@OfNat.ofNat ENNReal (nat_lit 2)
                                    (@instOfNatAtLeastTwo ENNReal (nat_lit 2)
                                      (@AddMonoidWithOne.toNatCast ENNReal
                                        (@AddCommMonoidWithOne.toAddMonoidWithOne ENNReal
                                          ENNReal.instAddCommMonoidWithOne))
                                      original_signature0._proof_1))
                                  J Real.normedAddCommGroup (@NormedCommRing.toNormedRing Real Real.normedCommRing)
                                  (@Semiring.toModule Real
                                    (@Ring.toSemiring Real
                                      (@NormedRing.toRing Real
                                        (@NormedCommRing.toNormedRing Real Real.normedCommRing))))
                                  Real.isBoundedSMul))
                              (↥(@Lp (Prod E E) Real (@Prod.instMeasurableSpace E E inst_3 inst_3)
                                  Real.normedAddCommGroup
                                  (@OfNat.ofNat ENNReal (nat_lit 2)
                                    (@instOfNatAtLeastTwo ENNReal (nat_lit 2)
                                      (@AddMonoidWithOne.toNatCast ENNReal
                                        (@AddCommMonoidWithOne.toAddMonoidWithOne ENNReal
                                          ENNReal.instAddCommMonoidWithOne))
                                      original_signature0._proof_1))
                                  J))
                              (fun x =>
                                ↥(@Lp (Prod E E) Real (@Prod.instMeasurableSpace E E inst_3 inst_3)
                                    Real.normedAddCommGroup
                                    (@OfNat.ofNat ENNReal (nat_lit 2)
                                      (@instOfNatAtLeastTwo ENNReal (nat_lit 2)
                                        (@AddMonoidWithOne.toNatCast ENNReal
                                          (@AddCommMonoidWithOne.toAddMonoidWithOne ENNReal
                                            ENNReal.instAddCommMonoidWithOne))
                                        original_signature0._proof_1))
                                    J))
                              (@LinearIsometry.instFunLike Real Real
                                (↥(@Lp (Prod E E) Real (@Prod.instMeasurableSpace E E inst_3 inst_3)
                                    Real.normedAddCommGroup
                                    (@OfNat.ofNat ENNReal (nat_lit 2)
                                      (@instOfNatAtLeastTwo ENNReal (nat_lit 2)
                                        (@AddMonoidWithOne.toNatCast ENNReal
                                          (@AddCommMonoidWithOne.toAddMonoidWithOne ENNReal
                                            ENNReal.instAddCommMonoidWithOne))
                                        original_signature0._proof_1))
                                    J))
                                (↥(@Lp (Prod E E) Real (@Prod.instMeasurableSpace E E inst_3 inst_3)
                                    Real.normedAddCommGroup
                                    (@OfNat.ofNat ENNReal (nat_lit 2)
                                      (@instOfNatAtLeastTwo ENNReal (nat_lit 2)
                                        (@AddMonoidWithOne.toNatCast ENNReal
                                          (@AddCommMonoidWithOne.toAddMonoidWithOne ENNReal
                                            ENNReal.instAddCommMonoidWithOne))
                                        original_signature0._proof_1))
                                    J))
                                Real.semiring Real.semiring
                                (@RingHom.id Real (@Semiring.toNonAssocSemiring Real Real.semiring))
                                (@NormedAddCommGroup.toSeminormedAddCommGroup
                                  (↥(@Lp (Prod E E) Real (@Prod.instMeasurableSpace E E inst_3 inst_3)
                                      Real.normedAddCommGroup
                                      (@OfNat.ofNat ENNReal (nat_lit 2)
                                        (@instOfNatAtLeastTwo ENNReal (nat_lit 2)
                                          (@AddMonoidWithOne.toNatCast ENNReal
                                            (@AddCommMonoidWithOne.toAddMonoidWithOne ENNReal
                                              ENNReal.instAddCommMonoidWithOne))
                                          original_signature0._proof_1))
                                      J))
                                  (@Lp.instNormedAddCommGroup (Prod E E) Real
                                    (@Prod.instMeasurableSpace E E inst_3 inst_3)
                                    (@OfNat.ofNat ENNReal (nat_lit 2)
                                      (@instOfNatAtLeastTwo ENNReal (nat_lit 2)
                                        (@AddMonoidWithOne.toNatCast ENNReal
                                          (@AddCommMonoidWithOne.toAddMonoidWithOne ENNReal
                                            ENNReal.instAddCommMonoidWithOne))
                                        original_signature0._proof_1))
                                    J Real.normedAddCommGroup fact_one_le_two_ennreal))
                                (@NormedAddCommGroup.toSeminormedAddCommGroup
                                  (↥(@Lp (Prod E E) Real (@Prod.instMeasurableSpace E E inst_3 inst_3)
                                      Real.normedAddCommGroup
                                      (@OfNat.ofNat ENNReal (nat_lit 2)
                                        (@instOfNatAtLeastTwo ENNReal (nat_lit 2)
                                          (@AddMonoidWithOne.toNatCast ENNReal
                                            (@AddCommMonoidWithOne.toAddMonoidWithOne ENNReal
                                              ENNReal.instAddCommMonoidWithOne))
                                          original_signature0._proof_1))
                                      J))
                                  (@Lp.instNormedAddCommGroup (Prod E E) Real
                                    (@Prod.instMeasurableSpace E E inst_3 inst_3)
                                    (@OfNat.ofNat ENNReal (nat_lit 2)
                                      (@instOfNatAtLeastTwo ENNReal (nat_lit 2)
                                        (@AddMonoidWithOne.toNatCast ENNReal
                                          (@AddCommMonoidWithOne.toAddMonoidWithOne ENNReal
                                            ENNReal.instAddCommMonoidWithOne))
                                        original_signature0._proof_1))
                                    J Real.normedAddCommGroup fact_one_le_two_ennreal))
                                (@Lp.instModule (Prod E E) Real Real (@Prod.instMeasurableSpace E E inst_3 inst_3)
                                  (@OfNat.ofNat ENNReal (nat_lit 2)
                                    (@instOfNatAtLeastTwo ENNReal (nat_lit 2)
                                      (@AddMonoidWithOne.toNatCast ENNReal
                                        (@AddCommMonoidWithOne.toAddMonoidWithOne ENNReal
                                          ENNReal.instAddCommMonoidWithOne))
                                      original_signature0._proof_1))
                                  J Real.normedAddCommGroup (@NormedCommRing.toNormedRing Real Real.normedCommRing)
                                  (@Semiring.toModule Real
                                    (@Ring.toSemiring Real
                                      (@NormedRing.toRing Real
                                        (@NormedCommRing.toNormedRing Real Real.normedCommRing))))
                                  Real.isBoundedSMul)
                                (@Lp.instModule (Prod E E) Real Real (@Prod.instMeasurableSpace E E inst_3 inst_3)
                                  (@OfNat.ofNat ENNReal (nat_lit 2)
                                    (@instOfNatAtLeastTwo ENNReal (nat_lit 2)
                                      (@AddMonoidWithOne.toNatCast ENNReal
                                        (@AddCommMonoidWithOne.toAddMonoidWithOne ENNReal
                                          ENNReal.instAddCommMonoidWithOne))
                                      original_signature0._proof_1))
                                  J Real.normedAddCommGroup (@NormedCommRing.toNormedRing Real Real.normedCommRing)
                                  (@Semiring.toModule Real
                                    (@Ring.toSemiring Real
                                      (@NormedRing.toRing Real
                                        (@NormedCommRing.toNormedRing Real Real.normedCommRing))))
                                  Real.isBoundedSMul))
                              U))
                          (And
                            (@IsSelfAdjoint
                              (@ContinuousLinearMap Real Real Real.semiring Real.semiring
                                (@RingHom.id Real (@Semiring.toNonAssocSemiring Real Real.semiring))
                                (↥(@Lp (Prod E E) Real (@Prod.instMeasurableSpace E E inst_3 inst_3)
                                    Real.normedAddCommGroup
                                    (@OfNat.ofNat ENNReal (nat_lit 2)
                                      (@instOfNatAtLeastTwo ENNReal (nat_lit 2)
                                        (@AddMonoidWithOne.toNatCast ENNReal
                                          (@AddCommMonoidWithOne.toAddMonoidWithOne ENNReal
                                            ENNReal.instAddCommMonoidWithOne))
                                        original_signature0._proof_1))
                                    J))
                                (@UniformSpace.toTopologicalSpace
                                  (↥(@Lp (Prod E E) Real (@Prod.instMeasurableSpace E E inst_3 inst_3)
                                      Real.normedAddCommGroup
                                      (@OfNat.ofNat ENNReal (nat_lit 2)
                                        (@instOfNatAtLeastTwo ENNReal (nat_lit 2)
                                          (@AddMonoidWithOne.toNatCast ENNReal
                                            (@AddCommMonoidWithOne.toAddMonoidWithOne ENNReal
                                              ENNReal.instAddCommMonoidWithOne))
                                          original_signature0._proof_1))
                                      J))
                                  (@PseudoMetricSpace.toUniformSpace
                                    (↥(@Lp (Prod E E) Real (@Prod.instMeasurableSpace E E inst_3 inst_3)
                                        Real.normedAddCommGroup
                                        (@OfNat.ofNat ENNReal (nat_lit 2)
                                          (@instOfNatAtLeastTwo ENNReal (nat_lit 2)
                                            (@AddMonoidWithOne.toNatCast ENNReal
                                              (@AddCommMonoidWithOne.toAddMonoidWithOne ENNReal
                                                ENNReal.instAddCommMonoidWithOne))
                                            original_signature0._proof_1))
                                        J))
                                    (@SeminormedAddCommGroup.toPseudoMetricSpace
                                      (↥(@Lp (Prod E E) Real (@Prod.instMeasurableSpace E E inst_3 inst_3)
                                          Real.normedAddCommGroup
                                          (@OfNat.ofNat ENNReal (nat_lit 2)
                                            (@instOfNatAtLeastTwo ENNReal (nat_lit 2)
                                              (@AddMonoidWithOne.toNatCast ENNReal
                                                (@AddCommMonoidWithOne.toAddMonoidWithOne ENNReal
                                                  ENNReal.instAddCommMonoidWithOne))
                                              original_signature0._proof_1))
                                          J))
                                      (@NormedAddCommGroup.toSeminormedAddCommGroup
                                        (↥(@Lp (Prod E E) Real (@Prod.instMeasurableSpace E E inst_3 inst_3)
                                            Real.normedAddCommGroup
                                            (@OfNat.ofNat ENNReal (nat_lit 2)
                                              (@instOfNatAtLeastTwo ENNReal (nat_lit 2)
                                                (@AddMonoidWithOne.toNatCast ENNReal
                                                  (@AddCommMonoidWithOne.toAddMonoidWithOne ENNReal
                                                    ENNReal.instAddCommMonoidWithOne))
                                                original_signature0._proof_1))
                                            J))
                                        (@Lp.instNormedAddCommGroup (Prod E E) Real
                                          (@Prod.instMeasurableSpace E E inst_3 inst_3)
                                          (@OfNat.ofNat ENNReal (nat_lit 2)
                                            (@instOfNatAtLeastTwo ENNReal (nat_lit 2)
                                              (@AddMonoidWithOne.toNatCast ENNReal
                                                (@AddCommMonoidWithOne.toAddMonoidWithOne ENNReal
                                                  ENNReal.instAddCommMonoidWithOne))
                                              original_signature0._proof_1))
                                          J Real.normedAddCommGroup fact_one_le_two_ennreal)))))
                                (@AddCommGroup.toAddCommMonoid
                                  (↥(@Lp (Prod E E) Real (@Prod.instMeasurableSpace E E inst_3 inst_3)
                                      Real.normedAddCommGroup
                                      (@OfNat.ofNat ENNReal (nat_lit 2)
                                        (@instOfNatAtLeastTwo ENNReal (nat_lit 2)
                                          (@AddMonoidWithOne.toNatCast ENNReal
                                            (@AddCommMonoidWithOne.toAddMonoidWithOne ENNReal
                                              ENNReal.instAddCommMonoidWithOne))
                                          original_signature0._proof_1))
                                      J))
                                  (@SeminormedAddCommGroup.toAddCommGroup
                                    (↥(@Lp (Prod E E) Real (@Prod.instMeasurableSpace E E inst_3 inst_3)
                                        Real.normedAddCommGroup
                                        (@OfNat.ofNat ENNReal (nat_lit 2)
                                          (@instOfNatAtLeastTwo ENNReal (nat_lit 2)
                                            (@AddMonoidWithOne.toNatCast ENNReal
                                              (@AddCommMonoidWithOne.toAddMonoidWithOne ENNReal
                                                ENNReal.instAddCommMonoidWithOne))
                                            original_signature0._proof_1))
                                        J))
                                    (@NormedAddCommGroup.toSeminormedAddCommGroup
                                      (↥(@Lp (Prod E E) Real (@Prod.instMeasurableSpace E E inst_3 inst_3)
                                          Real.normedAddCommGroup
                                          (@OfNat.ofNat ENNReal (nat_lit 2)
                                            (@instOfNatAtLeastTwo ENNReal (nat_lit 2)
                                              (@AddMonoidWithOne.toNatCast ENNReal
                                                (@AddCommMonoidWithOne.toAddMonoidWithOne ENNReal
                                                  ENNReal.instAddCommMonoidWithOne))
                                              original_signature0._proof_1))
                                          J))
                                      (@Lp.instNormedAddCommGroup (Prod E E) Real
                                        (@Prod.instMeasurableSpace E E inst_3 inst_3)
                                        (@OfNat.ofNat ENNReal (nat_lit 2)
                                          (@instOfNatAtLeastTwo ENNReal (nat_lit 2)
                                            (@AddMonoidWithOne.toNatCast ENNReal
                                              (@AddCommMonoidWithOne.toAddMonoidWithOne ENNReal
                                                ENNReal.instAddCommMonoidWithOne))
                                            original_signature0._proof_1))
                                        J Real.normedAddCommGroup fact_one_le_two_ennreal))))
                                (↥(@Lp (Prod E E) Real (@Prod.instMeasurableSpace E E inst_3 inst_3)
                                    Real.normedAddCommGroup
                                    (@OfNat.ofNat ENNReal (nat_lit 2)
                                      (@instOfNatAtLeastTwo ENNReal (nat_lit 2)
                                        (@AddMonoidWithOne.toNatCast ENNReal
                                          (@AddCommMonoidWithOne.toAddMonoidWithOne ENNReal
                                            ENNReal.instAddCommMonoidWithOne))
                                        original_signature0._proof_1))
                                    J))
                                (@UniformSpace.toTopologicalSpace
                                  (↥(@Lp (Prod E E) Real (@Prod.instMeasurableSpace E E inst_3 inst_3)
                                      Real.normedAddCommGroup
                                      (@OfNat.ofNat ENNReal (nat_lit 2)
                                        (@instOfNatAtLeastTwo ENNReal (nat_lit 2)
                                          (@AddMonoidWithOne.toNatCast ENNReal
                                            (@AddCommMonoidWithOne.toAddMonoidWithOne ENNReal
                                              ENNReal.instAddCommMonoidWithOne))
                                          original_signature0._proof_1))
                                      J))
                                  (@PseudoMetricSpace.toUniformSpace
                                    (↥(@Lp (Prod E E) Real (@Prod.instMeasurableSpace E E inst_3 inst_3)
                                        Real.normedAddCommGroup
                                        (@OfNat.ofNat ENNReal (nat_lit 2)
                                          (@instOfNatAtLeastTwo ENNReal (nat_lit 2)
                                            (@AddMonoidWithOne.toNatCast ENNReal
                                              (@AddCommMonoidWithOne.toAddMonoidWithOne ENNReal
                                                ENNReal.instAddCommMonoidWithOne))
                                            original_signature0._proof_1))
                                        J))
                                    (@SeminormedAddCommGroup.toPseudoMetricSpace
                                      ↥(@Lp (Prod E E) Real (@Prod.instMeasurableSpace E E inst_3 inst_3) ⋯ ⋯ ⋯) ⋯)))
                                ⋯ ⋯ ⋯)
                              ⋯ ⋯)
                            ⋯))))))))))
def AutoSamplingTheory.ExampleCases.ProximalBPS.CenteredDefectOperator.typed_signature0.{u_1} : {E : Type u_1} →
  [inst : NormedAddCommGroup E] →
    [inst_1 : @InnerProductSpace Real E Real.instRCLike (@NormedAddCommGroup.toSeminormedAddCommGroup E inst)] →
      [@FiniteDimensional Real E Real.instDivisionRing (@NormedAddCommGroup.toAddCommGroup E inst)
            (@NormedSpace.toModule Real E Real.normedField (@NormedAddCommGroup.toSeminormedAddCommGroup E inst)
              (@InnerProductSpace.toNormedSpace Real E Real.instRCLike
                (@NormedAddCommGroup.toSeminormedAddCommGroup E inst) inst_1))] →
        [inst_3 : MeasurableSpace E] →
          [@BorelSpace E
                (@UniformSpace.toTopologicalSpace E
                  (@PseudoMetricSpace.toUniformSpace E
                    (@SeminormedAddCommGroup.toPseudoMetricSpace E
                      (@NormedAddCommGroup.toSeminormedAddCommGroup E inst))))
                inst_3] →
            {V : E → Real} →
              {α β : NNReal} →
                {η : Real} →
                  @LT.lt Real Real.instLT (@OfNat.ofNat Real (nat_lit 0) (@Zero.toOfNat0 Real Real.instZero)) ↑α →
                    @LE.le NNReal (@Preorder.toLE NNReal (@PartialOrder.toPreorder NNReal NNReal.instPartialOrder)) α
                        β →
                      @ContDiff Real (@DenselyNormedField.toNontriviallyNormedField Real Real.denselyNormedField) E inst
                          (@InnerProductSpace.toNormedSpace Real E Real.instRCLike
                            (@NormedAddCommGroup.toSeminormedAddCommGroup E inst) inst_1)
                          Real Real.normedAddCommGroup
                          (@InnerProductSpace.toNormedSpace Real Real Real.instRCLike
                            (@NormedAddCommGroup.toSeminormedAddCommGroup Real Real.normedAddCommGroup)
                            (@RCLike.toInnerProductSpaceReal Real Real.instRCLike))
                          (@OfNat.ofNat (WithTop ENat) (nat_lit 2)
                            (@instOfNatAtLeastTwo (WithTop ENat) (nat_lit 2) (@WithTop.natCast ENat ENat.instNatCast)
                              ⋯))
                          V →
                        (∀ (x v : E),
                            And
                              (@LE.le Real Real.instLE
                                (@HMul.hMul Real Real Real (@instHMul Real Real.instMul) (↑α)
                                  (@HPow.hPow Real Nat Real
                                    (@instHPow Real Nat (@NPow.toPow Real (@Monoid.toNPow Real Real.instMonoid)))
                                    (@norm E (@NormedAddCommGroup.toNorm E inst) v)
                                    (@OfNat.ofNat Nat (nat_lit 2) (instOfNatNat (nat_lit 2)))))
                                (@DFunLike.coe
                                  (@ContinuousLinearMap Real Real
                                    (@DivisionSemiring.toSemiring Real
                                      (@Semifield.toDivisionSemiring Real
                                        (@Field.toSemifield Real
                                          (@NormedField.toField Real
                                            (@NontriviallyNormedField.toNormedField Real
                                              (@DenselyNormedField.toNontriviallyNormedField Real
                                                Real.denselyNormedField))))))
                                    (@DivisionSemiring.toSemiring Real
                                      (@Semifield.toDivisionSemiring Real
                                        (@Field.toSemifield Real
                                          (@NormedField.toField Real
                                            (@NontriviallyNormedField.toNormedField Real
                                              (@DenselyNormedField.toNontriviallyNormedField Real
                                                Real.denselyNormedField))))))
                                    (@RingHom.id Real
                                      (@Semiring.toNonAssocSemiring Real
                                        (@DivisionSemiring.toSemiring Real
                                          (@Semifield.toDivisionSemiring Real
                                            (@Field.toSemifield Real
                                              (@NormedField.toField Real
                                                (@NontriviallyNormedField.toNormedField Real
                                                  (@DenselyNormedField.toNontriviallyNormedField Real
                                                    Real.denselyNormedField))))))))
                                    E
                                    (@UniformSpace.toTopologicalSpace E
                                      (@PseudoMetricSpace.toUniformSpace E
                                        (@SeminormedAddCommGroup.toPseudoMetricSpace E
                                          (@NormedAddCommGroup.toSeminormedAddCommGroup E inst))))
                                    (@AddCommGroup.toAddCommMonoid E (@NormedAddCommGroup.toAddCommGroup E inst)) Real
                                    (@UniformSpace.toTopologicalSpace Real
                                      (@PseudoMetricSpace.toUniformSpace Real Real.pseudoMetricSpace))
                                    (@AddCommGroup.toAddCommMonoid Real Real.instAddCommGroup)
                                    (@NormedSpace.toModule Real E Real.normedField
                                      (@NormedAddCommGroup.toSeminormedAddCommGroup E inst)
                                      (@InnerProductSpace.toNormedSpace Real E Real.instRCLike
                                        (@NormedAddCommGroup.toSeminormedAddCommGroup E inst) inst_1))
                                    (@Semiring.toModule Real
                                      (@DivisionSemiring.toSemiring Real
                                        (@Semifield.toDivisionSemiring Real
                                          (@Field.toSemifield Real
                                            (@NormedField.toField Real
                                              (@NontriviallyNormedField.toNormedField Real
                                                (@DenselyNormedField.toNontriviallyNormedField Real
                                                  Real.denselyNormedField))))))))
                                  E (fun x => Real)
                                  (@ContinuousLinearMap.funLike Real Real
                                    (@DivisionSemiring.toSemiring Real
                                      (@Semifield.toDivisionSemiring Real
                                        (@Field.toSemifield Real
                                          (@NormedField.toField Real
                                            (@NontriviallyNormedField.toNormedField Real
                                              (@DenselyNormedField.toNontriviallyNormedField Real
                                                Real.denselyNormedField))))))
                                    (@DivisionSemiring.toSemiring Real
                                      (@Semifield.toDivisionSemiring Real
                                        (@Field.toSemifield Real
                                          (@NormedField.toField Real
                                            (@NontriviallyNormedField.toNormedField Real
                                              (@DenselyNormedField.toNontriviallyNormedField Real
                                                Real.denselyNormedField))))))
                                    (@RingHom.id Real
                                      (@Semiring.toNonAssocSemiring Real
                                        (@DivisionSemiring.toSemiring Real
                                          (@Semifield.toDivisionSemiring Real
                                            (@Field.toSemifield Real
                                              (@NormedField.toField Real
                                                (@NontriviallyNormedField.toNormedField Real
                                                  (@DenselyNormedField.toNontriviallyNormedField Real
                                                    Real.denselyNormedField))))))))
                                    E
                                    (@UniformSpace.toTopologicalSpace E
                                      (@PseudoMetricSpace.toUniformSpace E
                                        (@SeminormedAddCommGroup.toPseudoMetricSpace E
                                          (@NormedAddCommGroup.toSeminormedAddCommGroup E inst))))
                                    (@AddCommGroup.toAddCommMonoid E (@NormedAddCommGroup.toAddCommGroup E inst)) Real
                                    (@UniformSpace.toTopologicalSpace Real
                                      (@PseudoMetricSpace.toUniformSpace Real Real.pseudoMetricSpace))
                                    (@AddCommGroup.toAddCommMonoid Real Real.instAddCommGroup)
                                    (@NormedSpace.toModule Real E Real.normedField
                                      (@NormedAddCommGroup.toSeminormedAddCommGroup E inst)
                                      (@InnerProductSpace.toNormedSpace Real E Real.instRCLike
                                        (@NormedAddCommGroup.toSeminormedAddCommGroup E inst) inst_1))
                                    (@Semiring.toModule Real
                                      (@DivisionSemiring.toSemiring Real
                                        (@Semifield.toDivisionSemiring Real
                                          (@Field.toSemifield Real
                                            (@NormedField.toField Real
                                              (@NontriviallyNormedField.toNormedField Real
                                                (@DenselyNormedField.toNontriviallyNormedField Real
                                                  Real.denselyNormedField))))))))
                                  (@DFunLike.coe
                                    (@ContinuousLinearMap Real Real
                                      (@DivisionSemiring.toSemiring Real
                                        (@Semifield.toDivisionSemiring Real
                                          (@Field.toSemifield Real
                                            (@NormedField.toField Real
                                              (@NontriviallyNormedField.toNormedField Real
                                                (@DenselyNormedField.toNontriviallyNormedField Real
                                                  Real.denselyNormedField))))))
                                      (@DivisionSemiring.toSemiring Real
                                        (@Semifield.toDivisionSemiring Real
                                          (@Field.toSemifield Real
                                            (@NormedField.toField Real
                                              (@NontriviallyNormedField.toNormedField Real
                                                (@DenselyNormedField.toNontriviallyNormedField Real
                                                  Real.denselyNormedField))))))
                                      (@RingHom.id Real
                                        (@Semiring.toNonAssocSemiring Real
                                          (@DivisionSemiring.toSemiring Real
                                            (@Semifield.toDivisionSemiring Real
                                              (@Field.toSemifield Real
                                                (@NormedField.toField Real
                                                  (@NontriviallyNormedField.toNormedField Real
                                                    (@DenselyNormedField.toNontriviallyNormedField Real
                                                      Real.denselyNormedField))))))))
                                      E
                                      (@UniformSpace.toTopologicalSpace E
                                        (@PseudoMetricSpace.toUniformSpace E
                                          (@SeminormedAddCommGroup.toPseudoMetricSpace E
                                            (@NormedAddCommGroup.toSeminormedAddCommGroup E inst))))
                                      (@AddCommGroup.toAddCommMonoid E (@NormedAddCommGroup.toAddCommGroup E inst))
                                      (@ContinuousLinearMap Real Real
                                        (@DivisionSemiring.toSemiring Real
                                          (@Semifield.toDivisionSemiring Real
                                            (@Field.toSemifield Real
                                              (@NormedField.toField Real
                                                (@NontriviallyNormedField.toNormedField Real
                                                  (@DenselyNormedField.toNontriviallyNormedField Real
                                                    Real.denselyNormedField))))))
                                        (@DivisionSemiring.toSemiring Real
                                          (@Semifield.toDivisionSemiring Real
                                            (@Field.toSemifield Real
                                              (@NormedField.toField Real
                                                (@NontriviallyNormedField.toNormedField Real
                                                  (@DenselyNormedField.toNontriviallyNormedField Real
                                                    Real.denselyNormedField))))))
                                        (@RingHom.id Real
                                          (@Semiring.toNonAssocSemiring Real
                                            (@DivisionSemiring.toSemiring Real
                                              (@Semifield.toDivisionSemiring Real
                                                (@Field.toSemifield Real
                                                  (@NormedField.toField Real
                                                    (@NontriviallyNormedField.toNormedField Real
                                                      (@DenselyNormedField.toNontriviallyNormedField Real
                                                        Real.denselyNormedField))))))))
                                        E
                                        (@UniformSpace.toTopologicalSpace E
                                          (@PseudoMetricSpace.toUniformSpace E
                                            (@SeminormedAddCommGroup.toPseudoMetricSpace E
                                              (@NormedAddCommGroup.toSeminormedAddCommGroup E inst))))
                                        (@AddCommGroup.toAddCommMonoid E (@NormedAddCommGroup.toAddCommGroup E inst))
                                        Real
                                        (@UniformSpace.toTopologicalSpace Real
                                          (@PseudoMetricSpace.toUniformSpace Real Real.pseudoMetricSpace))
                                        (@AddCommGroup.toAddCommMonoid Real Real.instAddCommGroup)
                                        (@NormedSpace.toModule Real E Real.normedField
                                          (@NormedAddCommGroup.toSeminormedAddCommGroup E inst)
                                          (@InnerProductSpace.toNormedSpace Real E Real.instRCLike
                                            (@NormedAddCommGroup.toSeminormedAddCommGroup E inst) inst_1))
                                        (@Semiring.toModule Real
                                          (@DivisionSemiring.toSemiring Real
                                            (@Semifield.toDivisionSemiring Real
                                              (@Field.toSemifield Real
                                                (@NormedField.toField Real
                                                  (@NontriviallyNormedField.toNormedField Real
                                                    (@DenselyNormedField.toNontriviallyNormedField Real
                                                      Real.denselyNormedField))))))))
                                      (@ContinuousLinearMap.topologicalSpace Real Real Real.normedField Real.normedField
                                        (@RingHom.id Real
                                          (@Semiring.toNonAssocSemiring Real
                                            (@DivisionSemiring.toSemiring Real
                                              (@Semifield.toDivisionSemiring Real
                                                (@Field.toSemifield Real
                                                  (@NormedField.toField Real
                                                    (@NontriviallyNormedField.toNormedField Real
                                                      (@DenselyNormedField.toNontriviallyNormedField Real
                                                        Real.denselyNormedField))))))))
                                        E Real (@NormedAddCommGroup.toAddCommGroup E inst)
                                        (@NormedSpace.toModule Real E Real.normedField
                                          (@NormedAddCommGroup.toSeminormedAddCommGroup E inst)
                                          (@InnerProductSpace.toNormedSpace Real E Real.instRCLike
                                            (@NormedAddCommGroup.toSeminormedAddCommGroup E inst) inst_1))
                                        Real.instAddCommGroup
                                        (@Semiring.toModule Real
                                          (@DivisionSemiring.toSemiring Real
                                            (@Semifield.toDivisionSemiring Real
                                              (@Field.toSemifield Real
                                                (@NormedField.toField Real
                                                  (@NontriviallyNormedField.toNormedField Real
                                                    (@DenselyNormedField.toNontriviallyNormedField Real
                                                      Real.denselyNormedField)))))))
                                        (@UniformSpace.toTopologicalSpace E
                                          (@PseudoMetricSpace.toUniformSpace E
                                            (@SeminormedAddCommGroup.toPseudoMetricSpace E
                                              (@NormedAddCommGroup.toSeminormedAddCommGroup E inst))))
                                        (@UniformSpace.toTopologicalSpace Real
                                          (@PseudoMetricSpace.toUniformSpace Real Real.pseudoMetricSpace))
                                        instIsTopologicalAddGroupReal)
                                      (@AddCommGroup.toAddCommMonoid
                                        (@ContinuousLinearMap Real Real
                                          (@DivisionSemiring.toSemiring Real
                                            (@Semifield.toDivisionSemiring Real
                                              (@Field.toSemifield Real
                                                (@NormedField.toField Real
                                                  (@NontriviallyNormedField.toNormedField Real
                                                    (@DenselyNormedField.toNontriviallyNormedField Real
                                                      Real.denselyNormedField))))))
                                          (@DivisionSemiring.toSemiring Real
                                            (@Semifield.toDivisionSemiring Real
                                              (@Field.toSemifield Real
                                                (@NormedField.toField Real
                                                  (@NontriviallyNormedField.toNormedField Real
                                                    (@DenselyNormedField.toNontriviallyNormedField Real
                                                      Real.denselyNormedField))))))
                                          (@RingHom.id Real
                                            (@Semiring.toNonAssocSemiring Real
                                              (@DivisionSemiring.toSemiring Real
                                                (@Semifield.toDivisionSemiring Real
                                                  (@Field.toSemifield Real
                                                    (@NormedField.toField Real
                                                      (@NontriviallyNormedField.toNormedField Real
                                                        (@DenselyNormedField.toNontriviallyNormedField Real
                                                          Real.denselyNormedField))))))))
                                          E
                                          (@UniformSpace.toTopologicalSpace E
                                            (@PseudoMetricSpace.toUniformSpace E
                                              (@SeminormedAddCommGroup.toPseudoMetricSpace E
                                                (@NormedAddCommGroup.toSeminormedAddCommGroup E inst))))
                                          (@AddCommGroup.toAddCommMonoid E (@NormedAddCommGroup.toAddCommGroup E inst))
                                          Real
                                          (@UniformSpace.toTopologicalSpace Real
                                            (@PseudoMetricSpace.toUniformSpace Real Real.pseudoMetricSpace))
                                          (@AddCommGroup.toAddCommMonoid Real Real.instAddCommGroup)
                                          (@NormedSpace.toModule Real E Real.normedField
                                            (@NormedAddCommGroup.toSeminormedAddCommGroup E inst)
                                            (@InnerProductSpace.toNormedSpace Real E Real.instRCLike
                                              (@NormedAddCommGroup.toSeminormedAddCommGroup E inst) inst_1))
                                          (@Semiring.toModule Real
                                            (@DivisionSemiring.toSemiring Real
                                              (@Semifield.toDivisionSemiring Real
                                                (@Field.toSemifield Real
                                                  (@NormedField.toField Real
                                                    (@NontriviallyNormedField.toNormedField Real
                                                      (@DenselyNormedField.toNontriviallyNormedField Real
                                                        Real.denselyNormedField))))))))
                                        (@ContinuousLinearMap.addCommGroup Real Real.instRing Real Real.instRing E
                                          (@UniformSpace.toTopologicalSpace E
                                            (@PseudoMetricSpace.toUniformSpace E
                                              (@SeminormedAddCommGroup.toPseudoMetricSpace E
                                                (@NormedAddCommGroup.toSeminormedAddCommGroup E inst))))
                                          (@NormedAddCommGroup.toAddCommGroup E inst) Real
                                          (@UniformSpace.toTopologicalSpace Real
                                            (@PseudoMetricSpace.toUniformSpace Real Real.pseudoMetricSpace))
                                          Real.instAddCommGroup
                                          (@NormedSpace.toModule Real E Real.normedField
                                            (@NormedAddCommGroup.toSeminormedAddCommGroup E inst)
                                            (@InnerProductSpace.toNormedSpace Real E Real.instRCLike
                                              (@NormedAddCommGroup.toSeminormedAddCommGroup E inst) inst_1))
                                          (@Semiring.toModule Real
                                            (@DivisionSemiring.toSemiring Real
                                              (@Semifield.toDivisionSemiring Real
                                                (@Field.toSemifield Real
                                                  (@NormedField.toField Real
                                                    (@NontriviallyNormedField.toNormedField Real
                                                      (@DenselyNormedField.toNontriviallyNormedField Real
                                                        Real.denselyNormedField)))))))
                                          (@RingHom.id Real
                                            (@Semiring.toNonAssocSemiring Real
                                              (@DivisionSemiring.toSemiring Real
                                                (@Semifield.toDivisionSemiring Real
                                                  (@Field.toSemifield Real
                                                    (@NormedField.toField Real
                                                      (@NontriviallyNormedField.toNormedField Real
                                                        (@DenselyNormedField.toNontriviallyNormedField Real
                                                          Real.denselyNormedField))))))))
                                          instIsTopologicalAddGroupReal))
                                      (@NormedSpace.toModule Real E Real.normedField
                                        (@NormedAddCommGroup.toSeminormedAddCommGroup E inst)
                                        (@InnerProductSpace.toNormedSpace Real E Real.instRCLike
                                          (@NormedAddCommGroup.toSeminormedAddCommGroup E inst) inst_1))
                                      (@ContinuousLinearMap.module Real Real Real
                                        (@DivisionSemiring.toSemiring Real
                                          (@Semifield.toDivisionSemiring Real
                                            (@Field.toSemifield Real
                                              (@NormedField.toField Real
                                                (@NontriviallyNormedField.toNormedField Real
                                                  (@DenselyNormedField.toNontriviallyNormedField Real
                                                    Real.denselyNormedField))))))
                                        (@DivisionSemiring.toSemiring Real
                                          (@Semifield.toDivisionSemiring Real
                                            (@Field.toSemifield Real
                                              (@NormedField.toField Real
                                                (@NontriviallyNormedField.toNormedField Real
                                                  (@DenselyNormedField.toNontriviallyNormedField Real
                                                    Real.denselyNormedField))))))
                                        (@DivisionSemiring.toSemiring Real
                                          (@Semifield.toDivisionSemiring Real
                                            (@Field.toSemifield Real
                                              (@NormedField.toField Real
                                                (@NontriviallyNormedField.toNormedField Real
                                                  (@DenselyNormedField.toNontriviallyNormedField Real
                                                    Real.denselyNormedField))))))
                                        E
                                        (@UniformSpace.toTopologicalSpace E
                                          (@PseudoMetricSpace.toUniformSpace E
                                            (@SeminormedAddCommGroup.toPseudoMetricSpace E
                                              (@NormedAddCommGroup.toSeminormedAddCommGroup E inst))))
                                        (@AddCommGroup.toAddCommMonoid E (@NormedAddCommGroup.toAddCommGroup E inst))
                                        (@NormedSpace.toModule Real E Real.normedField
                                          (@NormedAddCommGroup.toSeminormedAddCommGroup E inst)
                                          (@InnerProductSpace.toNormedSpace Real E Real.instRCLike
                                            (@NormedAddCommGroup.toSeminormedAddCommGroup E inst) inst_1))
                                        Real
                                        (@UniformSpace.toTopologicalSpace Real
                                          (@PseudoMetricSpace.toUniformSpace Real Real.pseudoMetricSpace))
                                        (@AddCommGroup.toAddCommMonoid Real Real.instAddCommGroup)
                                        (@Semiring.toModule Real
                                          (@DivisionSemiring.toSemiring Real
                                            (@Semifield.toDivisionSemiring Real
                                              (@Field.toSemifield Real
                                                (@NormedField.toField Real
                                                  (@NontriviallyNormedField.toNormedField Real
                                                    (@DenselyNormedField.toNontriviallyNormedField Real
                                                      Real.denselyNormedField)))))))
                                        (@Semiring.toModule Real
                                          (@DivisionSemiring.toSemiring Real
                                            (@Semifield.toDivisionSemiring Real
                                              (@Field.toSemifield Real
                                                (@NormedField.toField Real
                                                  (@NontriviallyNormedField.toNormedField Real
                                                    (@DenselyNormedField.toNontriviallyNormedField Real
                                                      Real.denselyNormedField)))))))
                                        ⋯ ⋯
                                        (@RingHom.id Real
                                          (@Semiring.toNonAssocSemiring Real
                                            (@DivisionSemiring.toSemiring Real
                                              (@Semifield.toDivisionSemiring Real
                                                (@Field.toSemifield Real
                                                  (@NormedField.toField Real
                                                    (@NontriviallyNormedField.toNormedField Real
                                                      (@DenselyNormedField.toNontriviallyNormedField Real
                                                        Real.denselyNormedField))))))))
                                        ⋯))
                                    E
                                    (fun x =>
                                      @ContinuousLinearMap Real Real
                                        (@DivisionSemiring.toSemiring Real
                                          (@Semifield.toDivisionSemiring Real
                                            (@Field.toSemifield Real
                                              (@NormedField.toField Real
                                                (@NontriviallyNormedField.toNormedField Real
                                                  (@DenselyNormedField.toNontriviallyNormedField Real
                                                    Real.denselyNormedField))))))
                                        (@DivisionSemiring.toSemiring Real
                                          (@Semifield.toDivisionSemiring Real
                                            (@Field.toSemifield Real
                                              (@NormedField.toField Real
                                                (@NontriviallyNormedField.toNormedField Real
                                                  (@DenselyNormedField.toNontriviallyNormedField Real
                                                    Real.denselyNormedField))))))
                                        (@RingHom.id Real
                                          (@Semiring.toNonAssocSemiring Real
                                            (@DivisionSemiring.toSemiring Real
                                              (@Semifield.toDivisionSemiring Real
                                                (@Field.toSemifield Real
                                                  (@NormedField.toField Real
                                                    (@NontriviallyNormedField.toNormedField Real
                                                      (@DenselyNormedField.toNontriviallyNormedField Real
                                                        Real.denselyNormedField))))))))
                                        E
                                        (@UniformSpace.toTopologicalSpace E
                                          (@PseudoMetricSpace.toUniformSpace E
                                            (@SeminormedAddCommGroup.toPseudoMetricSpace E
                                              (@NormedAddCommGroup.toSeminormedAddCommGroup E inst))))
                                        (@AddCommGroup.toAddCommMonoid E (@NormedAddCommGroup.toAddCommGroup E inst))
                                        Real
                                        (@UniformSpace.toTopologicalSpace Real
                                          (@PseudoMetricSpace.toUniformSpace Real Real.pseudoMetricSpace))
                                        (@AddCommGroup.toAddCommMonoid Real Real.instAddCommGroup)
                                        (@NormedSpace.toModule Real E Real.normedField
                                          (@NormedAddCommGroup.toSeminormedAddCommGroup E inst)
                                          (@InnerProductSpace.toNormedSpace Real E Real.instRCLike
                                            (@NormedAddCommGroup.toSeminormedAddCommGroup E inst) inst_1))
                                        (@Semiring.toModule Real
                                          (@DivisionSemiring.toSemiring Real
                                            (@Semifield.toDivisionSemiring Real
                                              (@Field.toSemifield Real
                                                (@NormedField.toField Real
                                                  (@NontriviallyNormedField.toNormedField Real
                                                    (@DenselyNormedField.toNontriviallyNormedField Real
                                                      Real.denselyNormedField))))))))
                                    (@ContinuousLinearMap.funLike Real Real
                                      (@DivisionSemiring.toSemiring Real
                                        (@Semifield.toDivisionSemiring Real
                                          (@Field.toSemifield Real
                                            (@NormedField.toField Real
                                              (@NontriviallyNormedField.toNormedField Real
                                                (@DenselyNormedField.toNontriviallyNormedField Real
                                                  Real.denselyNormedField))))))
                                      (@DivisionSemiring.toSemiring Real
                                        (@Semifield.toDivisionSemiring Real
                                          (@Field.toSemifield Real
                                            (@NormedField.toField Real
                                              (@NontriviallyNormedField.toNormedField Real
                                                (@DenselyNormedField.toNontriviallyNormedField Real
                                                  Real.denselyNormedField))))))
                                      (@RingHom.id Real
                                        (@Semiring.toNonAssocSemiring Real
                                          (@DivisionSemiring.toSemiring Real
                                            (@Semifield.toDivisionSemiring Real
                                              (@Field.toSemifield Real
                                                (@NormedField.toField Real
                                                  (@NontriviallyNormedField.toNormedField Real
                                                    (@DenselyNormedField.toNontriviallyNormedField Real
                                                      Real.denselyNormedField))))))))
                                      E
                                      (@UniformSpace.toTopologicalSpace E
                                        (@PseudoMetricSpace.toUniformSpace E
                                          (@SeminormedAddCommGroup.toPseudoMetricSpace E
                                            (@NormedAddCommGroup.toSeminormedAddCommGroup E inst))))
                                      (@AddCommGroup.toAddCommMonoid E (@NormedAddCommGroup.toAddCommGroup E inst))
                                      (@ContinuousLinearMap Real Real
                                        (@DivisionSemiring.toSemiring Real
                                          (@Semifield.toDivisionSemiring Real
                                            (@Field.toSemifield Real
                                              (@NormedField.toField Real
                                                (@NontriviallyNormedField.toNormedField Real
                                                  (@DenselyNormedField.toNontriviallyNormedField Real
                                                    Real.denselyNormedField))))))
                                        (@DivisionSemiring.toSemiring Real
                                          (@Semifield.toDivisionSemiring Real
                                            (@Field.toSemifield Real
                                              (@NormedField.toField Real
                                                (@NontriviallyNormedField.toNormedField Real
                                                  (@DenselyNormedField.toNontriviallyNormedField Real
                                                    Real.denselyNormedField))))))
                                        (@RingHom.id Real
                                          (@Semiring.toNonAssocSemiring Real
                                            (@DivisionSemiring.toSemiring Real
                                              (@Semifield.toDivisionSemiring Real
                                                (@Field.toSemifield Real
                                                  (@NormedField.toField Real
                                                    (@NontriviallyNormedField.toNormedField Real
                                                      (@DenselyNormedField.toNontriviallyNormedField Real
                                                        Real.denselyNormedField))))))))
                                        E
                                        (@UniformSpace.toTopologicalSpace E
                                          (@PseudoMetricSpace.toUniformSpace E
                                            (@SeminormedAddCommGroup.toPseudoMetricSpace E
                                              (@NormedAddCommGroup.toSeminormedAddCommGroup E inst))))
                                        (@AddCommGroup.toAddCommMonoid E (@NormedAddCommGroup.toAddCommGroup E inst))
                                        Real
                                        (@UniformSpace.toTopologicalSpace Real
                                          (@PseudoMetricSpace.toUniformSpace Real Real.pseudoMetricSpace))
                                        (@AddCommGroup.toAddCommMonoid Real Real.instAddCommGroup)
                                        (@NormedSpace.toModule Real E Real.normedField
                                          (@NormedAddCommGroup.toSeminormedAddCommGroup E inst)
                                          (@InnerProductSpace.toNormedSpace Real E Real.instRCLike
                                            (@NormedAddCommGroup.toSeminormedAddCommGroup E inst) inst_1))
                                        (@Semiring.toModule Real
                                          (@DivisionSemiring.toSemiring Real
                                            (@Semifield.toDivisionSemiring Real
                                              (@Field.toSemifield Real
                                                (@NormedField.toField Real
                                                  (@NontriviallyNormedField.toNormedField Real
                                                    (@DenselyNormedField.toNontriviallyNormedField Real
                                                      Real.denselyNormedField))))))))
                                      (@ContinuousLinearMap.topologicalSpace Real Real Real.normedField Real.normedField
                                        (@RingHom.id Real
                                          (@Semiring.toNonAssocSemiring Real
                                            (@DivisionSemiring.toSemiring Real
                                              (@Semifield.toDivisionSemiring Real
                                                (@Field.toSemifield Real
                                                  (@NormedField.toField Real
                                                    (@NontriviallyNormedField.toNormedField Real
                                                      (@DenselyNormedField.toNontriviallyNormedField Real
                                                        Real.denselyNormedField))))))))
                                        E Real (@NormedAddCommGroup.toAddCommGroup E inst)
                                        (@NormedSpace.toModule Real E Real.normedField
                                          (@NormedAddCommGroup.toSeminormedAddCommGroup E inst)
                                          (@InnerProductSpace.toNormedSpace Real E Real.instRCLike
                                            (@NormedAddCommGroup.toSeminormedAddCommGroup E inst) inst_1))
                                        Real.instAddCommGroup
                                        (@Semiring.toModule Real
                                          (@DivisionSemiring.toSemiring Real
                                            (@Semifield.toDivisionSemiring Real
                                              (@Field.toSemifield Real
                                                (@NormedField.toField Real
                                                  (@NontriviallyNormedField.toNormedField Real
                                                    (@DenselyNormedField.toNontriviallyNormedField Real
                                                      Real.denselyNormedField)))))))
                                        (@UniformSpace.toTopologicalSpace E
                                          (@PseudoMetricSpace.toUniformSpace E
                                            (@SeminormedAddCommGroup.toPseudoMetricSpace E
                                              (@NormedAddCommGroup.toSeminormedAddCommGroup E inst))))
                                        (@UniformSpace.toTopologicalSpace Real
                                          (@PseudoMetricSpace.toUniformSpace Real Real.pseudoMetricSpace))
                                        instIsTopologicalAddGroupReal)
                                      (@AddCommGroup.toAddCommMonoid
                                        (@ContinuousLinearMap Real Real
                                          (@DivisionSemiring.toSemiring Real
                                            (@Semifield.toDivisionSemiring Real
                                              (@Field.toSemifield Real
                                                (@NormedField.toField Real
                                                  (@NontriviallyNormedField.toNormedField Real
                                                    (@DenselyNormedField.toNontriviallyNormedField Real
                                                      Real.denselyNormedField))))))
                                          (@DivisionSemiring.toSemiring Real
                                            (@Semifield.toDivisionSemiring Real
                                              (@Field.toSemifield Real
                                                (@NormedField.toField Real
                                                  (@NontriviallyNormedField.toNormedField Real
                                                    (@DenselyNormedField.toNontriviallyNormedField Real
                                                      Real.denselyNormedField))))))
                                          (@RingHom.id Real
                                            (@Semiring.toNonAssocSemiring Real
                                              (@DivisionSemiring.toSemiring Real
                                                (@Semifield.toDivisionSemiring Real
                                                  (@Field.toSemifield Real
                                                    (@NormedField.toField Real
                                                      (@NontriviallyNormedField.toNormedField Real
                                                        (@DenselyNormedField.toNontriviallyNormedField Real
                                                          Real.denselyNormedField))))))))
                                          E
                                          (@UniformSpace.toTopologicalSpace E
                                            (@PseudoMetricSpace.toUniformSpace E
                                              (@SeminormedAddCommGroup.toPseudoMetricSpace E
                                                (@NormedAddCommGroup.toSeminormedAddCommGroup E inst))))
                                          (@AddCommGroup.toAddCommMonoid E (@NormedAddCommGroup.toAddCommGroup E inst))
                                          Real
                                          (@UniformSpace.toTopologicalSpace Real
                                            (@PseudoMetricSpace.toUniformSpace Real Real.pseudoMetricSpace))
                                          (@AddCommGroup.toAddCommMonoid Real Real.instAddCommGroup)
                                          (@NormedSpace.toModule Real E Real.normedField
                                            (@NormedAddCommGroup.toSeminormedAddCommGroup E inst)
                                            (@InnerProductSpace.toNormedSpace Real E Real.instRCLike
                                              (@NormedAddCommGroup.toSeminormedAddCommGroup E inst) inst_1))
                                          (@Semiring.toModule Real
                                            (@DivisionSemiring.toSemiring Real
                                              (@Semifield.toDivisionSemiring Real
                                                (@Field.toSemifield Real
                                                  (@NormedField.toField Real
                                                    (@NontriviallyNormedField.toNormedField Real
                                                      (@DenselyNormedField.toNontriviallyNormedField Real
                                                        Real.denselyNormedField))))))))
                                        (@ContinuousLinearMap.addCommGroup Real Real.instRing Real Real.instRing E
                                          (@UniformSpace.toTopologicalSpace E
                                            (@PseudoMetricSpace.toUniformSpace E
                                              (@SeminormedAddCommGroup.toPseudoMetricSpace E
                                                (@NormedAddCommGroup.toSeminormedAddCommGroup E inst))))
                                          (@NormedAddCommGroup.toAddCommGroup E inst) Real
                                          (@UniformSpace.toTopologicalSpace Real
                                            (@PseudoMetricSpace.toUniformSpace Real Real.pseudoMetricSpace))
                                          Real.instAddCommGroup
                                          (@NormedSpace.toModule Real E Real.normedField
                                            (@NormedAddCommGroup.toSeminormedAddCommGroup E inst)
                                            (@InnerProductSpace.toNormedSpace Real E Real.instRCLike
                                              (@NormedAddCommGroup.toSeminormedAddCommGroup E inst) inst_1))
                                          (@Semiring.toModule Real
                                            (@DivisionSemiring.toSemiring Real
                                              (@Semifield.toDivisionSemiring Real
                                                (@Field.toSemifield Real
                                                  (@NormedField.toField Real
                                                    (@NontriviallyNormedField.toNormedField Real
                                                      (@DenselyNormedField.toNontriviallyNormedField Real
                                                        Real.denselyNormedField)))))))
                                          (@RingHom.id Real
                                            (@Semiring.toNonAssocSemiring Real
                                              (@DivisionSemiring.toSemiring Real
                                                (@Semifield.toDivisionSemiring Real
                                                  (@Field.toSemifield Real
                                                    (@NormedField.toField Real
                                                      (@NontriviallyNormedField.toNormedField Real
                                                        (@DenselyNormedField.toNontriviallyNormedField Real
                                                          Real.denselyNormedField))))))))
                                          instIsTopologicalAddGroupReal))
                                      (@NormedSpace.toModule Real E Real.normedField
                                        (@NormedAddCommGroup.toSeminormedAddCommGroup E inst)
                                        (@InnerProductSpace.toNormedSpace Real E Real.instRCLike
                                          (@NormedAddCommGroup.toSeminormedAddCommGroup E inst) inst_1))
                                      (@ContinuousLinearMap.module Real Real Real
                                        (@DivisionSemiring.toSemiring Real
                                          (@Semifield.toDivisionSemiring Real
                                            (@Field.toSemifield Real
                                              (@NormedField.toField Real
                                                (@NontriviallyNormedField.toNormedField Real
                                                  (@DenselyNormedField.toNontriviallyNormedField Real
                                                    Real.denselyNormedField))))))
                                        (@DivisionSemiring.toSemiring Real
                                          (@Semifield.toDivisionSemiring Real
                                            (@Field.toSemifield Real
                                              (@NormedField.toField Real
                                                (@NontriviallyNormedField.toNormedField Real
                                                  (@DenselyNormedField.toNontriviallyNormedField Real
                                                    Real.denselyNormedField))))))
                                        (@DivisionSemiring.toSemiring Real
                                          (@Semifield.toDivisionSemiring Real
                                            (@Field.toSemifield Real
                                              (@NormedField.toField Real
                                                (@NontriviallyNormedField.toNormedField Real
                                                  (@DenselyNormedField.toNontriviallyNormedField Real
                                                    Real.denselyNormedField))))))
                                        E
                                        (@UniformSpace.toTopologicalSpace E
                                          (@PseudoMetricSpace.toUniformSpace E
                                            (@SeminormedAddCommGroup.toPseudoMetricSpace E
                                              (@NormedAddCommGroup.toSeminormedAddCommGroup E inst))))
                                        (@AddCommGroup.toAddCommMonoid E (@NormedAddCommGroup.toAddCommGroup E inst))
                                        (@NormedSpace.toModule Real E Real.normedField
                                          (@NormedAddCommGroup.toSeminormedAddCommGroup E inst)
                                          (@InnerProductSpace.toNormedSpace Real E Real.instRCLike
                                            (@NormedAddCommGroup.toSeminormedAddCommGroup E inst) inst_1))
                                        Real
                                        (@UniformSpace.toTopologicalSpace Real
                                          (@PseudoMetricSpace.toUniformSpace Real Real.pseudoMetricSpace))
                                        (@AddCommGroup.toAddCommMonoid Real Real.instAddCommGroup)
                                        (@Semiring.toModule Real
                                          (@DivisionSemiring.toSemiring Real
                                            (@Semifield.toDivisionSemiring Real
                                              (@Field.toSemifield Real
                                                (@NormedField.toField Real
                                                  (@NontriviallyNormedField.toNormedField Real
                                                    (@DenselyNormedField.toNontriviallyNormedField Real
                                                      Real.denselyNormedField)))))))
                                        (@Semiring.toModule Real
                                          (@DivisionSemiring.toSemiring Real
                                            (@Semifield.toDivisionSemiring Real
                                              (@Field.toSemifield Real
                                                (@NormedField.toField Real
                                                  (@NontriviallyNormedField.toNormedField Real
                                                    (@DenselyNormedField.toNontriviallyNormedField Real
                                                      Real.denselyNormedField)))))))
                                        ⋯ ⋯
                                        (@RingHom.id Real
                                          (@Semiring.toNonAssocSemiring Real
                                            (@DivisionSemiring.toSemiring Real
                                              (@Semifield.toDivisionSemiring Real
                                                (@Field.toSemifield Real
                                                  (@NormedField.toField Real
                                                    (@NontriviallyNormedField.toNormedField Real
                                                      (@DenselyNormedField.toNontriviallyNormedField Real
                                                        Real.denselyNormedField))))))))
                                        ⋯))
                                    (@fderiv Real
                                      (@DenselyNormedField.toNontriviallyNormedField Real Real.denselyNormedField) E
                                      (@NormedAddCommGroup.toAddCommGroup E inst)
                                      (@NormedSpace.toModule Real E Real.normedField
                                        (@NormedAddCommGroup.toSeminormedAddCommGroup E inst)
                                        (@InnerProductSpace.toNormedSpace Real E Real.instRCLike
                                          (@NormedAddCommGroup.toSeminormedAddCommGroup E inst) inst_1))
                                      (@UniformSpace.toTopologicalSpace E
                                        (@PseudoMetricSpace.toUniformSpace E
                                          (@SeminormedAddCommGroup.toPseudoMetricSpace E
                                            (@NormedAddCommGroup.toSeminormedAddCommGroup E inst))))
                                      (@ContinuousLinearMap Real Real
                                        (@DivisionSemiring.toSemiring Real
                                          (@Semifield.toDivisionSemiring Real
                                            (@Field.toSemifield Real
                                              (@NormedField.toField Real
                                                (@NontriviallyNormedField.toNormedField Real
                                                  (@DenselyNormedField.toNontriviallyNormedField Real
                                                    Real.denselyNormedField))))))
                                        (@DivisionSemiring.toSemiring Real
                                          (@Semifield.toDivisionSemiring Real
                                            (@Field.toSemifield Real
                                              (@NormedField.toField Real
                                                (@NontriviallyNormedField.toNormedField Real
                                                  (@DenselyNormedField.toNontriviallyNormedField Real
                                                    Real.denselyNormedField))))))
                                        (@RingHom.id Real
                                          (@Semiring.toNonAssocSemiring Real
                                            (@DivisionSemiring.toSemiring Real
                                              (@Semifield.toDivisionSemiring Real
                                                (@Field.toSemifield Real
                                                  (@NormedField.toField Real
                                                    (@NontriviallyNormedField.toNormedField Real
                                                      (@DenselyNormedField.toNontriviallyNormedField Real
                                                        Real.denselyNormedField))))))))
                                        E
                                        (@UniformSpace.toTopologicalSpace E
                                          (@PseudoMetricSpace.toUniformSpace E
                                            (@SeminormedAddCommGroup.toPseudoMetricSpace E
                                              (@NormedAddCommGroup.toSeminormedAddCommGroup E inst))))
                                        (@AddCommGroup.toAddCommMonoid E (@NormedAddCommGroup.toAddCommGroup E inst))
                                        Real
                                        (@UniformSpace.toTopologicalSpace Real
                                          (@PseudoMetricSpace.toUniformSpace Real Real.pseudoMetricSpace))
                                        (@AddCommGroup.toAddCommMonoid Real Real.instAddCommGroup)
                                        (@NormedSpace.toModule Real E Real.normedField
                                          (@NormedAddCommGroup.toSeminormedAddCommGroup E inst)
                                          (@InnerProductSpace.toNormedSpace Real E Real.instRCLike
                                            (@NormedAddCommGroup.toSeminormedAddCommGroup E inst) inst_1))
                                        (@Semiring.toModule Real
                                          (@DivisionSemiring.toSemiring Real
                                            (@Semifield.toDivisionSemiring Real
                                              (@Field.toSemifield Real
                                                (@NormedField.toField Real
                                                  (@NontriviallyNormedField.toNormedField Real
                                                    (@DenselyNormedField.toNontriviallyNormedField Real
                                                      Real.denselyNormedField))))))))
                                      (@ContinuousLinearMap.addCommGroup Real Real.instRing Real Real.instRing E
                                        (@UniformSpace.toTopologicalSpace E
                                          (@PseudoMetricSpace.toUniformSpace E
                                            (@SeminormedAddCommGroup.toPseudoMetricSpace E
                                              (@NormedAddCommGroup.toSeminormedAddCommGroup E inst))))
                                        (@NormedAddCommGroup.toAddCommGroup E inst) Real
                                        (@UniformSpace.toTopologicalSpace Real
                                          (@PseudoMetricSpace.toUniformSpace Real Real.pseudoMetricSpace))
                                        Real.instAddCommGroup
                                        (@NormedSpace.toModule Real E Real.normedField
                                          (@NormedAddCommGroup.toSeminormedAddCommGroup E inst)
                                          (@InnerProductSpace.toNormedSpace Real E Real.instRCLike
                                            (@NormedAddCommGroup.toSeminormedAddCommGroup E inst) inst_1))
                                        (@Semiring.toModule Real
                                          (@DivisionSemiring.toSemiring Real
                                            (@Semifield.toDivisionSemiring Real
                                              (@Field.toSemifield Real
                                                (@NormedField.toField Real
                                                  (@NontriviallyNormedField.toNormedField Real
                                                    (@DenselyNormedField.toNontriviallyNormedField Real
                                                      Real.denselyNormedField)))))))
                                        (@RingHom.id Real
                                          (@Semiring.toNonAssocSemiring Real
                                            (@DivisionSemiring.toSemiring Real
                                              (@Semifield.toDivisionSemiring Real
                                                (@Field.toSemifield Real
                                                  (@NormedField.toField Real
                                                    (@NontriviallyNormedField.toNormedField Real
                                                      (@DenselyNormedField.toNontriviallyNormedField Real
                                                        Real.denselyNormedField))))))))
                                        instIsTopologicalAddGroupReal)
                                      (@ContinuousLinearMap.module Real Real Real
                                        (@DivisionSemiring.toSemiring Real
                                          (@Semifield.toDivisionSemiring Real
                                            (@Field.toSemifield Real
                                              (@NormedField.toField Real
                                                (@NontriviallyNormedField.toNormedField Real
                                                  (@DenselyNormedField.toNontriviallyNormedField Real
                                                    Real.denselyNormedField))))))
                                        (@DivisionSemiring.toSemiring Real
                                          (@Semifield.toDivisionSemiring Real
                                            (@Field.toSemifield Real
                                              (@NormedField.toField Real
                                                (@NontriviallyNormedField.toNormedField Real
                                                  (@DenselyNormedField.toNontriviallyNormedField Real
                                                    Real.denselyNormedField))))))
                                        (@DivisionSemiring.toSemiring Real
                                          (@Semifield.toDivisionSemiring Real
                                            (@Field.toSemifield Real
                                              (@NormedField.toField Real
                                                (@NontriviallyNormedField.toNormedField Real
                                                  (@DenselyNormedField.toNontriviallyNormedField Real
                                                    Real.denselyNormedField))))))
                                        E
                                        (@UniformSpace.toTopologicalSpace E
                                          (@PseudoMetricSpace.toUniformSpace E
                                            (@SeminormedAddCommGroup.toPseudoMetricSpace E
                                              (@NormedAddCommGroup.toSeminormedAddCommGroup E inst))))
                                        (@AddCommGroup.toAddCommMonoid E (@NormedAddCommGroup.toAddCommGroup E inst))
                                        (@NormedSpace.toModule Real E Real.normedField
                                          (@NormedAddCommGroup.toSeminormedAddCommGroup E inst)
                                          (@InnerProductSpace.toNormedSpace Real E Real.instRCLike
                                            (@NormedAddCommGroup.toSeminormedAddCommGroup E inst) inst_1))
                                        Real
                                        (@UniformSpace.toTopologicalSpace Real
                                          (@PseudoMetricSpace.toUniformSpace Real Real.pseudoMetricSpace))
                                        (@AddCommGroup.toAddCommMonoid Real Real.instAddCommGroup)
                                        (@Semiring.toModule Real
                                          (@DivisionSemiring.toSemiring Real
                                            (@Semifield.toDivisionSemiring Real
                                              (@Field.toSemifield Real
                                                (@NormedField.toField Real
                                                  (@NontriviallyNormedField.toNormedField Real
                                                    (@DenselyNormedField.toNontriviallyNormedField Real
                                                      Real.denselyNormedField)))))))
                                        (@Semiring.toModule Real
                                          (@DivisionSemiring.toSemiring Real
                                            (@Semifield.toDivisionSemiring Real
                                              (@Field.toSemifield Real
                                                (@NormedField.toField Real
                                                  (@NontriviallyNormedField.toNormedField Real
                                                    (@DenselyNormedField.toNontriviallyNormedField Real
                                                      Real.denselyNormedField)))))))
                                        ⋯ ⋯
                                        (@RingHom.id Real
                                          (@Semiring.toNonAssocSemiring Real
                                            (@DivisionSemiring.toSemiring Real
                                              (@Semifield.toDivisionSemiring Real
                                                (@Field.toSemifield Real
                                                  (@NormedField.toField Real
                                                    (@NontriviallyNormedField.toNormedField Real
                                                      (@DenselyNormedField.toNontriviallyNormedField Real
                                                        Real.denselyNormedField))))))))
                                        ⋯)
                                      (@ContinuousLinearMap.topologicalSpace Real Real Real.normedField Real.normedField
                                        (@RingHom.id Real
                                          (@Semiring.toNonAssocSemiring Real
                                            (@DivisionSemiring.toSemiring Real
                                              (@Semifield.toDivisionSemiring Real
                                                (@Field.toSemifield Real
                                                  (@NormedField.toField Real
                                                    (@NontriviallyNormedField.toNormedField Real
                                                      (@DenselyNormedField.toNontriviallyNormedField Real
                                                        Real.denselyNormedField))))))))
                                        E Real (@NormedAddCommGroup.toAddCommGroup E inst)
                                        (@NormedSpace.toModule Real E Real.normedField
                                          (@NormedAddCommGroup.toSeminormedAddCommGroup E inst)
                                          (@InnerProductSpace.toNormedSpace Real E Real.instRCLike
                                            (@NormedAddCommGroup.toSeminormedAddCommGroup E inst) inst_1))
                                        Real.instAddCommGroup
                                        (@Semiring.toModule Real
                                          (@DivisionSemiring.toSemiring Real
                                            (@Semifield.toDivisionSemiring Real
                                              (@Field.toSemifield Real
                                                (@NormedField.toField Real
                                                  (@NontriviallyNormedField.toNormedField Real
                                                    (@DenselyNormedField.toNontriviallyNormedField Real
                                                      Real.denselyNormedField)))))))
                                        (@UniformSpace.toTopologicalSpace E
                                          (@PseudoMetricSpace.toUniformSpace E
                                            (@SeminormedAddCommGroup.toPseudoMetricSpace E
                                              (@NormedAddCommGroup.toSeminormedAddCommGroup E inst))))
                                        (@UniformSpace.toTopologicalSpace Real
                                          (@PseudoMetricSpace.toUniformSpace Real Real.pseudoMetricSpace))
                                        instIsTopologicalAddGroupReal)
                                      (@fderiv Real
                                        (@DenselyNormedField.toNontriviallyNormedField Real Real.denselyNormedField) E
                                        (@NormedAddCommGroup.toAddCommGroup E inst)
                                        (@NormedSpace.toModule Real E Real.normedField
                                          (@NormedAddCommGroup.toSeminormedAddCommGroup E inst)
                                          (@InnerProductSpace.toNormedSpace Real E Real.instRCLike
                                            (@NormedAddCommGroup.toSeminormedAddCommGroup E inst) inst_1))
                                        (@UniformSpace.toTopologicalSpace E
                                          (@PseudoMetricSpace.toUniformSpace E
                                            (@SeminormedAddCommGroup.toPseudoMetricSpace E
                                              (@NormedAddCommGroup.toSeminormedAddCommGroup E inst))))
                                        Real Real.instAddCommGroup
                                        (@Semiring.toModule Real
                                          (@DivisionSemiring.toSemiring Real
                                            (@Semifield.toDivisionSemiring Real
                                              (@Field.toSemifield Real
                                                (@NormedField.toField Real
                                                  (@NontriviallyNormedField.toNormedField Real
                                                    (@DenselyNormedField.toNontriviallyNormedField Real
                                                      Real.denselyNormedField)))))))
                                        (@UniformSpace.toTopologicalSpace Real
                                          (@PseudoMetricSpace.toUniformSpace Real Real.pseudoMetricSpace))
                                        V)
                                      x)
                                    v)
                                  v))
                              (@LE.le Real Real.instLE
                                (@DFunLike.coe
                                  (@ContinuousLinearMap Real Real
                                    (@DivisionSemiring.toSemiring Real
                                      (@Semifield.toDivisionSemiring Real
                                        (@Field.toSemifield Real
                                          (@NormedField.toField Real
                                            (@NontriviallyNormedField.toNormedField Real
                                              (@DenselyNormedField.toNontriviallyNormedField Real
                                                Real.denselyNormedField))))))
                                    (@DivisionSemiring.toSemiring Real
                                      (@Semifield.toDivisionSemiring Real
                                        (@Field.toSemifield Real
                                          (@NormedField.toField Real
                                            (@NontriviallyNormedField.toNormedField Real
                                              (@DenselyNormedField.toNontriviallyNormedField Real
                                                Real.denselyNormedField))))))
                                    (@RingHom.id Real
                                      (@Semiring.toNonAssocSemiring Real
                                        (@DivisionSemiring.toSemiring Real
                                          (@Semifield.toDivisionSemiring Real
                                            (@Field.toSemifield Real
                                              (@NormedField.toField Real
                                                (@NontriviallyNormedField.toNormedField Real
                                                  (@DenselyNormedField.toNontriviallyNormedField Real
                                                    Real.denselyNormedField))))))))
                                    E
                                    (@UniformSpace.toTopologicalSpace E
                                      (@PseudoMetricSpace.toUniformSpace E
                                        (@SeminormedAddCommGroup.toPseudoMetricSpace E
                                          (@NormedAddCommGroup.toSeminormedAddCommGroup E inst))))
                                    (@AddCommGroup.toAddCommMonoid E (@NormedAddCommGroup.toAddCommGroup E inst)) Real
                                    (@UniformSpace.toTopologicalSpace Real
                                      (@PseudoMetricSpace.toUniformSpace Real Real.pseudoMetricSpace))
                                    (@AddCommGroup.toAddCommMonoid Real Real.instAddCommGroup)
                                    (@NormedSpace.toModule Real E Real.normedField
                                      (@NormedAddCommGroup.toSeminormedAddCommGroup E inst)
                                      (@InnerProductSpace.toNormedSpace Real E Real.instRCLike
                                        (@NormedAddCommGroup.toSeminormedAddCommGroup E inst) inst_1))
                                    (@Semiring.toModule Real
                                      (@DivisionSemiring.toSemiring Real
                                        (@Semifield.toDivisionSemiring Real
                                          (@Field.toSemifield Real
                                            (@NormedField.toField Real
                                              (@NontriviallyNormedField.toNormedField Real
                                                (@DenselyNormedField.toNontriviallyNormedField Real
                                                  Real.denselyNormedField))))))))
                                  E (fun x => Real)
                                  (@ContinuousLinearMap.funLike Real Real
                                    (@DivisionSemiring.toSemiring Real
                                      (@Semifield.toDivisionSemiring Real
                                        (@Field.toSemifield Real
                                          (@NormedField.toField Real
                                            (@NontriviallyNormedField.toNormedField Real
                                              (@DenselyNormedField.toNontriviallyNormedField Real
                                                Real.denselyNormedField))))))
                                    (@DivisionSemiring.toSemiring Real
                                      (@Semifield.toDivisionSemiring Real
                                        (@Field.toSemifield Real
                                          (@NormedField.toField Real
                                            (@NontriviallyNormedField.toNormedField Real
                                              (@DenselyNormedField.toNontriviallyNormedField Real
                                                Real.denselyNormedField))))))
                                    (@RingHom.id Real
                                      (@Semiring.toNonAssocSemiring Real
                                        (@DivisionSemiring.toSemiring Real
                                          (@Semifield.toDivisionSemiring Real
                                            (@Field.toSemifield Real
                                              (@NormedField.toField Real
                                                (@NontriviallyNormedField.toNormedField Real
                                                  (@DenselyNormedField.toNontriviallyNormedField Real
                                                    Real.denselyNormedField))))))))
                                    E
                                    (@UniformSpace.toTopologicalSpace E
                                      (@PseudoMetricSpace.toUniformSpace E
                                        (@SeminormedAddCommGroup.toPseudoMetricSpace E
                                          (@NormedAddCommGroup.toSeminormedAddCommGroup E inst))))
                                    (@AddCommGroup.toAddCommMonoid E (@NormedAddCommGroup.toAddCommGroup E inst)) Real
                                    (@UniformSpace.toTopologicalSpace Real
                                      (@PseudoMetricSpace.toUniformSpace Real Real.pseudoMetricSpace))
                                    (@AddCommGroup.toAddCommMonoid Real Real.instAddCommGroup)
                                    (@NormedSpace.toModule Real E Real.normedField
                                      (@NormedAddCommGroup.toSeminormedAddCommGroup E inst)
                                      (@InnerProductSpace.toNormedSpace Real E Real.instRCLike
                                        (@NormedAddCommGroup.toSeminormedAddCommGroup E inst) inst_1))
                                    (@Semiring.toModule Real
                                      (@DivisionSemiring.toSemiring Real
                                        (@Semifield.toDivisionSemiring Real
                                          (@Field.toSemifield Real
                                            (@NormedField.toField Real
                                              (@NontriviallyNormedField.toNormedField Real
                                                (@DenselyNormedField.toNontriviallyNormedField Real
                                                  Real.denselyNormedField))))))))
                                  (@DFunLike.coe
                                    (@ContinuousLinearMap Real Real
                                      (@DivisionSemiring.toSemiring Real
                                        (@Semifield.toDivisionSemiring Real
                                          (@Field.toSemifield Real
                                            (@NormedField.toField Real
                                              (@NontriviallyNormedField.toNormedField Real
                                                (@DenselyNormedField.toNontriviallyNormedField Real
                                                  Real.denselyNormedField))))))
                                      (@DivisionSemiring.toSemiring Real
                                        (@Semifield.toDivisionSemiring Real
                                          (@Field.toSemifield Real
                                            (@NormedField.toField Real
                                              (@NontriviallyNormedField.toNormedField Real
                                                (@DenselyNormedField.toNontriviallyNormedField Real
                                                  Real.denselyNormedField))))))
                                      (@RingHom.id Real
                                        (@Semiring.toNonAssocSemiring Real
                                          (@DivisionSemiring.toSemiring Real
                                            (@Semifield.toDivisionSemiring Real
                                              (@Field.toSemifield Real
                                                (@NormedField.toField Real
                                                  (@NontriviallyNormedField.toNormedField Real
                                                    (@DenselyNormedField.toNontriviallyNormedField Real
                                                      Real.denselyNormedField))))))))
                                      E
                                      (@UniformSpace.toTopologicalSpace E
                                        (@PseudoMetricSpace.toUniformSpace E
                                          (@SeminormedAddCommGroup.toPseudoMetricSpace E
                                            (@NormedAddCommGroup.toSeminormedAddCommGroup E inst))))
                                      (@AddCommGroup.toAddCommMonoid E (@NormedAddCommGroup.toAddCommGroup E inst))
                                      (@ContinuousLinearMap Real Real
                                        (@DivisionSemiring.toSemiring Real
                                          (@Semifield.toDivisionSemiring Real
                                            (@Field.toSemifield Real
                                              (@NormedField.toField Real
                                                (@NontriviallyNormedField.toNormedField Real
                                                  (@DenselyNormedField.toNontriviallyNormedField Real
                                                    Real.denselyNormedField))))))
                                        (@DivisionSemiring.toSemiring Real
                                          (@Semifield.toDivisionSemiring Real
                                            (@Field.toSemifield Real
                                              (@NormedField.toField Real
                                                (@NontriviallyNormedField.toNormedField Real
                                                  (@DenselyNormedField.toNontriviallyNormedField Real
                                                    Real.denselyNormedField))))))
                                        (@RingHom.id Real
                                          (@Semiring.toNonAssocSemiring Real
                                            (@DivisionSemiring.toSemiring Real
                                              (@Semifield.toDivisionSemiring Real
                                                (@Field.toSemifield Real
                                                  (@NormedField.toField Real
                                                    (@NontriviallyNormedField.toNormedField Real
                                                      (@DenselyNormedField.toNontriviallyNormedField Real
                                                        Real.denselyNormedField))))))))
                                        E
                                        (@UniformSpace.toTopologicalSpace E
                                          (@PseudoMetricSpace.toUniformSpace E
                                            (@SeminormedAddCommGroup.toPseudoMetricSpace E
                                              (@NormedAddCommGroup.toSeminormedAddCommGroup E inst))))
                                        (@AddCommGroup.toAddCommMonoid E (@NormedAddCommGroup.toAddCommGroup E inst))
                                        Real
                                        (@UniformSpace.toTopologicalSpace Real
                                          (@PseudoMetricSpace.toUniformSpace Real Real.pseudoMetricSpace))
                                        (@AddCommGroup.toAddCommMonoid Real Real.instAddCommGroup)
                                        (@NormedSpace.toModule Real E Real.normedField
                                          (@NormedAddCommGroup.toSeminormedAddCommGroup E inst)
                                          (@InnerProductSpace.toNormedSpace Real E Real.instRCLike
                                            (@NormedAddCommGroup.toSeminormedAddCommGroup E inst) inst_1))
                                        (@Semiring.toModule Real
                                          (@DivisionSemiring.toSemiring Real
                                            (@Semifield.toDivisionSemiring Real
                                              (@Field.toSemifield Real
                                                (@NormedField.toField Real
                                                  (@NontriviallyNormedField.toNormedField Real
                                                    (@DenselyNormedField.toNontriviallyNormedField Real
                                                      Real.denselyNormedField))))))))
                                      (@ContinuousLinearMap.topologicalSpace Real Real Real.normedField Real.normedField
                                        (@RingHom.id Real
                                          (@Semiring.toNonAssocSemiring Real
                                            (@DivisionSemiring.toSemiring Real
                                              (@Semifield.toDivisionSemiring Real
                                                (@Field.toSemifield Real
                                                  (@NormedField.toField Real
                                                    (@NontriviallyNormedField.toNormedField Real
                                                      (@DenselyNormedField.toNontriviallyNormedField Real
                                                        Real.denselyNormedField))))))))
                                        E Real (@NormedAddCommGroup.toAddCommGroup E inst)
                                        (@NormedSpace.toModule Real E Real.normedField
                                          (@NormedAddCommGroup.toSeminormedAddCommGroup E inst)
                                          (@InnerProductSpace.toNormedSpace Real E Real.instRCLike
                                            (@NormedAddCommGroup.toSeminormedAddCommGroup E inst) inst_1))
                                        Real.instAddCommGroup
                                        (@Semiring.toModule Real
                                          (@DivisionSemiring.toSemiring Real
                                            (@Semifield.toDivisionSemiring Real
                                              (@Field.toSemifield Real
                                                (@NormedField.toField Real
                                                  (@NontriviallyNormedField.toNormedField Real
                                                    (@DenselyNormedField.toNontriviallyNormedField Real
                                                      Real.denselyNormedField)))))))
                                        (@UniformSpace.toTopologicalSpace E
                                          (@PseudoMetricSpace.toUniformSpace E
                                            (@SeminormedAddCommGroup.toPseudoMetricSpace E
                                              (@NormedAddCommGroup.toSeminormedAddCommGroup E inst))))
                                        (@UniformSpace.toTopologicalSpace Real
                                          (@PseudoMetricSpace.toUniformSpace Real Real.pseudoMetricSpace))
                                        instIsTopologicalAddGroupReal)
                                      (@AddCommGroup.toAddCommMonoid
                                        (@ContinuousLinearMap Real Real
                                          (@DivisionSemiring.toSemiring Real
                                            (@Semifield.toDivisionSemiring Real
                                              (@Field.toSemifield Real
                                                (@NormedField.toField Real
                                                  (@NontriviallyNormedField.toNormedField Real
                                                    (@DenselyNormedField.toNontriviallyNormedField Real
                                                      Real.denselyNormedField))))))
                                          (@DivisionSemiring.toSemiring Real
                                            (@Semifield.toDivisionSemiring Real
                                              (@Field.toSemifield Real
                                                (@NormedField.toField Real
                                                  (@NontriviallyNormedField.toNormedField Real
                                                    (@DenselyNormedField.toNontriviallyNormedField Real
                                                      Real.denselyNormedField))))))
                                          (@RingHom.id Real
                                            (@Semiring.toNonAssocSemiring Real
                                              (@DivisionSemiring.toSemiring Real
                                                (@Semifield.toDivisionSemiring Real
                                                  (@Field.toSemifield Real
                                                    (@NormedField.toField Real
                                                      (@NontriviallyNormedField.toNormedField Real
                                                        (@DenselyNormedField.toNontriviallyNormedField Real
                                                          Real.denselyNormedField))))))))
                                          E
                                          (@UniformSpace.toTopologicalSpace E
                                            (@PseudoMetricSpace.toUniformSpace E
                                              (@SeminormedAddCommGroup.toPseudoMetricSpace E
                                                (@NormedAddCommGroup.toSeminormedAddCommGroup E inst))))
                                          (@AddCommGroup.toAddCommMonoid E (@NormedAddCommGroup.toAddCommGroup E inst))
                                          Real
                                          (@UniformSpace.toTopologicalSpace Real
                                            (@PseudoMetricSpace.toUniformSpace Real Real.pseudoMetricSpace))
                                          (@AddCommGroup.toAddCommMonoid Real Real.instAddCommGroup)
                                          (@NormedSpace.toModule Real E Real.normedField
                                            (@NormedAddCommGroup.toSeminormedAddCommGroup E inst)
                                            (@InnerProductSpace.toNormedSpace Real E Real.instRCLike
                                              (@NormedAddCommGroup.toSeminormedAddCommGroup E inst) inst_1))
                                          (@Semiring.toModule Real
                                            (@DivisionSemiring.toSemiring Real
                                              (@Semifield.toDivisionSemiring Real
                                                (@Field.toSemifield Real
                                                  (@NormedField.toField Real
                                                    (@NontriviallyNormedField.toNormedField Real
                                                      (@DenselyNormedField.toNontriviallyNormedField Real
                                                        Real.denselyNormedField))))))))
                                        (@ContinuousLinearMap.addCommGroup Real Real.instRing Real Real.instRing E
                                          (@UniformSpace.toTopologicalSpace E
                                            (@PseudoMetricSpace.toUniformSpace E
                                              (@SeminormedAddCommGroup.toPseudoMetricSpace E
                                                (@NormedAddCommGroup.toSeminormedAddCommGroup E inst))))
                                          (@NormedAddCommGroup.toAddCommGroup E inst) Real
                                          (@UniformSpace.toTopologicalSpace Real
                                            (@PseudoMetricSpace.toUniformSpace Real Real.pseudoMetricSpace))
                                          Real.instAddCommGroup
                                          (@NormedSpace.toModule Real E Real.normedField
                                            (@NormedAddCommGroup.toSeminormedAddCommGroup E inst)
                                            (@InnerProductSpace.toNormedSpace Real E Real.instRCLike
                                              (@NormedAddCommGroup.toSeminormedAddCommGroup E inst) inst_1))
                                          (@Semiring.toModule Real
                                            (@DivisionSemiring.toSemiring Real
                                              (@Semifield.toDivisionSemiring Real
                                                (@Field.toSemifield Real
                                                  (@NormedField.toField Real
                                                    (@NontriviallyNormedField.toNormedField Real
                                                      (@DenselyNormedField.toNontriviallyNormedField Real
                                                        Real.denselyNormedField)))))))
                                          (@RingHom.id Real
                                            (@Semiring.toNonAssocSemiring Real
                                              (@DivisionSemiring.toSemiring Real
                                                (@Semifield.toDivisionSemiring Real
                                                  (@Field.toSemifield Real
                                                    (@NormedField.toField Real
                                                      (@NontriviallyNormedField.toNormedField Real
                                                        (@DenselyNormedField.toNontriviallyNormedField Real
                                                          Real.denselyNormedField))))))))
                                          instIsTopologicalAddGroupReal))
                                      (@NormedSpace.toModule Real E Real.normedField
                                        (@NormedAddCommGroup.toSeminormedAddCommGroup E inst)
                                        (@InnerProductSpace.toNormedSpace Real E Real.instRCLike
                                          (@NormedAddCommGroup.toSeminormedAddCommGroup E inst) inst_1))
                                      (@ContinuousLinearMap.module Real Real Real
                                        (@DivisionSemiring.toSemiring Real
                                          (@Semifield.toDivisionSemiring Real
                                            (@Field.toSemifield Real
                                              (@NormedField.toField Real
                                                (@NontriviallyNormedField.toNormedField Real
                                                  (@DenselyNormedField.toNontriviallyNormedField Real
                                                    Real.denselyNormedField))))))
                                        (@DivisionSemiring.toSemiring Real
                                          (@Semifield.toDivisionSemiring Real
                                            (@Field.toSemifield Real
                                              (@NormedField.toField Real
                                                (@NontriviallyNormedField.toNormedField Real
                                                  (@DenselyNormedField.toNontriviallyNormedField Real
                                                    Real.denselyNormedField))))))
                                        (@DivisionSemiring.toSemiring Real
                                          (@Semifield.toDivisionSemiring Real
                                            (@Field.toSemifield Real
                                              (@NormedField.toField Real
                                                (@NontriviallyNormedField.toNormedField Real
                                                  (@DenselyNormedField.toNontriviallyNormedField Real
                                                    Real.denselyNormedField))))))
                                        E
                                        (@UniformSpace.toTopologicalSpace E
                                          (@PseudoMetricSpace.toUniformSpace E
                                            (@SeminormedAddCommGroup.toPseudoMetricSpace E
                                              (@NormedAddCommGroup.toSeminormedAddCommGroup E inst))))
                                        (@AddCommGroup.toAddCommMonoid E (@NormedAddCommGroup.toAddCommGroup E inst))
                                        (@NormedSpace.toModule Real E Real.normedField
                                          (@NormedAddCommGroup.toSeminormedAddCommGroup E inst)
                                          (@InnerProductSpace.toNormedSpace Real E Real.instRCLike
                                            (@NormedAddCommGroup.toSeminormedAddCommGroup E inst) inst_1))
                                        Real
                                        (@UniformSpace.toTopologicalSpace Real
                                          (@PseudoMetricSpace.toUniformSpace Real Real.pseudoMetricSpace))
                                        (@AddCommGroup.toAddCommMonoid Real Real.instAddCommGroup)
                                        (@Semiring.toModule Real
                                          (@DivisionSemiring.toSemiring Real
                                            (@Semifield.toDivisionSemiring Real
                                              (@Field.toSemifield Real
                                                (@NormedField.toField Real
                                                  (@NontriviallyNormedField.toNormedField Real
                                                    (@DenselyNormedField.toNontriviallyNormedField Real
                                                      Real.denselyNormedField)))))))
                                        (@Semiring.toModule Real
                                          (@DivisionSemiring.toSemiring Real
                                            (@Semifield.toDivisionSemiring Real
                                              (@Field.toSemifield Real
                                                (@NormedField.toField Real
                                                  (@NontriviallyNormedField.toNormedField Real
                                                    (@DenselyNormedField.toNontriviallyNormedField Real
                                                      Real.denselyNormedField)))))))
                                        ⋯ ⋯
                                        (@RingHom.id Real
                                          (@Semiring.toNonAssocSemiring Real
                                            (@DivisionSemiring.toSemiring Real
                                              (@Semifield.toDivisionSemiring Real
                                                (@Field.toSemifield Real
                                                  (@NormedField.toField Real
                                                    (@NontriviallyNormedField.toNormedField Real
                                                      (@DenselyNormedField.toNontriviallyNormedField Real
                                                        Real.denselyNormedField))))))))
                                        ⋯))
                                    E
                                    (fun x =>
                                      @ContinuousLinearMap Real Real
                                        (@DivisionSemiring.toSemiring Real
                                          (@Semifield.toDivisionSemiring Real
                                            (@Field.toSemifield Real
                                              (@NormedField.toField Real
                                                (@NontriviallyNormedField.toNormedField Real
                                                  (@DenselyNormedField.toNontriviallyNormedField Real
                                                    Real.denselyNormedField))))))
                                        (@DivisionSemiring.toSemiring Real
                                          (@Semifield.toDivisionSemiring Real
                                            (@Field.toSemifield Real
                                              (@NormedField.toField Real
                                                (@NontriviallyNormedField.toNormedField Real
                                                  (@DenselyNormedField.toNontriviallyNormedField Real
                                                    Real.denselyNormedField))))))
                                        (@RingHom.id Real
                                          (@Semiring.toNonAssocSemiring Real
                                            (@DivisionSemiring.toSemiring Real
                                              (@Semifield.toDivisionSemiring Real
                                                (@Field.toSemifield Real
                                                  (@NormedField.toField Real
                                                    (@NontriviallyNormedField.toNormedField Real
                                                      (@DenselyNormedField.toNontriviallyNormedField Real
                                                        Real.denselyNormedField))))))))
                                        E
                                        (@UniformSpace.toTopologicalSpace E
                                          (@PseudoMetricSpace.toUniformSpace E
                                            (@SeminormedAddCommGroup.toPseudoMetricSpace E
                                              (@NormedAddCommGroup.toSeminormedAddCommGroup E inst))))
                                        (@AddCommGroup.toAddCommMonoid E (@NormedAddCommGroup.toAddCommGroup E inst))
                                        Real
                                        (@UniformSpace.toTopologicalSpace Real
                                          (@PseudoMetricSpace.toUniformSpace Real Real.pseudoMetricSpace))
                                        (@AddCommGroup.toAddCommMonoid Real Real.instAddCommGroup)
                                        (@NormedSpace.toModule Real E Real.normedField
                                          (@NormedAddCommGroup.toSeminormedAddCommGroup E inst)
                                          (@InnerProductSpace.toNormedSpace Real E Real.instRCLike
                                            (@NormedAddCommGroup.toSeminormedAddCommGroup E inst) inst_1))
                                        (@Semiring.toModule Real
                                          (@DivisionSemiring.toSemiring Real
                                            (@Semifield.toDivisionSemiring Real
                                              (@Field.toSemifield Real
                                                (@NormedField.toField Real
                                                  (@NontriviallyNormedField.toNormedField Real
                                                    (@DenselyNormedField.toNontriviallyNormedField Real
                                                      Real.denselyNormedField))))))))
                                    (@ContinuousLinearMap.funLike Real Real
                                      (@DivisionSemiring.toSemiring Real
                                        (@Semifield.toDivisionSemiring Real
                                          (@Field.toSemifield Real
                                            (@NormedField.toField Real
                                              (@NontriviallyNormedField.toNormedField Real
                                                (@DenselyNormedField.toNontriviallyNormedField Real
                                                  Real.denselyNormedField))))))
                                      (@DivisionSemiring.toSemiring Real
                                        (@Semifield.toDivisionSemiring Real
                                          (@Field.toSemifield Real
                                            (@NormedField.toField Real
                                              (@NontriviallyNormedField.toNormedField Real
                                                (@DenselyNormedField.toNontriviallyNormedField Real
                                                  Real.denselyNormedField))))))
                                      (@RingHom.id Real
                                        (@Semiring.toNonAssocSemiring Real
                                          (@DivisionSemiring.toSemiring Real
                                            (@Semifield.toDivisionSemiring Real
                                              (@Field.toSemifield Real
                                                (@NormedField.toField Real
                                                  (@NontriviallyNormedField.toNormedField Real
                                                    (@DenselyNormedField.toNontriviallyNormedField Real
                                                      Real.denselyNormedField))))))))
                                      E
                                      (@UniformSpace.toTopologicalSpace E
                                        (@PseudoMetricSpace.toUniformSpace E
                                          (@SeminormedAddCommGroup.toPseudoMetricSpace E
                                            (@NormedAddCommGroup.toSeminormedAddCommGroup E inst))))
                                      (@AddCommGroup.toAddCommMonoid E (@NormedAddCommGroup.toAddCommGroup E inst))
                                      (@ContinuousLinearMap Real Real
                                        (@DivisionSemiring.toSemiring Real
                                          (@Semifield.toDivisionSemiring Real
                                            (@Field.toSemifield Real
                                              (@NormedField.toField Real
                                                (@NontriviallyNormedField.toNormedField Real
                                                  (@DenselyNormedField.toNontriviallyNormedField Real
                                                    Real.denselyNormedField))))))
                                        (@DivisionSemiring.toSemiring Real
                                          (@Semifield.toDivisionSemiring Real
                                            (@Field.toSemifield Real
                                              (@NormedField.toField Real
                                                (@NontriviallyNormedField.toNormedField Real
                                                  (@DenselyNormedField.toNontriviallyNormedField Real
                                                    Real.denselyNormedField))))))
                                        (@RingHom.id Real
                                          (@Semiring.toNonAssocSemiring Real
                                            (@DivisionSemiring.toSemiring Real
                                              (@Semifield.toDivisionSemiring Real
                                                (@Field.toSemifield Real
                                                  (@NormedField.toField Real
                                                    (@NontriviallyNormedField.toNormedField Real
                                                      (@DenselyNormedField.toNontriviallyNormedField Real
                                                        Real.denselyNormedField))))))))
                                        E
                                        (@UniformSpace.toTopologicalSpace E
                                          (@PseudoMetricSpace.toUniformSpace E
                                            (@SeminormedAddCommGroup.toPseudoMetricSpace E
                                              (@NormedAddCommGroup.toSeminormedAddCommGroup E inst))))
                                        (@AddCommGroup.toAddCommMonoid E (@NormedAddCommGroup.toAddCommGroup E inst))
                                        Real
                                        (@UniformSpace.toTopologicalSpace Real
                                          (@PseudoMetricSpace.toUniformSpace Real Real.pseudoMetricSpace))
                                        (@AddCommGroup.toAddCommMonoid Real Real.instAddCommGroup)
                                        (@NormedSpace.toModule Real E Real.normedField
                                          (@NormedAddCommGroup.toSeminormedAddCommGroup E inst)
                                          (@InnerProductSpace.toNormedSpace Real E Real.instRCLike
                                            (@NormedAddCommGroup.toSeminormedAddCommGroup E inst) inst_1))
                                        (@Semiring.toModule Real
                                          (@DivisionSemiring.toSemiring Real
                                            (@Semifield.toDivisionSemiring Real
                                              (@Field.toSemifield Real
                                                (@NormedField.toField Real
                                                  (@NontriviallyNormedField.toNormedField Real
                                                    (@DenselyNormedField.toNontriviallyNormedField Real
                                                      Real.denselyNormedField))))))))
                                      (@ContinuousLinearMap.topologicalSpace Real Real Real.normedField Real.normedField
                                        (@RingHom.id Real
                                          (@Semiring.toNonAssocSemiring Real
                                            (@DivisionSemiring.toSemiring Real
                                              (@Semifield.toDivisionSemiring Real
                                                (@Field.toSemifield Real
                                                  (@NormedField.toField Real
                                                    (@NontriviallyNormedField.toNormedField Real
                                                      (@DenselyNormedField.toNontriviallyNormedField Real
                                                        Real.denselyNormedField))))))))
                                        E Real (@NormedAddCommGroup.toAddCommGroup E inst)
                                        (@NormedSpace.toModule Real E Real.normedField
                                          (@NormedAddCommGroup.toSeminormedAddCommGroup E inst)
                                          (@InnerProductSpace.toNormedSpace Real E Real.instRCLike
                                            (@NormedAddCommGroup.toSeminormedAddCommGroup E inst) inst_1))
                                        Real.instAddCommGroup
                                        (@Semiring.toModule Real
                                          (@DivisionSemiring.toSemiring Real
                                            (@Semifield.toDivisionSemiring Real
                                              (@Field.toSemifield Real
                                                (@NormedField.toField Real
                                                  (@NontriviallyNormedField.toNormedField Real
                                                    (@DenselyNormedField.toNontriviallyNormedField Real
                                                      Real.denselyNormedField)))))))
                                        (@UniformSpace.toTopologicalSpace E
                                          (@PseudoMetricSpace.toUniformSpace E
                                            (@SeminormedAddCommGroup.toPseudoMetricSpace E
                                              (@NormedAddCommGroup.toSeminormedAddCommGroup E inst))))
                                        (@UniformSpace.toTopologicalSpace Real
                                          (@PseudoMetricSpace.toUniformSpace Real Real.pseudoMetricSpace))
                                        instIsTopologicalAddGroupReal)
                                      (@AddCommGroup.toAddCommMonoid
                                        (@ContinuousLinearMap Real Real
                                          (@DivisionSemiring.toSemiring Real
                                            (@Semifield.toDivisionSemiring Real
                                              (@Field.toSemifield Real
                                                (@NormedField.toField Real
                                                  (@NontriviallyNormedField.toNormedField Real
                                                    (@DenselyNormedField.toNontriviallyNormedField Real
                                                      Real.denselyNormedField))))))
                                          (@DivisionSemiring.toSemiring Real
                                            (@Semifield.toDivisionSemiring Real
                                              (@Field.toSemifield Real
                                                (@NormedField.toField Real
                                                  (@NontriviallyNormedField.toNormedField Real
                                                    (@DenselyNormedField.toNontriviallyNormedField Real
                                                      Real.denselyNormedField))))))
                                          (@RingHom.id Real
                                            (@Semiring.toNonAssocSemiring Real
                                              (@DivisionSemiring.toSemiring Real
                                                (@Semifield.toDivisionSemiring Real
                                                  (@Field.toSemifield Real
                                                    (@NormedField.toField Real
                                                      (@NontriviallyNormedField.toNormedField Real
                                                        (@DenselyNormedField.toNontriviallyNormedField Real
                                                          Real.denselyNormedField))))))))
                                          E
                                          (@UniformSpace.toTopologicalSpace E
                                            (@PseudoMetricSpace.toUniformSpace E
                                              (@SeminormedAddCommGroup.toPseudoMetricSpace E
                                                (@NormedAddCommGroup.toSeminormedAddCommGroup E inst))))
                                          (@AddCommGroup.toAddCommMonoid E (@NormedAddCommGroup.toAddCommGroup E inst))
                                          Real
                                          (@UniformSpace.toTopologicalSpace Real
                                            (@PseudoMetricSpace.toUniformSpace Real Real.pseudoMetricSpace))
                                          (@AddCommGroup.toAddCommMonoid Real Real.instAddCommGroup)
                                          (@NormedSpace.toModule Real E Real.normedField
                                            (@NormedAddCommGroup.toSeminormedAddCommGroup E inst)
                                            (@InnerProductSpace.toNormedSpace Real E Real.instRCLike
                                              (@NormedAddCommGroup.toSeminormedAddCommGroup E inst) inst_1))
                                          (@Semiring.toModule Real
                                            (@DivisionSemiring.toSemiring Real
                                              (@Semifield.toDivisionSemiring Real
                                                (@Field.toSemifield Real
                                                  (@NormedField.toField Real
                                                    (@NontriviallyNormedField.toNormedField Real
                                                      (@DenselyNormedField.toNontriviallyNormedField Real
                                                        Real.denselyNormedField))))))))
                                        (@ContinuousLinearMap.addCommGroup Real Real.instRing Real Real.instRing E
                                          (@UniformSpace.toTopologicalSpace E
                                            (@PseudoMetricSpace.toUniformSpace E
                                              (@SeminormedAddCommGroup.toPseudoMetricSpace E
                                                (@NormedAddCommGroup.toSeminormedAddCommGroup E inst))))
                                          (@NormedAddCommGroup.toAddCommGroup E inst) Real
                                          (@UniformSpace.toTopologicalSpace Real
                                            (@PseudoMetricSpace.toUniformSpace Real Real.pseudoMetricSpace))
                                          Real.instAddCommGroup
                                          (@NormedSpace.toModule Real E Real.normedField
                                            (@NormedAddCommGroup.toSeminormedAddCommGroup E inst)
                                            (@InnerProductSpace.toNormedSpace Real E Real.instRCLike
                                              (@NormedAddCommGroup.toSeminormedAddCommGroup E inst) inst_1))
                                          (@Semiring.toModule Real
                                            (@DivisionSemiring.toSemiring Real
                                              (@Semifield.toDivisionSemiring Real
                                                (@Field.toSemifield Real
                                                  (@NormedField.toField Real
                                                    (@NontriviallyNormedField.toNormedField Real
                                                      (@DenselyNormedField.toNontriviallyNormedField Real
                                                        Real.denselyNormedField)))))))
                                          (@RingHom.id Real
                                            (@Semiring.toNonAssocSemiring Real
                                              (@DivisionSemiring.toSemiring Real
                                                (@Semifield.toDivisionSemiring Real
                                                  (@Field.toSemifield Real
                                                    (@NormedField.toField Real
                                                      (@NontriviallyNormedField.toNormedField Real
                                                        (@DenselyNormedField.toNontriviallyNormedField Real
                                                          Real.denselyNormedField))))))))
                                          instIsTopologicalAddGroupReal))
                                      (@NormedSpace.toModule Real E Real.normedField
                                        (@NormedAddCommGroup.toSeminormedAddCommGroup E inst)
                                        (@InnerProductSpace.toNormedSpace Real E Real.instRCLike
                                          (@NormedAddCommGroup.toSeminormedAddCommGroup E inst) inst_1))
                                      (@ContinuousLinearMap.module Real Real Real
                                        (@DivisionSemiring.toSemiring Real
                                          (@Semifield.toDivisionSemiring Real
                                            (@Field.toSemifield Real
                                              (@NormedField.toField Real
                                                (@NontriviallyNormedField.toNormedField Real
                                                  (@DenselyNormedField.toNontriviallyNormedField Real
                                                    Real.denselyNormedField))))))
                                        (@DivisionSemiring.toSemiring Real
                                          (@Semifield.toDivisionSemiring Real
                                            (@Field.toSemifield Real
                                              (@NormedField.toField Real
                                                (@NontriviallyNormedField.toNormedField Real
                                                  (@DenselyNormedField.toNontriviallyNormedField Real
                                                    Real.denselyNormedField))))))
                                        (@DivisionSemiring.toSemiring Real
                                          (@Semifield.toDivisionSemiring Real
                                            (@Field.toSemifield Real
                                              (@NormedField.toField Real
                                                (@NontriviallyNormedField.toNormedField Real
                                                  (@DenselyNormedField.toNontriviallyNormedField Real
                                                    Real.denselyNormedField))))))
                                        E
                                        (@UniformSpace.toTopologicalSpace E
                                          (@PseudoMetricSpace.toUniformSpace E
                                            (@SeminormedAddCommGroup.toPseudoMetricSpace E
                                              (@NormedAddCommGroup.toSeminormedAddCommGroup E inst))))
                                        (@AddCommGroup.toAddCommMonoid E (@NormedAddCommGroup.toAddCommGroup E inst))
                                        (@NormedSpace.toModule Real E Real.normedField
                                          (@NormedAddCommGroup.toSeminormedAddCommGroup E inst)
                                          (@InnerProductSpace.toNormedSpace Real E Real.instRCLike
                                            (@NormedAddCommGroup.toSeminormedAddCommGroup E inst) inst_1))
                                        Real
                                        (@UniformSpace.toTopologicalSpace Real
                                          (@PseudoMetricSpace.toUniformSpace Real Real.pseudoMetricSpace))
                                        (@AddCommGroup.toAddCommMonoid Real Real.instAddCommGroup)
                                        (@Semiring.toModule Real
                                          (@DivisionSemiring.toSemiring Real
                                            (@Semifield.toDivisionSemiring Real
                                              (@Field.toSemifield Real
                                                (@NormedField.toField Real
                                                  (@NontriviallyNormedField.toNormedField Real
                                                    (@DenselyNormedField.toNontriviallyNormedField Real
                                                      Real.denselyNormedField)))))))
                                        (@Semiring.toModule Real
                                          (@DivisionSemiring.toSemiring Real
                                            (@Semifield.toDivisionSemiring Real
                                              (@Field.toSemifield Real
                                                (@NormedField.toField Real
                                                  (@NontriviallyNormedField.toNormedField Real
                                                    (@DenselyNormedField.toNontriviallyNormedField Real
                                                      Real.denselyNormedField)))))))
                                        ⋯ ⋯
                                        (@RingHom.id Real
                                          (@Semiring.toNonAssocSemiring Real
                                            (@DivisionSemiring.toSemiring Real
                                              (@Semifield.toDivisionSemiring Real
                                                (@Field.toSemifield Real
                                                  (@NormedField.toField Real
                                                    (@NontriviallyNormedField.toNormedField Real
                                                      (@DenselyNormedField.toNontriviallyNormedField Real
                                                        Real.denselyNormedField))))))))
                                        ⋯))
                                    (@fderiv Real
                                      (@DenselyNormedField.toNontriviallyNormedField Real Real.denselyNormedField) E
                                      (@NormedAddCommGroup.toAddCommGroup E inst)
                                      (@NormedSpace.toModule Real E Real.normedField
                                        (@NormedAddCommGroup.toSeminormedAddCommGroup E inst)
                                        (@InnerProductSpace.toNormedSpace Real E Real.instRCLike
                                          (@NormedAddCommGroup.toSeminormedAddCommGroup E inst) inst_1))
                                      (@UniformSpace.toTopologicalSpace E
                                        (@PseudoMetricSpace.toUniformSpace E
                                          (@SeminormedAddCommGroup.toPseudoMetricSpace E
                                            (@NormedAddCommGroup.toSeminormedAddCommGroup E inst))))
                                      (@ContinuousLinearMap Real Real
                                        (@DivisionSemiring.toSemiring Real
                                          (@Semifield.toDivisionSemiring Real
                                            (@Field.toSemifield Real
                                              (@NormedField.toField Real
                                                (@NontriviallyNormedField.toNormedField Real
                                                  (@DenselyNormedField.toNontriviallyNormedField Real
                                                    Real.denselyNormedField))))))
                                        (@DivisionSemiring.toSemiring Real
                                          (@Semifield.toDivisionSemiring Real
                                            (@Field.toSemifield Real
                                              (@NormedField.toField Real
                                                (@NontriviallyNormedField.toNormedField Real
                                                  (@DenselyNormedField.toNontriviallyNormedField Real
                                                    Real.denselyNormedField))))))
                                        (@RingHom.id Real
                                          (@Semiring.toNonAssocSemiring Real
                                            (@DivisionSemiring.toSemiring Real
                                              (@Semifield.toDivisionSemiring Real
                                                (@Field.toSemifield Real
                                                  (@NormedField.toField Real
                                                    (@NontriviallyNormedField.toNormedField Real
                                                      (@DenselyNormedField.toNontriviallyNormedField Real
                                                        Real.denselyNormedField))))))))
                                        E
                                        (@UniformSpace.toTopologicalSpace E
                                          (@PseudoMetricSpace.toUniformSpace E
                                            (@SeminormedAddCommGroup.toPseudoMetricSpace E
                                              (@NormedAddCommGroup.toSeminormedAddCommGroup E inst))))
                                        (@AddCommGroup.toAddCommMonoid E (@NormedAddCommGroup.toAddCommGroup E inst))
                                        Real
                                        (@UniformSpace.toTopologicalSpace Real
                                          (@PseudoMetricSpace.toUniformSpace Real Real.pseudoMetricSpace))
                                        (@AddCommGroup.toAddCommMonoid Real Real.instAddCommGroup)
                                        (@NormedSpace.toModule Real E Real.normedField
                                          (@NormedAddCommGroup.toSeminormedAddCommGroup E inst)
                                          (@InnerProductSpace.toNormedSpace Real E Real.instRCLike
                                            (@NormedAddCommGroup.toSeminormedAddCommGroup E inst) inst_1))
                                        (@Semiring.toModule Real
                                          (@DivisionSemiring.toSemiring Real
                                            (@Semifield.toDivisionSemiring Real
                                              (@Field.toSemifield Real
                                                (@NormedField.toField Real
                                                  (@NontriviallyNormedField.toNormedField Real
                                                    (@DenselyNormedField.toNontriviallyNormedField Real
                                                      Real.denselyNormedField))))))))
                                      (@ContinuousLinearMap.addCommGroup Real Real.instRing Real Real.instRing E
                                        (@UniformSpace.toTopologicalSpace E
                                          (@PseudoMetricSpace.toUniformSpace E
                                            (@SeminormedAddCommGroup.toPseudoMetricSpace E
                                              (@NormedAddCommGroup.toSeminormedAddCommGroup E inst))))
                                        (@NormedAddCommGroup.toAddCommGroup E inst) Real
                                        (@UniformSpace.toTopologicalSpace Real
                                          (@PseudoMetricSpace.toUniformSpace Real Real.pseudoMetricSpace))
                                        Real.instAddCommGroup
                                        (@NormedSpace.toModule Real E Real.normedField
                                          (@NormedAddCommGroup.toSeminormedAddCommGroup E inst)
                                          (@InnerProductSpace.toNormedSpace Real E Real.instRCLike
                                            (@NormedAddCommGroup.toSeminormedAddCommGroup E inst) inst_1))
                                        (@Semiring.toModule Real
                                          (@DivisionSemiring.toSemiring Real
                                            (@Semifield.toDivisionSemiring Real
                                              (@Field.toSemifield Real
                                                (@NormedField.toField Real
                                                  (@NontriviallyNormedField.toNormedField Real
                                                    (@DenselyNormedField.toNontriviallyNormedField Real
                                                      Real.denselyNormedField)))))))
                                        (@RingHom.id Real
                                          (@Semiring.toNonAssocSemiring Real
                                            (@DivisionSemiring.toSemiring Real
                                              (@Semifield.toDivisionSemiring Real
                                                (@Field.toSemifield Real
                                                  (@NormedField.toField Real
                                                    (@NontriviallyNormedField.toNormedField Real
                                                      (@DenselyNormedField.toNontriviallyNormedField Real
                                                        Real.denselyNormedField))))))))
                                        instIsTopologicalAddGroupReal)
                                      (@ContinuousLinearMap.module Real Real Real
                                        (@DivisionSemiring.toSemiring Real
                                          (@Semifield.toDivisionSemiring Real
                                            (@Field.toSemifield Real
                                              (@NormedField.toField Real
                                                (@NontriviallyNormedField.toNormedField Real
                                                  (@DenselyNormedField.toNontriviallyNormedField Real
                                                    Real.denselyNormedField))))))
                                        (@DivisionSemiring.toSemiring Real
                                          (@Semifield.toDivisionSemiring Real
                                            (@Field.toSemifield Real
                                              (@NormedField.toField Real
                                                (@NontriviallyNormedField.toNormedField Real
                                                  (@DenselyNormedField.toNontriviallyNormedField Real
                                                    Real.denselyNormedField))))))
                                        (@DivisionSemiring.toSemiring Real
                                          (@Semifield.toDivisionSemiring Real
                                            (@Field.toSemifield Real
                                              (@NormedField.toField Real
                                                (@NontriviallyNormedField.toNormedField Real
                                                  (@DenselyNormedField.toNontriviallyNormedField Real
                                                    Real.denselyNormedField))))))
                                        E
                                        (@UniformSpace.toTopologicalSpace E
                                          (@PseudoMetricSpace.toUniformSpace E
                                            (@SeminormedAddCommGroup.toPseudoMetricSpace E
                                              (@NormedAddCommGroup.toSeminormedAddCommGroup E inst))))
                                        (@AddCommGroup.toAddCommMonoid E (@NormedAddCommGroup.toAddCommGroup E inst))
                                        (@NormedSpace.toModule Real E Real.normedField
                                          (@NormedAddCommGroup.toSeminormedAddCommGroup E inst)
                                          (@InnerProductSpace.toNormedSpace Real E Real.instRCLike
                                            (@NormedAddCommGroup.toSeminormedAddCommGroup E inst) inst_1))
                                        Real
                                        (@UniformSpace.toTopologicalSpace Real
                                          (@PseudoMetricSpace.toUniformSpace Real Real.pseudoMetricSpace))
                                        (@AddCommGroup.toAddCommMonoid Real Real.instAddCommGroup)
                                        (@Semiring.toModule Real
                                          (@DivisionSemiring.toSemiring Real
                                            (@Semifield.toDivisionSemiring Real
                                              (@Field.toSemifield Real
                                                (@NormedField.toField Real
                                                  (@NontriviallyNormedField.toNormedField Real
                                                    (@DenselyNormedField.toNontriviallyNormedField Real
                                                      Real.denselyNormedField)))))))
                                        (@Semiring.toModule Real
                                          (@DivisionSemiring.toSemiring Real
                                            (@Semifield.toDivisionSemiring Real
                                              (@Field.toSemifield Real
                                                (@NormedField.toField Real
                                                  (@NontriviallyNormedField.toNormedField Real
                                                    (@DenselyNormedField.toNontriviallyNormedField Real
                                                      Real.denselyNormedField)))))))
                                        ⋯ ⋯
                                        (@RingHom.id Real
                                          (@Semiring.toNonAssocSemiring Real
                                            (@DivisionSemiring.toSemiring Real
                                              (@Semifield.toDivisionSemiring Real
                                                (@Field.toSemifield Real
                                                  (@NormedField.toField Real
                                                    (@NontriviallyNormedField.toNormedField Real
                                                      (@DenselyNormedField.toNontriviallyNormedField Real
                                                        Real.denselyNormedField))))))))
                                        ⋯)
                                      (@ContinuousLinearMap.topologicalSpace Real Real Real.normedField Real.normedField
                                        (@RingHom.id Real
                                          (@Semiring.toNonAssocSemiring Real
                                            (@DivisionSemiring.toSemiring Real
                                              (@Semifield.toDivisionSemiring Real
                                                (@Field.toSemifield Real
                                                  (@NormedField.toField Real
                                                    (@NontriviallyNormedField.toNormedField Real
                                                      (@DenselyNormedField.toNontriviallyNormedField Real
                                                        Real.denselyNormedField))))))))
                                        E Real (@NormedAddCommGroup.toAddCommGroup E inst)
                                        (@NormedSpace.toModule Real E Real.normedField
                                          (@NormedAddCommGroup.toSeminormedAddCommGroup E inst)
                                          (@InnerProductSpace.toNormedSpace Real E Real.instRCLike
                                            (@NormedAddCommGroup.toSeminormedAddCommGroup E inst) inst_1))
                                        Real.instAddCommGroup
                                        (@Semiring.toModule Real
                                          (@DivisionSemiring.toSemiring Real
                                            (@Semifield.toDivisionSemiring Real
                                              (@Field.toSemifield Real
                                                (@NormedField.toField Real
                                                  (@NontriviallyNormedField.toNormedField Real
                                                    (@DenselyNormedField.toNontriviallyNormedField Real
                                                      Real.denselyNormedField)))))))
                                        (@UniformSpace.toTopologicalSpace E
                                          (@PseudoMetricSpace.toUniformSpace E
                                            (@SeminormedAddCommGroup.toPseudoMetricSpace E
                                              (@NormedAddCommGroup.toSeminormedAddCommGroup E inst))))
                                        (@UniformSpace.toTopologicalSpace Real
                                          (@PseudoMetricSpace.toUniformSpace Real Real.pseudoMetricSpace))
                                        instIsTopologicalAddGroupReal)
                                      (@fderiv Real
                                        (@DenselyNormedField.toNontriviallyNormedField Real Real.denselyNormedField) E
                                        (@NormedAddCommGroup.toAddCommGroup E inst)
                                        (@NormedSpace.toModule Real E Real.normedField
                                          (@NormedAddCommGroup.toSeminormedAddCommGroup E inst)
                                          (@InnerProductSpace.toNormedSpace Real E Real.instRCLike
                                            (@NormedAddCommGroup.toSeminormedAddCommGroup E inst) inst_1))
                                        (@UniformSpace.toTopologicalSpace E
                                          (@PseudoMetricSpace.toUniformSpace E
                                            (@SeminormedAddCommGroup.toPseudoMetricSpace E
                                              (@NormedAddCommGroup.toSeminormedAddCommGroup E inst))))
                                        Real Real.instAddCommGroup
                                        (@Semiring.toModule Real
                                          (@DivisionSemiring.toSemiring Real
                                            (@Semifield.toDivisionSemiring Real
                                              (@Field.toSemifield Real
                                                (@NormedField.toField Real
                                                  (@NontriviallyNormedField.toNormedField Real
                                                    (@DenselyNormedField.toNontriviallyNormedField Real
                                                      Real.denselyNormedField)))))))
                                        (@UniformSpace.toTopologicalSpace Real
                                          (@PseudoMetricSpace.toUniformSpace Real Real.pseudoMetricSpace))
                                        V)
                                      x)
                                    v)
                                  v)
                                (@HMul.hMul Real Real Real (@instHMul Real Real.instMul) (↑β)
                                  (@HPow.hPow Real Nat Real
                                    (@instHPow Real Nat (@NPow.toPow Real (@Monoid.toNPow Real Real.instMonoid)))
                                    (@norm E (@NormedAddCommGroup.toNorm E inst) v)
                                    (@OfNat.ofNat Nat (nat_lit 2) (instOfNatNat (nat_lit 2))))))) →
                          @LT.lt Real Real.instLT (@OfNat.ofNat Real (nat_lit 0) (@Zero.toOfNat0 Real Real.instZero))
                              η →
                            @LE.le Real Real.instLE (@HMul.hMul Real Real Real (@instHMul Real Real.instMul) (↑β) η)
                                (@OfNat.ofNat Real (nat_lit 1) (@One.toOfNat1 Real Real.instOne)) →
                              Prop :=
fun {E} [inst : ⋯] [inst_1 : ⋯] [inst_2 : ⋯] [inst_3 : ⋯] [inst_4 : ⋯] {V} {α β} {η} hα hαβ hV hH hη hβη =>
  let μ :=
    @Measure.tilted E
      (@MeasureSpace.toMeasurableSpace E (@measureSpaceOfInnerProductSpace E inst inst_1 inst_2 inst_3 inst_4))
      (@volume E (@measureSpaceOfInnerProductSpace E inst inst_1 inst_2 inst_3 inst_4)) fun x =>
      @Neg.neg Real Real.instNeg (V x);
  let J :=
    @Measure.map (Prod E E) (Prod E E)
      (@Prod.instMeasurableSpace E E
        (@MeasureSpace.toMeasurableSpace E (@measureSpaceOfInnerProductSpace E inst inst_1 inst_2 inst_3 inst_4))
        inst_3)
      (@Prod.instMeasurableSpace E E inst_3 inst_3)
      (fun p =>
        @Prod.mk E E (@Prod.fst E E p)
          (@HAdd.hAdd E E E
            (@instHAdd E
              (@AddCommMagma.toAdd E
                (@AddCommSemigroup.toAddCommMagma E
                  (@AddCommMonoid.toAddCommSemigroup E
                    (@AddCommGroup.toAddCommMonoid E (@NormedAddCommGroup.toAddCommGroup E inst))))))
            (@Prod.fst E E p)
            (@HSMul.hSMul Real E E
              (@instHSMul Real E
                (@SMulZeroClass.toSMul Real E
                  (@AddZero.toZero E
                    (@AddZeroClass.toAddZero E
                      (@AddMonoid.toAddZeroClass E
                        (@SubNegMonoid.toAddMonoid E
                          (@AddGroup.toSubNegMonoid E
                            (@AddCommGroup.toAddGroup E (@NormedAddCommGroup.toAddCommGroup E inst)))))))
                  (@DistribSMul.toSMulZeroClass Real E
                    (@AddMonoid.toAddZeroClass E
                      (@SubNegMonoid.toAddMonoid E
                        (@AddGroup.toSubNegMonoid E
                          (@AddCommGroup.toAddGroup E (@NormedAddCommGroup.toAddCommGroup E inst)))))
                    (@DistribMulAction.toDistribSMul Real E Real.instMonoid
                      (@SubNegMonoid.toAddMonoid E
                        (@AddGroup.toSubNegMonoid E
                          (@AddCommGroup.toAddGroup E (@NormedAddCommGroup.toAddCommGroup E inst))))
                      (@Module.toDistribMulAction Real E Real.semiring
                        (@AddCommGroup.toAddCommMonoid E (@NormedAddCommGroup.toAddCommGroup E inst))
                        (@NormedSpace.toModule Real E Real.normedField
                          (@NormedAddCommGroup.toSeminormedAddCommGroup E inst)
                          (@InnerProductSpace.toNormedSpace Real E Real.instRCLike
                            (@NormedAddCommGroup.toSeminormedAddCommGroup E inst) inst_1)))))))
              η.sqrt (@Prod.snd E E p))))
      (@Measure.prod E E
        (@MeasureSpace.toMeasurableSpace E (@measureSpaceOfInnerProductSpace E inst inst_1 inst_2 inst_3 inst_4)) inst_3
        μ (@stdGaussian E inst inst_1 inst_2 inst_3));
  let ν := @Measure.snd E E inst_3 inst_3 J;
  have Λ :=
    @Measure.map (Prod E E) (Prod E E) (@Prod.instMeasurableSpace E E inst_3 inst_3)
      (@Prod.instMeasurableSpace E E inst_3 inst_3)
      (fun p =>
        @Prod.mk E E (@Prod.snd E E p)
          (@HSub.hSub E E E
            (@instHSub E
              (@SubNegMonoid.toSub E
                (@AddGroup.toSubNegMonoid E (@AddCommGroup.toAddGroup E (@NormedAddCommGroup.toAddCommGroup E inst)))))
            (@HSMul.hSMul Real E E
              (@instHSMul Real E
                (@SMulZeroClass.toSMul Real E
                  (@AddZero.toZero E
                    (@AddZeroClass.toAddZero E
                      (@AddMonoid.toAddZeroClass E
                        (@SubNegMonoid.toAddMonoid E
                          (@AddGroup.toSubNegMonoid E
                            (@AddCommGroup.toAddGroup E (@NormedAddCommGroup.toAddCommGroup E inst)))))))
                  (@DistribSMul.toSMulZeroClass Real E
                    (@AddMonoid.toAddZeroClass E
                      (@SubNegMonoid.toAddMonoid E
                        (@AddGroup.toSubNegMonoid E
                          (@AddCommGroup.toAddGroup E (@NormedAddCommGroup.toAddCommGroup E inst)))))
                    (@DistribMulAction.toDistribSMul Real E Real.instMonoid
                      (@SubNegMonoid.toAddMonoid E
                        (@AddGroup.toSubNegMonoid E
                          (@AddCommGroup.toAddGroup E (@NormedAddCommGroup.toAddCommGroup E inst))))
                      (@Module.toDistribMulAction Real E Real.semiring
                        (@AddCommGroup.toAddCommMonoid E (@NormedAddCommGroup.toAddCommGroup E inst))
                        (@NormedSpace.toModule Real E Real.normedField
                          (@NormedAddCommGroup.toSeminormedAddCommGroup E inst)
                          (@InnerProductSpace.toNormedSpace Real E Real.instRCLike
                            (@NormedAddCommGroup.toSeminormedAddCommGroup E inst) inst_1)))))))
              (@OfNat.ofNat Real (nat_lit 2)
                (@instOfNatAtLeastTwo Real (nat_lit 2) Real.instNatCast original_signature0._proof_1))
              (@Prod.fst E E p))
            (@Prod.snd E E p)))
      J;
  have F := fun p =>
    @Prod.mk E E (@Prod.fst E E p)
      (@HSub.hSub E E E
        (@instHSub E
          (@SubNegMonoid.toSub E
            (@AddGroup.toSubNegMonoid E (@AddCommGroup.toAddGroup E (@NormedAddCommGroup.toAddCommGroup E inst)))))
        (@HSMul.hSMul Real E E
          (@instHSMul Real E
            (@SMulZeroClass.toSMul Real E
              (@AddZero.toZero E
                (@AddZeroClass.toAddZero E
                  (@AddMonoid.toAddZeroClass E
                    (@SubNegMonoid.toAddMonoid E
                      (@AddGroup.toSubNegMonoid E
                        (@AddCommGroup.toAddGroup E (@NormedAddCommGroup.toAddCommGroup E inst)))))))
              (@DistribSMul.toSMulZeroClass Real E
                (@AddMonoid.toAddZeroClass E
                  (@SubNegMonoid.toAddMonoid E
                    (@AddGroup.toSubNegMonoid E
                      (@AddCommGroup.toAddGroup E (@NormedAddCommGroup.toAddCommGroup E inst)))))
                (@DistribMulAction.toDistribSMul Real E Real.instMonoid
                  (@SubNegMonoid.toAddMonoid E
                    (@AddGroup.toSubNegMonoid E
                      (@AddCommGroup.toAddGroup E (@NormedAddCommGroup.toAddCommGroup E inst))))
                  (@Module.toDistribMulAction Real E Real.semiring
                    (@AddCommGroup.toAddCommMonoid E (@NormedAddCommGroup.toAddCommGroup E inst))
                    (@NormedSpace.toModule Real E Real.normedField (@NormedAddCommGroup.toSeminormedAddCommGroup E inst)
                      (@InnerProductSpace.toNormedSpace Real E Real.instRCLike
                        (@NormedAddCommGroup.toSeminormedAddCommGroup E inst) inst_1)))))))
          (@OfNat.ofNat Real (nat_lit 2)
            (@instOfNatAtLeastTwo Real (nat_lit 2) Real.instNatCast original_signature0._proof_1))
          (@Prod.fst E E p))
        (@Prod.snd E E p));
  have P :=
    @ContinuousLinearMap.comp Real Real Real Real.semiring Real.semiring Real.semiring
      (@RingHom.id Real (@Semiring.toNonAssocSemiring Real Real.semiring))
      (@RingHom.id Real (@Semiring.toNonAssocSemiring Real Real.semiring))
      (@RingHom.id Real (@Semiring.toNonAssocSemiring Real Real.semiring))
      (↥(@Lp (Prod E E) Real (@Prod.instMeasurableSpace E E inst_3 inst_3) Real.normedAddCommGroup
          (@OfNat.ofNat ENNReal (nat_lit 2)
            (@instOfNatAtLeastTwo ENNReal (nat_lit 2)
              (@AddMonoidWithOne.toNatCast ENNReal
                (@AddCommMonoidWithOne.toAddMonoidWithOne ENNReal ENNReal.instAddCommMonoidWithOne))
              original_signature0._proof_1))
          J))
      (@UniformSpace.toTopologicalSpace
        (↥(@Lp (Prod E E) Real (@Prod.instMeasurableSpace E E inst_3 inst_3) Real.normedAddCommGroup
            (@OfNat.ofNat ENNReal (nat_lit 2)
              (@instOfNatAtLeastTwo ENNReal (nat_lit 2)
                (@AddMonoidWithOne.toNatCast ENNReal
                  (@AddCommMonoidWithOne.toAddMonoidWithOne ENNReal ENNReal.instAddCommMonoidWithOne))
                original_signature0._proof_1))
            J))
        (@PseudoMetricSpace.toUniformSpace
          (↥(@Lp (Prod E E) Real (@Prod.instMeasurableSpace E E inst_3 inst_3) Real.normedAddCommGroup
              (@OfNat.ofNat ENNReal (nat_lit 2)
                (@instOfNatAtLeastTwo ENNReal (nat_lit 2)
                  (@AddMonoidWithOne.toNatCast ENNReal
                    (@AddCommMonoidWithOne.toAddMonoidWithOne ENNReal ENNReal.instAddCommMonoidWithOne))
                  original_signature0._proof_1))
              J))
          (@SeminormedAddCommGroup.toPseudoMetricSpace
            (↥(@Lp (Prod E E) Real (@Prod.instMeasurableSpace E E inst_3 inst_3) Real.normedAddCommGroup
                (@OfNat.ofNat ENNReal (nat_lit 2)
                  (@instOfNatAtLeastTwo ENNReal (nat_lit 2)
                    (@AddMonoidWithOne.toNatCast ENNReal
                      (@AddCommMonoidWithOne.toAddMonoidWithOne ENNReal ENNReal.instAddCommMonoidWithOne))
                    original_signature0._proof_1))
                J))
            (@NormedAddCommGroup.toSeminormedAddCommGroup
              (↥(@Lp (Prod E E) Real (@Prod.instMeasurableSpace E E inst_3 inst_3) Real.normedAddCommGroup
                  (@OfNat.ofNat ENNReal (nat_lit 2)
                    (@instOfNatAtLeastTwo ENNReal (nat_lit 2)
                      (@AddMonoidWithOne.toNatCast ENNReal
                        (@AddCommMonoidWithOne.toAddMonoidWithOne ENNReal ENNReal.instAddCommMonoidWithOne))
                      original_signature0._proof_1))
                  J))
              (@Lp.instNormedAddCommGroup (Prod E E) Real (@Prod.instMeasurableSpace E E inst_3 inst_3)
                (@OfNat.ofNat ENNReal (nat_lit 2)
                  (@instOfNatAtLeastTwo ENNReal (nat_lit 2)
                    (@AddMonoidWithOne.toNatCast ENNReal
                      (@AddCommMonoidWithOne.toAddMonoidWithOne ENNReal ENNReal.instAddCommMonoidWithOne))
                    original_signature0._proof_1))
                J Real.normedAddCommGroup fact_one_le_two_ennreal)))))
      (@AddCommGroup.toAddCommMonoid
        (↥(@Lp (Prod E E) Real (@Prod.instMeasurableSpace E E inst_3 inst_3) Real.normedAddCommGroup
            (@OfNat.ofNat ENNReal (nat_lit 2)
              (@instOfNatAtLeastTwo ENNReal (nat_lit 2)
                (@AddMonoidWithOne.toNatCast ENNReal
                  (@AddCommMonoidWithOne.toAddMonoidWithOne ENNReal ENNReal.instAddCommMonoidWithOne))
                original_signature0._proof_1))
            J))
        (@Lp.instAddCommGroup (Prod E E) Real (@Prod.instMeasurableSpace E E inst_3 inst_3)
          (@OfNat.ofNat ENNReal (nat_lit 2)
            (@instOfNatAtLeastTwo ENNReal (nat_lit 2)
              (@AddMonoidWithOne.toNatCast ENNReal
                (@AddCommMonoidWithOne.toAddMonoidWithOne ENNReal ENNReal.instAddCommMonoidWithOne))
              original_signature0._proof_1))
          J Real.normedAddCommGroup))
      (↥(@lpMeas (Prod E E) Real Real Real.instRCLike Real.normedAddCommGroup
          (@InnerProductSpace.toNormedSpace Real Real Real.instRCLike
            (@NormedAddCommGroup.toSeminormedAddCommGroup Real Real.normedAddCommGroup)
            (@RCLike.toInnerProductSpaceReal Real Real.instRCLike))
          (@MeasurableSpace.comap (Prod E E) E (@Prod.snd E E) (@inferInstance (MeasurableSpace E) inst_3))
          (@Prod.instMeasurableSpace E E inst_3 inst_3)
          (@OfNat.ofNat ENNReal (nat_lit 2)
            (@instOfNatAtLeastTwo ENNReal (nat_lit 2)
              (@AddMonoidWithOne.toNatCast ENNReal
                (@AddCommMonoidWithOne.toAddMonoidWithOne ENNReal ENNReal.instAddCommMonoidWithOne))
              original_signature0._proof_1))
          J))
      (@instTopologicalSpaceSubtype
        (↥(@Lp (Prod E E) Real (@Prod.instMeasurableSpace E E inst_3 inst_3) Real.normedAddCommGroup
            (@OfNat.ofNat ENNReal (nat_lit 2)
              (@instOfNatAtLeastTwo ENNReal (nat_lit 2)
                (@AddMonoidWithOne.toNatCast ENNReal
                  (@AddCommMonoidWithOne.toAddMonoidWithOne ENNReal ENNReal.instAddCommMonoidWithOne))
                original_signature0._proof_1))
            J))
        (fun x =>
          @Membership.mem
            (↥(@Lp (Prod E E) Real (@Prod.instMeasurableSpace E E inst_3 inst_3) Real.normedAddCommGroup
                (@OfNat.ofNat ENNReal (nat_lit 2)
                  (@instOfNatAtLeastTwo ENNReal (nat_lit 2)
                    (@AddMonoidWithOne.toNatCast ENNReal
                      (@AddCommMonoidWithOne.toAddMonoidWithOne ENNReal ENNReal.instAddCommMonoidWithOne))
                    original_signature0._proof_1))
                J))
            (@Submodule Real
              (↥(@Lp (Prod E E) Real (@Prod.instMeasurableSpace E E inst_3 inst_3) Real.normedAddCommGroup
                  (@OfNat.ofNat ENNReal (nat_lit 2)
                    (@instOfNatAtLeastTwo ENNReal (nat_lit 2)
                      (@AddMonoidWithOne.toNatCast ENNReal
                        (@AddCommMonoidWithOne.toAddMonoidWithOne ENNReal ENNReal.instAddCommMonoidWithOne))
                      original_signature0._proof_1))
                  J))
              (@DivisionSemiring.toSemiring Real
                (@Semifield.toDivisionSemiring Real
                  (@Field.toSemifield Real
                    (@NormedField.toField Real
                      (@DenselyNormedField.toNormedField Real (@RCLike.toDenselyNormedField Real Real.instRCLike))))))
              (@AddCommGroup.toAddCommMonoid
                (↥(@Lp (Prod E E) Real (@Prod.instMeasurableSpace E E inst_3 inst_3) Real.normedAddCommGroup
                    (@OfNat.ofNat ENNReal (nat_lit 2)
                      (@instOfNatAtLeastTwo ENNReal (nat_lit 2)
                        (@AddMonoidWithOne.toNatCast ENNReal
                          (@AddCommMonoidWithOne.toAddMonoidWithOne ENNReal ENNReal.instAddCommMonoidWithOne))
                        original_signature0._proof_1))
                    J))
                (@Lp.instAddCommGroup (Prod E E) Real (@Prod.instMeasurableSpace E E inst_3 inst_3)
                  (@OfNat.ofNat ENNReal (nat_lit 2)
                    (@instOfNatAtLeastTwo ENNReal (nat_lit 2)
                      (@AddMonoidWithOne.toNatCast ENNReal
                        (@AddCommMonoidWithOne.toAddMonoidWithOne ENNReal ENNReal.instAddCommMonoidWithOne))
                      original_signature0._proof_1))
                  J Real.normedAddCommGroup))
              (@Lp.instModule (Prod E E) Real Real (@Prod.instMeasurableSpace E E inst_3 inst_3)
                (@OfNat.ofNat ENNReal (nat_lit 2)
                  (@instOfNatAtLeastTwo ENNReal (nat_lit 2)
                    (@AddMonoidWithOne.toNatCast ENNReal
                      (@AddCommMonoidWithOne.toAddMonoidWithOne ENNReal ENNReal.instAddCommMonoidWithOne))
                    original_signature0._proof_1))
                J Real.normedAddCommGroup
                (@NormedCommRing.toNormedRing Real
                  (@NormedField.toNormedCommRing Real
                    (@DenselyNormedField.toNormedField Real (@RCLike.toDenselyNormedField Real Real.instRCLike))))
                (@NormedSpace.toModule Real Real
                  (@DenselyNormedField.toNormedField Real (@RCLike.toDenselyNormedField Real Real.instRCLike))
                  (@NormedAddCommGroup.toSeminormedAddCommGroup Real Real.normedAddCommGroup)
                  (@InnerProductSpace.toNormedSpace Real Real Real.instRCLike
                    (@NormedAddCommGroup.toSeminormedAddCommGroup Real Real.normedAddCommGroup)
                    (@RCLike.toInnerProductSpaceReal Real Real.instRCLike)))
                original_signature0._proof_6))
            (@SetLike.instMembership
              (@Submodule Real
                (↥(@Lp (Prod E E) Real (@Prod.instMeasurableSpace E E inst_3 inst_3) Real.normedAddCommGroup
                    (@OfNat.ofNat ENNReal (nat_lit 2)
                      (@instOfNatAtLeastTwo ENNReal (nat_lit 2)
                        (@AddMonoidWithOne.toNatCast ENNReal
                          (@AddCommMonoidWithOne.toAddMonoidWithOne ENNReal ENNReal.instAddCommMonoidWithOne))
                        original_signature0._proof_1))
                    J))
                (@DivisionSemiring.toSemiring Real
                  (@Semifield.toDivisionSemiring Real
                    (@Field.toSemifield Real
                      (@NormedField.toField Real
                        (@DenselyNormedField.toNormedField Real (@RCLike.toDenselyNormedField Real Real.instRCLike))))))
                (@AddCommGroup.toAddCommMonoid
                  (↥(@Lp (Prod E E) Real (@Prod.instMeasurableSpace E E inst_3 inst_3) Real.normedAddCommGroup
                      (@OfNat.ofNat ENNReal (nat_lit 2)
                        (@instOfNatAtLeastTwo ENNReal (nat_lit 2)
                          (@AddMonoidWithOne.toNatCast ENNReal
                            (@AddCommMonoidWithOne.toAddMonoidWithOne ENNReal ENNReal.instAddCommMonoidWithOne))
                          original_signature0._proof_1))
                      J))
                  (@Lp.instAddCommGroup (Prod E E) Real (@Prod.instMeasurableSpace E E inst_3 inst_3)
                    (@OfNat.ofNat ENNReal (nat_lit 2)
                      (@instOfNatAtLeastTwo ENNReal (nat_lit 2)
                        (@AddMonoidWithOne.toNatCast ENNReal
                          (@AddCommMonoidWithOne.toAddMonoidWithOne ENNReal ENNReal.instAddCommMonoidWithOne))
                        original_signature0._proof_1))
                    J Real.normedAddCommGroup))
                (@Lp.instModule (Prod E E) Real Real (@Prod.instMeasurableSpace E E inst_3 inst_3)
                  (@OfNat.ofNat ENNReal (nat_lit 2)
                    (@instOfNatAtLeastTwo ENNReal (nat_lit 2)
                      (@AddMonoidWithOne.toNatCast ENNReal
                        (@AddCommMonoidWithOne.toAddMonoidWithOne ENNReal ENNReal.instAddCommMonoidWithOne))
                      original_signature0._proof_1))
                  J Real.normedAddCommGroup
                  (@NormedCommRing.toNormedRing Real
                    (@NormedField.toNormedCommRing Real
                      (@DenselyNormedField.toNormedField Real (@RCLike.toDenselyNormedField Real Real.instRCLike))))
                  (@NormedSpace.toModule Real Real
                    (@DenselyNormedField.toNormedField Real (@RCLike.toDenselyNormedField Real Real.instRCLike))
                    (@NormedAddCommGroup.toSeminormedAddCommGroup Real Real.normedAddCommGroup)
                    (@InnerProductSpace.toNormedSpace Real Real Real.instRCLike
                      (@NormedAddCommGroup.toSeminormedAddCommGroup Real Real.normedAddCommGroup)
                      (@RCLike.toInnerProductSpaceReal Real Real.instRCLike)))
                  original_signature0._proof_6))
              (↥(@Lp (Prod E E) Real (@Prod.instMeasurableSpace E E inst_3 inst_3) Real.normedAddCommGroup
                  (@OfNat.ofNat ENNReal (nat_lit 2)
                    (@instOfNatAtLeastTwo ENNReal (nat_lit 2)
                      (@AddMonoidWithOne.toNatCast ENNReal
                        (@AddCommMonoidWithOne.toAddMonoidWithOne ENNReal ENNReal.instAddCommMonoidWithOne))
                      original_signature0._proof_1))
                  J))
              (@Submodule.setLike Real
                (↥(@Lp (Prod E E) Real (@Prod.instMeasurableSpace E E inst_3 inst_3) Real.normedAddCommGroup
                    (@OfNat.ofNat ENNReal (nat_lit 2)
                      (@instOfNatAtLeastTwo ENNReal (nat_lit 2)
                        (@AddMonoidWithOne.toNatCast ENNReal
                          (@AddCommMonoidWithOne.toAddMonoidWithOne ENNReal ENNReal.instAddCommMonoidWithOne))
                        original_signature0._proof_1))
                    J))
                (@DivisionSemiring.toSemiring Real
                  (@Semifield.toDivisionSemiring Real
                    (@Field.toSemifield Real
                      (@NormedField.toField Real
                        (@DenselyNormedField.toNormedField Real (@RCLike.toDenselyNormedField Real Real.instRCLike))))))
                (@AddCommGroup.toAddCommMonoid
                  (↥(@Lp (Prod E E) Real (@Prod.instMeasurableSpace E E inst_3 inst_3) Real.normedAddCommGroup
                      (@OfNat.ofNat ENNReal (nat_lit 2)
                        (@instOfNatAtLeastTwo ENNReal (nat_lit 2)
                          (@AddMonoidWithOne.toNatCast ENNReal
                            (@AddCommMonoidWithOne.toAddMonoidWithOne ENNReal ENNReal.instAddCommMonoidWithOne))
                          original_signature0._proof_1))
                      J))
                  (@Lp.instAddCommGroup (Prod E E) Real (@Prod.instMeasurableSpace E E inst_3 inst_3)
                    (@OfNat.ofNat ENNReal (nat_lit 2)
                      (@instOfNatAtLeastTwo ENNReal (nat_lit 2)
                        (@AddMonoidWithOne.toNatCast ENNReal
                          (@AddCommMonoidWithOne.toAddMonoidWithOne ENNReal ENNReal.instAddCommMonoidWithOne))
                        original_signature0._proof_1))
                    J Real.normedAddCommGroup))
                (@Lp.instModule (Prod E E) Real Real (@Prod.instMeasurableSpace E E inst_3 inst_3)
                  (@OfNat.ofNat ENNReal (nat_lit 2)
                    (@instOfNatAtLeastTwo ENNReal (nat_lit 2)
                      (@AddMonoidWithOne.toNatCast ENNReal
                        (@AddCommMonoidWithOne.toAddMonoidWithOne ENNReal ENNReal.instAddCommMonoidWithOne))
                      original_signature0._proof_1))
                  J Real.normedAddCommGroup
                  (@NormedCommRing.toNormedRing Real
                    (@NormedField.toNormedCommRing Real
                      (@DenselyNormedField.toNormedField Real (@RCLike.toDenselyNormedField Real Real.instRCLike))))
                  (@NormedSpace.toModule Real Real
                    (@DenselyNormedField.toNormedField Real (@RCLike.toDenselyNormedField Real Real.instRCLike))
                    (@NormedAddCommGroup.toSeminormedAddCommGroup Real Real.normedAddCommGroup)
                    (@InnerProductSpace.toNormedSpace Real Real Real.instRCLike
                      (@NormedAddCommGroup.toSeminormedAddCommGroup Real Real.normedAddCommGroup)
                      (@RCLike.toInnerProductSpaceReal Real Real.instRCLike)))
                  original_signature0._proof_6)))
            (@lpMeas (Prod E E) Real Real Real.instRCLike Real.normedAddCommGroup
              (@InnerProductSpace.toNormedSpace Real Real Real.instRCLike
                (@NormedAddCommGroup.toSeminormedAddCommGroup Real Real.normedAddCommGroup)
                (@RCLike.toInnerProductSpaceReal Real Real.instRCLike))
              (@MeasurableSpace.comap (Prod E E) E (@Prod.snd E E) (@inferInstance (MeasurableSpace E) inst_3))
              (@Prod.instMeasurableSpace E E inst_3 inst_3)
              (@OfNat.ofNat ENNReal (nat_lit 2)
                (@instOfNatAtLeastTwo ENNReal (nat_lit 2)
                  (@AddMonoidWithOne.toNatCast ENNReal
                    (@AddCommMonoidWithOne.toAddMonoidWithOne ENNReal ENNReal.instAddCommMonoidWithOne))
                  original_signature0._proof_1))
              J)
            x)
        (@UniformSpace.toTopologicalSpace
          (↥(@Lp (Prod E E) Real (@Prod.instMeasurableSpace E E inst_3 inst_3) Real.normedAddCommGroup
              (@OfNat.ofNat ENNReal (nat_lit 2)
                (@instOfNatAtLeastTwo ENNReal (nat_lit 2)
                  (@AddMonoidWithOne.toNatCast ENNReal
                    (@AddCommMonoidWithOne.toAddMonoidWithOne ENNReal ENNReal.instAddCommMonoidWithOne))
                  original_signature0._proof_1))
              J))
          (@PseudoMetricSpace.toUniformSpace
            (↥(@Lp (Prod E E) Real (@Prod.instMeasurableSpace E E inst_3 inst_3) Real.normedAddCommGroup
                (@OfNat.ofNat ENNReal (nat_lit 2)
                  (@instOfNatAtLeastTwo ENNReal (nat_lit 2)
                    (@AddMonoidWithOne.toNatCast ENNReal
                      (@AddCommMonoidWithOne.toAddMonoidWithOne ENNReal ENNReal.instAddCommMonoidWithOne))
                    original_signature0._proof_1))
                J))
            (@SeminormedAddCommGroup.toPseudoMetricSpace
              (↥(@Lp (Prod E E) Real (@Prod.instMeasurableSpace E E inst_3 inst_3) Real.normedAddCommGroup
                  (@OfNat.ofNat ENNReal (nat_lit 2)
                    (@instOfNatAtLeastTwo ENNReal (nat_lit 2)
                      (@AddMonoidWithOne.toNatCast ENNReal
                        (@AddCommMonoidWithOne.toAddMonoidWithOne ENNReal ENNReal.instAddCommMonoidWithOne))
                      original_signature0._proof_1))
                  J))
              (@NormedAddCommGroup.toSeminormedAddCommGroup
                (↥(@Lp (Prod E E) Real (@Prod.instMeasurableSpace E E inst_3 inst_3) Real.normedAddCommGroup
                    (@OfNat.ofNat ENNReal (nat_lit 2)
                      (@instOfNatAtLeastTwo ENNReal (nat_lit 2)
                        (@AddMonoidWithOne.toNatCast ENNReal
                          (@AddCommMonoidWithOne.toAddMonoidWithOne ENNReal ENNReal.instAddCommMonoidWithOne))
                        original_signature0._proof_1))
                    J))
                (@Lp.instNormedAddCommGroup (Prod E E) Real (@Prod.instMeasurableSpace E E inst_3 inst_3)
                  (@OfNat.ofNat ENNReal (nat_lit 2)
                    (@instOfNatAtLeastTwo ENNReal (nat_lit 2)
                      (@AddMonoidWithOne.toNatCast ENNReal
                        (@AddCommMonoidWithOne.toAddMonoidWithOne ENNReal ENNReal.instAddCommMonoidWithOne))
                      original_signature0._proof_1))
                  J Real.normedAddCommGroup fact_one_le_two_ennreal))))))
      (@Submodule.addCommMonoid Real
        (↥(@Lp (Prod E E) Real (@Prod.instMeasurableSpace E E inst_3 inst_3) Real.normedAddCommGroup
            (@OfNat.ofNat ENNReal (nat_lit 2)
              (@instOfNatAtLeastTwo ENNReal (nat_lit 2)
                (@AddMonoidWithOne.toNatCast ENNReal
                  (@AddCommMonoidWithOne.toAddMonoidWithOne ENNReal ENNReal.instAddCommMonoidWithOne))
                original_signature0._proof_1))
            J))
        (@DivisionSemiring.toSemiring Real
          (@Semifield.toDivisionSemiring Real
            (@Field.toSemifield Real
              (@NormedField.toField Real
                (@DenselyNormedField.toNormedField Real (@RCLike.toDenselyNormedField Real Real.instRCLike))))))
        (@AddCommGroup.toAddCommMonoid
          (↥(@Lp (Prod E E) Real (@Prod.instMeasurableSpace E E inst_3 inst_3) Real.normedAddCommGroup
              (@OfNat.ofNat ENNReal (nat_lit 2)
                (@instOfNatAtLeastTwo ENNReal (nat_lit 2)
                  (@AddMonoidWithOne.toNatCast ENNReal
                    (@AddCommMonoidWithOne.toAddMonoidWithOne ENNReal ENNReal.instAddCommMonoidWithOne))
                  original_signature0._proof_1))
              J))
          (@Lp.instAddCommGroup (Prod E E) Real (@Prod.instMeasurableSpace E E inst_3 inst_3)
            (@OfNat.ofNat ENNReal (nat_lit 2)
              (@instOfNatAtLeastTwo ENNReal (nat_lit 2)
                (@AddMonoidWithOne.toNatCast ENNReal
                  (@AddCommMonoidWithOne.toAddMonoidWithOne ENNReal ENNReal.instAddCommMonoidWithOne))
                original_signature0._proof_1))
            J Real.normedAddCommGroup))
        (@Lp.instModule (Prod E E) Real Real (@Prod.instMeasurableSpace E E inst_3 inst_3)
          (@OfNat.ofNat ENNReal (nat_lit 2)
            (@instOfNatAtLeastTwo ENNReal (nat_lit 2)
              (@AddMonoidWithOne.toNatCast ENNReal
                (@AddCommMonoidWithOne.toAddMonoidWithOne ENNReal ENNReal.instAddCommMonoidWithOne))
              original_signature0._proof_1))
          J Real.normedAddCommGroup
          (@NormedCommRing.toNormedRing Real
            (@NormedField.toNormedCommRing Real
              (@DenselyNormedField.toNormedField Real (@RCLike.toDenselyNormedField Real Real.instRCLike))))
          (@NormedSpace.toModule Real Real
            (@DenselyNormedField.toNormedField Real (@RCLike.toDenselyNormedField Real Real.instRCLike))
            (@NormedAddCommGroup.toSeminormedAddCommGroup Real Real.normedAddCommGroup)
            (@InnerProductSpace.toNormedSpace Real Real Real.instRCLike
              (@NormedAddCommGroup.toSeminormedAddCommGroup Real Real.normedAddCommGroup)
              (@RCLike.toInnerProductSpaceReal Real Real.instRCLike)))
          original_signature0._proof_6)
        (@lpMeas (Prod E E) Real Real Real.instRCLike Real.normedAddCommGroup
          (@InnerProductSpace.toNormedSpace Real Real Real.instRCLike
            (@NormedAddCommGroup.toSeminormedAddCommGroup Real Real.normedAddCommGroup)
            (@RCLike.toInnerProductSpaceReal Real Real.instRCLike))
          (@MeasurableSpace.comap (Prod E E) E (@Prod.snd E E) (@inferInstance (MeasurableSpace E) inst_3))
          (@Prod.instMeasurableSpace E E inst_3 inst_3)
          (@OfNat.ofNat ENNReal (nat_lit 2)
            (@instOfNatAtLeastTwo ENNReal (nat_lit 2)
              (@AddMonoidWithOne.toNatCast ENNReal
                (@AddCommMonoidWithOne.toAddMonoidWithOne ENNReal ENNReal.instAddCommMonoidWithOne))
              original_signature0._proof_1))
          J))
      (↥(@Lp (Prod E E) Real (@Prod.instMeasurableSpace E E inst_3 inst_3) Real.normedAddCommGroup
          (@OfNat.ofNat ENNReal (nat_lit 2)
            (@instOfNatAtLeastTwo ENNReal (nat_lit 2)
              (@AddMonoidWithOne.toNatCast ENNReal
                (@AddCommMonoidWithOne.toAddMonoidWithOne ENNReal ENNReal.instAddCommMonoidWithOne))
              original_signature0._proof_1))
          J))
      (@UniformSpace.toTopologicalSpace
        (↥(@Lp (Prod E E) Real (@Prod.instMeasurableSpace E E inst_3 inst_3) Real.normedAddCommGroup
            (@OfNat.ofNat ENNReal (nat_lit 2)
              (@instOfNatAtLeastTwo ENNReal (nat_lit 2)
                (@AddMonoidWithOne.toNatCast ENNReal
                  (@AddCommMonoidWithOne.toAddMonoidWithOne ENNReal ENNReal.instAddCommMonoidWithOne))
                original_signature0._proof_1))
            J))
        (@PseudoMetricSpace.toUniformSpace
          (↥(@Lp (Prod E E) Real (@Prod.instMeasurableSpace E E inst_3 inst_3) Real.normedAddCommGroup
              (@OfNat.ofNat ENNReal (nat_lit 2)
                (@instOfNatAtLeastTwo ENNReal (nat_lit 2)
                  (@AddMonoidWithOne.toNatCast ENNReal
                    (@AddCommMonoidWithOne.toAddMonoidWithOne ENNReal ENNReal.instAddCommMonoidWithOne))
                  original_signature0._proof_1))
              J))
          (@SeminormedAddCommGroup.toPseudoMetricSpace
            (↥(@Lp (Prod E E) Real (@Prod.instMeasurableSpace E E inst_3 inst_3) Real.normedAddCommGroup
                (@OfNat.ofNat ENNReal (nat_lit 2)
                  (@instOfNatAtLeastTwo ENNReal (nat_lit 2)
                    (@AddMonoidWithOne.toNatCast ENNReal
                      (@AddCommMonoidWithOne.toAddMonoidWithOne ENNReal ENNReal.instAddCommMonoidWithOne))
                    original_signature0._proof_1))
                J))
            (@NormedAddCommGroup.toSeminormedAddCommGroup
              (↥(@Lp (Prod E E) Real (@Prod.instMeasurableSpace E E inst_3 inst_3) Real.normedAddCommGroup
                  (@OfNat.ofNat ENNReal (nat_lit 2)
                    (@instOfNatAtLeastTwo ENNReal (nat_lit 2)
                      (@AddMonoidWithOne.toNatCast ENNReal
                        (@AddCommMonoidWithOne.toAddMonoidWithOne ENNReal ENNReal.instAddCommMonoidWithOne))
                      original_signature0._proof_1))
                  J))
              (@Lp.instNormedAddCommGroup (Prod E E) Real (@Prod.instMeasurableSpace E E inst_3 inst_3)
                (@OfNat.ofNat ENNReal (nat_lit 2)
                  (@instOfNatAtLeastTwo ENNReal (nat_lit 2)
                    (@AddMonoidWithOne.toNatCast ENNReal
                      (@AddCommMonoidWithOne.toAddMonoidWithOne ENNReal ENNReal.instAddCommMonoidWithOne))
                    original_signature0._proof_1))
                J Real.normedAddCommGroup fact_one_le_two_ennreal)))))
      (@AddCommGroup.toAddCommMonoid
        (↥(@Lp (Prod E E) Real (@Prod.instMeasurableSpace E E inst_3 inst_3) Real.normedAddCommGroup
            (@OfNat.ofNat ENNReal (nat_lit 2)
              (@instOfNatAtLeastTwo ENNReal (nat_lit 2)
                (@AddMonoidWithOne.toNatCast ENNReal
                  (@AddCommMonoidWithOne.toAddMonoidWithOne ENNReal ENNReal.instAddCommMonoidWithOne))
                original_signature0._proof_1))
            J))
        (@Lp.instAddCommGroup (Prod E E) Real (@Prod.instMeasurableSpace E E inst_3 inst_3)
          (@OfNat.ofNat ENNReal (nat_lit 2)
            (@instOfNatAtLeastTwo ENNReal (nat_lit 2)
              (@AddMonoidWithOne.toNatCast ENNReal
                (@AddCommMonoidWithOne.toAddMonoidWithOne ENNReal ENNReal.instAddCommMonoidWithOne))
              original_signature0._proof_1))
          J Real.normedAddCommGroup))
      (@Lp.instModule (Prod E E) Real Real (@Prod.instMeasurableSpace E E inst_3 inst_3)
        (@OfNat.ofNat ENNReal (nat_lit 2)
          (@instOfNatAtLeastTwo ENNReal (nat_lit 2)
            (@AddMonoidWithOne.toNatCast ENNReal
              (@AddCommMonoidWithOne.toAddMonoidWithOne ENNReal ENNReal.instAddCommMonoidWithOne))
            original_signature0._proof_1))
        J Real.normedAddCommGroup (@NormedCommRing.toNormedRing Real Real.normedCommRing)
        (@Semiring.toModule Real
          (@Ring.toSemiring Real (@NormedRing.toRing Real (@NormedCommRing.toNormedRing Real Real.normedCommRing))))
        Real.isBoundedSMul)
      (@Submodule.module Real
        (↥(@Lp (Prod E E) Real (@Prod.instMeasurableSpace E E inst_3 inst_3) Real.normedAddCommGroup
            (@OfNat.ofNat ENNReal (nat_lit 2)
              (@instOfNatAtLeastTwo ENNReal (nat_lit 2)
                (@AddMonoidWithOne.toNatCast ENNReal
                  (@AddCommMonoidWithOne.toAddMonoidWithOne ENNReal ENNReal.instAddCommMonoidWithOne))
                original_signature0._proof_1))
            J))
        (@DivisionSemiring.toSemiring Real
          (@Semifield.toDivisionSemiring Real
            (@Field.toSemifield Real
              (@NormedField.toField Real
                (@DenselyNormedField.toNormedField Real (@RCLike.toDenselyNormedField Real Real.instRCLike))))))
        (@AddCommGroup.toAddCommMonoid
          (↥(@Lp (Prod E E) Real (@Prod.instMeasurableSpace E E inst_3 inst_3) Real.normedAddCommGroup
              (@OfNat.ofNat ENNReal (nat_lit 2)
                (@instOfNatAtLeastTwo ENNReal (nat_lit 2)
                  (@AddMonoidWithOne.toNatCast ENNReal
                    (@AddCommMonoidWithOne.toAddMonoidWithOne ENNReal ENNReal.instAddCommMonoidWithOne))
                  original_signature0._proof_1))
              J))
          (@Lp.instAddCommGroup (Prod E E) Real (@Prod.instMeasurableSpace E E inst_3 inst_3)
            (@OfNat.ofNat ENNReal (nat_lit 2)
              (@instOfNatAtLeastTwo ENNReal (nat_lit 2)
                (@AddMonoidWithOne.toNatCast ENNReal
                  (@AddCommMonoidWithOne.toAddMonoidWithOne ENNReal ENNReal.instAddCommMonoidWithOne))
                original_signature0._proof_1))
            J Real.normedAddCommGroup))
        (@Lp.instModule (Prod E E) Real Real (@Prod.instMeasurableSpace E E inst_3 inst_3)
          (@OfNat.ofNat ENNReal (nat_lit 2)
            (@instOfNatAtLeastTwo ENNReal (nat_lit 2)
              (@AddMonoidWithOne.toNatCast ENNReal
                (@AddCommMonoidWithOne.toAddMonoidWithOne ENNReal ENNReal.instAddCommMonoidWithOne))
              original_signature0._proof_1))
          J Real.normedAddCommGroup
          (@NormedCommRing.toNormedRing Real
            (@NormedField.toNormedCommRing Real
              (@DenselyNormedField.toNormedField Real (@RCLike.toDenselyNormedField Real Real.instRCLike))))
          (@NormedSpace.toModule Real Real
            (@DenselyNormedField.toNormedField Real (@RCLike.toDenselyNormedField Real Real.instRCLike))
            (@NormedAddCommGroup.toSeminormedAddCommGroup Real Real.normedAddCommGroup)
            (@InnerProductSpace.toNormedSpace Real Real Real.instRCLike
              (@NormedAddCommGroup.toSeminormedAddCommGroup Real Real.normedAddCommGroup)
              (@RCLike.toInnerProductSpaceReal Real Real.instRCLike)))
          original_signature0._proof_6)
        (@lpMeas (Prod E E) Real Real Real.instRCLike Real.normedAddCommGroup
          (@InnerProductSpace.toNormedSpace Real Real Real.instRCLike
            (@NormedAddCommGroup.toSeminormedAddCommGroup Real Real.normedAddCommGroup)
            (@RCLike.toInnerProductSpaceReal Real Real.instRCLike))
          (@MeasurableSpace.comap (Prod E E) E (@Prod.snd E E) (@inferInstance (MeasurableSpace E) inst_3))
          (@Prod.instMeasurableSpace E E inst_3 inst_3)
          (@OfNat.ofNat ENNReal (nat_lit 2)
            (@instOfNatAtLeastTwo ENNReal (nat_lit 2)
              (@AddMonoidWithOne.toNatCast ENNReal
                (@AddCommMonoidWithOne.toAddMonoidWithOne ENNReal ENNReal.instAddCommMonoidWithOne))
              original_signature0._proof_1))
          J))
      (@Lp.instModule (Prod E E) Real Real (@Prod.instMeasurableSpace E E inst_3 inst_3)
        (@OfNat.ofNat ENNReal (nat_lit 2)
          (@instOfNatAtLeastTwo ENNReal (nat_lit 2)
            (@AddMonoidWithOne.toNatCast ENNReal
              (@AddCommMonoidWithOne.toAddMonoidWithOne ENNReal ENNReal.instAddCommMonoidWithOne))
            original_signature0._proof_1))
        J Real.normedAddCommGroup (@NormedCommRing.toNormedRing Real Real.normedCommRing)
        (@Semiring.toModule Real
          (@Ring.toSemiring Real (@NormedRing.toRing Real (@NormedCommRing.toNormedRing Real Real.normedCommRing))))
        Real.isBoundedSMul)
      original_signature0._proof_7
      (@Submodule.subtypeL Real
        (@DivisionSemiring.toSemiring Real
          (@Semifield.toDivisionSemiring Real
            (@Field.toSemifield Real
              (@NormedField.toField Real
                (@DenselyNormedField.toNormedField Real (@RCLike.toDenselyNormedField Real Real.instRCLike))))))
        (↥(@Lp (Prod E E) Real (@Prod.instMeasurableSpace E E inst_3 inst_3) Real.normedAddCommGroup
            (@OfNat.ofNat ENNReal (nat_lit 2)
              (@instOfNatAtLeastTwo ENNReal (nat_lit 2)
                (@AddMonoidWithOne.toNatCast ENNReal
                  (@AddCommMonoidWithOne.toAddMonoidWithOne ENNReal ENNReal.instAddCommMonoidWithOne))
                original_signature0._proof_1))
            J))
        (@UniformSpace.toTopologicalSpace
          (↥(@Lp (Prod E E) Real (@Prod.instMeasurableSpace E E inst_3 inst_3) Real.normedAddCommGroup
              (@OfNat.ofNat ENNReal (nat_lit 2)
                (@instOfNatAtLeastTwo ENNReal (nat_lit 2)
                  (@AddMonoidWithOne.toNatCast ENNReal
                    (@AddCommMonoidWithOne.toAddMonoidWithOne ENNReal ENNReal.instAddCommMonoidWithOne))
                  original_signature0._proof_1))
              J))
          (@PseudoMetricSpace.toUniformSpace
            (↥(@Lp (Prod E E) Real (@Prod.instMeasurableSpace E E inst_3 inst_3) Real.normedAddCommGroup
                (@OfNat.ofNat ENNReal (nat_lit 2)
                  (@instOfNatAtLeastTwo ENNReal (nat_lit 2)
                    (@AddMonoidWithOne.toNatCast ENNReal
                      (@AddCommMonoidWithOne.toAddMonoidWithOne ENNReal ENNReal.instAddCommMonoidWithOne))
                    original_signature0._proof_1))
                J))
            (@SeminormedAddCommGroup.toPseudoMetricSpace
              (↥(@Lp (Prod E E) Real (@Prod.instMeasurableSpace E E inst_3 inst_3) Real.normedAddCommGroup
                  (@OfNat.ofNat ENNReal (nat_lit 2)
                    (@instOfNatAtLeastTwo ENNReal (nat_lit 2)
                      (@AddMonoidWithOne.toNatCast ENNReal
                        (@AddCommMonoidWithOne.toAddMonoidWithOne ENNReal ENNReal.instAddCommMonoidWithOne))
                      original_signature0._proof_1))
                  J))
              (@NormedAddCommGroup.toSeminormedAddCommGroup
                (↥(@Lp (Prod E E) Real (@Prod.instMeasurableSpace E E inst_3 inst_3) Real.normedAddCommGroup
                    (@OfNat.ofNat ENNReal (nat_lit 2)
                      (@instOfNatAtLeastTwo ENNReal (nat_lit 2)
                        (@AddMonoidWithOne.toNatCast ENNReal
                          (@AddCommMonoidWithOne.toAddMonoidWithOne ENNReal ENNReal.instAddCommMonoidWithOne))
                        original_signature0._proof_1))
                    J))
                (@Lp.instNormedAddCommGroup (Prod E E) Real (@Prod.instMeasurableSpace E E inst_3 inst_3)
                  (@OfNat.ofNat ENNReal (nat_lit 2)
                    (@instOfNatAtLeastTwo ENNReal (nat_lit 2)
                      (@AddMonoidWithOne.toNatCast ENNReal
                        (@AddCommMonoidWithOne.toAddMonoidWithOne ENNReal ENNReal.instAddCommMonoidWithOne))
                      original_signature0._proof_1))
                  J Real.normedAddCommGroup fact_one_le_two_ennreal)))))
        (@AddCommGroup.toAddCommMonoid
          (↥(@Lp (Prod E E) Real (@Prod.instMeasurableSpace E E inst_3 inst_3) Real.normedAddCommGroup
              (@OfNat.ofNat ENNReal (nat_lit 2)
                (@instOfNatAtLeastTwo ENNReal (nat_lit 2)
                  (@AddMonoidWithOne.toNatCast ENNReal
                    (@AddCommMonoidWithOne.toAddMonoidWithOne ENNReal ENNReal.instAddCommMonoidWithOne))
                  original_signature0._proof_1))
              J))
          (@Lp.instAddCommGroup (Prod E E) Real (@Prod.instMeasurableSpace E E inst_3 inst_3)
            (@OfNat.ofNat ENNReal (nat_lit 2)
              (@instOfNatAtLeastTwo ENNReal (nat_lit 2)
                (@AddMonoidWithOne.toNatCast ENNReal
                  (@AddCommMonoidWithOne.toAddMonoidWithOne ENNReal ENNReal.instAddCommMonoidWithOne))
                original_signature0._proof_1))
            J Real.normedAddCommGroup))
        (@Lp.instModule (Prod E E) Real Real (@Prod.instMeasurableSpace E E inst_3 inst_3)
          (@OfNat.ofNat ENNReal (nat_lit 2)
            (@instOfNatAtLeastTwo ENNReal (nat_lit 2)
              (@AddMonoidWithOne.toNatCast ENNReal
                (@AddCommMonoidWithOne.toAddMonoidWithOne ENNReal ENNReal.instAddCommMonoidWithOne))
              original_signature0._proof_1))
          J Real.normedAddCommGroup
          (@NormedCommRing.toNormedRing Real
            (@NormedField.toNormedCommRing Real
              (@DenselyNormedField.toNormedField Real (@RCLike.toDenselyNormedField Real Real.instRCLike))))
          (@NormedSpace.toModule Real Real
            (@DenselyNormedField.toNormedField Real (@RCLike.toDenselyNormedField Real Real.instRCLike))
            (@NormedAddCommGroup.toSeminormedAddCommGroup Real Real.normedAddCommGroup)
            (@InnerProductSpace.toNormedSpace Real Real Real.instRCLike
              (@NormedAddCommGroup.toSeminormedAddCommGroup Real Real.normedAddCommGroup)
              (@RCLike.toInnerProductSpaceReal Real Real.instRCLike)))
          original_signature0._proof_6)
        (@lpMeas (Prod E E) Real Real Real.instRCLike Real.normedAddCommGroup
          (@InnerProductSpace.toNormedSpace Real Real Real.instRCLike
            (@NormedAddCommGroup.toSeminormedAddCommGroup Real Real.normedAddCommGroup)
            (@RCLike.toInnerProductSpaceReal Real Real.instRCLike))
          (@MeasurableSpace.comap (Prod E E) E (@Prod.snd E E) (@inferInstance (MeasurableSpace E) inst_3))
          (@Prod.instMeasurableSpace E E inst_3 inst_3)
          (@OfNat.ofNat ENNReal (nat_lit 2)
            (@instOfNatAtLeastTwo ENNReal (nat_lit 2)
              (@AddMonoidWithOne.toNatCast ENNReal
                (@AddCommMonoidWithOne.toAddMonoidWithOne ENNReal ENNReal.instAddCommMonoidWithOne))
              original_signature0._proof_1))
          J))
      (@condExpL2 (Prod E E) Real Real Real.instRCLike Real.normedAddCommGroup
        (@RCLike.toInnerProductSpaceReal Real Real.instRCLike) Real.instCompleteSpace
        (@MeasurableSpace.comap (Prod E E) E (@Prod.snd E E) (@inferInstance (MeasurableSpace E) inst_3))
        (@Prod.instMeasurableSpace E E inst_3 inst_3) J ⋯);
  And
    (@IsProbabilityMeasure E
      (@MeasureSpace.toMeasurableSpace E (@measureSpaceOfInnerProductSpace E inst inst_1 inst_2 inst_3 inst_4)) μ)
    (And (@IsProbabilityMeasure (Prod E E) (@Prod.instMeasurableSpace E E inst_3 inst_3) J)
      (And (@IsProbabilityMeasure E inst_3 ν)
        (∃ S,
          And (@IsMarkovKernel E E inst_3 inst_3 S)
            (And
              (∀ (y : E),
                @Eq (@Measure E inst_3)
                  (@DFunLike.coe (@Kernel E E inst_3 inst_3) E (fun x => @Measure E inst_3)
                    (@Kernel.instFunLike E E inst_3 inst_3) S y)
                  (@Measure.tilted E
                    (@MeasureSpace.toMeasurableSpace E
                      (@measureSpaceOfInnerProductSpace E inst inst_1 inst_2 inst_3 inst_4))
                    (@volume E (@measureSpaceOfInnerProductSpace E inst inst_1 inst_2 inst_3 inst_4)) fun x =>
                    @HSub.hSub Real Real Real (@instHSub Real Real.instSub)
                      (@Neg.neg Real Real.instNeg
                        (V
                          (@HSMul.hSMul Real E E
                            (@instHSMul Real E
                              (@SMulZeroClass.toSMul Real E
                                (@AddZero.toZero E
                                  (@AddZeroClass.toAddZero E
                                    (@AddMonoid.toAddZeroClass E
                                      (@SubNegMonoid.toAddMonoid E
                                        (@AddGroup.toSubNegMonoid E
                                          (@AddCommGroup.toAddGroup E (@NormedAddCommGroup.toAddCommGroup E inst)))))))
                                (@DistribSMul.toSMulZeroClass Real E
                                  (@AddMonoid.toAddZeroClass E
                                    (@SubNegMonoid.toAddMonoid E
                                      (@AddGroup.toSubNegMonoid E
                                        (@AddCommGroup.toAddGroup E (@NormedAddCommGroup.toAddCommGroup E inst)))))
                                  (@DistribMulAction.toDistribSMul Real E Real.instMonoid
                                    (@SubNegMonoid.toAddMonoid E
                                      (@AddGroup.toSubNegMonoid E
                                        (@AddCommGroup.toAddGroup E (@NormedAddCommGroup.toAddCommGroup E inst))))
                                    (@Module.toDistribMulAction Real E Real.semiring
                                      (@AddCommGroup.toAddCommMonoid E (@NormedAddCommGroup.toAddCommGroup E inst))
                                      (@NormedSpace.toModule Real E Real.normedField
                                        (@NormedAddCommGroup.toSeminormedAddCommGroup E inst)
                                        (@InnerProductSpace.toNormedSpace Real E Real.instRCLike
                                          (@NormedAddCommGroup.toSeminormedAddCommGroup E inst) inst_1)))))))
                            (@HDiv.hDiv Real Real Real (@instHDiv Real (@DivInvMonoid.toDiv Real Real.instDivInvMonoid))
                              (@OfNat.ofNat Real (nat_lit 1) (@One.toOfNat1 Real Real.instOne))
                              (@OfNat.ofNat Real (nat_lit 2)
                                (@instOfNatAtLeastTwo Real (nat_lit 2) Real.instNatCast original_signature0._proof_1)))
                            (@HAdd.hAdd E E E
                              (@instHAdd E
                                (@AddCommMagma.toAdd E
                                  (@AddCommSemigroup.toAddCommMagma E
                                    (@AddCommMonoid.toAddCommSemigroup E
                                      (@AddCommGroup.toAddCommMonoid E (@NormedAddCommGroup.toAddCommGroup E inst))))))
                              y x))))
                      (@HDiv.hDiv Real Real Real (@instHDiv Real (@DivInvMonoid.toDiv Real Real.instDivInvMonoid))
                        (@HPow.hPow Real Nat Real
                          (@instHPow Real Nat (@NPow.toPow Real (@Monoid.toNPow Real Real.instMonoid)))
                          (@norm E (@NormedAddCommGroup.toNorm E inst)
                            (@HSub.hSub E E E
                              (@instHSub E
                                (@SubNegMonoid.toSub E
                                  (@AddGroup.toSubNegMonoid E
                                    (@AddCommGroup.toAddGroup E (@NormedAddCommGroup.toAddCommGroup E inst)))))
                              y x))
                          (@OfNat.ofNat Nat (nat_lit 2) (instOfNatNat (nat_lit 2))))
                        (@HMul.hMul Real Real Real (@instHMul Real Real.instMul)
                          (@OfNat.ofNat Real (nat_lit 8)
                            (@instOfNatAtLeastTwo Real (nat_lit 8) Real.instNatCast original_signature0._proof_9))
                          η))))
              (And (@Measure.IsCondKernel E E inst_3 inst_3 Λ S)
                (And (@Eq (@Measure E inst_3) (@Measure.fst E E inst_3 inst_3 Λ) ν)
                  (And (@Eq (@Measure E inst_3) (@Measure.snd E E inst_3 inst_3 Λ) ν)
                    (∃ U,
                      And
                        (∀
                          (g :
                            ↥(@Lp (Prod E E) Real (@Prod.instMeasurableSpace E E inst_3 inst_3) Real.normedAddCommGroup
                                (@OfNat.ofNat ENNReal (nat_lit 2)
                                  (@instOfNatAtLeastTwo ENNReal (nat_lit 2)
                                    (@AddMonoidWithOne.toNatCast ENNReal
                                      (@AddCommMonoidWithOne.toAddMonoidWithOne ENNReal
                                        ENNReal.instAddCommMonoidWithOne))
                                    original_signature0._proof_1))
                                J)),
                          @Filter.EventuallyEq (Prod E E) Real
                            (@ae (Prod E E) (@Measure (Prod E E) (@Prod.instMeasurableSpace E E inst_3 inst_3))
                              (@Measure.instFunLike (Prod E E) (@Prod.instMeasurableSpace E E inst_3 inst_3)) ⋯ J)
                            (@AEEqFun.cast (Prod E E) Real (@Prod.instMeasurableSpace E E inst_3 inst_3) J
                              (@UniformSpace.toTopologicalSpace Real
                                (@PseudoMetricSpace.toUniformSpace Real
                                  (@SeminormedAddCommGroup.toPseudoMetricSpace Real
                                    (@NormedAddCommGroup.toSeminormedAddCommGroup Real Real.normedAddCommGroup))))
                              (@Subtype.val
                                (@AEEqFun (Prod E E) Real (@Prod.instMeasurableSpace E E inst_3 inst_3)
                                  (@UniformSpace.toTopologicalSpace Real
                                    (@PseudoMetricSpace.toUniformSpace Real
                                      (@SeminormedAddCommGroup.toPseudoMetricSpace Real
                                        (@NormedAddCommGroup.toSeminormedAddCommGroup Real Real.normedAddCommGroup))))
                                  J)
                                (fun x =>
                                  @Membership.mem
                                    (@AEEqFun (Prod E E) Real (@Prod.instMeasurableSpace E E inst_3 inst_3)
                                      (@UniformSpace.toTopologicalSpace Real
                                        (@PseudoMetricSpace.toUniformSpace Real
                                          (@SeminormedAddCommGroup.toPseudoMetricSpace Real
                                            (@NormedAddCommGroup.toSeminormedAddCommGroup Real
                                              Real.normedAddCommGroup))))
                                      J)
                                    (@AddSubgroup
                                      (@AEEqFun (Prod E E) Real (@Prod.instMeasurableSpace E E inst_3 inst_3)
                                        (@UniformSpace.toTopologicalSpace Real
                                          (@PseudoMetricSpace.toUniformSpace Real
                                            (@SeminormedAddCommGroup.toPseudoMetricSpace Real
                                              (@NormedAddCommGroup.toSeminormedAddCommGroup Real
                                                Real.normedAddCommGroup))))
                                        J)
                                      (@AEEqFun.instAddGroup (Prod E E) Real
                                        (@Prod.instMeasurableSpace E E inst_3 inst_3) J
                                        (@UniformSpace.toTopologicalSpace Real
                                          (@PseudoMetricSpace.toUniformSpace Real
                                            (@SeminormedAddCommGroup.toPseudoMetricSpace Real
                                              (@NormedAddCommGroup.toSeminormedAddCommGroup Real
                                                Real.normedAddCommGroup))))
                                        (@AddCommGroup.toAddGroup Real
                                          (@NormedAddCommGroup.toAddCommGroup Real Real.normedAddCommGroup))
                                        ⋯))
                                    (@SetLike.instMembership
                                      (@AddSubgroup
                                        (@AEEqFun (Prod E E) Real (@Prod.instMeasurableSpace E E inst_3 inst_3)
                                          (@UniformSpace.toTopologicalSpace Real
                                            (@PseudoMetricSpace.toUniformSpace Real
                                              (@SeminormedAddCommGroup.toPseudoMetricSpace Real
                                                (@NormedAddCommGroup.toSeminormedAddCommGroup Real
                                                  Real.normedAddCommGroup))))
                                          J)
                                        (@AEEqFun.instAddGroup (Prod E E) Real
                                          (@Prod.instMeasurableSpace E E inst_3 inst_3) J
                                          (@UniformSpace.toTopologicalSpace Real
                                            (@PseudoMetricSpace.toUniformSpace Real
                                              (@SeminormedAddCommGroup.toPseudoMetricSpace Real
                                                (@NormedAddCommGroup.toSeminormedAddCommGroup Real
                                                  Real.normedAddCommGroup))))
                                          (@AddCommGroup.toAddGroup Real
                                            (@NormedAddCommGroup.toAddCommGroup Real Real.normedAddCommGroup))
                                          ⋯))
                                      (@AEEqFun (Prod E E) Real (@Prod.instMeasurableSpace E E inst_3 inst_3)
                                        (@UniformSpace.toTopologicalSpace Real
                                          (@PseudoMetricSpace.toUniformSpace Real
                                            (@SeminormedAddCommGroup.toPseudoMetricSpace Real
                                              (@NormedAddCommGroup.toSeminormedAddCommGroup Real
                                                Real.normedAddCommGroup))))
                                        J)
                                      (@AddSubgroup.instSetLike
                                        (@AEEqFun (Prod E E) Real (@Prod.instMeasurableSpace E E inst_3 inst_3)
                                          (@UniformSpace.toTopologicalSpace Real
                                            (@PseudoMetricSpace.toUniformSpace Real
                                              (@SeminormedAddCommGroup.toPseudoMetricSpace Real
                                                (@NormedAddCommGroup.toSeminormedAddCommGroup Real
                                                  Real.normedAddCommGroup))))
                                          J)
                                        (@AEEqFun.instAddGroup (Prod E E) Real
                                          (@Prod.instMeasurableSpace E E inst_3 inst_3) J
                                          (@UniformSpace.toTopologicalSpace Real
                                            (@PseudoMetricSpace.toUniformSpace Real
                                              (@SeminormedAddCommGroup.toPseudoMetricSpace Real
                                                (@NormedAddCommGroup.toSeminormedAddCommGroup Real
                                                  Real.normedAddCommGroup))))
                                          (@AddCommGroup.toAddGroup Real
                                            (@NormedAddCommGroup.toAddCommGroup Real Real.normedAddCommGroup))
                                          ⋯)))
                                    (@Lp (Prod E E) Real (@Prod.instMeasurableSpace E E inst_3 inst_3)
                                      Real.normedAddCommGroup
                                      (@OfNat.ofNat ENNReal (nat_lit 2)
                                        (@instOfNatAtLeastTwo ENNReal (nat_lit 2)
                                          (@AddMonoidWithOne.toNatCast ENNReal
                                            (@AddCommMonoidWithOne.toAddMonoidWithOne ENNReal
                                              ENNReal.instAddCommMonoidWithOne))
                                          original_signature0._proof_1))
                                      J)
                                    x)
                                (@DFunLike.coe
                                  (@LinearIsometry Real Real Real.semiring Real.semiring
                                    (@RingHom.id Real (@Semiring.toNonAssocSemiring Real Real.semiring))
                                    (↥(@Lp (Prod E E) Real (@Prod.instMeasurableSpace E E inst_3 inst_3)
                                        Real.normedAddCommGroup
                                        (@OfNat.ofNat ENNReal (nat_lit 2)
                                          (@instOfNatAtLeastTwo ENNReal (nat_lit 2)
                                            (@AddMonoidWithOne.toNatCast ENNReal
                                              (@AddCommMonoidWithOne.toAddMonoidWithOne ENNReal
                                                ENNReal.instAddCommMonoidWithOne))
                                            original_signature0._proof_1))
                                        J))
                                    (↥(@Lp (Prod E E) Real (@Prod.instMeasurableSpace E E inst_3 inst_3)
                                        Real.normedAddCommGroup
                                        (@OfNat.ofNat ENNReal (nat_lit 2)
                                          (@instOfNatAtLeastTwo ENNReal (nat_lit 2)
                                            (@AddMonoidWithOne.toNatCast ENNReal
                                              (@AddCommMonoidWithOne.toAddMonoidWithOne ENNReal
                                                ENNReal.instAddCommMonoidWithOne))
                                            original_signature0._proof_1))
                                        J))
                                    (@NormedAddCommGroup.toSeminormedAddCommGroup
                                      (↥(@Lp (Prod E E) Real (@Prod.instMeasurableSpace E E inst_3 inst_3)
                                          Real.normedAddCommGroup
                                          (@OfNat.ofNat ENNReal (nat_lit 2)
                                            (@instOfNatAtLeastTwo ENNReal (nat_lit 2)
                                              (@AddMonoidWithOne.toNatCast ENNReal
                                                (@AddCommMonoidWithOne.toAddMonoidWithOne ENNReal
                                                  ENNReal.instAddCommMonoidWithOne))
                                              original_signature0._proof_1))
                                          J))
                                      (@Lp.instNormedAddCommGroup (Prod E E) Real
                                        (@Prod.instMeasurableSpace E E inst_3 inst_3)
                                        (@OfNat.ofNat ENNReal (nat_lit 2)
                                          (@instOfNatAtLeastTwo ENNReal (nat_lit 2)
                                            (@AddMonoidWithOne.toNatCast ENNReal
                                              (@AddCommMonoidWithOne.toAddMonoidWithOne ENNReal
                                                ENNReal.instAddCommMonoidWithOne))
                                            original_signature0._proof_1))
                                        J Real.normedAddCommGroup fact_one_le_two_ennreal))
                                    (@NormedAddCommGroup.toSeminormedAddCommGroup
                                      (↥(@Lp (Prod E E) Real (@Prod.instMeasurableSpace E E inst_3 inst_3)
                                          Real.normedAddCommGroup
                                          (@OfNat.ofNat ENNReal (nat_lit 2)
                                            (@instOfNatAtLeastTwo ENNReal (nat_lit 2)
                                              (@AddMonoidWithOne.toNatCast ENNReal
                                                (@AddCommMonoidWithOne.toAddMonoidWithOne ENNReal
                                                  ENNReal.instAddCommMonoidWithOne))
                                              original_signature0._proof_1))
                                          J))
                                      (@Lp.instNormedAddCommGroup (Prod E E) Real
                                        (@Prod.instMeasurableSpace E E inst_3 inst_3)
                                        (@OfNat.ofNat ENNReal (nat_lit 2)
                                          (@instOfNatAtLeastTwo ENNReal (nat_lit 2)
                                            (@AddMonoidWithOne.toNatCast ENNReal
                                              (@AddCommMonoidWithOne.toAddMonoidWithOne ENNReal
                                                ENNReal.instAddCommMonoidWithOne))
                                            original_signature0._proof_1))
                                        J Real.normedAddCommGroup fact_one_le_two_ennreal))
                                    (@Lp.instModule (Prod E E) Real Real (@Prod.instMeasurableSpace E E inst_3 inst_3)
                                      (@OfNat.ofNat ENNReal (nat_lit 2)
                                        (@instOfNatAtLeastTwo ENNReal (nat_lit 2)
                                          (@AddMonoidWithOne.toNatCast ENNReal
                                            (@AddCommMonoidWithOne.toAddMonoidWithOne ENNReal
                                              ENNReal.instAddCommMonoidWithOne))
                                          original_signature0._proof_1))
                                      J Real.normedAddCommGroup (@NormedCommRing.toNormedRing Real Real.normedCommRing)
                                      (@Semiring.toModule Real
                                        (@Ring.toSemiring Real
                                          (@NormedRing.toRing Real
                                            (@NormedCommRing.toNormedRing Real Real.normedCommRing))))
                                      Real.isBoundedSMul)
                                    (@Lp.instModule (Prod E E) Real Real (@Prod.instMeasurableSpace E E inst_3 inst_3)
                                      (@OfNat.ofNat ENNReal (nat_lit 2)
                                        (@instOfNatAtLeastTwo ENNReal (nat_lit 2)
                                          (@AddMonoidWithOne.toNatCast ENNReal
                                            (@AddCommMonoidWithOne.toAddMonoidWithOne ENNReal
                                              ENNReal.instAddCommMonoidWithOne))
                                          original_signature0._proof_1))
                                      J Real.normedAddCommGroup (@NormedCommRing.toNormedRing Real Real.normedCommRing)
                                      (@Semiring.toModule Real
                                        (@Ring.toSemiring Real
                                          (@NormedRing.toRing Real
                                            (@NormedCommRing.toNormedRing Real Real.normedCommRing))))
                                      Real.isBoundedSMul))
                                  (↥(@Lp (Prod E E) Real (@Prod.instMeasurableSpace E E inst_3 inst_3)
                                      Real.normedAddCommGroup
                                      (@OfNat.ofNat ENNReal (nat_lit 2)
                                        (@instOfNatAtLeastTwo ENNReal (nat_lit 2)
                                          (@AddMonoidWithOne.toNatCast ENNReal
                                            (@AddCommMonoidWithOne.toAddMonoidWithOne ENNReal
                                              ENNReal.instAddCommMonoidWithOne))
                                          original_signature0._proof_1))
                                      J))
                                  (fun x =>
                                    ↥(@Lp (Prod E E) Real (@Prod.instMeasurableSpace E E inst_3 inst_3)
                                        Real.normedAddCommGroup
                                        (@OfNat.ofNat ENNReal (nat_lit 2)
                                          (@instOfNatAtLeastTwo ENNReal (nat_lit 2)
                                            (@AddMonoidWithOne.toNatCast ENNReal
                                              (@AddCommMonoidWithOne.toAddMonoidWithOne ENNReal
                                                ENNReal.instAddCommMonoidWithOne))
                                            original_signature0._proof_1))
                                        J))
                                  (@LinearIsometry.instFunLike Real Real
                                    (↥(@Lp (Prod E E) Real (@Prod.instMeasurableSpace E E inst_3 inst_3)
                                        Real.normedAddCommGroup
                                        (@OfNat.ofNat ENNReal (nat_lit 2)
                                          (@instOfNatAtLeastTwo ENNReal (nat_lit 2)
                                            (@AddMonoidWithOne.toNatCast ENNReal
                                              (@AddCommMonoidWithOne.toAddMonoidWithOne ENNReal
                                                ENNReal.instAddCommMonoidWithOne))
                                            original_signature0._proof_1))
                                        J))
                                    (↥(@Lp (Prod E E) Real (@Prod.instMeasurableSpace E E inst_3 inst_3)
                                        Real.normedAddCommGroup
                                        (@OfNat.ofNat ENNReal (nat_lit 2)
                                          (@instOfNatAtLeastTwo ENNReal (nat_lit 2)
                                            (@AddMonoidWithOne.toNatCast ENNReal
                                              (@AddCommMonoidWithOne.toAddMonoidWithOne ENNReal
                                                ENNReal.instAddCommMonoidWithOne))
                                            original_signature0._proof_1))
                                        J))
                                    Real.semiring Real.semiring
                                    (@RingHom.id Real (@Semiring.toNonAssocSemiring Real Real.semiring))
                                    (@NormedAddCommGroup.toSeminormedAddCommGroup
                                      (↥(@Lp (Prod E E) Real (@Prod.instMeasurableSpace E E inst_3 inst_3)
                                          Real.normedAddCommGroup
                                          (@OfNat.ofNat ENNReal (nat_lit 2)
                                            (@instOfNatAtLeastTwo ENNReal (nat_lit 2)
                                              (@AddMonoidWithOne.toNatCast ENNReal
                                                (@AddCommMonoidWithOne.toAddMonoidWithOne ENNReal
                                                  ENNReal.instAddCommMonoidWithOne))
                                              original_signature0._proof_1))
                                          J))
                                      (@Lp.instNormedAddCommGroup (Prod E E) Real
                                        (@Prod.instMeasurableSpace E E inst_3 inst_3)
                                        (@OfNat.ofNat ENNReal (nat_lit 2)
                                          (@instOfNatAtLeastTwo ENNReal (nat_lit 2)
                                            (@AddMonoidWithOne.toNatCast ENNReal
                                              (@AddCommMonoidWithOne.toAddMonoidWithOne ENNReal
                                                ENNReal.instAddCommMonoidWithOne))
                                            original_signature0._proof_1))
                                        J Real.normedAddCommGroup fact_one_le_two_ennreal))
                                    (@NormedAddCommGroup.toSeminormedAddCommGroup
                                      (↥(@Lp (Prod E E) Real (@Prod.instMeasurableSpace E E inst_3 inst_3)
                                          Real.normedAddCommGroup
                                          (@OfNat.ofNat ENNReal (nat_lit 2)
                                            (@instOfNatAtLeastTwo ENNReal (nat_lit 2)
                                              (@AddMonoidWithOne.toNatCast ENNReal
                                                (@AddCommMonoidWithOne.toAddMonoidWithOne ENNReal
                                                  ENNReal.instAddCommMonoidWithOne))
                                              original_signature0._proof_1))
                                          J))
                                      (@Lp.instNormedAddCommGroup (Prod E E) Real
                                        (@Prod.instMeasurableSpace E E inst_3 inst_3)
                                        (@OfNat.ofNat ENNReal (nat_lit 2)
                                          (@instOfNatAtLeastTwo ENNReal (nat_lit 2)
                                            (@AddMonoidWithOne.toNatCast ENNReal
                                              (@AddCommMonoidWithOne.toAddMonoidWithOne ENNReal
                                                ENNReal.instAddCommMonoidWithOne))
                                            original_signature0._proof_1))
                                        J Real.normedAddCommGroup fact_one_le_two_ennreal))
                                    (@Lp.instModule (Prod E E) Real Real (@Prod.instMeasurableSpace E E inst_3 inst_3)
                                      (@OfNat.ofNat ENNReal (nat_lit 2)
                                        (@instOfNatAtLeastTwo ENNReal (nat_lit 2)
                                          (@AddMonoidWithOne.toNatCast ENNReal
                                            (@AddCommMonoidWithOne.toAddMonoidWithOne ENNReal
                                              ENNReal.instAddCommMonoidWithOne))
                                          original_signature0._proof_1))
                                      J Real.normedAddCommGroup (@NormedCommRing.toNormedRing Real Real.normedCommRing)
                                      (@Semiring.toModule Real
                                        (@Ring.toSemiring Real
                                          (@NormedRing.toRing Real
                                            (@NormedCommRing.toNormedRing Real Real.normedCommRing))))
                                      Real.isBoundedSMul)
                                    (@Lp.instModule (Prod E E) Real Real (@Prod.instMeasurableSpace E E inst_3 inst_3)
                                      (@OfNat.ofNat ENNReal (nat_lit 2)
                                        (@instOfNatAtLeastTwo ENNReal (nat_lit 2)
                                          (@AddMonoidWithOne.toNatCast ENNReal
                                            (@AddCommMonoidWithOne.toAddMonoidWithOne ENNReal
                                              ENNReal.instAddCommMonoidWithOne))
                                          original_signature0._proof_1))
                                      J Real.normedAddCommGroup (@NormedCommRing.toNormedRing Real Real.normedCommRing)
                                      (@Semiring.toModule Real
                                        (@Ring.toSemiring Real
                                          (@NormedRing.toRing Real
                                            (@NormedCommRing.toNormedRing Real Real.normedCommRing))))
                                      Real.isBoundedSMul))
                                  U g)))
                            (@Function.comp (Prod E E) (Prod E E) Real
                              (@AEEqFun.cast (Prod E E) Real (@Prod.instMeasurableSpace E E inst_3 inst_3) J
                                (@UniformSpace.toTopologicalSpace Real
                                  (@PseudoMetricSpace.toUniformSpace Real
                                    (@SeminormedAddCommGroup.toPseudoMetricSpace Real
                                      (@NormedAddCommGroup.toSeminormedAddCommGroup Real Real.normedAddCommGroup))))
                                (@Subtype.val
                                  (@AEEqFun (Prod E E) Real (@Prod.instMeasurableSpace E E inst_3 inst_3)
                                    (@UniformSpace.toTopologicalSpace Real
                                      (@PseudoMetricSpace.toUniformSpace Real
                                        (@SeminormedAddCommGroup.toPseudoMetricSpace Real
                                          (@NormedAddCommGroup.toSeminormedAddCommGroup Real Real.normedAddCommGroup))))
                                    J)
                                  (fun x =>
                                    @Membership.mem
                                      (@AEEqFun (Prod E E) Real (@Prod.instMeasurableSpace E E inst_3 inst_3)
                                        (@UniformSpace.toTopologicalSpace Real
                                          (@PseudoMetricSpace.toUniformSpace Real
                                            (@SeminormedAddCommGroup.toPseudoMetricSpace Real
                                              (@NormedAddCommGroup.toSeminormedAddCommGroup Real
                                                Real.normedAddCommGroup))))
                                        J)
                                      (@AddSubgroup
                                        (@AEEqFun (Prod E E) Real (@Prod.instMeasurableSpace E E inst_3 inst_3)
                                          (@UniformSpace.toTopologicalSpace Real
                                            (@PseudoMetricSpace.toUniformSpace Real
                                              (@SeminormedAddCommGroup.toPseudoMetricSpace Real
                                                (@NormedAddCommGroup.toSeminormedAddCommGroup Real
                                                  Real.normedAddCommGroup))))
                                          J)
                                        (@AEEqFun.instAddGroup (Prod E E) Real
                                          (@Prod.instMeasurableSpace E E inst_3 inst_3) J
                                          (@UniformSpace.toTopologicalSpace Real
                                            (@PseudoMetricSpace.toUniformSpace Real
                                              (@SeminormedAddCommGroup.toPseudoMetricSpace Real
                                                (@NormedAddCommGroup.toSeminormedAddCommGroup Real
                                                  Real.normedAddCommGroup))))
                                          (@AddCommGroup.toAddGroup Real
                                            (@NormedAddCommGroup.toAddCommGroup Real Real.normedAddCommGroup))
                                          ⋯))
                                      (@SetLike.instMembership
                                        (@AddSubgroup
                                          (@AEEqFun (Prod E E) Real (@Prod.instMeasurableSpace E E inst_3 inst_3)
                                            (@UniformSpace.toTopologicalSpace Real
                                              (@PseudoMetricSpace.toUniformSpace Real
                                                (@SeminormedAddCommGroup.toPseudoMetricSpace Real
                                                  (@NormedAddCommGroup.toSeminormedAddCommGroup Real
                                                    Real.normedAddCommGroup))))
                                            J)
                                          (@AEEqFun.instAddGroup (Prod E E) Real
                                            (@Prod.instMeasurableSpace E E inst_3 inst_3) J
                                            (@UniformSpace.toTopologicalSpace Real
                                              (@PseudoMetricSpace.toUniformSpace Real
                                                (@SeminormedAddCommGroup.toPseudoMetricSpace Real
                                                  (@NormedAddCommGroup.toSeminormedAddCommGroup Real
                                                    Real.normedAddCommGroup))))
                                            (@AddCommGroup.toAddGroup Real
                                              (@NormedAddCommGroup.toAddCommGroup Real Real.normedAddCommGroup))
                                            ⋯))
                                        (@AEEqFun (Prod E E) Real (@Prod.instMeasurableSpace E E inst_3 inst_3)
                                          (@UniformSpace.toTopologicalSpace Real
                                            (@PseudoMetricSpace.toUniformSpace Real
                                              (@SeminormedAddCommGroup.toPseudoMetricSpace Real
                                                (@NormedAddCommGroup.toSeminormedAddCommGroup Real
                                                  Real.normedAddCommGroup))))
                                          J)
                                        (@AddSubgroup.instSetLike
                                          (@AEEqFun (Prod E E) Real (@Prod.instMeasurableSpace E E inst_3 inst_3)
                                            (@UniformSpace.toTopologicalSpace Real
                                              (@PseudoMetricSpace.toUniformSpace Real
                                                (@SeminormedAddCommGroup.toPseudoMetricSpace Real
                                                  (@NormedAddCommGroup.toSeminormedAddCommGroup Real
                                                    Real.normedAddCommGroup))))
                                            J)
                                          (@AEEqFun.instAddGroup (Prod E E) Real
                                            (@Prod.instMeasurableSpace E E inst_3 inst_3) J
                                            (@UniformSpace.toTopologicalSpace Real
                                              (@PseudoMetricSpace.toUniformSpace Real
                                                (@SeminormedAddCommGroup.toPseudoMetricSpace Real
                                                  (@NormedAddCommGroup.toSeminormedAddCommGroup Real
                                                    Real.normedAddCommGroup))))
                                            (@AddCommGroup.toAddGroup Real
                                              (@NormedAddCommGroup.toAddCommGroup Real Real.normedAddCommGroup))
                                            ⋯)))
                                      (@Lp (Prod E E) Real (@Prod.instMeasurableSpace E E inst_3 inst_3)
                                        Real.normedAddCommGroup
                                        (@OfNat.ofNat ENNReal (nat_lit 2)
                                          (@instOfNatAtLeastTwo ENNReal (nat_lit 2)
                                            (@AddMonoidWithOne.toNatCast ENNReal
                                              (@AddCommMonoidWithOne.toAddMonoidWithOne ENNReal
                                                ENNReal.instAddCommMonoidWithOne))
                                            original_signature0._proof_1))
                                        J)
                                      x)
                                  g))
                              F))
                        (And
                          (@Function.Involutive
                            (↥(@Lp (Prod E E) Real (@Prod.instMeasurableSpace E E inst_3 inst_3) Real.normedAddCommGroup
                                (@OfNat.ofNat ENNReal (nat_lit 2)
                                  (@instOfNatAtLeastTwo ENNReal (nat_lit 2)
                                    (@AddMonoidWithOne.toNatCast ENNReal
                                      (@AddCommMonoidWithOne.toAddMonoidWithOne ENNReal
                                        ENNReal.instAddCommMonoidWithOne))
                                    original_signature0._proof_1))
                                J))
                            (@DFunLike.coe
                              (@LinearIsometry Real Real Real.semiring Real.semiring
                                (@RingHom.id Real (@Semiring.toNonAssocSemiring Real Real.semiring))
                                (↥(@Lp (Prod E E) Real (@Prod.instMeasurableSpace E E inst_3 inst_3)
                                    Real.normedAddCommGroup
                                    (@OfNat.ofNat ENNReal (nat_lit 2)
                                      (@instOfNatAtLeastTwo ENNReal (nat_lit 2)
                                        (@AddMonoidWithOne.toNatCast ENNReal
                                          (@AddCommMonoidWithOne.toAddMonoidWithOne ENNReal
                                            ENNReal.instAddCommMonoidWithOne))
                                        original_signature0._proof_1))
                                    J))
                                (↥(@Lp (Prod E E) Real (@Prod.instMeasurableSpace E E inst_3 inst_3)
                                    Real.normedAddCommGroup
                                    (@OfNat.ofNat ENNReal (nat_lit 2)
                                      (@instOfNatAtLeastTwo ENNReal (nat_lit 2)
                                        (@AddMonoidWithOne.toNatCast ENNReal
                                          (@AddCommMonoidWithOne.toAddMonoidWithOne ENNReal
                                            ENNReal.instAddCommMonoidWithOne))
                                        original_signature0._proof_1))
                                    J))
                                (@NormedAddCommGroup.toSeminormedAddCommGroup
                                  (↥(@Lp (Prod E E) Real (@Prod.instMeasurableSpace E E inst_3 inst_3)
                                      Real.normedAddCommGroup
                                      (@OfNat.ofNat ENNReal (nat_lit 2)
                                        (@instOfNatAtLeastTwo ENNReal (nat_lit 2)
                                          (@AddMonoidWithOne.toNatCast ENNReal
                                            (@AddCommMonoidWithOne.toAddMonoidWithOne ENNReal
                                              ENNReal.instAddCommMonoidWithOne))
                                          original_signature0._proof_1))
                                      J))
                                  (@Lp.instNormedAddCommGroup (Prod E E) Real
                                    (@Prod.instMeasurableSpace E E inst_3 inst_3)
                                    (@OfNat.ofNat ENNReal (nat_lit 2)
                                      (@instOfNatAtLeastTwo ENNReal (nat_lit 2)
                                        (@AddMonoidWithOne.toNatCast ENNReal
                                          (@AddCommMonoidWithOne.toAddMonoidWithOne ENNReal
                                            ENNReal.instAddCommMonoidWithOne))
                                        original_signature0._proof_1))
                                    J Real.normedAddCommGroup fact_one_le_two_ennreal))
                                (@NormedAddCommGroup.toSeminormedAddCommGroup
                                  (↥(@Lp (Prod E E) Real (@Prod.instMeasurableSpace E E inst_3 inst_3)
                                      Real.normedAddCommGroup
                                      (@OfNat.ofNat ENNReal (nat_lit 2)
                                        (@instOfNatAtLeastTwo ENNReal (nat_lit 2)
                                          (@AddMonoidWithOne.toNatCast ENNReal
                                            (@AddCommMonoidWithOne.toAddMonoidWithOne ENNReal
                                              ENNReal.instAddCommMonoidWithOne))
                                          original_signature0._proof_1))
                                      J))
                                  (@Lp.instNormedAddCommGroup (Prod E E) Real
                                    (@Prod.instMeasurableSpace E E inst_3 inst_3)
                                    (@OfNat.ofNat ENNReal (nat_lit 2)
                                      (@instOfNatAtLeastTwo ENNReal (nat_lit 2)
                                        (@AddMonoidWithOne.toNatCast ENNReal
                                          (@AddCommMonoidWithOne.toAddMonoidWithOne ENNReal
                                            ENNReal.instAddCommMonoidWithOne))
                                        original_signature0._proof_1))
                                    J Real.normedAddCommGroup fact_one_le_two_ennreal))
                                (@Lp.instModule (Prod E E) Real Real (@Prod.instMeasurableSpace E E inst_3 inst_3)
                                  (@OfNat.ofNat ENNReal (nat_lit 2)
                                    (@instOfNatAtLeastTwo ENNReal (nat_lit 2)
                                      (@AddMonoidWithOne.toNatCast ENNReal
                                        (@AddCommMonoidWithOne.toAddMonoidWithOne ENNReal
                                          ENNReal.instAddCommMonoidWithOne))
                                      original_signature0._proof_1))
                                  J Real.normedAddCommGroup (@NormedCommRing.toNormedRing Real Real.normedCommRing)
                                  (@Semiring.toModule Real
                                    (@Ring.toSemiring Real
                                      (@NormedRing.toRing Real
                                        (@NormedCommRing.toNormedRing Real Real.normedCommRing))))
                                  Real.isBoundedSMul)
                                (@Lp.instModule (Prod E E) Real Real (@Prod.instMeasurableSpace E E inst_3 inst_3)
                                  (@OfNat.ofNat ENNReal (nat_lit 2)
                                    (@instOfNatAtLeastTwo ENNReal (nat_lit 2)
                                      (@AddMonoidWithOne.toNatCast ENNReal
                                        (@AddCommMonoidWithOne.toAddMonoidWithOne ENNReal
                                          ENNReal.instAddCommMonoidWithOne))
                                      original_signature0._proof_1))
                                  J Real.normedAddCommGroup (@NormedCommRing.toNormedRing Real Real.normedCommRing)
                                  (@Semiring.toModule Real
                                    (@Ring.toSemiring Real
                                      (@NormedRing.toRing Real
                                        (@NormedCommRing.toNormedRing Real Real.normedCommRing))))
                                  Real.isBoundedSMul))
                              (↥(@Lp (Prod E E) Real (@Prod.instMeasurableSpace E E inst_3 inst_3)
                                  Real.normedAddCommGroup
                                  (@OfNat.ofNat ENNReal (nat_lit 2)
                                    (@instOfNatAtLeastTwo ENNReal (nat_lit 2)
                                      (@AddMonoidWithOne.toNatCast ENNReal
                                        (@AddCommMonoidWithOne.toAddMonoidWithOne ENNReal
                                          ENNReal.instAddCommMonoidWithOne))
                                      original_signature0._proof_1))
                                  J))
                              (fun x =>
                                ↥(@Lp (Prod E E) Real (@Prod.instMeasurableSpace E E inst_3 inst_3)
                                    Real.normedAddCommGroup
                                    (@OfNat.ofNat ENNReal (nat_lit 2)
                                      (@instOfNatAtLeastTwo ENNReal (nat_lit 2)
                                        (@AddMonoidWithOne.toNatCast ENNReal
                                          (@AddCommMonoidWithOne.toAddMonoidWithOne ENNReal
                                            ENNReal.instAddCommMonoidWithOne))
                                        original_signature0._proof_1))
                                    J))
                              (@LinearIsometry.instFunLike Real Real
                                (↥(@Lp (Prod E E) Real (@Prod.instMeasurableSpace E E inst_3 inst_3)
                                    Real.normedAddCommGroup
                                    (@OfNat.ofNat ENNReal (nat_lit 2)
                                      (@instOfNatAtLeastTwo ENNReal (nat_lit 2)
                                        (@AddMonoidWithOne.toNatCast ENNReal
                                          (@AddCommMonoidWithOne.toAddMonoidWithOne ENNReal
                                            ENNReal.instAddCommMonoidWithOne))
                                        original_signature0._proof_1))
                                    J))
                                (↥(@Lp (Prod E E) Real (@Prod.instMeasurableSpace E E inst_3 inst_3)
                                    Real.normedAddCommGroup
                                    (@OfNat.ofNat ENNReal (nat_lit 2)
                                      (@instOfNatAtLeastTwo ENNReal (nat_lit 2)
                                        (@AddMonoidWithOne.toNatCast ENNReal
                                          (@AddCommMonoidWithOne.toAddMonoidWithOne ENNReal
                                            ENNReal.instAddCommMonoidWithOne))
                                        original_signature0._proof_1))
                                    J))
                                Real.semiring Real.semiring
                                (@RingHom.id Real (@Semiring.toNonAssocSemiring Real Real.semiring))
                                (@NormedAddCommGroup.toSeminormedAddCommGroup
                                  (↥(@Lp (Prod E E) Real (@Prod.instMeasurableSpace E E inst_3 inst_3)
                                      Real.normedAddCommGroup
                                      (@OfNat.ofNat ENNReal (nat_lit 2)
                                        (@instOfNatAtLeastTwo ENNReal (nat_lit 2)
                                          (@AddMonoidWithOne.toNatCast ENNReal
                                            (@AddCommMonoidWithOne.toAddMonoidWithOne ENNReal
                                              ENNReal.instAddCommMonoidWithOne))
                                          original_signature0._proof_1))
                                      J))
                                  (@Lp.instNormedAddCommGroup (Prod E E) Real
                                    (@Prod.instMeasurableSpace E E inst_3 inst_3)
                                    (@OfNat.ofNat ENNReal (nat_lit 2)
                                      (@instOfNatAtLeastTwo ENNReal (nat_lit 2)
                                        (@AddMonoidWithOne.toNatCast ENNReal
                                          (@AddCommMonoidWithOne.toAddMonoidWithOne ENNReal
                                            ENNReal.instAddCommMonoidWithOne))
                                        original_signature0._proof_1))
                                    J Real.normedAddCommGroup fact_one_le_two_ennreal))
                                (@NormedAddCommGroup.toSeminormedAddCommGroup
                                  (↥(@Lp (Prod E E) Real (@Prod.instMeasurableSpace E E inst_3 inst_3)
                                      Real.normedAddCommGroup
                                      (@OfNat.ofNat ENNReal (nat_lit 2)
                                        (@instOfNatAtLeastTwo ENNReal (nat_lit 2)
                                          (@AddMonoidWithOne.toNatCast ENNReal
                                            (@AddCommMonoidWithOne.toAddMonoidWithOne ENNReal
                                              ENNReal.instAddCommMonoidWithOne))
                                          original_signature0._proof_1))
                                      J))
                                  (@Lp.instNormedAddCommGroup (Prod E E) Real
                                    (@Prod.instMeasurableSpace E E inst_3 inst_3)
                                    (@OfNat.ofNat ENNReal (nat_lit 2)
                                      (@instOfNatAtLeastTwo ENNReal (nat_lit 2)
                                        (@AddMonoidWithOne.toNatCast ENNReal
                                          (@AddCommMonoidWithOne.toAddMonoidWithOne ENNReal
                                            ENNReal.instAddCommMonoidWithOne))
                                        original_signature0._proof_1))
                                    J Real.normedAddCommGroup fact_one_le_two_ennreal))
                                (@Lp.instModule (Prod E E) Real Real (@Prod.instMeasurableSpace E E inst_3 inst_3)
                                  (@OfNat.ofNat ENNReal (nat_lit 2)
                                    (@instOfNatAtLeastTwo ENNReal (nat_lit 2)
                                      (@AddMonoidWithOne.toNatCast ENNReal
                                        (@AddCommMonoidWithOne.toAddMonoidWithOne ENNReal
                                          ENNReal.instAddCommMonoidWithOne))
                                      original_signature0._proof_1))
                                  J Real.normedAddCommGroup (@NormedCommRing.toNormedRing Real Real.normedCommRing)
                                  (@Semiring.toModule Real
                                    (@Ring.toSemiring Real
                                      (@NormedRing.toRing Real
                                        (@NormedCommRing.toNormedRing Real Real.normedCommRing))))
                                  Real.isBoundedSMul)
                                (@Lp.instModule (Prod E E) Real Real (@Prod.instMeasurableSpace E E inst_3 inst_3)
                                  (@OfNat.ofNat ENNReal (nat_lit 2)
                                    (@instOfNatAtLeastTwo ENNReal (nat_lit 2)
                                      (@AddMonoidWithOne.toNatCast ENNReal
                                        (@AddCommMonoidWithOne.toAddMonoidWithOne ENNReal
                                          ENNReal.instAddCommMonoidWithOne))
                                      original_signature0._proof_1))
                                  J Real.normedAddCommGroup (@NormedCommRing.toNormedRing Real Real.normedCommRing)
                                  (@Semiring.toModule Real
                                    (@Ring.toSemiring Real
                                      (@NormedRing.toRing Real
                                        (@NormedCommRing.toNormedRing Real Real.normedCommRing))))
                                  Real.isBoundedSMul))
                              U))
                          (And
                            (@IsSelfAdjoint
                              (@ContinuousLinearMap Real Real Real.semiring Real.semiring
                                (@RingHom.id Real (@Semiring.toNonAssocSemiring Real Real.semiring))
                                (↥(@Lp (Prod E E) Real (@Prod.instMeasurableSpace E E inst_3 inst_3)
                                    Real.normedAddCommGroup
                                    (@OfNat.ofNat ENNReal (nat_lit 2)
                                      (@instOfNatAtLeastTwo ENNReal (nat_lit 2)
                                        (@AddMonoidWithOne.toNatCast ENNReal
                                          (@AddCommMonoidWithOne.toAddMonoidWithOne ENNReal
                                            ENNReal.instAddCommMonoidWithOne))
                                        original_signature0._proof_1))
                                    J))
                                (@UniformSpace.toTopologicalSpace
                                  (↥(@Lp (Prod E E) Real (@Prod.instMeasurableSpace E E inst_3 inst_3)
                                      Real.normedAddCommGroup
                                      (@OfNat.ofNat ENNReal (nat_lit 2)
                                        (@instOfNatAtLeastTwo ENNReal (nat_lit 2)
                                          (@AddMonoidWithOne.toNatCast ENNReal
                                            (@AddCommMonoidWithOne.toAddMonoidWithOne ENNReal
                                              ENNReal.instAddCommMonoidWithOne))
                                          original_signature0._proof_1))
                                      J))
                                  (@PseudoMetricSpace.toUniformSpace
                                    (↥(@Lp (Prod E E) Real (@Prod.instMeasurableSpace E E inst_3 inst_3)
                                        Real.normedAddCommGroup
                                        (@OfNat.ofNat ENNReal (nat_lit 2)
                                          (@instOfNatAtLeastTwo ENNReal (nat_lit 2)
                                            (@AddMonoidWithOne.toNatCast ENNReal
                                              (@AddCommMonoidWithOne.toAddMonoidWithOne ENNReal
                                                ENNReal.instAddCommMonoidWithOne))
                                            original_signature0._proof_1))
                                        J))
                                    (@SeminormedAddCommGroup.toPseudoMetricSpace
                                      (↥(@Lp (Prod E E) Real (@Prod.instMeasurableSpace E E inst_3 inst_3)
                                          Real.normedAddCommGroup
                                          (@OfNat.ofNat ENNReal (nat_lit 2)
                                            (@instOfNatAtLeastTwo ENNReal (nat_lit 2)
                                              (@AddMonoidWithOne.toNatCast ENNReal
                                                (@AddCommMonoidWithOne.toAddMonoidWithOne ENNReal
                                                  ENNReal.instAddCommMonoidWithOne))
                                              original_signature0._proof_1))
                                          J))
                                      (@NormedAddCommGroup.toSeminormedAddCommGroup
                                        (↥(@Lp (Prod E E) Real (@Prod.instMeasurableSpace E E inst_3 inst_3)
                                            Real.normedAddCommGroup
                                            (@OfNat.ofNat ENNReal (nat_lit 2)
                                              (@instOfNatAtLeastTwo ENNReal (nat_lit 2)
                                                (@AddMonoidWithOne.toNatCast ENNReal
                                                  (@AddCommMonoidWithOne.toAddMonoidWithOne ENNReal
                                                    ENNReal.instAddCommMonoidWithOne))
                                                original_signature0._proof_1))
                                            J))
                                        (@Lp.instNormedAddCommGroup (Prod E E) Real
                                          (@Prod.instMeasurableSpace E E inst_3 inst_3)
                                          (@OfNat.ofNat ENNReal (nat_lit 2)
                                            (@instOfNatAtLeastTwo ENNReal (nat_lit 2)
                                              (@AddMonoidWithOne.toNatCast ENNReal
                                                (@AddCommMonoidWithOne.toAddMonoidWithOne ENNReal
                                                  ENNReal.instAddCommMonoidWithOne))
                                              original_signature0._proof_1))
                                          J Real.normedAddCommGroup fact_one_le_two_ennreal)))))
                                (@AddCommGroup.toAddCommMonoid
                                  (↥(@Lp (Prod E E) Real (@Prod.instMeasurableSpace E E inst_3 inst_3)
                                      Real.normedAddCommGroup
                                      (@OfNat.ofNat ENNReal (nat_lit 2)
                                        (@instOfNatAtLeastTwo ENNReal (nat_lit 2)
                                          (@AddMonoidWithOne.toNatCast ENNReal
                                            (@AddCommMonoidWithOne.toAddMonoidWithOne ENNReal
                                              ENNReal.instAddCommMonoidWithOne))
                                          original_signature0._proof_1))
                                      J))
                                  (@SeminormedAddCommGroup.toAddCommGroup
                                    (↥(@Lp (Prod E E) Real (@Prod.instMeasurableSpace E E inst_3 inst_3)
                                        Real.normedAddCommGroup
                                        (@OfNat.ofNat ENNReal (nat_lit 2)
                                          (@instOfNatAtLeastTwo ENNReal (nat_lit 2)
                                            (@AddMonoidWithOne.toNatCast ENNReal
                                              (@AddCommMonoidWithOne.toAddMonoidWithOne ENNReal
                                                ENNReal.instAddCommMonoidWithOne))
                                            original_signature0._proof_1))
                                        J))
                                    (@NormedAddCommGroup.toSeminormedAddCommGroup
                                      (↥(@Lp (Prod E E) Real (@Prod.instMeasurableSpace E E inst_3 inst_3)
                                          Real.normedAddCommGroup
                                          (@OfNat.ofNat ENNReal (nat_lit 2)
                                            (@instOfNatAtLeastTwo ENNReal (nat_lit 2)
                                              (@AddMonoidWithOne.toNatCast ENNReal
                                                (@AddCommMonoidWithOne.toAddMonoidWithOne ENNReal
                                                  ENNReal.instAddCommMonoidWithOne))
                                              original_signature0._proof_1))
                                          J))
                                      (@Lp.instNormedAddCommGroup (Prod E E) Real
                                        (@Prod.instMeasurableSpace E E inst_3 inst_3)
                                        (@OfNat.ofNat ENNReal (nat_lit 2)
                                          (@instOfNatAtLeastTwo ENNReal (nat_lit 2)
                                            (@AddMonoidWithOne.toNatCast ENNReal
                                              (@AddCommMonoidWithOne.toAddMonoidWithOne ENNReal
                                                ENNReal.instAddCommMonoidWithOne))
                                            original_signature0._proof_1))
                                        J Real.normedAddCommGroup fact_one_le_two_ennreal))))
                                (↥(@Lp (Prod E E) Real (@Prod.instMeasurableSpace E E inst_3 inst_3)
                                    Real.normedAddCommGroup
                                    (@OfNat.ofNat ENNReal (nat_lit 2)
                                      (@instOfNatAtLeastTwo ENNReal (nat_lit 2)
                                        (@AddMonoidWithOne.toNatCast ENNReal
                                          (@AddCommMonoidWithOne.toAddMonoidWithOne ENNReal
                                            ENNReal.instAddCommMonoidWithOne))
                                        original_signature0._proof_1))
                                    J))
                                (@UniformSpace.toTopologicalSpace
                                  (↥(@Lp (Prod E E) Real (@Prod.instMeasurableSpace E E inst_3 inst_3)
                                      Real.normedAddCommGroup
                                      (@OfNat.ofNat ENNReal (nat_lit 2)
                                        (@instOfNatAtLeastTwo ENNReal (nat_lit 2)
                                          (@AddMonoidWithOne.toNatCast ENNReal
                                            (@AddCommMonoidWithOne.toAddMonoidWithOne ENNReal
                                              ENNReal.instAddCommMonoidWithOne))
                                          original_signature0._proof_1))
                                      J))
                                  (@PseudoMetricSpace.toUniformSpace
                                    (↥(@Lp (Prod E E) Real (@Prod.instMeasurableSpace E E inst_3 inst_3)
                                        Real.normedAddCommGroup
                                        (@OfNat.ofNat ENNReal (nat_lit 2)
                                          (@instOfNatAtLeastTwo ENNReal (nat_lit 2)
                                            (@AddMonoidWithOne.toNatCast ENNReal
                                              (@AddCommMonoidWithOne.toAddMonoidWithOne ENNReal
                                                ENNReal.instAddCommMonoidWithOne))
                                            original_signature0._proof_1))
                                        J))
                                    (@SeminormedAddCommGroup.toPseudoMetricSpace
                                      ↥(@Lp (Prod E E) Real (@Prod.instMeasurableSpace E E inst_3 inst_3) ⋯ ⋯ ⋯) ⋯)))
                                ⋯ ⋯ ⋯)
                              ⋯ ⋯)
                            ⋯))))))))))
def AutoSamplingTheory.ExampleCases.ProximalBPS.CenteredDefectOperator.typed_signature1.{u_1} : {E : Type u_1} →
  [inst : NormedAddCommGroup E] →
    [inst_1 : @InnerProductSpace Real E Real.instRCLike (@NormedAddCommGroup.toSeminormedAddCommGroup E inst)] →
      [@FiniteDimensional Real E Real.instDivisionRing (@NormedAddCommGroup.toAddCommGroup E inst)
            (@NormedSpace.toModule Real E Real.normedField (@NormedAddCommGroup.toSeminormedAddCommGroup E inst)
              (@InnerProductSpace.toNormedSpace Real E Real.instRCLike
                (@NormedAddCommGroup.toSeminormedAddCommGroup E inst) inst_1))] →
        [inst_3 : MeasurableSpace E] →
          [@BorelSpace E
                (@UniformSpace.toTopologicalSpace E
                  (@PseudoMetricSpace.toUniformSpace E
                    (@SeminormedAddCommGroup.toPseudoMetricSpace E
                      (@NormedAddCommGroup.toSeminormedAddCommGroup E inst))))
                inst_3] →
            {V : E → Real} →
              {α β : NNReal} →
                {η : Real} →
                  @LT.lt Real Real.instLT (@OfNat.ofNat Real (nat_lit 0) (@Zero.toOfNat0 Real Real.instZero)) ↑α →
                    @LE.le NNReal (@Preorder.toLE NNReal (@PartialOrder.toPreorder NNReal NNReal.instPartialOrder)) α
                        β →
                      @ContDiff Real (@DenselyNormedField.toNontriviallyNormedField Real Real.denselyNormedField) E inst
                          (@InnerProductSpace.toNormedSpace Real E Real.instRCLike
                            (@NormedAddCommGroup.toSeminormedAddCommGroup E inst) inst_1)
                          Real Real.normedAddCommGroup
                          (@InnerProductSpace.toNormedSpace Real Real Real.instRCLike
                            (@NormedAddCommGroup.toSeminormedAddCommGroup Real Real.normedAddCommGroup)
                            (@RCLike.toInnerProductSpaceReal Real Real.instRCLike))
                          (@OfNat.ofNat (WithTop ENat) (nat_lit 2)
                            (@instOfNatAtLeastTwo (WithTop ENat) (nat_lit 2) (@WithTop.natCast ENat ENat.instNatCast)
                              ⋯))
                          V →
                        (∀ (x v : E),
                            And
                              (@LE.le Real Real.instLE
                                (@HMul.hMul Real Real Real (@instHMul Real Real.instMul) (↑α)
                                  (@HPow.hPow Real Nat Real
                                    (@instHPow Real Nat (@NPow.toPow Real (@Monoid.toNPow Real Real.instMonoid)))
                                    (@norm E (@NormedAddCommGroup.toNorm E inst) v)
                                    (@OfNat.ofNat Nat (nat_lit 2) (instOfNatNat (nat_lit 2)))))
                                (@DFunLike.coe
                                  (@ContinuousLinearMap Real Real
                                    (@DivisionSemiring.toSemiring Real
                                      (@Semifield.toDivisionSemiring Real
                                        (@Field.toSemifield Real
                                          (@NormedField.toField Real
                                            (@NontriviallyNormedField.toNormedField Real
                                              (@DenselyNormedField.toNontriviallyNormedField Real
                                                Real.denselyNormedField))))))
                                    (@DivisionSemiring.toSemiring Real
                                      (@Semifield.toDivisionSemiring Real
                                        (@Field.toSemifield Real
                                          (@NormedField.toField Real
                                            (@NontriviallyNormedField.toNormedField Real
                                              (@DenselyNormedField.toNontriviallyNormedField Real
                                                Real.denselyNormedField))))))
                                    (@RingHom.id Real
                                      (@Semiring.toNonAssocSemiring Real
                                        (@DivisionSemiring.toSemiring Real
                                          (@Semifield.toDivisionSemiring Real
                                            (@Field.toSemifield Real
                                              (@NormedField.toField Real
                                                (@NontriviallyNormedField.toNormedField Real
                                                  (@DenselyNormedField.toNontriviallyNormedField Real
                                                    Real.denselyNormedField))))))))
                                    E
                                    (@UniformSpace.toTopologicalSpace E
                                      (@PseudoMetricSpace.toUniformSpace E
                                        (@SeminormedAddCommGroup.toPseudoMetricSpace E
                                          (@NormedAddCommGroup.toSeminormedAddCommGroup E inst))))
                                    (@AddCommGroup.toAddCommMonoid E (@NormedAddCommGroup.toAddCommGroup E inst)) Real
                                    (@UniformSpace.toTopologicalSpace Real
                                      (@PseudoMetricSpace.toUniformSpace Real Real.pseudoMetricSpace))
                                    (@AddCommGroup.toAddCommMonoid Real Real.instAddCommGroup)
                                    (@NormedSpace.toModule Real E Real.normedField
                                      (@NormedAddCommGroup.toSeminormedAddCommGroup E inst)
                                      (@InnerProductSpace.toNormedSpace Real E Real.instRCLike
                                        (@NormedAddCommGroup.toSeminormedAddCommGroup E inst) inst_1))
                                    (@Semiring.toModule Real
                                      (@DivisionSemiring.toSemiring Real
                                        (@Semifield.toDivisionSemiring Real
                                          (@Field.toSemifield Real
                                            (@NormedField.toField Real
                                              (@NontriviallyNormedField.toNormedField Real
                                                (@DenselyNormedField.toNontriviallyNormedField Real
                                                  Real.denselyNormedField))))))))
                                  E (fun x => Real)
                                  (@ContinuousLinearMap.funLike Real Real
                                    (@DivisionSemiring.toSemiring Real
                                      (@Semifield.toDivisionSemiring Real
                                        (@Field.toSemifield Real
                                          (@NormedField.toField Real
                                            (@NontriviallyNormedField.toNormedField Real
                                              (@DenselyNormedField.toNontriviallyNormedField Real
                                                Real.denselyNormedField))))))
                                    (@DivisionSemiring.toSemiring Real
                                      (@Semifield.toDivisionSemiring Real
                                        (@Field.toSemifield Real
                                          (@NormedField.toField Real
                                            (@NontriviallyNormedField.toNormedField Real
                                              (@DenselyNormedField.toNontriviallyNormedField Real
                                                Real.denselyNormedField))))))
                                    (@RingHom.id Real
                                      (@Semiring.toNonAssocSemiring Real
                                        (@DivisionSemiring.toSemiring Real
                                          (@Semifield.toDivisionSemiring Real
                                            (@Field.toSemifield Real
                                              (@NormedField.toField Real
                                                (@NontriviallyNormedField.toNormedField Real
                                                  (@DenselyNormedField.toNontriviallyNormedField Real
                                                    Real.denselyNormedField))))))))
                                    E
                                    (@UniformSpace.toTopologicalSpace E
                                      (@PseudoMetricSpace.toUniformSpace E
                                        (@SeminormedAddCommGroup.toPseudoMetricSpace E
                                          (@NormedAddCommGroup.toSeminormedAddCommGroup E inst))))
                                    (@AddCommGroup.toAddCommMonoid E (@NormedAddCommGroup.toAddCommGroup E inst)) Real
                                    (@UniformSpace.toTopologicalSpace Real
                                      (@PseudoMetricSpace.toUniformSpace Real Real.pseudoMetricSpace))
                                    (@AddCommGroup.toAddCommMonoid Real Real.instAddCommGroup)
                                    (@NormedSpace.toModule Real E Real.normedField
                                      (@NormedAddCommGroup.toSeminormedAddCommGroup E inst)
                                      (@InnerProductSpace.toNormedSpace Real E Real.instRCLike
                                        (@NormedAddCommGroup.toSeminormedAddCommGroup E inst) inst_1))
                                    (@Semiring.toModule Real
                                      (@DivisionSemiring.toSemiring Real
                                        (@Semifield.toDivisionSemiring Real
                                          (@Field.toSemifield Real
                                            (@NormedField.toField Real
                                              (@NontriviallyNormedField.toNormedField Real
                                                (@DenselyNormedField.toNontriviallyNormedField Real
                                                  Real.denselyNormedField))))))))
                                  (@DFunLike.coe
                                    (@ContinuousLinearMap Real Real
                                      (@DivisionSemiring.toSemiring Real
                                        (@Semifield.toDivisionSemiring Real
                                          (@Field.toSemifield Real
                                            (@NormedField.toField Real
                                              (@NontriviallyNormedField.toNormedField Real
                                                (@DenselyNormedField.toNontriviallyNormedField Real
                                                  Real.denselyNormedField))))))
                                      (@DivisionSemiring.toSemiring Real
                                        (@Semifield.toDivisionSemiring Real
                                          (@Field.toSemifield Real
                                            (@NormedField.toField Real
                                              (@NontriviallyNormedField.toNormedField Real
                                                (@DenselyNormedField.toNontriviallyNormedField Real
                                                  Real.denselyNormedField))))))
                                      (@RingHom.id Real
                                        (@Semiring.toNonAssocSemiring Real
                                          (@DivisionSemiring.toSemiring Real
                                            (@Semifield.toDivisionSemiring Real
                                              (@Field.toSemifield Real
                                                (@NormedField.toField Real
                                                  (@NontriviallyNormedField.toNormedField Real
                                                    (@DenselyNormedField.toNontriviallyNormedField Real
                                                      Real.denselyNormedField))))))))
                                      E
                                      (@UniformSpace.toTopologicalSpace E
                                        (@PseudoMetricSpace.toUniformSpace E
                                          (@SeminormedAddCommGroup.toPseudoMetricSpace E
                                            (@NormedAddCommGroup.toSeminormedAddCommGroup E inst))))
                                      (@AddCommGroup.toAddCommMonoid E (@NormedAddCommGroup.toAddCommGroup E inst))
                                      (@ContinuousLinearMap Real Real
                                        (@DivisionSemiring.toSemiring Real
                                          (@Semifield.toDivisionSemiring Real
                                            (@Field.toSemifield Real
                                              (@NormedField.toField Real
                                                (@NontriviallyNormedField.toNormedField Real
                                                  (@DenselyNormedField.toNontriviallyNormedField Real
                                                    Real.denselyNormedField))))))
                                        (@DivisionSemiring.toSemiring Real
                                          (@Semifield.toDivisionSemiring Real
                                            (@Field.toSemifield Real
                                              (@NormedField.toField Real
                                                (@NontriviallyNormedField.toNormedField Real
                                                  (@DenselyNormedField.toNontriviallyNormedField Real
                                                    Real.denselyNormedField))))))
                                        (@RingHom.id Real
                                          (@Semiring.toNonAssocSemiring Real
                                            (@DivisionSemiring.toSemiring Real
                                              (@Semifield.toDivisionSemiring Real
                                                (@Field.toSemifield Real
                                                  (@NormedField.toField Real
                                                    (@NontriviallyNormedField.toNormedField Real
                                                      (@DenselyNormedField.toNontriviallyNormedField Real
                                                        Real.denselyNormedField))))))))
                                        E
                                        (@UniformSpace.toTopologicalSpace E
                                          (@PseudoMetricSpace.toUniformSpace E
                                            (@SeminormedAddCommGroup.toPseudoMetricSpace E
                                              (@NormedAddCommGroup.toSeminormedAddCommGroup E inst))))
                                        (@AddCommGroup.toAddCommMonoid E (@NormedAddCommGroup.toAddCommGroup E inst))
                                        Real
                                        (@UniformSpace.toTopologicalSpace Real
                                          (@PseudoMetricSpace.toUniformSpace Real Real.pseudoMetricSpace))
                                        (@AddCommGroup.toAddCommMonoid Real Real.instAddCommGroup)
                                        (@NormedSpace.toModule Real E Real.normedField
                                          (@NormedAddCommGroup.toSeminormedAddCommGroup E inst)
                                          (@InnerProductSpace.toNormedSpace Real E Real.instRCLike
                                            (@NormedAddCommGroup.toSeminormedAddCommGroup E inst) inst_1))
                                        (@Semiring.toModule Real
                                          (@DivisionSemiring.toSemiring Real
                                            (@Semifield.toDivisionSemiring Real
                                              (@Field.toSemifield Real
                                                (@NormedField.toField Real
                                                  (@NontriviallyNormedField.toNormedField Real
                                                    (@DenselyNormedField.toNontriviallyNormedField Real
                                                      Real.denselyNormedField))))))))
                                      (@ContinuousLinearMap.topologicalSpace Real Real Real.normedField Real.normedField
                                        (@RingHom.id Real
                                          (@Semiring.toNonAssocSemiring Real
                                            (@DivisionSemiring.toSemiring Real
                                              (@Semifield.toDivisionSemiring Real
                                                (@Field.toSemifield Real
                                                  (@NormedField.toField Real
                                                    (@NontriviallyNormedField.toNormedField Real
                                                      (@DenselyNormedField.toNontriviallyNormedField Real
                                                        Real.denselyNormedField))))))))
                                        E Real (@NormedAddCommGroup.toAddCommGroup E inst)
                                        (@NormedSpace.toModule Real E Real.normedField
                                          (@NormedAddCommGroup.toSeminormedAddCommGroup E inst)
                                          (@InnerProductSpace.toNormedSpace Real E Real.instRCLike
                                            (@NormedAddCommGroup.toSeminormedAddCommGroup E inst) inst_1))
                                        Real.instAddCommGroup
                                        (@Semiring.toModule Real
                                          (@DivisionSemiring.toSemiring Real
                                            (@Semifield.toDivisionSemiring Real
                                              (@Field.toSemifield Real
                                                (@NormedField.toField Real
                                                  (@NontriviallyNormedField.toNormedField Real
                                                    (@DenselyNormedField.toNontriviallyNormedField Real
                                                      Real.denselyNormedField)))))))
                                        (@UniformSpace.toTopologicalSpace E
                                          (@PseudoMetricSpace.toUniformSpace E
                                            (@SeminormedAddCommGroup.toPseudoMetricSpace E
                                              (@NormedAddCommGroup.toSeminormedAddCommGroup E inst))))
                                        (@UniformSpace.toTopologicalSpace Real
                                          (@PseudoMetricSpace.toUniformSpace Real Real.pseudoMetricSpace))
                                        instIsTopologicalAddGroupReal)
                                      (@AddCommGroup.toAddCommMonoid
                                        (@ContinuousLinearMap Real Real
                                          (@DivisionSemiring.toSemiring Real
                                            (@Semifield.toDivisionSemiring Real
                                              (@Field.toSemifield Real
                                                (@NormedField.toField Real
                                                  (@NontriviallyNormedField.toNormedField Real
                                                    (@DenselyNormedField.toNontriviallyNormedField Real
                                                      Real.denselyNormedField))))))
                                          (@DivisionSemiring.toSemiring Real
                                            (@Semifield.toDivisionSemiring Real
                                              (@Field.toSemifield Real
                                                (@NormedField.toField Real
                                                  (@NontriviallyNormedField.toNormedField Real
                                                    (@DenselyNormedField.toNontriviallyNormedField Real
                                                      Real.denselyNormedField))))))
                                          (@RingHom.id Real
                                            (@Semiring.toNonAssocSemiring Real
                                              (@DivisionSemiring.toSemiring Real
                                                (@Semifield.toDivisionSemiring Real
                                                  (@Field.toSemifield Real
                                                    (@NormedField.toField Real
                                                      (@NontriviallyNormedField.toNormedField Real
                                                        (@DenselyNormedField.toNontriviallyNormedField Real
                                                          Real.denselyNormedField))))))))
                                          E
                                          (@UniformSpace.toTopologicalSpace E
                                            (@PseudoMetricSpace.toUniformSpace E
                                              (@SeminormedAddCommGroup.toPseudoMetricSpace E
                                                (@NormedAddCommGroup.toSeminormedAddCommGroup E inst))))
                                          (@AddCommGroup.toAddCommMonoid E (@NormedAddCommGroup.toAddCommGroup E inst))
                                          Real
                                          (@UniformSpace.toTopologicalSpace Real
                                            (@PseudoMetricSpace.toUniformSpace Real Real.pseudoMetricSpace))
                                          (@AddCommGroup.toAddCommMonoid Real Real.instAddCommGroup)
                                          (@NormedSpace.toModule Real E Real.normedField
                                            (@NormedAddCommGroup.toSeminormedAddCommGroup E inst)
                                            (@InnerProductSpace.toNormedSpace Real E Real.instRCLike
                                              (@NormedAddCommGroup.toSeminormedAddCommGroup E inst) inst_1))
                                          (@Semiring.toModule Real
                                            (@DivisionSemiring.toSemiring Real
                                              (@Semifield.toDivisionSemiring Real
                                                (@Field.toSemifield Real
                                                  (@NormedField.toField Real
                                                    (@NontriviallyNormedField.toNormedField Real
                                                      (@DenselyNormedField.toNontriviallyNormedField Real
                                                        Real.denselyNormedField))))))))
                                        (@ContinuousLinearMap.addCommGroup Real Real.instRing Real Real.instRing E
                                          (@UniformSpace.toTopologicalSpace E
                                            (@PseudoMetricSpace.toUniformSpace E
                                              (@SeminormedAddCommGroup.toPseudoMetricSpace E
                                                (@NormedAddCommGroup.toSeminormedAddCommGroup E inst))))
                                          (@NormedAddCommGroup.toAddCommGroup E inst) Real
                                          (@UniformSpace.toTopologicalSpace Real
                                            (@PseudoMetricSpace.toUniformSpace Real Real.pseudoMetricSpace))
                                          Real.instAddCommGroup
                                          (@NormedSpace.toModule Real E Real.normedField
                                            (@NormedAddCommGroup.toSeminormedAddCommGroup E inst)
                                            (@InnerProductSpace.toNormedSpace Real E Real.instRCLike
                                              (@NormedAddCommGroup.toSeminormedAddCommGroup E inst) inst_1))
                                          (@Semiring.toModule Real
                                            (@DivisionSemiring.toSemiring Real
                                              (@Semifield.toDivisionSemiring Real
                                                (@Field.toSemifield Real
                                                  (@NormedField.toField Real
                                                    (@NontriviallyNormedField.toNormedField Real
                                                      (@DenselyNormedField.toNontriviallyNormedField Real
                                                        Real.denselyNormedField)))))))
                                          (@RingHom.id Real
                                            (@Semiring.toNonAssocSemiring Real
                                              (@DivisionSemiring.toSemiring Real
                                                (@Semifield.toDivisionSemiring Real
                                                  (@Field.toSemifield Real
                                                    (@NormedField.toField Real
                                                      (@NontriviallyNormedField.toNormedField Real
                                                        (@DenselyNormedField.toNontriviallyNormedField Real
                                                          Real.denselyNormedField))))))))
                                          instIsTopologicalAddGroupReal))
                                      (@NormedSpace.toModule Real E Real.normedField
                                        (@NormedAddCommGroup.toSeminormedAddCommGroup E inst)
                                        (@InnerProductSpace.toNormedSpace Real E Real.instRCLike
                                          (@NormedAddCommGroup.toSeminormedAddCommGroup E inst) inst_1))
                                      (@ContinuousLinearMap.module Real Real Real
                                        (@DivisionSemiring.toSemiring Real
                                          (@Semifield.toDivisionSemiring Real
                                            (@Field.toSemifield Real
                                              (@NormedField.toField Real
                                                (@NontriviallyNormedField.toNormedField Real
                                                  (@DenselyNormedField.toNontriviallyNormedField Real
                                                    Real.denselyNormedField))))))
                                        (@DivisionSemiring.toSemiring Real
                                          (@Semifield.toDivisionSemiring Real
                                            (@Field.toSemifield Real
                                              (@NormedField.toField Real
                                                (@NontriviallyNormedField.toNormedField Real
                                                  (@DenselyNormedField.toNontriviallyNormedField Real
                                                    Real.denselyNormedField))))))
                                        (@DivisionSemiring.toSemiring Real
                                          (@Semifield.toDivisionSemiring Real
                                            (@Field.toSemifield Real
                                              (@NormedField.toField Real
                                                (@NontriviallyNormedField.toNormedField Real
                                                  (@DenselyNormedField.toNontriviallyNormedField Real
                                                    Real.denselyNormedField))))))
                                        E
                                        (@UniformSpace.toTopologicalSpace E
                                          (@PseudoMetricSpace.toUniformSpace E
                                            (@SeminormedAddCommGroup.toPseudoMetricSpace E
                                              (@NormedAddCommGroup.toSeminormedAddCommGroup E inst))))
                                        (@AddCommGroup.toAddCommMonoid E (@NormedAddCommGroup.toAddCommGroup E inst))
                                        (@NormedSpace.toModule Real E Real.normedField
                                          (@NormedAddCommGroup.toSeminormedAddCommGroup E inst)
                                          (@InnerProductSpace.toNormedSpace Real E Real.instRCLike
                                            (@NormedAddCommGroup.toSeminormedAddCommGroup E inst) inst_1))
                                        Real
                                        (@UniformSpace.toTopologicalSpace Real
                                          (@PseudoMetricSpace.toUniformSpace Real Real.pseudoMetricSpace))
                                        (@AddCommGroup.toAddCommMonoid Real Real.instAddCommGroup)
                                        (@Semiring.toModule Real
                                          (@DivisionSemiring.toSemiring Real
                                            (@Semifield.toDivisionSemiring Real
                                              (@Field.toSemifield Real
                                                (@NormedField.toField Real
                                                  (@NontriviallyNormedField.toNormedField Real
                                                    (@DenselyNormedField.toNontriviallyNormedField Real
                                                      Real.denselyNormedField)))))))
                                        (@Semiring.toModule Real
                                          (@DivisionSemiring.toSemiring Real
                                            (@Semifield.toDivisionSemiring Real
                                              (@Field.toSemifield Real
                                                (@NormedField.toField Real
                                                  (@NontriviallyNormedField.toNormedField Real
                                                    (@DenselyNormedField.toNontriviallyNormedField Real
                                                      Real.denselyNormedField)))))))
                                        ⋯ ⋯
                                        (@RingHom.id Real
                                          (@Semiring.toNonAssocSemiring Real
                                            (@DivisionSemiring.toSemiring Real
                                              (@Semifield.toDivisionSemiring Real
                                                (@Field.toSemifield Real
                                                  (@NormedField.toField Real
                                                    (@NontriviallyNormedField.toNormedField Real
                                                      (@DenselyNormedField.toNontriviallyNormedField Real
                                                        Real.denselyNormedField))))))))
                                        ⋯))
                                    E
                                    (fun x =>
                                      @ContinuousLinearMap Real Real
                                        (@DivisionSemiring.toSemiring Real
                                          (@Semifield.toDivisionSemiring Real
                                            (@Field.toSemifield Real
                                              (@NormedField.toField Real
                                                (@NontriviallyNormedField.toNormedField Real
                                                  (@DenselyNormedField.toNontriviallyNormedField Real
                                                    Real.denselyNormedField))))))
                                        (@DivisionSemiring.toSemiring Real
                                          (@Semifield.toDivisionSemiring Real
                                            (@Field.toSemifield Real
                                              (@NormedField.toField Real
                                                (@NontriviallyNormedField.toNormedField Real
                                                  (@DenselyNormedField.toNontriviallyNormedField Real
                                                    Real.denselyNormedField))))))
                                        (@RingHom.id Real
                                          (@Semiring.toNonAssocSemiring Real
                                            (@DivisionSemiring.toSemiring Real
                                              (@Semifield.toDivisionSemiring Real
                                                (@Field.toSemifield Real
                                                  (@NormedField.toField Real
                                                    (@NontriviallyNormedField.toNormedField Real
                                                      (@DenselyNormedField.toNontriviallyNormedField Real
                                                        Real.denselyNormedField))))))))
                                        E
                                        (@UniformSpace.toTopologicalSpace E
                                          (@PseudoMetricSpace.toUniformSpace E
                                            (@SeminormedAddCommGroup.toPseudoMetricSpace E
                                              (@NormedAddCommGroup.toSeminormedAddCommGroup E inst))))
                                        (@AddCommGroup.toAddCommMonoid E (@NormedAddCommGroup.toAddCommGroup E inst))
                                        Real
                                        (@UniformSpace.toTopologicalSpace Real
                                          (@PseudoMetricSpace.toUniformSpace Real Real.pseudoMetricSpace))
                                        (@AddCommGroup.toAddCommMonoid Real Real.instAddCommGroup)
                                        (@NormedSpace.toModule Real E Real.normedField
                                          (@NormedAddCommGroup.toSeminormedAddCommGroup E inst)
                                          (@InnerProductSpace.toNormedSpace Real E Real.instRCLike
                                            (@NormedAddCommGroup.toSeminormedAddCommGroup E inst) inst_1))
                                        (@Semiring.toModule Real
                                          (@DivisionSemiring.toSemiring Real
                                            (@Semifield.toDivisionSemiring Real
                                              (@Field.toSemifield Real
                                                (@NormedField.toField Real
                                                  (@NontriviallyNormedField.toNormedField Real
                                                    (@DenselyNormedField.toNontriviallyNormedField Real
                                                      Real.denselyNormedField))))))))
                                    (@ContinuousLinearMap.funLike Real Real
                                      (@DivisionSemiring.toSemiring Real
                                        (@Semifield.toDivisionSemiring Real
                                          (@Field.toSemifield Real
                                            (@NormedField.toField Real
                                              (@NontriviallyNormedField.toNormedField Real
                                                (@DenselyNormedField.toNontriviallyNormedField Real
                                                  Real.denselyNormedField))))))
                                      (@DivisionSemiring.toSemiring Real
                                        (@Semifield.toDivisionSemiring Real
                                          (@Field.toSemifield Real
                                            (@NormedField.toField Real
                                              (@NontriviallyNormedField.toNormedField Real
                                                (@DenselyNormedField.toNontriviallyNormedField Real
                                                  Real.denselyNormedField))))))
                                      (@RingHom.id Real
                                        (@Semiring.toNonAssocSemiring Real
                                          (@DivisionSemiring.toSemiring Real
                                            (@Semifield.toDivisionSemiring Real
                                              (@Field.toSemifield Real
                                                (@NormedField.toField Real
                                                  (@NontriviallyNormedField.toNormedField Real
                                                    (@DenselyNormedField.toNontriviallyNormedField Real
                                                      Real.denselyNormedField))))))))
                                      E
                                      (@UniformSpace.toTopologicalSpace E
                                        (@PseudoMetricSpace.toUniformSpace E
                                          (@SeminormedAddCommGroup.toPseudoMetricSpace E
                                            (@NormedAddCommGroup.toSeminormedAddCommGroup E inst))))
                                      (@AddCommGroup.toAddCommMonoid E (@NormedAddCommGroup.toAddCommGroup E inst))
                                      (@ContinuousLinearMap Real Real
                                        (@DivisionSemiring.toSemiring Real
                                          (@Semifield.toDivisionSemiring Real
                                            (@Field.toSemifield Real
                                              (@NormedField.toField Real
                                                (@NontriviallyNormedField.toNormedField Real
                                                  (@DenselyNormedField.toNontriviallyNormedField Real
                                                    Real.denselyNormedField))))))
                                        (@DivisionSemiring.toSemiring Real
                                          (@Semifield.toDivisionSemiring Real
                                            (@Field.toSemifield Real
                                              (@NormedField.toField Real
                                                (@NontriviallyNormedField.toNormedField Real
                                                  (@DenselyNormedField.toNontriviallyNormedField Real
                                                    Real.denselyNormedField))))))
                                        (@RingHom.id Real
                                          (@Semiring.toNonAssocSemiring Real
                                            (@DivisionSemiring.toSemiring Real
                                              (@Semifield.toDivisionSemiring Real
                                                (@Field.toSemifield Real
                                                  (@NormedField.toField Real
                                                    (@NontriviallyNormedField.toNormedField Real
                                                      (@DenselyNormedField.toNontriviallyNormedField Real
                                                        Real.denselyNormedField))))))))
                                        E
                                        (@UniformSpace.toTopologicalSpace E
                                          (@PseudoMetricSpace.toUniformSpace E
                                            (@SeminormedAddCommGroup.toPseudoMetricSpace E
                                              (@NormedAddCommGroup.toSeminormedAddCommGroup E inst))))
                                        (@AddCommGroup.toAddCommMonoid E (@NormedAddCommGroup.toAddCommGroup E inst))
                                        Real
                                        (@UniformSpace.toTopologicalSpace Real
                                          (@PseudoMetricSpace.toUniformSpace Real Real.pseudoMetricSpace))
                                        (@AddCommGroup.toAddCommMonoid Real Real.instAddCommGroup)
                                        (@NormedSpace.toModule Real E Real.normedField
                                          (@NormedAddCommGroup.toSeminormedAddCommGroup E inst)
                                          (@InnerProductSpace.toNormedSpace Real E Real.instRCLike
                                            (@NormedAddCommGroup.toSeminormedAddCommGroup E inst) inst_1))
                                        (@Semiring.toModule Real
                                          (@DivisionSemiring.toSemiring Real
                                            (@Semifield.toDivisionSemiring Real
                                              (@Field.toSemifield Real
                                                (@NormedField.toField Real
                                                  (@NontriviallyNormedField.toNormedField Real
                                                    (@DenselyNormedField.toNontriviallyNormedField Real
                                                      Real.denselyNormedField))))))))
                                      (@ContinuousLinearMap.topologicalSpace Real Real Real.normedField Real.normedField
                                        (@RingHom.id Real
                                          (@Semiring.toNonAssocSemiring Real
                                            (@DivisionSemiring.toSemiring Real
                                              (@Semifield.toDivisionSemiring Real
                                                (@Field.toSemifield Real
                                                  (@NormedField.toField Real
                                                    (@NontriviallyNormedField.toNormedField Real
                                                      (@DenselyNormedField.toNontriviallyNormedField Real
                                                        Real.denselyNormedField))))))))
                                        E Real (@NormedAddCommGroup.toAddCommGroup E inst)
                                        (@NormedSpace.toModule Real E Real.normedField
                                          (@NormedAddCommGroup.toSeminormedAddCommGroup E inst)
                                          (@InnerProductSpace.toNormedSpace Real E Real.instRCLike
                                            (@NormedAddCommGroup.toSeminormedAddCommGroup E inst) inst_1))
                                        Real.instAddCommGroup
                                        (@Semiring.toModule Real
                                          (@DivisionSemiring.toSemiring Real
                                            (@Semifield.toDivisionSemiring Real
                                              (@Field.toSemifield Real
                                                (@NormedField.toField Real
                                                  (@NontriviallyNormedField.toNormedField Real
                                                    (@DenselyNormedField.toNontriviallyNormedField Real
                                                      Real.denselyNormedField)))))))
                                        (@UniformSpace.toTopologicalSpace E
                                          (@PseudoMetricSpace.toUniformSpace E
                                            (@SeminormedAddCommGroup.toPseudoMetricSpace E
                                              (@NormedAddCommGroup.toSeminormedAddCommGroup E inst))))
                                        (@UniformSpace.toTopologicalSpace Real
                                          (@PseudoMetricSpace.toUniformSpace Real Real.pseudoMetricSpace))
                                        instIsTopologicalAddGroupReal)
                                      (@AddCommGroup.toAddCommMonoid
                                        (@ContinuousLinearMap Real Real
                                          (@DivisionSemiring.toSemiring Real
                                            (@Semifield.toDivisionSemiring Real
                                              (@Field.toSemifield Real
                                                (@NormedField.toField Real
                                                  (@NontriviallyNormedField.toNormedField Real
                                                    (@DenselyNormedField.toNontriviallyNormedField Real
                                                      Real.denselyNormedField))))))
                                          (@DivisionSemiring.toSemiring Real
                                            (@Semifield.toDivisionSemiring Real
                                              (@Field.toSemifield Real
                                                (@NormedField.toField Real
                                                  (@NontriviallyNormedField.toNormedField Real
                                                    (@DenselyNormedField.toNontriviallyNormedField Real
                                                      Real.denselyNormedField))))))
                                          (@RingHom.id Real
                                            (@Semiring.toNonAssocSemiring Real
                                              (@DivisionSemiring.toSemiring Real
                                                (@Semifield.toDivisionSemiring Real
                                                  (@Field.toSemifield Real
                                                    (@NormedField.toField Real
                                                      (@NontriviallyNormedField.toNormedField Real
                                                        (@DenselyNormedField.toNontriviallyNormedField Real
                                                          Real.denselyNormedField))))))))
                                          E
                                          (@UniformSpace.toTopologicalSpace E
                                            (@PseudoMetricSpace.toUniformSpace E
                                              (@SeminormedAddCommGroup.toPseudoMetricSpace E
                                                (@NormedAddCommGroup.toSeminormedAddCommGroup E inst))))
                                          (@AddCommGroup.toAddCommMonoid E (@NormedAddCommGroup.toAddCommGroup E inst))
                                          Real
                                          (@UniformSpace.toTopologicalSpace Real
                                            (@PseudoMetricSpace.toUniformSpace Real Real.pseudoMetricSpace))
                                          (@AddCommGroup.toAddCommMonoid Real Real.instAddCommGroup)
                                          (@NormedSpace.toModule Real E Real.normedField
                                            (@NormedAddCommGroup.toSeminormedAddCommGroup E inst)
                                            (@InnerProductSpace.toNormedSpace Real E Real.instRCLike
                                              (@NormedAddCommGroup.toSeminormedAddCommGroup E inst) inst_1))
                                          (@Semiring.toModule Real
                                            (@DivisionSemiring.toSemiring Real
                                              (@Semifield.toDivisionSemiring Real
                                                (@Field.toSemifield Real
                                                  (@NormedField.toField Real
                                                    (@NontriviallyNormedField.toNormedField Real
                                                      (@DenselyNormedField.toNontriviallyNormedField Real
                                                        Real.denselyNormedField))))))))
                                        (@ContinuousLinearMap.addCommGroup Real Real.instRing Real Real.instRing E
                                          (@UniformSpace.toTopologicalSpace E
                                            (@PseudoMetricSpace.toUniformSpace E
                                              (@SeminormedAddCommGroup.toPseudoMetricSpace E
                                                (@NormedAddCommGroup.toSeminormedAddCommGroup E inst))))
                                          (@NormedAddCommGroup.toAddCommGroup E inst) Real
                                          (@UniformSpace.toTopologicalSpace Real
                                            (@PseudoMetricSpace.toUniformSpace Real Real.pseudoMetricSpace))
                                          Real.instAddCommGroup
                                          (@NormedSpace.toModule Real E Real.normedField
                                            (@NormedAddCommGroup.toSeminormedAddCommGroup E inst)
                                            (@InnerProductSpace.toNormedSpace Real E Real.instRCLike
                                              (@NormedAddCommGroup.toSeminormedAddCommGroup E inst) inst_1))
                                          (@Semiring.toModule Real
                                            (@DivisionSemiring.toSemiring Real
                                              (@Semifield.toDivisionSemiring Real
                                                (@Field.toSemifield Real
                                                  (@NormedField.toField Real
                                                    (@NontriviallyNormedField.toNormedField Real
                                                      (@DenselyNormedField.toNontriviallyNormedField Real
                                                        Real.denselyNormedField)))))))
                                          (@RingHom.id Real
                                            (@Semiring.toNonAssocSemiring Real
                                              (@DivisionSemiring.toSemiring Real
                                                (@Semifield.toDivisionSemiring Real
                                                  (@Field.toSemifield Real
                                                    (@NormedField.toField Real
                                                      (@NontriviallyNormedField.toNormedField Real
                                                        (@DenselyNormedField.toNontriviallyNormedField Real
                                                          Real.denselyNormedField))))))))
                                          instIsTopologicalAddGroupReal))
                                      (@NormedSpace.toModule Real E Real.normedField
                                        (@NormedAddCommGroup.toSeminormedAddCommGroup E inst)
                                        (@InnerProductSpace.toNormedSpace Real E Real.instRCLike
                                          (@NormedAddCommGroup.toSeminormedAddCommGroup E inst) inst_1))
                                      (@ContinuousLinearMap.module Real Real Real
                                        (@DivisionSemiring.toSemiring Real
                                          (@Semifield.toDivisionSemiring Real
                                            (@Field.toSemifield Real
                                              (@NormedField.toField Real
                                                (@NontriviallyNormedField.toNormedField Real
                                                  (@DenselyNormedField.toNontriviallyNormedField Real
                                                    Real.denselyNormedField))))))
                                        (@DivisionSemiring.toSemiring Real
                                          (@Semifield.toDivisionSemiring Real
                                            (@Field.toSemifield Real
                                              (@NormedField.toField Real
                                                (@NontriviallyNormedField.toNormedField Real
                                                  (@DenselyNormedField.toNontriviallyNormedField Real
                                                    Real.denselyNormedField))))))
                                        (@DivisionSemiring.toSemiring Real
                                          (@Semifield.toDivisionSemiring Real
                                            (@Field.toSemifield Real
                                              (@NormedField.toField Real
                                                (@NontriviallyNormedField.toNormedField Real
                                                  (@DenselyNormedField.toNontriviallyNormedField Real
                                                    Real.denselyNormedField))))))
                                        E
                                        (@UniformSpace.toTopologicalSpace E
                                          (@PseudoMetricSpace.toUniformSpace E
                                            (@SeminormedAddCommGroup.toPseudoMetricSpace E
                                              (@NormedAddCommGroup.toSeminormedAddCommGroup E inst))))
                                        (@AddCommGroup.toAddCommMonoid E (@NormedAddCommGroup.toAddCommGroup E inst))
                                        (@NormedSpace.toModule Real E Real.normedField
                                          (@NormedAddCommGroup.toSeminormedAddCommGroup E inst)
                                          (@InnerProductSpace.toNormedSpace Real E Real.instRCLike
                                            (@NormedAddCommGroup.toSeminormedAddCommGroup E inst) inst_1))
                                        Real
                                        (@UniformSpace.toTopologicalSpace Real
                                          (@PseudoMetricSpace.toUniformSpace Real Real.pseudoMetricSpace))
                                        (@AddCommGroup.toAddCommMonoid Real Real.instAddCommGroup)
                                        (@Semiring.toModule Real
                                          (@DivisionSemiring.toSemiring Real
                                            (@Semifield.toDivisionSemiring Real
                                              (@Field.toSemifield Real
                                                (@NormedField.toField Real
                                                  (@NontriviallyNormedField.toNormedField Real
                                                    (@DenselyNormedField.toNontriviallyNormedField Real
                                                      Real.denselyNormedField)))))))
                                        (@Semiring.toModule Real
                                          (@DivisionSemiring.toSemiring Real
                                            (@Semifield.toDivisionSemiring Real
                                              (@Field.toSemifield Real
                                                (@NormedField.toField Real
                                                  (@NontriviallyNormedField.toNormedField Real
                                                    (@DenselyNormedField.toNontriviallyNormedField Real
                                                      Real.denselyNormedField)))))))
                                        ⋯ ⋯
                                        (@RingHom.id Real
                                          (@Semiring.toNonAssocSemiring Real
                                            (@DivisionSemiring.toSemiring Real
                                              (@Semifield.toDivisionSemiring Real
                                                (@Field.toSemifield Real
                                                  (@NormedField.toField Real
                                                    (@NontriviallyNormedField.toNormedField Real
                                                      (@DenselyNormedField.toNontriviallyNormedField Real
                                                        Real.denselyNormedField))))))))
                                        ⋯))
                                    (@fderiv Real
                                      (@DenselyNormedField.toNontriviallyNormedField Real Real.denselyNormedField) E
                                      (@NormedAddCommGroup.toAddCommGroup E inst)
                                      (@NormedSpace.toModule Real E Real.normedField
                                        (@NormedAddCommGroup.toSeminormedAddCommGroup E inst)
                                        (@InnerProductSpace.toNormedSpace Real E Real.instRCLike
                                          (@NormedAddCommGroup.toSeminormedAddCommGroup E inst) inst_1))
                                      (@UniformSpace.toTopologicalSpace E
                                        (@PseudoMetricSpace.toUniformSpace E
                                          (@SeminormedAddCommGroup.toPseudoMetricSpace E
                                            (@NormedAddCommGroup.toSeminormedAddCommGroup E inst))))
                                      (@ContinuousLinearMap Real Real
                                        (@DivisionSemiring.toSemiring Real
                                          (@Semifield.toDivisionSemiring Real
                                            (@Field.toSemifield Real
                                              (@NormedField.toField Real
                                                (@NontriviallyNormedField.toNormedField Real
                                                  (@DenselyNormedField.toNontriviallyNormedField Real
                                                    Real.denselyNormedField))))))
                                        (@DivisionSemiring.toSemiring Real
                                          (@Semifield.toDivisionSemiring Real
                                            (@Field.toSemifield Real
                                              (@NormedField.toField Real
                                                (@NontriviallyNormedField.toNormedField Real
                                                  (@DenselyNormedField.toNontriviallyNormedField Real
                                                    Real.denselyNormedField))))))
                                        (@RingHom.id Real
                                          (@Semiring.toNonAssocSemiring Real
                                            (@DivisionSemiring.toSemiring Real
                                              (@Semifield.toDivisionSemiring Real
                                                (@Field.toSemifield Real
                                                  (@NormedField.toField Real
                                                    (@NontriviallyNormedField.toNormedField Real
                                                      (@DenselyNormedField.toNontriviallyNormedField Real
                                                        Real.denselyNormedField))))))))
                                        E
                                        (@UniformSpace.toTopologicalSpace E
                                          (@PseudoMetricSpace.toUniformSpace E
                                            (@SeminormedAddCommGroup.toPseudoMetricSpace E
                                              (@NormedAddCommGroup.toSeminormedAddCommGroup E inst))))
                                        (@AddCommGroup.toAddCommMonoid E (@NormedAddCommGroup.toAddCommGroup E inst))
                                        Real
                                        (@UniformSpace.toTopologicalSpace Real
                                          (@PseudoMetricSpace.toUniformSpace Real Real.pseudoMetricSpace))
                                        (@AddCommGroup.toAddCommMonoid Real Real.instAddCommGroup)
                                        (@NormedSpace.toModule Real E Real.normedField
                                          (@NormedAddCommGroup.toSeminormedAddCommGroup E inst)
                                          (@InnerProductSpace.toNormedSpace Real E Real.instRCLike
                                            (@NormedAddCommGroup.toSeminormedAddCommGroup E inst) inst_1))
                                        (@Semiring.toModule Real
                                          (@DivisionSemiring.toSemiring Real
                                            (@Semifield.toDivisionSemiring Real
                                              (@Field.toSemifield Real
                                                (@NormedField.toField Real
                                                  (@NontriviallyNormedField.toNormedField Real
                                                    (@DenselyNormedField.toNontriviallyNormedField Real
                                                      Real.denselyNormedField))))))))
                                      (@ContinuousLinearMap.addCommGroup Real Real.instRing Real Real.instRing E
                                        (@UniformSpace.toTopologicalSpace E
                                          (@PseudoMetricSpace.toUniformSpace E
                                            (@SeminormedAddCommGroup.toPseudoMetricSpace E
                                              (@NormedAddCommGroup.toSeminormedAddCommGroup E inst))))
                                        (@NormedAddCommGroup.toAddCommGroup E inst) Real
                                        (@UniformSpace.toTopologicalSpace Real
                                          (@PseudoMetricSpace.toUniformSpace Real Real.pseudoMetricSpace))
                                        Real.instAddCommGroup
                                        (@NormedSpace.toModule Real E Real.normedField
                                          (@NormedAddCommGroup.toSeminormedAddCommGroup E inst)
                                          (@InnerProductSpace.toNormedSpace Real E Real.instRCLike
                                            (@NormedAddCommGroup.toSeminormedAddCommGroup E inst) inst_1))
                                        (@Semiring.toModule Real
                                          (@DivisionSemiring.toSemiring Real
                                            (@Semifield.toDivisionSemiring Real
                                              (@Field.toSemifield Real
                                                (@NormedField.toField Real
                                                  (@NontriviallyNormedField.toNormedField Real
                                                    (@DenselyNormedField.toNontriviallyNormedField Real
                                                      Real.denselyNormedField)))))))
                                        (@RingHom.id Real
                                          (@Semiring.toNonAssocSemiring Real
                                            (@DivisionSemiring.toSemiring Real
                                              (@Semifield.toDivisionSemiring Real
                                                (@Field.toSemifield Real
                                                  (@NormedField.toField Real
                                                    (@NontriviallyNormedField.toNormedField Real
                                                      (@DenselyNormedField.toNontriviallyNormedField Real
                                                        Real.denselyNormedField))))))))
                                        instIsTopologicalAddGroupReal)
                                      (@ContinuousLinearMap.module Real Real Real
                                        (@DivisionSemiring.toSemiring Real
                                          (@Semifield.toDivisionSemiring Real
                                            (@Field.toSemifield Real
                                              (@NormedField.toField Real
                                                (@NontriviallyNormedField.toNormedField Real
                                                  (@DenselyNormedField.toNontriviallyNormedField Real
                                                    Real.denselyNormedField))))))
                                        (@DivisionSemiring.toSemiring Real
                                          (@Semifield.toDivisionSemiring Real
                                            (@Field.toSemifield Real
                                              (@NormedField.toField Real
                                                (@NontriviallyNormedField.toNormedField Real
                                                  (@DenselyNormedField.toNontriviallyNormedField Real
                                                    Real.denselyNormedField))))))
                                        (@DivisionSemiring.toSemiring Real
                                          (@Semifield.toDivisionSemiring Real
                                            (@Field.toSemifield Real
                                              (@NormedField.toField Real
                                                (@NontriviallyNormedField.toNormedField Real
                                                  (@DenselyNormedField.toNontriviallyNormedField Real
                                                    Real.denselyNormedField))))))
                                        E
                                        (@UniformSpace.toTopologicalSpace E
                                          (@PseudoMetricSpace.toUniformSpace E
                                            (@SeminormedAddCommGroup.toPseudoMetricSpace E
                                              (@NormedAddCommGroup.toSeminormedAddCommGroup E inst))))
                                        (@AddCommGroup.toAddCommMonoid E (@NormedAddCommGroup.toAddCommGroup E inst))
                                        (@NormedSpace.toModule Real E Real.normedField
                                          (@NormedAddCommGroup.toSeminormedAddCommGroup E inst)
                                          (@InnerProductSpace.toNormedSpace Real E Real.instRCLike
                                            (@NormedAddCommGroup.toSeminormedAddCommGroup E inst) inst_1))
                                        Real
                                        (@UniformSpace.toTopologicalSpace Real
                                          (@PseudoMetricSpace.toUniformSpace Real Real.pseudoMetricSpace))
                                        (@AddCommGroup.toAddCommMonoid Real Real.instAddCommGroup)
                                        (@Semiring.toModule Real
                                          (@DivisionSemiring.toSemiring Real
                                            (@Semifield.toDivisionSemiring Real
                                              (@Field.toSemifield Real
                                                (@NormedField.toField Real
                                                  (@NontriviallyNormedField.toNormedField Real
                                                    (@DenselyNormedField.toNontriviallyNormedField Real
                                                      Real.denselyNormedField)))))))
                                        (@Semiring.toModule Real
                                          (@DivisionSemiring.toSemiring Real
                                            (@Semifield.toDivisionSemiring Real
                                              (@Field.toSemifield Real
                                                (@NormedField.toField Real
                                                  (@NontriviallyNormedField.toNormedField Real
                                                    (@DenselyNormedField.toNontriviallyNormedField Real
                                                      Real.denselyNormedField)))))))
                                        ⋯ ⋯
                                        (@RingHom.id Real
                                          (@Semiring.toNonAssocSemiring Real
                                            (@DivisionSemiring.toSemiring Real
                                              (@Semifield.toDivisionSemiring Real
                                                (@Field.toSemifield Real
                                                  (@NormedField.toField Real
                                                    (@NontriviallyNormedField.toNormedField Real
                                                      (@DenselyNormedField.toNontriviallyNormedField Real
                                                        Real.denselyNormedField))))))))
                                        ⋯)
                                      (@ContinuousLinearMap.topologicalSpace Real Real Real.normedField Real.normedField
                                        (@RingHom.id Real
                                          (@Semiring.toNonAssocSemiring Real
                                            (@DivisionSemiring.toSemiring Real
                                              (@Semifield.toDivisionSemiring Real
                                                (@Field.toSemifield Real
                                                  (@NormedField.toField Real
                                                    (@NontriviallyNormedField.toNormedField Real
                                                      (@DenselyNormedField.toNontriviallyNormedField Real
                                                        Real.denselyNormedField))))))))
                                        E Real (@NormedAddCommGroup.toAddCommGroup E inst)
                                        (@NormedSpace.toModule Real E Real.normedField
                                          (@NormedAddCommGroup.toSeminormedAddCommGroup E inst)
                                          (@InnerProductSpace.toNormedSpace Real E Real.instRCLike
                                            (@NormedAddCommGroup.toSeminormedAddCommGroup E inst) inst_1))
                                        Real.instAddCommGroup
                                        (@Semiring.toModule Real
                                          (@DivisionSemiring.toSemiring Real
                                            (@Semifield.toDivisionSemiring Real
                                              (@Field.toSemifield Real
                                                (@NormedField.toField Real
                                                  (@NontriviallyNormedField.toNormedField Real
                                                    (@DenselyNormedField.toNontriviallyNormedField Real
                                                      Real.denselyNormedField)))))))
                                        (@UniformSpace.toTopologicalSpace E
                                          (@PseudoMetricSpace.toUniformSpace E
                                            (@SeminormedAddCommGroup.toPseudoMetricSpace E
                                              (@NormedAddCommGroup.toSeminormedAddCommGroup E inst))))
                                        (@UniformSpace.toTopologicalSpace Real
                                          (@PseudoMetricSpace.toUniformSpace Real Real.pseudoMetricSpace))
                                        instIsTopologicalAddGroupReal)
                                      (@fderiv Real
                                        (@DenselyNormedField.toNontriviallyNormedField Real Real.denselyNormedField) E
                                        (@NormedAddCommGroup.toAddCommGroup E inst)
                                        (@NormedSpace.toModule Real E Real.normedField
                                          (@NormedAddCommGroup.toSeminormedAddCommGroup E inst)
                                          (@InnerProductSpace.toNormedSpace Real E Real.instRCLike
                                            (@NormedAddCommGroup.toSeminormedAddCommGroup E inst) inst_1))
                                        (@UniformSpace.toTopologicalSpace E
                                          (@PseudoMetricSpace.toUniformSpace E
                                            (@SeminormedAddCommGroup.toPseudoMetricSpace E
                                              (@NormedAddCommGroup.toSeminormedAddCommGroup E inst))))
                                        Real Real.instAddCommGroup
                                        (@Semiring.toModule Real
                                          (@DivisionSemiring.toSemiring Real
                                            (@Semifield.toDivisionSemiring Real
                                              (@Field.toSemifield Real
                                                (@NormedField.toField Real
                                                  (@NontriviallyNormedField.toNormedField Real
                                                    (@DenselyNormedField.toNontriviallyNormedField Real
                                                      Real.denselyNormedField)))))))
                                        (@UniformSpace.toTopologicalSpace Real
                                          (@PseudoMetricSpace.toUniformSpace Real Real.pseudoMetricSpace))
                                        V)
                                      x)
                                    v)
                                  v))
                              (@LE.le Real Real.instLE
                                (@DFunLike.coe
                                  (@ContinuousLinearMap Real Real
                                    (@DivisionSemiring.toSemiring Real
                                      (@Semifield.toDivisionSemiring Real
                                        (@Field.toSemifield Real
                                          (@NormedField.toField Real
                                            (@NontriviallyNormedField.toNormedField Real
                                              (@DenselyNormedField.toNontriviallyNormedField Real
                                                Real.denselyNormedField))))))
                                    (@DivisionSemiring.toSemiring Real
                                      (@Semifield.toDivisionSemiring Real
                                        (@Field.toSemifield Real
                                          (@NormedField.toField Real
                                            (@NontriviallyNormedField.toNormedField Real
                                              (@DenselyNormedField.toNontriviallyNormedField Real
                                                Real.denselyNormedField))))))
                                    (@RingHom.id Real
                                      (@Semiring.toNonAssocSemiring Real
                                        (@DivisionSemiring.toSemiring Real
                                          (@Semifield.toDivisionSemiring Real
                                            (@Field.toSemifield Real
                                              (@NormedField.toField Real
                                                (@NontriviallyNormedField.toNormedField Real
                                                  (@DenselyNormedField.toNontriviallyNormedField Real
                                                    Real.denselyNormedField))))))))
                                    E
                                    (@UniformSpace.toTopologicalSpace E
                                      (@PseudoMetricSpace.toUniformSpace E
                                        (@SeminormedAddCommGroup.toPseudoMetricSpace E
                                          (@NormedAddCommGroup.toSeminormedAddCommGroup E inst))))
                                    (@AddCommGroup.toAddCommMonoid E (@NormedAddCommGroup.toAddCommGroup E inst)) Real
                                    (@UniformSpace.toTopologicalSpace Real
                                      (@PseudoMetricSpace.toUniformSpace Real Real.pseudoMetricSpace))
                                    (@AddCommGroup.toAddCommMonoid Real Real.instAddCommGroup)
                                    (@NormedSpace.toModule Real E Real.normedField
                                      (@NormedAddCommGroup.toSeminormedAddCommGroup E inst)
                                      (@InnerProductSpace.toNormedSpace Real E Real.instRCLike
                                        (@NormedAddCommGroup.toSeminormedAddCommGroup E inst) inst_1))
                                    (@Semiring.toModule Real
                                      (@DivisionSemiring.toSemiring Real
                                        (@Semifield.toDivisionSemiring Real
                                          (@Field.toSemifield Real
                                            (@NormedField.toField Real
                                              (@NontriviallyNormedField.toNormedField Real
                                                (@DenselyNormedField.toNontriviallyNormedField Real
                                                  Real.denselyNormedField))))))))
                                  E (fun x => Real)
                                  (@ContinuousLinearMap.funLike Real Real
                                    (@DivisionSemiring.toSemiring Real
                                      (@Semifield.toDivisionSemiring Real
                                        (@Field.toSemifield Real
                                          (@NormedField.toField Real
                                            (@NontriviallyNormedField.toNormedField Real
                                              (@DenselyNormedField.toNontriviallyNormedField Real
                                                Real.denselyNormedField))))))
                                    (@DivisionSemiring.toSemiring Real
                                      (@Semifield.toDivisionSemiring Real
                                        (@Field.toSemifield Real
                                          (@NormedField.toField Real
                                            (@NontriviallyNormedField.toNormedField Real
                                              (@DenselyNormedField.toNontriviallyNormedField Real
                                                Real.denselyNormedField))))))
                                    (@RingHom.id Real
                                      (@Semiring.toNonAssocSemiring Real
                                        (@DivisionSemiring.toSemiring Real
                                          (@Semifield.toDivisionSemiring Real
                                            (@Field.toSemifield Real
                                              (@NormedField.toField Real
                                                (@NontriviallyNormedField.toNormedField Real
                                                  (@DenselyNormedField.toNontriviallyNormedField Real
                                                    Real.denselyNormedField))))))))
                                    E
                                    (@UniformSpace.toTopologicalSpace E
                                      (@PseudoMetricSpace.toUniformSpace E
                                        (@SeminormedAddCommGroup.toPseudoMetricSpace E
                                          (@NormedAddCommGroup.toSeminormedAddCommGroup E inst))))
                                    (@AddCommGroup.toAddCommMonoid E (@NormedAddCommGroup.toAddCommGroup E inst)) Real
                                    (@UniformSpace.toTopologicalSpace Real
                                      (@PseudoMetricSpace.toUniformSpace Real Real.pseudoMetricSpace))
                                    (@AddCommGroup.toAddCommMonoid Real Real.instAddCommGroup)
                                    (@NormedSpace.toModule Real E Real.normedField
                                      (@NormedAddCommGroup.toSeminormedAddCommGroup E inst)
                                      (@InnerProductSpace.toNormedSpace Real E Real.instRCLike
                                        (@NormedAddCommGroup.toSeminormedAddCommGroup E inst) inst_1))
                                    (@Semiring.toModule Real
                                      (@DivisionSemiring.toSemiring Real
                                        (@Semifield.toDivisionSemiring Real
                                          (@Field.toSemifield Real
                                            (@NormedField.toField Real
                                              (@NontriviallyNormedField.toNormedField Real
                                                (@DenselyNormedField.toNontriviallyNormedField Real
                                                  Real.denselyNormedField))))))))
                                  (@DFunLike.coe
                                    (@ContinuousLinearMap Real Real
                                      (@DivisionSemiring.toSemiring Real
                                        (@Semifield.toDivisionSemiring Real
                                          (@Field.toSemifield Real
                                            (@NormedField.toField Real
                                              (@NontriviallyNormedField.toNormedField Real
                                                (@DenselyNormedField.toNontriviallyNormedField Real
                                                  Real.denselyNormedField))))))
                                      (@DivisionSemiring.toSemiring Real
                                        (@Semifield.toDivisionSemiring Real
                                          (@Field.toSemifield Real
                                            (@NormedField.toField Real
                                              (@NontriviallyNormedField.toNormedField Real
                                                (@DenselyNormedField.toNontriviallyNormedField Real
                                                  Real.denselyNormedField))))))
                                      (@RingHom.id Real
                                        (@Semiring.toNonAssocSemiring Real
                                          (@DivisionSemiring.toSemiring Real
                                            (@Semifield.toDivisionSemiring Real
                                              (@Field.toSemifield Real
                                                (@NormedField.toField Real
                                                  (@NontriviallyNormedField.toNormedField Real
                                                    (@DenselyNormedField.toNontriviallyNormedField Real
                                                      Real.denselyNormedField))))))))
                                      E
                                      (@UniformSpace.toTopologicalSpace E
                                        (@PseudoMetricSpace.toUniformSpace E
                                          (@SeminormedAddCommGroup.toPseudoMetricSpace E
                                            (@NormedAddCommGroup.toSeminormedAddCommGroup E inst))))
                                      (@AddCommGroup.toAddCommMonoid E (@NormedAddCommGroup.toAddCommGroup E inst))
                                      (@ContinuousLinearMap Real Real
                                        (@DivisionSemiring.toSemiring Real
                                          (@Semifield.toDivisionSemiring Real
                                            (@Field.toSemifield Real
                                              (@NormedField.toField Real
                                                (@NontriviallyNormedField.toNormedField Real
                                                  (@DenselyNormedField.toNontriviallyNormedField Real
                                                    Real.denselyNormedField))))))
                                        (@DivisionSemiring.toSemiring Real
                                          (@Semifield.toDivisionSemiring Real
                                            (@Field.toSemifield Real
                                              (@NormedField.toField Real
                                                (@NontriviallyNormedField.toNormedField Real
                                                  (@DenselyNormedField.toNontriviallyNormedField Real
                                                    Real.denselyNormedField))))))
                                        (@RingHom.id Real
                                          (@Semiring.toNonAssocSemiring Real
                                            (@DivisionSemiring.toSemiring Real
                                              (@Semifield.toDivisionSemiring Real
                                                (@Field.toSemifield Real
                                                  (@NormedField.toField Real
                                                    (@NontriviallyNormedField.toNormedField Real
                                                      (@DenselyNormedField.toNontriviallyNormedField Real
                                                        Real.denselyNormedField))))))))
                                        E
                                        (@UniformSpace.toTopologicalSpace E
                                          (@PseudoMetricSpace.toUniformSpace E
                                            (@SeminormedAddCommGroup.toPseudoMetricSpace E
                                              (@NormedAddCommGroup.toSeminormedAddCommGroup E inst))))
                                        (@AddCommGroup.toAddCommMonoid E (@NormedAddCommGroup.toAddCommGroup E inst))
                                        Real
                                        (@UniformSpace.toTopologicalSpace Real
                                          (@PseudoMetricSpace.toUniformSpace Real Real.pseudoMetricSpace))
                                        (@AddCommGroup.toAddCommMonoid Real Real.instAddCommGroup)
                                        (@NormedSpace.toModule Real E Real.normedField
                                          (@NormedAddCommGroup.toSeminormedAddCommGroup E inst)
                                          (@InnerProductSpace.toNormedSpace Real E Real.instRCLike
                                            (@NormedAddCommGroup.toSeminormedAddCommGroup E inst) inst_1))
                                        (@Semiring.toModule Real
                                          (@DivisionSemiring.toSemiring Real
                                            (@Semifield.toDivisionSemiring Real
                                              (@Field.toSemifield Real
                                                (@NormedField.toField Real
                                                  (@NontriviallyNormedField.toNormedField Real
                                                    (@DenselyNormedField.toNontriviallyNormedField Real
                                                      Real.denselyNormedField))))))))
                                      (@ContinuousLinearMap.topologicalSpace Real Real Real.normedField Real.normedField
                                        (@RingHom.id Real
                                          (@Semiring.toNonAssocSemiring Real
                                            (@DivisionSemiring.toSemiring Real
                                              (@Semifield.toDivisionSemiring Real
                                                (@Field.toSemifield Real
                                                  (@NormedField.toField Real
                                                    (@NontriviallyNormedField.toNormedField Real
                                                      (@DenselyNormedField.toNontriviallyNormedField Real
                                                        Real.denselyNormedField))))))))
                                        E Real (@NormedAddCommGroup.toAddCommGroup E inst)
                                        (@NormedSpace.toModule Real E Real.normedField
                                          (@NormedAddCommGroup.toSeminormedAddCommGroup E inst)
                                          (@InnerProductSpace.toNormedSpace Real E Real.instRCLike
                                            (@NormedAddCommGroup.toSeminormedAddCommGroup E inst) inst_1))
                                        Real.instAddCommGroup
                                        (@Semiring.toModule Real
                                          (@DivisionSemiring.toSemiring Real
                                            (@Semifield.toDivisionSemiring Real
                                              (@Field.toSemifield Real
                                                (@NormedField.toField Real
                                                  (@NontriviallyNormedField.toNormedField Real
                                                    (@DenselyNormedField.toNontriviallyNormedField Real
                                                      Real.denselyNormedField)))))))
                                        (@UniformSpace.toTopologicalSpace E
                                          (@PseudoMetricSpace.toUniformSpace E
                                            (@SeminormedAddCommGroup.toPseudoMetricSpace E
                                              (@NormedAddCommGroup.toSeminormedAddCommGroup E inst))))
                                        (@UniformSpace.toTopologicalSpace Real
                                          (@PseudoMetricSpace.toUniformSpace Real Real.pseudoMetricSpace))
                                        instIsTopologicalAddGroupReal)
                                      (@AddCommGroup.toAddCommMonoid
                                        (@ContinuousLinearMap Real Real
                                          (@DivisionSemiring.toSemiring Real
                                            (@Semifield.toDivisionSemiring Real
                                              (@Field.toSemifield Real
                                                (@NormedField.toField Real
                                                  (@NontriviallyNormedField.toNormedField Real
                                                    (@DenselyNormedField.toNontriviallyNormedField Real
                                                      Real.denselyNormedField))))))
                                          (@DivisionSemiring.toSemiring Real
                                            (@Semifield.toDivisionSemiring Real
                                              (@Field.toSemifield Real
                                                (@NormedField.toField Real
                                                  (@NontriviallyNormedField.toNormedField Real
                                                    (@DenselyNormedField.toNontriviallyNormedField Real
                                                      Real.denselyNormedField))))))
                                          (@RingHom.id Real
                                            (@Semiring.toNonAssocSemiring Real
                                              (@DivisionSemiring.toSemiring Real
                                                (@Semifield.toDivisionSemiring Real
                                                  (@Field.toSemifield Real
                                                    (@NormedField.toField Real
                                                      (@NontriviallyNormedField.toNormedField Real
                                                        (@DenselyNormedField.toNontriviallyNormedField Real
                                                          Real.denselyNormedField))))))))
                                          E
                                          (@UniformSpace.toTopologicalSpace E
                                            (@PseudoMetricSpace.toUniformSpace E
                                              (@SeminormedAddCommGroup.toPseudoMetricSpace E
                                                (@NormedAddCommGroup.toSeminormedAddCommGroup E inst))))
                                          (@AddCommGroup.toAddCommMonoid E (@NormedAddCommGroup.toAddCommGroup E inst))
                                          Real
                                          (@UniformSpace.toTopologicalSpace Real
                                            (@PseudoMetricSpace.toUniformSpace Real Real.pseudoMetricSpace))
                                          (@AddCommGroup.toAddCommMonoid Real Real.instAddCommGroup)
                                          (@NormedSpace.toModule Real E Real.normedField
                                            (@NormedAddCommGroup.toSeminormedAddCommGroup E inst)
                                            (@InnerProductSpace.toNormedSpace Real E Real.instRCLike
                                              (@NormedAddCommGroup.toSeminormedAddCommGroup E inst) inst_1))
                                          (@Semiring.toModule Real
                                            (@DivisionSemiring.toSemiring Real
                                              (@Semifield.toDivisionSemiring Real
                                                (@Field.toSemifield Real
                                                  (@NormedField.toField Real
                                                    (@NontriviallyNormedField.toNormedField Real
                                                      (@DenselyNormedField.toNontriviallyNormedField Real
                                                        Real.denselyNormedField))))))))
                                        (@ContinuousLinearMap.addCommGroup Real Real.instRing Real Real.instRing E
                                          (@UniformSpace.toTopologicalSpace E
                                            (@PseudoMetricSpace.toUniformSpace E
                                              (@SeminormedAddCommGroup.toPseudoMetricSpace E
                                                (@NormedAddCommGroup.toSeminormedAddCommGroup E inst))))
                                          (@NormedAddCommGroup.toAddCommGroup E inst) Real
                                          (@UniformSpace.toTopologicalSpace Real
                                            (@PseudoMetricSpace.toUniformSpace Real Real.pseudoMetricSpace))
                                          Real.instAddCommGroup
                                          (@NormedSpace.toModule Real E Real.normedField
                                            (@NormedAddCommGroup.toSeminormedAddCommGroup E inst)
                                            (@InnerProductSpace.toNormedSpace Real E Real.instRCLike
                                              (@NormedAddCommGroup.toSeminormedAddCommGroup E inst) inst_1))
                                          (@Semiring.toModule Real
                                            (@DivisionSemiring.toSemiring Real
                                              (@Semifield.toDivisionSemiring Real
                                                (@Field.toSemifield Real
                                                  (@NormedField.toField Real
                                                    (@NontriviallyNormedField.toNormedField Real
                                                      (@DenselyNormedField.toNontriviallyNormedField Real
                                                        Real.denselyNormedField)))))))
                                          (@RingHom.id Real
                                            (@Semiring.toNonAssocSemiring Real
                                              (@DivisionSemiring.toSemiring Real
                                                (@Semifield.toDivisionSemiring Real
                                                  (@Field.toSemifield Real
                                                    (@NormedField.toField Real
                                                      (@NontriviallyNormedField.toNormedField Real
                                                        (@DenselyNormedField.toNontriviallyNormedField Real
                                                          Real.denselyNormedField))))))))
                                          instIsTopologicalAddGroupReal))
                                      (@NormedSpace.toModule Real E Real.normedField
                                        (@NormedAddCommGroup.toSeminormedAddCommGroup E inst)
                                        (@InnerProductSpace.toNormedSpace Real E Real.instRCLike
                                          (@NormedAddCommGroup.toSeminormedAddCommGroup E inst) inst_1))
                                      (@ContinuousLinearMap.module Real Real Real
                                        (@DivisionSemiring.toSemiring Real
                                          (@Semifield.toDivisionSemiring Real
                                            (@Field.toSemifield Real
                                              (@NormedField.toField Real
                                                (@NontriviallyNormedField.toNormedField Real
                                                  (@DenselyNormedField.toNontriviallyNormedField Real
                                                    Real.denselyNormedField))))))
                                        (@DivisionSemiring.toSemiring Real
                                          (@Semifield.toDivisionSemiring Real
                                            (@Field.toSemifield Real
                                              (@NormedField.toField Real
                                                (@NontriviallyNormedField.toNormedField Real
                                                  (@DenselyNormedField.toNontriviallyNormedField Real
                                                    Real.denselyNormedField))))))
                                        (@DivisionSemiring.toSemiring Real
                                          (@Semifield.toDivisionSemiring Real
                                            (@Field.toSemifield Real
                                              (@NormedField.toField Real
                                                (@NontriviallyNormedField.toNormedField Real
                                                  (@DenselyNormedField.toNontriviallyNormedField Real
                                                    Real.denselyNormedField))))))
                                        E
                                        (@UniformSpace.toTopologicalSpace E
                                          (@PseudoMetricSpace.toUniformSpace E
                                            (@SeminormedAddCommGroup.toPseudoMetricSpace E
                                              (@NormedAddCommGroup.toSeminormedAddCommGroup E inst))))
                                        (@AddCommGroup.toAddCommMonoid E (@NormedAddCommGroup.toAddCommGroup E inst))
                                        (@NormedSpace.toModule Real E Real.normedField
                                          (@NormedAddCommGroup.toSeminormedAddCommGroup E inst)
                                          (@InnerProductSpace.toNormedSpace Real E Real.instRCLike
                                            (@NormedAddCommGroup.toSeminormedAddCommGroup E inst) inst_1))
                                        Real
                                        (@UniformSpace.toTopologicalSpace Real
                                          (@PseudoMetricSpace.toUniformSpace Real Real.pseudoMetricSpace))
                                        (@AddCommGroup.toAddCommMonoid Real Real.instAddCommGroup)
                                        (@Semiring.toModule Real
                                          (@DivisionSemiring.toSemiring Real
                                            (@Semifield.toDivisionSemiring Real
                                              (@Field.toSemifield Real
                                                (@NormedField.toField Real
                                                  (@NontriviallyNormedField.toNormedField Real
                                                    (@DenselyNormedField.toNontriviallyNormedField Real
                                                      Real.denselyNormedField)))))))
                                        (@Semiring.toModule Real
                                          (@DivisionSemiring.toSemiring Real
                                            (@Semifield.toDivisionSemiring Real
                                              (@Field.toSemifield Real
                                                (@NormedField.toField Real
                                                  (@NontriviallyNormedField.toNormedField Real
                                                    (@DenselyNormedField.toNontriviallyNormedField Real
                                                      Real.denselyNormedField)))))))
                                        ⋯ ⋯
                                        (@RingHom.id Real
                                          (@Semiring.toNonAssocSemiring Real
                                            (@DivisionSemiring.toSemiring Real
                                              (@Semifield.toDivisionSemiring Real
                                                (@Field.toSemifield Real
                                                  (@NormedField.toField Real
                                                    (@NontriviallyNormedField.toNormedField Real
                                                      (@DenselyNormedField.toNontriviallyNormedField Real
                                                        Real.denselyNormedField))))))))
                                        ⋯))
                                    E
                                    (fun x =>
                                      @ContinuousLinearMap Real Real
                                        (@DivisionSemiring.toSemiring Real
                                          (@Semifield.toDivisionSemiring Real
                                            (@Field.toSemifield Real
                                              (@NormedField.toField Real
                                                (@NontriviallyNormedField.toNormedField Real
                                                  (@DenselyNormedField.toNontriviallyNormedField Real
                                                    Real.denselyNormedField))))))
                                        (@DivisionSemiring.toSemiring Real
                                          (@Semifield.toDivisionSemiring Real
                                            (@Field.toSemifield Real
                                              (@NormedField.toField Real
                                                (@NontriviallyNormedField.toNormedField Real
                                                  (@DenselyNormedField.toNontriviallyNormedField Real
                                                    Real.denselyNormedField))))))
                                        (@RingHom.id Real
                                          (@Semiring.toNonAssocSemiring Real
                                            (@DivisionSemiring.toSemiring Real
                                              (@Semifield.toDivisionSemiring Real
                                                (@Field.toSemifield Real
                                                  (@NormedField.toField Real
                                                    (@NontriviallyNormedField.toNormedField Real
                                                      (@DenselyNormedField.toNontriviallyNormedField Real
                                                        Real.denselyNormedField))))))))
                                        E
                                        (@UniformSpace.toTopologicalSpace E
                                          (@PseudoMetricSpace.toUniformSpace E
                                            (@SeminormedAddCommGroup.toPseudoMetricSpace E
                                              (@NormedAddCommGroup.toSeminormedAddCommGroup E inst))))
                                        (@AddCommGroup.toAddCommMonoid E (@NormedAddCommGroup.toAddCommGroup E inst))
                                        Real
                                        (@UniformSpace.toTopologicalSpace Real
                                          (@PseudoMetricSpace.toUniformSpace Real Real.pseudoMetricSpace))
                                        (@AddCommGroup.toAddCommMonoid Real Real.instAddCommGroup)
                                        (@NormedSpace.toModule Real E Real.normedField
                                          (@NormedAddCommGroup.toSeminormedAddCommGroup E inst)
                                          (@InnerProductSpace.toNormedSpace Real E Real.instRCLike
                                            (@NormedAddCommGroup.toSeminormedAddCommGroup E inst) inst_1))
                                        (@Semiring.toModule Real
                                          (@DivisionSemiring.toSemiring Real
                                            (@Semifield.toDivisionSemiring Real
                                              (@Field.toSemifield Real
                                                (@NormedField.toField Real
                                                  (@NontriviallyNormedField.toNormedField Real
                                                    (@DenselyNormedField.toNontriviallyNormedField Real
                                                      Real.denselyNormedField))))))))
                                    (@ContinuousLinearMap.funLike Real Real
                                      (@DivisionSemiring.toSemiring Real
                                        (@Semifield.toDivisionSemiring Real
                                          (@Field.toSemifield Real
                                            (@NormedField.toField Real
                                              (@NontriviallyNormedField.toNormedField Real
                                                (@DenselyNormedField.toNontriviallyNormedField Real
                                                  Real.denselyNormedField))))))
                                      (@DivisionSemiring.toSemiring Real
                                        (@Semifield.toDivisionSemiring Real
                                          (@Field.toSemifield Real
                                            (@NormedField.toField Real
                                              (@NontriviallyNormedField.toNormedField Real
                                                (@DenselyNormedField.toNontriviallyNormedField Real
                                                  Real.denselyNormedField))))))
                                      (@RingHom.id Real
                                        (@Semiring.toNonAssocSemiring Real
                                          (@DivisionSemiring.toSemiring Real
                                            (@Semifield.toDivisionSemiring Real
                                              (@Field.toSemifield Real
                                                (@NormedField.toField Real
                                                  (@NontriviallyNormedField.toNormedField Real
                                                    (@DenselyNormedField.toNontriviallyNormedField Real
                                                      Real.denselyNormedField))))))))
                                      E
                                      (@UniformSpace.toTopologicalSpace E
                                        (@PseudoMetricSpace.toUniformSpace E
                                          (@SeminormedAddCommGroup.toPseudoMetricSpace E
                                            (@NormedAddCommGroup.toSeminormedAddCommGroup E inst))))
                                      (@AddCommGroup.toAddCommMonoid E (@NormedAddCommGroup.toAddCommGroup E inst))
                                      (@ContinuousLinearMap Real Real
                                        (@DivisionSemiring.toSemiring Real
                                          (@Semifield.toDivisionSemiring Real
                                            (@Field.toSemifield Real
                                              (@NormedField.toField Real
                                                (@NontriviallyNormedField.toNormedField Real
                                                  (@DenselyNormedField.toNontriviallyNormedField Real
                                                    Real.denselyNormedField))))))
                                        (@DivisionSemiring.toSemiring Real
                                          (@Semifield.toDivisionSemiring Real
                                            (@Field.toSemifield Real
                                              (@NormedField.toField Real
                                                (@NontriviallyNormedField.toNormedField Real
                                                  (@DenselyNormedField.toNontriviallyNormedField Real
                                                    Real.denselyNormedField))))))
                                        (@RingHom.id Real
                                          (@Semiring.toNonAssocSemiring Real
                                            (@DivisionSemiring.toSemiring Real
                                              (@Semifield.toDivisionSemiring Real
                                                (@Field.toSemifield Real
                                                  (@NormedField.toField Real
                                                    (@NontriviallyNormedField.toNormedField Real
                                                      (@DenselyNormedField.toNontriviallyNormedField Real
                                                        Real.denselyNormedField))))))))
                                        E
                                        (@UniformSpace.toTopologicalSpace E
                                          (@PseudoMetricSpace.toUniformSpace E
                                            (@SeminormedAddCommGroup.toPseudoMetricSpace E
                                              (@NormedAddCommGroup.toSeminormedAddCommGroup E inst))))
                                        (@AddCommGroup.toAddCommMonoid E (@NormedAddCommGroup.toAddCommGroup E inst))
                                        Real
                                        (@UniformSpace.toTopologicalSpace Real
                                          (@PseudoMetricSpace.toUniformSpace Real Real.pseudoMetricSpace))
                                        (@AddCommGroup.toAddCommMonoid Real Real.instAddCommGroup)
                                        (@NormedSpace.toModule Real E Real.normedField
                                          (@NormedAddCommGroup.toSeminormedAddCommGroup E inst)
                                          (@InnerProductSpace.toNormedSpace Real E Real.instRCLike
                                            (@NormedAddCommGroup.toSeminormedAddCommGroup E inst) inst_1))
                                        (@Semiring.toModule Real
                                          (@DivisionSemiring.toSemiring Real
                                            (@Semifield.toDivisionSemiring Real
                                              (@Field.toSemifield Real
                                                (@NormedField.toField Real
                                                  (@NontriviallyNormedField.toNormedField Real
                                                    (@DenselyNormedField.toNontriviallyNormedField Real
                                                      Real.denselyNormedField))))))))
                                      (@ContinuousLinearMap.topologicalSpace Real Real Real.normedField Real.normedField
                                        (@RingHom.id Real
                                          (@Semiring.toNonAssocSemiring Real
                                            (@DivisionSemiring.toSemiring Real
                                              (@Semifield.toDivisionSemiring Real
                                                (@Field.toSemifield Real
                                                  (@NormedField.toField Real
                                                    (@NontriviallyNormedField.toNormedField Real
                                                      (@DenselyNormedField.toNontriviallyNormedField Real
                                                        Real.denselyNormedField))))))))
                                        E Real (@NormedAddCommGroup.toAddCommGroup E inst)
                                        (@NormedSpace.toModule Real E Real.normedField
                                          (@NormedAddCommGroup.toSeminormedAddCommGroup E inst)
                                          (@InnerProductSpace.toNormedSpace Real E Real.instRCLike
                                            (@NormedAddCommGroup.toSeminormedAddCommGroup E inst) inst_1))
                                        Real.instAddCommGroup
                                        (@Semiring.toModule Real
                                          (@DivisionSemiring.toSemiring Real
                                            (@Semifield.toDivisionSemiring Real
                                              (@Field.toSemifield Real
                                                (@NormedField.toField Real
                                                  (@NontriviallyNormedField.toNormedField Real
                                                    (@DenselyNormedField.toNontriviallyNormedField Real
                                                      Real.denselyNormedField)))))))
                                        (@UniformSpace.toTopologicalSpace E
                                          (@PseudoMetricSpace.toUniformSpace E
                                            (@SeminormedAddCommGroup.toPseudoMetricSpace E
                                              (@NormedAddCommGroup.toSeminormedAddCommGroup E inst))))
                                        (@UniformSpace.toTopologicalSpace Real
                                          (@PseudoMetricSpace.toUniformSpace Real Real.pseudoMetricSpace))
                                        instIsTopologicalAddGroupReal)
                                      (@AddCommGroup.toAddCommMonoid
                                        (@ContinuousLinearMap Real Real
                                          (@DivisionSemiring.toSemiring Real
                                            (@Semifield.toDivisionSemiring Real
                                              (@Field.toSemifield Real
                                                (@NormedField.toField Real
                                                  (@NontriviallyNormedField.toNormedField Real
                                                    (@DenselyNormedField.toNontriviallyNormedField Real
                                                      Real.denselyNormedField))))))
                                          (@DivisionSemiring.toSemiring Real
                                            (@Semifield.toDivisionSemiring Real
                                              (@Field.toSemifield Real
                                                (@NormedField.toField Real
                                                  (@NontriviallyNormedField.toNormedField Real
                                                    (@DenselyNormedField.toNontriviallyNormedField Real
                                                      Real.denselyNormedField))))))
                                          (@RingHom.id Real
                                            (@Semiring.toNonAssocSemiring Real
                                              (@DivisionSemiring.toSemiring Real
                                                (@Semifield.toDivisionSemiring Real
                                                  (@Field.toSemifield Real
                                                    (@NormedField.toField Real
                                                      (@NontriviallyNormedField.toNormedField Real
                                                        (@DenselyNormedField.toNontriviallyNormedField Real
                                                          Real.denselyNormedField))))))))
                                          E
                                          (@UniformSpace.toTopologicalSpace E
                                            (@PseudoMetricSpace.toUniformSpace E
                                              (@SeminormedAddCommGroup.toPseudoMetricSpace E
                                                (@NormedAddCommGroup.toSeminormedAddCommGroup E inst))))
                                          (@AddCommGroup.toAddCommMonoid E (@NormedAddCommGroup.toAddCommGroup E inst))
                                          Real
                                          (@UniformSpace.toTopologicalSpace Real
                                            (@PseudoMetricSpace.toUniformSpace Real Real.pseudoMetricSpace))
                                          (@AddCommGroup.toAddCommMonoid Real Real.instAddCommGroup)
                                          (@NormedSpace.toModule Real E Real.normedField
                                            (@NormedAddCommGroup.toSeminormedAddCommGroup E inst)
                                            (@InnerProductSpace.toNormedSpace Real E Real.instRCLike
                                              (@NormedAddCommGroup.toSeminormedAddCommGroup E inst) inst_1))
                                          (@Semiring.toModule Real
                                            (@DivisionSemiring.toSemiring Real
                                              (@Semifield.toDivisionSemiring Real
                                                (@Field.toSemifield Real
                                                  (@NormedField.toField Real
                                                    (@NontriviallyNormedField.toNormedField Real
                                                      (@DenselyNormedField.toNontriviallyNormedField Real
                                                        Real.denselyNormedField))))))))
                                        (@ContinuousLinearMap.addCommGroup Real Real.instRing Real Real.instRing E
                                          (@UniformSpace.toTopologicalSpace E
                                            (@PseudoMetricSpace.toUniformSpace E
                                              (@SeminormedAddCommGroup.toPseudoMetricSpace E
                                                (@NormedAddCommGroup.toSeminormedAddCommGroup E inst))))
                                          (@NormedAddCommGroup.toAddCommGroup E inst) Real
                                          (@UniformSpace.toTopologicalSpace Real
                                            (@PseudoMetricSpace.toUniformSpace Real Real.pseudoMetricSpace))
                                          Real.instAddCommGroup
                                          (@NormedSpace.toModule Real E Real.normedField
                                            (@NormedAddCommGroup.toSeminormedAddCommGroup E inst)
                                            (@InnerProductSpace.toNormedSpace Real E Real.instRCLike
                                              (@NormedAddCommGroup.toSeminormedAddCommGroup E inst) inst_1))
                                          (@Semiring.toModule Real
                                            (@DivisionSemiring.toSemiring Real
                                              (@Semifield.toDivisionSemiring Real
                                                (@Field.toSemifield Real
                                                  (@NormedField.toField Real
                                                    (@NontriviallyNormedField.toNormedField Real
                                                      (@DenselyNormedField.toNontriviallyNormedField Real
                                                        Real.denselyNormedField)))))))
                                          (@RingHom.id Real
                                            (@Semiring.toNonAssocSemiring Real
                                              (@DivisionSemiring.toSemiring Real
                                                (@Semifield.toDivisionSemiring Real
                                                  (@Field.toSemifield Real
                                                    (@NormedField.toField Real
                                                      (@NontriviallyNormedField.toNormedField Real
                                                        (@DenselyNormedField.toNontriviallyNormedField Real
                                                          Real.denselyNormedField))))))))
                                          instIsTopologicalAddGroupReal))
                                      (@NormedSpace.toModule Real E Real.normedField
                                        (@NormedAddCommGroup.toSeminormedAddCommGroup E inst)
                                        (@InnerProductSpace.toNormedSpace Real E Real.instRCLike
                                          (@NormedAddCommGroup.toSeminormedAddCommGroup E inst) inst_1))
                                      (@ContinuousLinearMap.module Real Real Real
                                        (@DivisionSemiring.toSemiring Real
                                          (@Semifield.toDivisionSemiring Real
                                            (@Field.toSemifield Real
                                              (@NormedField.toField Real
                                                (@NontriviallyNormedField.toNormedField Real
                                                  (@DenselyNormedField.toNontriviallyNormedField Real
                                                    Real.denselyNormedField))))))
                                        (@DivisionSemiring.toSemiring Real
                                          (@Semifield.toDivisionSemiring Real
                                            (@Field.toSemifield Real
                                              (@NormedField.toField Real
                                                (@NontriviallyNormedField.toNormedField Real
                                                  (@DenselyNormedField.toNontriviallyNormedField Real
                                                    Real.denselyNormedField))))))
                                        (@DivisionSemiring.toSemiring Real
                                          (@Semifield.toDivisionSemiring Real
                                            (@Field.toSemifield Real
                                              (@NormedField.toField Real
                                                (@NontriviallyNormedField.toNormedField Real
                                                  (@DenselyNormedField.toNontriviallyNormedField Real
                                                    Real.denselyNormedField))))))
                                        E
                                        (@UniformSpace.toTopologicalSpace E
                                          (@PseudoMetricSpace.toUniformSpace E
                                            (@SeminormedAddCommGroup.toPseudoMetricSpace E
                                              (@NormedAddCommGroup.toSeminormedAddCommGroup E inst))))
                                        (@AddCommGroup.toAddCommMonoid E (@NormedAddCommGroup.toAddCommGroup E inst))
                                        (@NormedSpace.toModule Real E Real.normedField
                                          (@NormedAddCommGroup.toSeminormedAddCommGroup E inst)
                                          (@InnerProductSpace.toNormedSpace Real E Real.instRCLike
                                            (@NormedAddCommGroup.toSeminormedAddCommGroup E inst) inst_1))
                                        Real
                                        (@UniformSpace.toTopologicalSpace Real
                                          (@PseudoMetricSpace.toUniformSpace Real Real.pseudoMetricSpace))
                                        (@AddCommGroup.toAddCommMonoid Real Real.instAddCommGroup)
                                        (@Semiring.toModule Real
                                          (@DivisionSemiring.toSemiring Real
                                            (@Semifield.toDivisionSemiring Real
                                              (@Field.toSemifield Real
                                                (@NormedField.toField Real
                                                  (@NontriviallyNormedField.toNormedField Real
                                                    (@DenselyNormedField.toNontriviallyNormedField Real
                                                      Real.denselyNormedField)))))))
                                        (@Semiring.toModule Real
                                          (@DivisionSemiring.toSemiring Real
                                            (@Semifield.toDivisionSemiring Real
                                              (@Field.toSemifield Real
                                                (@NormedField.toField Real
                                                  (@NontriviallyNormedField.toNormedField Real
                                                    (@DenselyNormedField.toNontriviallyNormedField Real
                                                      Real.denselyNormedField)))))))
                                        ⋯ ⋯
                                        (@RingHom.id Real
                                          (@Semiring.toNonAssocSemiring Real
                                            (@DivisionSemiring.toSemiring Real
                                              (@Semifield.toDivisionSemiring Real
                                                (@Field.toSemifield Real
                                                  (@NormedField.toField Real
                                                    (@NontriviallyNormedField.toNormedField Real
                                                      (@DenselyNormedField.toNontriviallyNormedField Real
                                                        Real.denselyNormedField))))))))
                                        ⋯))
                                    (@fderiv Real
                                      (@DenselyNormedField.toNontriviallyNormedField Real Real.denselyNormedField) E
                                      (@NormedAddCommGroup.toAddCommGroup E inst)
                                      (@NormedSpace.toModule Real E Real.normedField
                                        (@NormedAddCommGroup.toSeminormedAddCommGroup E inst)
                                        (@InnerProductSpace.toNormedSpace Real E Real.instRCLike
                                          (@NormedAddCommGroup.toSeminormedAddCommGroup E inst) inst_1))
                                      (@UniformSpace.toTopologicalSpace E
                                        (@PseudoMetricSpace.toUniformSpace E
                                          (@SeminormedAddCommGroup.toPseudoMetricSpace E
                                            (@NormedAddCommGroup.toSeminormedAddCommGroup E inst))))
                                      (@ContinuousLinearMap Real Real
                                        (@DivisionSemiring.toSemiring Real
                                          (@Semifield.toDivisionSemiring Real
                                            (@Field.toSemifield Real
                                              (@NormedField.toField Real
                                                (@NontriviallyNormedField.toNormedField Real
                                                  (@DenselyNormedField.toNontriviallyNormedField Real
                                                    Real.denselyNormedField))))))
                                        (@DivisionSemiring.toSemiring Real
                                          (@Semifield.toDivisionSemiring Real
                                            (@Field.toSemifield Real
                                              (@NormedField.toField Real
                                                (@NontriviallyNormedField.toNormedField Real
                                                  (@DenselyNormedField.toNontriviallyNormedField Real
                                                    Real.denselyNormedField))))))
                                        (@RingHom.id Real
                                          (@Semiring.toNonAssocSemiring Real
                                            (@DivisionSemiring.toSemiring Real
                                              (@Semifield.toDivisionSemiring Real
                                                (@Field.toSemifield Real
                                                  (@NormedField.toField Real
                                                    (@NontriviallyNormedField.toNormedField Real
                                                      (@DenselyNormedField.toNontriviallyNormedField Real
                                                        Real.denselyNormedField))))))))
                                        E
                                        (@UniformSpace.toTopologicalSpace E
                                          (@PseudoMetricSpace.toUniformSpace E
                                            (@SeminormedAddCommGroup.toPseudoMetricSpace E
                                              (@NormedAddCommGroup.toSeminormedAddCommGroup E inst))))
                                        (@AddCommGroup.toAddCommMonoid E (@NormedAddCommGroup.toAddCommGroup E inst))
                                        Real
                                        (@UniformSpace.toTopologicalSpace Real
                                          (@PseudoMetricSpace.toUniformSpace Real Real.pseudoMetricSpace))
                                        (@AddCommGroup.toAddCommMonoid Real Real.instAddCommGroup)
                                        (@NormedSpace.toModule Real E Real.normedField
                                          (@NormedAddCommGroup.toSeminormedAddCommGroup E inst)
                                          (@InnerProductSpace.toNormedSpace Real E Real.instRCLike
                                            (@NormedAddCommGroup.toSeminormedAddCommGroup E inst) inst_1))
                                        (@Semiring.toModule Real
                                          (@DivisionSemiring.toSemiring Real
                                            (@Semifield.toDivisionSemiring Real
                                              (@Field.toSemifield Real
                                                (@NormedField.toField Real
                                                  (@NontriviallyNormedField.toNormedField Real
                                                    (@DenselyNormedField.toNontriviallyNormedField Real
                                                      Real.denselyNormedField))))))))
                                      (@ContinuousLinearMap.addCommGroup Real Real.instRing Real Real.instRing E
                                        (@UniformSpace.toTopologicalSpace E
                                          (@PseudoMetricSpace.toUniformSpace E
                                            (@SeminormedAddCommGroup.toPseudoMetricSpace E
                                              (@NormedAddCommGroup.toSeminormedAddCommGroup E inst))))
                                        (@NormedAddCommGroup.toAddCommGroup E inst) Real
                                        (@UniformSpace.toTopologicalSpace Real
                                          (@PseudoMetricSpace.toUniformSpace Real Real.pseudoMetricSpace))
                                        Real.instAddCommGroup
                                        (@NormedSpace.toModule Real E Real.normedField
                                          (@NormedAddCommGroup.toSeminormedAddCommGroup E inst)
                                          (@InnerProductSpace.toNormedSpace Real E Real.instRCLike
                                            (@NormedAddCommGroup.toSeminormedAddCommGroup E inst) inst_1))
                                        (@Semiring.toModule Real
                                          (@DivisionSemiring.toSemiring Real
                                            (@Semifield.toDivisionSemiring Real
                                              (@Field.toSemifield Real
                                                (@NormedField.toField Real
                                                  (@NontriviallyNormedField.toNormedField Real
                                                    (@DenselyNormedField.toNontriviallyNormedField Real
                                                      Real.denselyNormedField)))))))
                                        (@RingHom.id Real
                                          (@Semiring.toNonAssocSemiring Real
                                            (@DivisionSemiring.toSemiring Real
                                              (@Semifield.toDivisionSemiring Real
                                                (@Field.toSemifield Real
                                                  (@NormedField.toField Real
                                                    (@NontriviallyNormedField.toNormedField Real
                                                      (@DenselyNormedField.toNontriviallyNormedField Real
                                                        Real.denselyNormedField))))))))
                                        instIsTopologicalAddGroupReal)
                                      (@ContinuousLinearMap.module Real Real Real
                                        (@DivisionSemiring.toSemiring Real
                                          (@Semifield.toDivisionSemiring Real
                                            (@Field.toSemifield Real
                                              (@NormedField.toField Real
                                                (@NontriviallyNormedField.toNormedField Real
                                                  (@DenselyNormedField.toNontriviallyNormedField Real
                                                    Real.denselyNormedField))))))
                                        (@DivisionSemiring.toSemiring Real
                                          (@Semifield.toDivisionSemiring Real
                                            (@Field.toSemifield Real
                                              (@NormedField.toField Real
                                                (@NontriviallyNormedField.toNormedField Real
                                                  (@DenselyNormedField.toNontriviallyNormedField Real
                                                    Real.denselyNormedField))))))
                                        (@DivisionSemiring.toSemiring Real
                                          (@Semifield.toDivisionSemiring Real
                                            (@Field.toSemifield Real
                                              (@NormedField.toField Real
                                                (@NontriviallyNormedField.toNormedField Real
                                                  (@DenselyNormedField.toNontriviallyNormedField Real
                                                    Real.denselyNormedField))))))
                                        E
                                        (@UniformSpace.toTopologicalSpace E
                                          (@PseudoMetricSpace.toUniformSpace E
                                            (@SeminormedAddCommGroup.toPseudoMetricSpace E
                                              (@NormedAddCommGroup.toSeminormedAddCommGroup E inst))))
                                        (@AddCommGroup.toAddCommMonoid E (@NormedAddCommGroup.toAddCommGroup E inst))
                                        (@NormedSpace.toModule Real E Real.normedField
                                          (@NormedAddCommGroup.toSeminormedAddCommGroup E inst)
                                          (@InnerProductSpace.toNormedSpace Real E Real.instRCLike
                                            (@NormedAddCommGroup.toSeminormedAddCommGroup E inst) inst_1))
                                        Real
                                        (@UniformSpace.toTopologicalSpace Real
                                          (@PseudoMetricSpace.toUniformSpace Real Real.pseudoMetricSpace))
                                        (@AddCommGroup.toAddCommMonoid Real Real.instAddCommGroup)
                                        (@Semiring.toModule Real
                                          (@DivisionSemiring.toSemiring Real
                                            (@Semifield.toDivisionSemiring Real
                                              (@Field.toSemifield Real
                                                (@NormedField.toField Real
                                                  (@NontriviallyNormedField.toNormedField Real
                                                    (@DenselyNormedField.toNontriviallyNormedField Real
                                                      Real.denselyNormedField)))))))
                                        (@Semiring.toModule Real
                                          (@DivisionSemiring.toSemiring Real
                                            (@Semifield.toDivisionSemiring Real
                                              (@Field.toSemifield Real
                                                (@NormedField.toField Real
                                                  (@NontriviallyNormedField.toNormedField Real
                                                    (@DenselyNormedField.toNontriviallyNormedField Real
                                                      Real.denselyNormedField)))))))
                                        ⋯ ⋯
                                        (@RingHom.id Real
                                          (@Semiring.toNonAssocSemiring Real
                                            (@DivisionSemiring.toSemiring Real
                                              (@Semifield.toDivisionSemiring Real
                                                (@Field.toSemifield Real
                                                  (@NormedField.toField Real
                                                    (@NontriviallyNormedField.toNormedField Real
                                                      (@DenselyNormedField.toNontriviallyNormedField Real
                                                        Real.denselyNormedField))))))))
                                        ⋯)
                                      (@ContinuousLinearMap.topologicalSpace Real Real Real.normedField Real.normedField
                                        (@RingHom.id Real
                                          (@Semiring.toNonAssocSemiring Real
                                            (@DivisionSemiring.toSemiring Real
                                              (@Semifield.toDivisionSemiring Real
                                                (@Field.toSemifield Real
                                                  (@NormedField.toField Real
                                                    (@NontriviallyNormedField.toNormedField Real
                                                      (@DenselyNormedField.toNontriviallyNormedField Real
                                                        Real.denselyNormedField))))))))
                                        E Real (@NormedAddCommGroup.toAddCommGroup E inst)
                                        (@NormedSpace.toModule Real E Real.normedField
                                          (@NormedAddCommGroup.toSeminormedAddCommGroup E inst)
                                          (@InnerProductSpace.toNormedSpace Real E Real.instRCLike
                                            (@NormedAddCommGroup.toSeminormedAddCommGroup E inst) inst_1))
                                        Real.instAddCommGroup
                                        (@Semiring.toModule Real
                                          (@DivisionSemiring.toSemiring Real
                                            (@Semifield.toDivisionSemiring Real
                                              (@Field.toSemifield Real
                                                (@NormedField.toField Real
                                                  (@NontriviallyNormedField.toNormedField Real
                                                    (@DenselyNormedField.toNontriviallyNormedField Real
                                                      Real.denselyNormedField)))))))
                                        (@UniformSpace.toTopologicalSpace E
                                          (@PseudoMetricSpace.toUniformSpace E
                                            (@SeminormedAddCommGroup.toPseudoMetricSpace E
                                              (@NormedAddCommGroup.toSeminormedAddCommGroup E inst))))
                                        (@UniformSpace.toTopologicalSpace Real
                                          (@PseudoMetricSpace.toUniformSpace Real Real.pseudoMetricSpace))
                                        instIsTopologicalAddGroupReal)
                                      (@fderiv Real
                                        (@DenselyNormedField.toNontriviallyNormedField Real Real.denselyNormedField) E
                                        (@NormedAddCommGroup.toAddCommGroup E inst)
                                        (@NormedSpace.toModule Real E Real.normedField
                                          (@NormedAddCommGroup.toSeminormedAddCommGroup E inst)
                                          (@InnerProductSpace.toNormedSpace Real E Real.instRCLike
                                            (@NormedAddCommGroup.toSeminormedAddCommGroup E inst) inst_1))
                                        (@UniformSpace.toTopologicalSpace E
                                          (@PseudoMetricSpace.toUniformSpace E
                                            (@SeminormedAddCommGroup.toPseudoMetricSpace E
                                              (@NormedAddCommGroup.toSeminormedAddCommGroup E inst))))
                                        Real Real.instAddCommGroup
                                        (@Semiring.toModule Real
                                          (@DivisionSemiring.toSemiring Real
                                            (@Semifield.toDivisionSemiring Real
                                              (@Field.toSemifield Real
                                                (@NormedField.toField Real
                                                  (@NontriviallyNormedField.toNormedField Real
                                                    (@DenselyNormedField.toNontriviallyNormedField Real
                                                      Real.denselyNormedField)))))))
                                        (@UniformSpace.toTopologicalSpace Real
                                          (@PseudoMetricSpace.toUniformSpace Real Real.pseudoMetricSpace))
                                        V)
                                      x)
                                    v)
                                  v)
                                (@HMul.hMul Real Real Real (@instHMul Real Real.instMul) (↑β)
                                  (@HPow.hPow Real Nat Real
                                    (@instHPow Real Nat (@NPow.toPow Real (@Monoid.toNPow Real Real.instMonoid)))
                                    (@norm E (@NormedAddCommGroup.toNorm E inst) v)
                                    (@OfNat.ofNat Nat (nat_lit 2) (instOfNatNat (nat_lit 2))))))) →
                          @LT.lt Real Real.instLT (@OfNat.ofNat Real (nat_lit 0) (@Zero.toOfNat0 Real Real.instZero))
                              η →
                            @LE.le Real Real.instLE (@HMul.hMul Real Real Real (@instHMul Real Real.instMul) (↑β) η)
                                (@OfNat.ofNat Real (nat_lit 1) (@One.toOfNat1 Real Real.instOne)) →
                              Prop :=
fun {E} [inst : ⋯] [inst_1 : ⋯] [inst_2 : ⋯] [inst_3 : ⋯] [inst_4 : ⋯] {V} {α β} {η} hα hαβ hV hH hη hβη =>
  let μ :=
    @Measure.tilted E
      (@MeasureSpace.toMeasurableSpace E (@measureSpaceOfInnerProductSpace E inst inst_1 inst_2 inst_3 inst_4))
      (@volume E (@measureSpaceOfInnerProductSpace E inst inst_1 inst_2 inst_3 inst_4)) fun x =>
      @Neg.neg Real Real.instNeg (V x);
  let J :=
    @Measure.map (Prod E E) (Prod E E)
      (@Prod.instMeasurableSpace E E
        (@MeasureSpace.toMeasurableSpace E (@measureSpaceOfInnerProductSpace E inst inst_1 inst_2 inst_3 inst_4))
        inst_3)
      (@Prod.instMeasurableSpace E E inst_3 inst_3)
      (fun p =>
        @Prod.mk E E (@Prod.fst E E p)
          (@HAdd.hAdd E E E
            (@instHAdd E
              (@AddCommMagma.toAdd E
                (@AddCommSemigroup.toAddCommMagma E
                  (@AddCommMonoid.toAddCommSemigroup E
                    (@AddCommGroup.toAddCommMonoid E (@NormedAddCommGroup.toAddCommGroup E inst))))))
            (@Prod.fst E E p)
            (@HSMul.hSMul Real E E
              (@instHSMul Real E
                (@SMulZeroClass.toSMul Real E
                  (@AddZero.toZero E
                    (@AddZeroClass.toAddZero E
                      (@AddMonoid.toAddZeroClass E
                        (@SubNegMonoid.toAddMonoid E
                          (@AddGroup.toSubNegMonoid E
                            (@AddCommGroup.toAddGroup E (@NormedAddCommGroup.toAddCommGroup E inst)))))))
                  (@DistribSMul.toSMulZeroClass Real E
                    (@AddMonoid.toAddZeroClass E
                      (@SubNegMonoid.toAddMonoid E
                        (@AddGroup.toSubNegMonoid E
                          (@AddCommGroup.toAddGroup E (@NormedAddCommGroup.toAddCommGroup E inst)))))
                    (@DistribMulAction.toDistribSMul Real E Real.instMonoid
                      (@SubNegMonoid.toAddMonoid E
                        (@AddGroup.toSubNegMonoid E
                          (@AddCommGroup.toAddGroup E (@NormedAddCommGroup.toAddCommGroup E inst))))
                      (@Module.toDistribMulAction Real E Real.semiring
                        (@AddCommGroup.toAddCommMonoid E (@NormedAddCommGroup.toAddCommGroup E inst))
                        (@NormedSpace.toModule Real E Real.normedField
                          (@NormedAddCommGroup.toSeminormedAddCommGroup E inst)
                          (@InnerProductSpace.toNormedSpace Real E Real.instRCLike
                            (@NormedAddCommGroup.toSeminormedAddCommGroup E inst) inst_1)))))))
              η.sqrt (@Prod.snd E E p))))
      (@Measure.prod E E
        (@MeasureSpace.toMeasurableSpace E (@measureSpaceOfInnerProductSpace E inst inst_1 inst_2 inst_3 inst_4)) inst_3
        μ (@stdGaussian E inst inst_1 inst_2 inst_3));
  let ν := @Measure.snd E E inst_3 inst_3 J;
  ∃ T,
    And
      (@IsSelfAdjoint
        (@ContinuousLinearMap Real Real Real.semiring Real.semiring
          (@RingHom.id Real (@Semiring.toNonAssocSemiring Real Real.semiring))
          (↥(@Lp E Real inst_3 Real.normedAddCommGroup
              (@OfNat.ofNat ENNReal (nat_lit 2)
                (@instOfNatAtLeastTwo ENNReal (nat_lit 2)
                  (@AddMonoidWithOne.toNatCast ENNReal
                    (@AddCommMonoidWithOne.toAddMonoidWithOne ENNReal ENNReal.instAddCommMonoidWithOne))
                  original_signature0._proof_1))
              ν))
          (@UniformSpace.toTopologicalSpace
            (↥(@Lp E Real inst_3 Real.normedAddCommGroup
                (@OfNat.ofNat ENNReal (nat_lit 2)
                  (@instOfNatAtLeastTwo ENNReal (nat_lit 2)
                    (@AddMonoidWithOne.toNatCast ENNReal
                      (@AddCommMonoidWithOne.toAddMonoidWithOne ENNReal ENNReal.instAddCommMonoidWithOne))
                    original_signature0._proof_1))
                ν))
            (@PseudoMetricSpace.toUniformSpace
              (↥(@Lp E Real inst_3 Real.normedAddCommGroup
                  (@OfNat.ofNat ENNReal (nat_lit 2)
                    (@instOfNatAtLeastTwo ENNReal (nat_lit 2)
                      (@AddMonoidWithOne.toNatCast ENNReal
                        (@AddCommMonoidWithOne.toAddMonoidWithOne ENNReal ENNReal.instAddCommMonoidWithOne))
                      original_signature0._proof_1))
                  ν))
              (@SeminormedAddCommGroup.toPseudoMetricSpace
                (↥(@Lp E Real inst_3 Real.normedAddCommGroup
                    (@OfNat.ofNat ENNReal (nat_lit 2)
                      (@instOfNatAtLeastTwo ENNReal (nat_lit 2)
                        (@AddMonoidWithOne.toNatCast ENNReal
                          (@AddCommMonoidWithOne.toAddMonoidWithOne ENNReal ENNReal.instAddCommMonoidWithOne))
                        original_signature0._proof_1))
                    ν))
                (@NormedAddCommGroup.toSeminormedAddCommGroup
                  (↥(@Lp E Real inst_3 Real.normedAddCommGroup
                      (@OfNat.ofNat ENNReal (nat_lit 2)
                        (@instOfNatAtLeastTwo ENNReal (nat_lit 2)
                          (@AddMonoidWithOne.toNatCast ENNReal
                            (@AddCommMonoidWithOne.toAddMonoidWithOne ENNReal ENNReal.instAddCommMonoidWithOne))
                          original_signature0._proof_1))
                      ν))
                  (@Lp.instNormedAddCommGroup E Real inst_3
                    (@OfNat.ofNat ENNReal (nat_lit 2)
                      (@instOfNatAtLeastTwo ENNReal (nat_lit 2)
                        (@AddMonoidWithOne.toNatCast ENNReal
                          (@AddCommMonoidWithOne.toAddMonoidWithOne ENNReal ENNReal.instAddCommMonoidWithOne))
                        original_signature0._proof_1))
                    ν Real.normedAddCommGroup fact_one_le_two_ennreal)))))
          (@AddCommGroup.toAddCommMonoid
            (↥(@Lp E Real inst_3 Real.normedAddCommGroup
                (@OfNat.ofNat ENNReal (nat_lit 2)
                  (@instOfNatAtLeastTwo ENNReal (nat_lit 2)
                    (@AddMonoidWithOne.toNatCast ENNReal
                      (@AddCommMonoidWithOne.toAddMonoidWithOne ENNReal ENNReal.instAddCommMonoidWithOne))
                    original_signature0._proof_1))
                ν))
            (@Lp.instAddCommGroup E Real inst_3
              (@OfNat.ofNat ENNReal (nat_lit 2)
                (@instOfNatAtLeastTwo ENNReal (nat_lit 2)
                  (@AddMonoidWithOne.toNatCast ENNReal
                    (@AddCommMonoidWithOne.toAddMonoidWithOne ENNReal ENNReal.instAddCommMonoidWithOne))
                  original_signature0._proof_1))
              ν Real.normedAddCommGroup))
          (↥(@Lp E Real inst_3 Real.normedAddCommGroup
              (@OfNat.ofNat ENNReal (nat_lit 2)
                (@instOfNatAtLeastTwo ENNReal (nat_lit 2)
                  (@AddMonoidWithOne.toNatCast ENNReal
                    (@AddCommMonoidWithOne.toAddMonoidWithOne ENNReal ENNReal.instAddCommMonoidWithOne))
                  original_signature0._proof_1))
              ν))
          (@UniformSpace.toTopologicalSpace
            (↥(@Lp E Real inst_3 Real.normedAddCommGroup
                (@OfNat.ofNat ENNReal (nat_lit 2)
                  (@instOfNatAtLeastTwo ENNReal (nat_lit 2)
                    (@AddMonoidWithOne.toNatCast ENNReal
                      (@AddCommMonoidWithOne.toAddMonoidWithOne ENNReal ENNReal.instAddCommMonoidWithOne))
                    original_signature0._proof_1))
                ν))
            (@PseudoMetricSpace.toUniformSpace
              (↥(@Lp E Real inst_3 Real.normedAddCommGroup
                  (@OfNat.ofNat ENNReal (nat_lit 2)
                    (@instOfNatAtLeastTwo ENNReal (nat_lit 2)
                      (@AddMonoidWithOne.toNatCast ENNReal
                        (@AddCommMonoidWithOne.toAddMonoidWithOne ENNReal ENNReal.instAddCommMonoidWithOne))
                      original_signature0._proof_1))
                  ν))
              (@SeminormedAddCommGroup.toPseudoMetricSpace
                (↥(@Lp E Real inst_3 Real.normedAddCommGroup
                    (@OfNat.ofNat ENNReal (nat_lit 2)
                      (@instOfNatAtLeastTwo ENNReal (nat_lit 2)
                        (@AddMonoidWithOne.toNatCast ENNReal
                          (@AddCommMonoidWithOne.toAddMonoidWithOne ENNReal ENNReal.instAddCommMonoidWithOne))
                        original_signature0._proof_1))
                    ν))
                (@NormedAddCommGroup.toSeminormedAddCommGroup
                  (↥(@Lp E Real inst_3 Real.normedAddCommGroup
                      (@OfNat.ofNat ENNReal (nat_lit 2)
                        (@instOfNatAtLeastTwo ENNReal (nat_lit 2)
                          (@AddMonoidWithOne.toNatCast ENNReal
                            (@AddCommMonoidWithOne.toAddMonoidWithOne ENNReal ENNReal.instAddCommMonoidWithOne))
                          original_signature0._proof_1))
                      ν))
                  (@Lp.instNormedAddCommGroup E Real inst_3
                    (@OfNat.ofNat ENNReal (nat_lit 2)
                      (@instOfNatAtLeastTwo ENNReal (nat_lit 2)
                        (@AddMonoidWithOne.toNatCast ENNReal
                          (@AddCommMonoidWithOne.toAddMonoidWithOne ENNReal ENNReal.instAddCommMonoidWithOne))
                        original_signature0._proof_1))
                    ν Real.normedAddCommGroup fact_one_le_two_ennreal)))))
          (@AddCommGroup.toAddCommMonoid
            (↥(@Lp E Real inst_3 Real.normedAddCommGroup
                (@OfNat.ofNat ENNReal (nat_lit 2)
                  (@instOfNatAtLeastTwo ENNReal (nat_lit 2)
                    (@AddMonoidWithOne.toNatCast ENNReal
                      (@AddCommMonoidWithOne.toAddMonoidWithOne ENNReal ENNReal.instAddCommMonoidWithOne))
                    original_signature0._proof_1))
                ν))
            (@Lp.instAddCommGroup E Real inst_3
              (@OfNat.ofNat ENNReal (nat_lit 2)
                (@instOfNatAtLeastTwo ENNReal (nat_lit 2)
                  (@AddMonoidWithOne.toNatCast ENNReal
                    (@AddCommMonoidWithOne.toAddMonoidWithOne ENNReal ENNReal.instAddCommMonoidWithOne))
                  original_signature0._proof_1))
              ν Real.normedAddCommGroup))
          (@Lp.instModule E Real Real inst_3
            (@OfNat.ofNat ENNReal (nat_lit 2)
              (@instOfNatAtLeastTwo ENNReal (nat_lit 2)
                (@AddMonoidWithOne.toNatCast ENNReal
                  (@AddCommMonoidWithOne.toAddMonoidWithOne ENNReal ENNReal.instAddCommMonoidWithOne))
                original_signature0._proof_1))
            ν Real.normedAddCommGroup (@NormedCommRing.toNormedRing Real Real.normedCommRing)
            (@Semiring.toModule Real
              (@Ring.toSemiring Real (@NormedRing.toRing Real (@NormedCommRing.toNormedRing Real Real.normedCommRing))))
            Real.isBoundedSMul)
          (@Lp.instModule E Real Real inst_3
            (@OfNat.ofNat ENNReal (nat_lit 2)
              (@instOfNatAtLeastTwo ENNReal (nat_lit 2)
                (@AddMonoidWithOne.toNatCast ENNReal
                  (@AddCommMonoidWithOne.toAddMonoidWithOne ENNReal ENNReal.instAddCommMonoidWithOne))
                original_signature0._proof_1))
            ν Real.normedAddCommGroup (@NormedCommRing.toNormedRing Real Real.normedCommRing)
            (@Semiring.toModule Real
              (@Ring.toSemiring Real (@NormedRing.toRing Real (@NormedCommRing.toNormedRing Real Real.normedCommRing))))
            Real.isBoundedSMul))
        (@ContinuousLinearMap.instStarId Real
          (↥(@Lp E Real inst_3 Real.normedAddCommGroup
              (@OfNat.ofNat ENNReal (nat_lit 2)
                (@instOfNatAtLeastTwo ENNReal (nat_lit 2)
                  (@AddMonoidWithOne.toNatCast ENNReal
                    (@AddCommMonoidWithOne.toAddMonoidWithOne ENNReal ENNReal.instAddCommMonoidWithOne))
                  original_signature0._proof_1))
              ν))
          Real.instRCLike
          (@Lp.instNormedAddCommGroup E Real inst_3
            (@OfNat.ofNat ENNReal (nat_lit 2)
              (@instOfNatAtLeastTwo ENNReal (nat_lit 2)
                (@AddMonoidWithOne.toNatCast ENNReal
                  (@AddCommMonoidWithOne.toAddMonoidWithOne ENNReal ENNReal.instAddCommMonoidWithOne))
                original_signature0._proof_1))
            ν Real.normedAddCommGroup fact_one_le_two_ennreal)
          (@L2.innerProductSpace E Real Real Real.instRCLike inst_3 ν Real.normedAddCommGroup
            (@RCLike.toInnerProductSpaceReal Real Real.instRCLike))
          ⋯)
        T)
      (And
        (∀
          (u :
            ↥(@Lp E Real inst_3 Real.normedAddCommGroup
                (@OfNat.ofNat ENNReal (nat_lit 2)
                  (@instOfNatAtLeastTwo ENNReal (nat_lit 2)
                    (@AddMonoidWithOne.toNatCast ENNReal
                      (@AddCommMonoidWithOne.toAddMonoidWithOne ENNReal ENNReal.instAddCommMonoidWithOne))
                    original_signature0._proof_1))
                ν)),
          @Filter.EventuallyEq E Real (@ae E (@Measure E inst_3) (@Measure.instFunLike E inst_3) ⋯ ν)
            (@AEEqFun.cast E Real inst_3 ν
              (@UniformSpace.toTopologicalSpace Real
                (@PseudoMetricSpace.toUniformSpace Real
                  (@SeminormedAddCommGroup.toPseudoMetricSpace Real
                    (@NormedAddCommGroup.toSeminormedAddCommGroup Real Real.normedAddCommGroup))))
              (@Subtype.val
                (@AEEqFun E Real inst_3
                  (@UniformSpace.toTopologicalSpace Real
                    (@PseudoMetricSpace.toUniformSpace Real
                      (@SeminormedAddCommGroup.toPseudoMetricSpace Real
                        (@NormedAddCommGroup.toSeminormedAddCommGroup Real Real.normedAddCommGroup))))
                  ν)
                (fun x =>
                  @Membership.mem
                    (@AEEqFun E Real inst_3
                      (@UniformSpace.toTopologicalSpace Real
                        (@PseudoMetricSpace.toUniformSpace Real
                          (@SeminormedAddCommGroup.toPseudoMetricSpace Real
                            (@NormedAddCommGroup.toSeminormedAddCommGroup Real Real.normedAddCommGroup))))
                      ν)
                    (@AddSubgroup
                      (@AEEqFun E Real inst_3
                        (@UniformSpace.toTopologicalSpace Real
                          (@PseudoMetricSpace.toUniformSpace Real
                            (@SeminormedAddCommGroup.toPseudoMetricSpace Real
                              (@NormedAddCommGroup.toSeminormedAddCommGroup Real Real.normedAddCommGroup))))
                        ν)
                      (@AEEqFun.instAddGroup E Real inst_3 ν
                        (@UniformSpace.toTopologicalSpace Real
                          (@PseudoMetricSpace.toUniformSpace Real
                            (@SeminormedAddCommGroup.toPseudoMetricSpace Real
                              (@NormedAddCommGroup.toSeminormedAddCommGroup Real Real.normedAddCommGroup))))
                        (@AddCommGroup.toAddGroup Real
                          (@NormedAddCommGroup.toAddCommGroup Real Real.normedAddCommGroup))
                        ⋯))
                    (@SetLike.instMembership
                      (@AddSubgroup
                        (@AEEqFun E Real inst_3
                          (@UniformSpace.toTopologicalSpace Real
                            (@PseudoMetricSpace.toUniformSpace Real
                              (@SeminormedAddCommGroup.toPseudoMetricSpace Real
                                (@NormedAddCommGroup.toSeminormedAddCommGroup Real Real.normedAddCommGroup))))
                          ν)
                        (@AEEqFun.instAddGroup E Real inst_3 ν
                          (@UniformSpace.toTopologicalSpace Real
                            (@PseudoMetricSpace.toUniformSpace Real
                              (@SeminormedAddCommGroup.toPseudoMetricSpace Real
                                (@NormedAddCommGroup.toSeminormedAddCommGroup Real Real.normedAddCommGroup))))
                          (@AddCommGroup.toAddGroup Real
                            (@NormedAddCommGroup.toAddCommGroup Real Real.normedAddCommGroup))
                          ⋯))
                      (@AEEqFun E Real inst_3
                        (@UniformSpace.toTopologicalSpace Real
                          (@PseudoMetricSpace.toUniformSpace Real
                            (@SeminormedAddCommGroup.toPseudoMetricSpace Real
                              (@NormedAddCommGroup.toSeminormedAddCommGroup Real Real.normedAddCommGroup))))
                        ν)
                      (@AddSubgroup.instSetLike
                        (@AEEqFun E Real inst_3
                          (@UniformSpace.toTopologicalSpace Real
                            (@PseudoMetricSpace.toUniformSpace Real
                              (@SeminormedAddCommGroup.toPseudoMetricSpace Real
                                (@NormedAddCommGroup.toSeminormedAddCommGroup Real Real.normedAddCommGroup))))
                          ν)
                        (@AEEqFun.instAddGroup E Real inst_3 ν
                          (@UniformSpace.toTopologicalSpace Real
                            (@PseudoMetricSpace.toUniformSpace Real
                              (@SeminormedAddCommGroup.toPseudoMetricSpace Real
                                (@NormedAddCommGroup.toSeminormedAddCommGroup Real Real.normedAddCommGroup))))
                          (@AddCommGroup.toAddGroup Real
                            (@NormedAddCommGroup.toAddCommGroup Real Real.normedAddCommGroup))
                          ⋯)))
                    (@Lp E Real inst_3 Real.normedAddCommGroup
                      (@OfNat.ofNat ENNReal (nat_lit 2)
                        (@instOfNatAtLeastTwo ENNReal (nat_lit 2)
                          (@AddMonoidWithOne.toNatCast ENNReal
                            (@AddCommMonoidWithOne.toAddMonoidWithOne ENNReal ENNReal.instAddCommMonoidWithOne))
                          original_signature0._proof_1))
                      ν)
                    x)
                (@DFunLike.coe
                  (@ContinuousLinearMap Real Real Real.semiring Real.semiring
                    (@RingHom.id Real (@Semiring.toNonAssocSemiring Real Real.semiring))
                    (↥(@Lp E Real inst_3 Real.normedAddCommGroup
                        (@OfNat.ofNat ENNReal (nat_lit 2)
                          (@instOfNatAtLeastTwo ENNReal (nat_lit 2)
                            (@AddMonoidWithOne.toNatCast ENNReal
                              (@AddCommMonoidWithOne.toAddMonoidWithOne ENNReal ENNReal.instAddCommMonoidWithOne))
                            original_signature0._proof_1))
                        ν))
                    (@UniformSpace.toTopologicalSpace
                      (↥(@Lp E Real inst_3 Real.normedAddCommGroup
                          (@OfNat.ofNat ENNReal (nat_lit 2)
                            (@instOfNatAtLeastTwo ENNReal (nat_lit 2)
                              (@AddMonoidWithOne.toNatCast ENNReal
                                (@AddCommMonoidWithOne.toAddMonoidWithOne ENNReal ENNReal.instAddCommMonoidWithOne))
                              original_signature0._proof_1))
                          ν))
                      (@PseudoMetricSpace.toUniformSpace
                        (↥(@Lp E Real inst_3 Real.normedAddCommGroup
                            (@OfNat.ofNat ENNReal (nat_lit 2)
                              (@instOfNatAtLeastTwo ENNReal (nat_lit 2)
                                (@AddMonoidWithOne.toNatCast ENNReal
                                  (@AddCommMonoidWithOne.toAddMonoidWithOne ENNReal ENNReal.instAddCommMonoidWithOne))
                                original_signature0._proof_1))
                            ν))
                        (@SeminormedAddCommGroup.toPseudoMetricSpace
                          (↥(@Lp E Real inst_3 Real.normedAddCommGroup
                              (@OfNat.ofNat ENNReal (nat_lit 2)
                                (@instOfNatAtLeastTwo ENNReal (nat_lit 2)
                                  (@AddMonoidWithOne.toNatCast ENNReal
                                    (@AddCommMonoidWithOne.toAddMonoidWithOne ENNReal ENNReal.instAddCommMonoidWithOne))
                                  original_signature0._proof_1))
                              ν))
                          (@NormedAddCommGroup.toSeminormedAddCommGroup
                            (↥(@Lp E Real inst_3 Real.normedAddCommGroup
                                (@OfNat.ofNat ENNReal (nat_lit 2)
                                  (@instOfNatAtLeastTwo ENNReal (nat_lit 2)
                                    (@AddMonoidWithOne.toNatCast ENNReal
                                      (@AddCommMonoidWithOne.toAddMonoidWithOne ENNReal
                                        ENNReal.instAddCommMonoidWithOne))
                                    original_signature0._proof_1))
                                ν))
                            (@Lp.instNormedAddCommGroup E Real inst_3
                              (@OfNat.ofNat ENNReal (nat_lit 2)
                                (@instOfNatAtLeastTwo ENNReal (nat_lit 2)
                                  (@AddMonoidWithOne.toNatCast ENNReal
                                    (@AddCommMonoidWithOne.toAddMonoidWithOne ENNReal ENNReal.instAddCommMonoidWithOne))
                                  original_signature0._proof_1))
                              ν Real.normedAddCommGroup fact_one_le_two_ennreal)))))
                    (@AddCommGroup.toAddCommMonoid
                      (↥(@Lp E Real inst_3 Real.normedAddCommGroup
                          (@OfNat.ofNat ENNReal (nat_lit 2)
                            (@instOfNatAtLeastTwo ENNReal (nat_lit 2)
                              (@AddMonoidWithOne.toNatCast ENNReal
                                (@AddCommMonoidWithOne.toAddMonoidWithOne ENNReal ENNReal.instAddCommMonoidWithOne))
                              original_signature0._proof_1))
                          ν))
                      (@Lp.instAddCommGroup E Real inst_3
                        (@OfNat.ofNat ENNReal (nat_lit 2)
                          (@instOfNatAtLeastTwo ENNReal (nat_lit 2)
                            (@AddMonoidWithOne.toNatCast ENNReal
                              (@AddCommMonoidWithOne.toAddMonoidWithOne ENNReal ENNReal.instAddCommMonoidWithOne))
                            original_signature0._proof_1))
                        ν Real.normedAddCommGroup))
                    (↥(@Lp E Real inst_3 Real.normedAddCommGroup
                        (@OfNat.ofNat ENNReal (nat_lit 2)
                          (@instOfNatAtLeastTwo ENNReal (nat_lit 2)
                            (@AddMonoidWithOne.toNatCast ENNReal
                              (@AddCommMonoidWithOne.toAddMonoidWithOne ENNReal ENNReal.instAddCommMonoidWithOne))
                            original_signature0._proof_1))
                        ν))
                    (@UniformSpace.toTopologicalSpace
                      (↥(@Lp E Real inst_3 Real.normedAddCommGroup
                          (@OfNat.ofNat ENNReal (nat_lit 2)
                            (@instOfNatAtLeastTwo ENNReal (nat_lit 2)
                              (@AddMonoidWithOne.toNatCast ENNReal
                                (@AddCommMonoidWithOne.toAddMonoidWithOne ENNReal ENNReal.instAddCommMonoidWithOne))
                              original_signature0._proof_1))
                          ν))
                      (@PseudoMetricSpace.toUniformSpace
                        (↥(@Lp E Real inst_3 Real.normedAddCommGroup
                            (@OfNat.ofNat ENNReal (nat_lit 2)
                              (@instOfNatAtLeastTwo ENNReal (nat_lit 2)
                                (@AddMonoidWithOne.toNatCast ENNReal
                                  (@AddCommMonoidWithOne.toAddMonoidWithOne ENNReal ENNReal.instAddCommMonoidWithOne))
                                original_signature0._proof_1))
                            ν))
                        (@SeminormedAddCommGroup.toPseudoMetricSpace
                          (↥(@Lp E Real inst_3 Real.normedAddCommGroup
                              (@OfNat.ofNat ENNReal (nat_lit 2)
                                (@instOfNatAtLeastTwo ENNReal (nat_lit 2)
                                  (@AddMonoidWithOne.toNatCast ENNReal
                                    (@AddCommMonoidWithOne.toAddMonoidWithOne ENNReal ENNReal.instAddCommMonoidWithOne))
                                  original_signature0._proof_1))
                              ν))
                          (@NormedAddCommGroup.toSeminormedAddCommGroup
                            (↥(@Lp E Real inst_3 Real.normedAddCommGroup
                                (@OfNat.ofNat ENNReal (nat_lit 2)
                                  (@instOfNatAtLeastTwo ENNReal (nat_lit 2)
                                    (@AddMonoidWithOne.toNatCast ENNReal
                                      (@AddCommMonoidWithOne.toAddMonoidWithOne ENNReal
                                        ENNReal.instAddCommMonoidWithOne))
                                    original_signature0._proof_1))
                                ν))
                            (@Lp.instNormedAddCommGroup E Real inst_3
                              (@OfNat.ofNat ENNReal (nat_lit 2)
                                (@instOfNatAtLeastTwo ENNReal (nat_lit 2)
                                  (@AddMonoidWithOne.toNatCast ENNReal
                                    (@AddCommMonoidWithOne.toAddMonoidWithOne ENNReal ENNReal.instAddCommMonoidWithOne))
                                  original_signature0._proof_1))
                              ν Real.normedAddCommGroup fact_one_le_two_ennreal)))))
                    (@AddCommGroup.toAddCommMonoid
                      (↥(@Lp E Real inst_3 Real.normedAddCommGroup
                          (@OfNat.ofNat ENNReal (nat_lit 2)
                            (@instOfNatAtLeastTwo ENNReal (nat_lit 2)
                              (@AddMonoidWithOne.toNatCast ENNReal
                                (@AddCommMonoidWithOne.toAddMonoidWithOne ENNReal ENNReal.instAddCommMonoidWithOne))
                              original_signature0._proof_1))
                          ν))
                      (@Lp.instAddCommGroup E Real inst_3
                        (@OfNat.ofNat ENNReal (nat_lit 2)
                          (@instOfNatAtLeastTwo ENNReal (nat_lit 2)
                            (@AddMonoidWithOne.toNatCast ENNReal
                              (@AddCommMonoidWithOne.toAddMonoidWithOne ENNReal ENNReal.instAddCommMonoidWithOne))
                            original_signature0._proof_1))
                        ν Real.normedAddCommGroup))
                    (@Lp.instModule E Real Real inst_3
                      (@OfNat.ofNat ENNReal (nat_lit 2)
                        (@instOfNatAtLeastTwo ENNReal (nat_lit 2)
                          (@AddMonoidWithOne.toNatCast ENNReal
                            (@AddCommMonoidWithOne.toAddMonoidWithOne ENNReal ENNReal.instAddCommMonoidWithOne))
                          original_signature0._proof_1))
                      ν Real.normedAddCommGroup (@NormedCommRing.toNormedRing Real Real.normedCommRing)
                      (@Semiring.toModule Real
                        (@Ring.toSemiring Real
                          (@NormedRing.toRing Real (@NormedCommRing.toNormedRing Real Real.normedCommRing))))
                      Real.isBoundedSMul)
                    (@Lp.instModule E Real Real inst_3
                      (@OfNat.ofNat ENNReal (nat_lit 2)
                        (@instOfNatAtLeastTwo ENNReal (nat_lit 2)
                          (@AddMonoidWithOne.toNatCast ENNReal
                            (@AddCommMonoidWithOne.toAddMonoidWithOne ENNReal ENNReal.instAddCommMonoidWithOne))
                          original_signature0._proof_1))
                      ν Real.normedAddCommGroup (@NormedCommRing.toNormedRing Real Real.normedCommRing)
                      (@Semiring.toModule Real
                        (@Ring.toSemiring Real
                          (@NormedRing.toRing Real (@NormedCommRing.toNormedRing Real Real.normedCommRing))))
                      Real.isBoundedSMul))
                  (↥(@Lp E Real inst_3 Real.normedAddCommGroup
                      (@OfNat.ofNat ENNReal (nat_lit 2)
                        (@instOfNatAtLeastTwo ENNReal (nat_lit 2)
                          (@AddMonoidWithOne.toNatCast ENNReal
                            (@AddCommMonoidWithOne.toAddMonoidWithOne ENNReal ENNReal.instAddCommMonoidWithOne))
                          original_signature0._proof_1))
                      ν))
                  (fun x =>
                    ↥(@Lp E Real inst_3 Real.normedAddCommGroup
                        (@OfNat.ofNat ENNReal (nat_lit 2)
                          (@instOfNatAtLeastTwo ENNReal (nat_lit 2)
                            (@AddMonoidWithOne.toNatCast ENNReal
                              (@AddCommMonoidWithOne.toAddMonoidWithOne ENNReal ENNReal.instAddCommMonoidWithOne))
                            original_signature0._proof_1))
                        ν))
                  (@ContinuousLinearMap.funLike Real Real Real.semiring Real.semiring
                    (@RingHom.id Real (@Semiring.toNonAssocSemiring Real Real.semiring))
                    (↥(@Lp E Real inst_3 Real.normedAddCommGroup
                        (@OfNat.ofNat ENNReal (nat_lit 2)
                          (@instOfNatAtLeastTwo ENNReal (nat_lit 2)
                            (@AddMonoidWithOne.toNatCast ENNReal
                              (@AddCommMonoidWithOne.toAddMonoidWithOne ENNReal ENNReal.instAddCommMonoidWithOne))
                            original_signature0._proof_1))
                        ν))
                    (@UniformSpace.toTopologicalSpace
                      (↥(@Lp E Real inst_3 Real.normedAddCommGroup
                          (@OfNat.ofNat ENNReal (nat_lit 2)
                            (@instOfNatAtLeastTwo ENNReal (nat_lit 2)
                              (@AddMonoidWithOne.toNatCast ENNReal
                                (@AddCommMonoidWithOne.toAddMonoidWithOne ENNReal ENNReal.instAddCommMonoidWithOne))
                              original_signature0._proof_1))
                          ν))
                      (@PseudoMetricSpace.toUniformSpace
                        (↥(@Lp E Real inst_3 Real.normedAddCommGroup
                            (@OfNat.ofNat ENNReal (nat_lit 2)
                              (@instOfNatAtLeastTwo ENNReal (nat_lit 2)
                                (@AddMonoidWithOne.toNatCast ENNReal
                                  (@AddCommMonoidWithOne.toAddMonoidWithOne ENNReal ENNReal.instAddCommMonoidWithOne))
                                original_signature0._proof_1))
                            ν))
                        (@SeminormedAddCommGroup.toPseudoMetricSpace
                          (↥(@Lp E Real inst_3 Real.normedAddCommGroup
                              (@OfNat.ofNat ENNReal (nat_lit 2)
                                (@instOfNatAtLeastTwo ENNReal (nat_lit 2)
                                  (@AddMonoidWithOne.toNatCast ENNReal
                                    (@AddCommMonoidWithOne.toAddMonoidWithOne ENNReal ENNReal.instAddCommMonoidWithOne))
                                  original_signature0._proof_1))
                              ν))
                          (@NormedAddCommGroup.toSeminormedAddCommGroup
                            (↥(@Lp E Real inst_3 Real.normedAddCommGroup
                                (@OfNat.ofNat ENNReal (nat_lit 2)
                                  (@instOfNatAtLeastTwo ENNReal (nat_lit 2)
                                    (@AddMonoidWithOne.toNatCast ENNReal
                                      (@AddCommMonoidWithOne.toAddMonoidWithOne ENNReal
                                        ENNReal.instAddCommMonoidWithOne))
                                    original_signature0._proof_1))
                                ν))
                            (@Lp.instNormedAddCommGroup E Real inst_3
                              (@OfNat.ofNat ENNReal (nat_lit 2)
                                (@instOfNatAtLeastTwo ENNReal (nat_lit 2)
                                  (@AddMonoidWithOne.toNatCast ENNReal
                                    (@AddCommMonoidWithOne.toAddMonoidWithOne ENNReal ENNReal.instAddCommMonoidWithOne))
                                  original_signature0._proof_1))
                              ν Real.normedAddCommGroup fact_one_le_two_ennreal)))))
                    (@AddCommGroup.toAddCommMonoid
                      (↥(@Lp E Real inst_3 Real.normedAddCommGroup
                          (@OfNat.ofNat ENNReal (nat_lit 2)
                            (@instOfNatAtLeastTwo ENNReal (nat_lit 2)
                              (@AddMonoidWithOne.toNatCast ENNReal
                                (@AddCommMonoidWithOne.toAddMonoidWithOne ENNReal ENNReal.instAddCommMonoidWithOne))
                              original_signature0._proof_1))
                          ν))
                      (@Lp.instAddCommGroup E Real inst_3
                        (@OfNat.ofNat ENNReal (nat_lit 2)
                          (@instOfNatAtLeastTwo ENNReal (nat_lit 2)
                            (@AddMonoidWithOne.toNatCast ENNReal
                              (@AddCommMonoidWithOne.toAddMonoidWithOne ENNReal ENNReal.instAddCommMonoidWithOne))
                            original_signature0._proof_1))
                        ν Real.normedAddCommGroup))
                    (↥(@Lp E Real inst_3 Real.normedAddCommGroup
                        (@OfNat.ofNat ENNReal (nat_lit 2)
                          (@instOfNatAtLeastTwo ENNReal (nat_lit 2)
                            (@AddMonoidWithOne.toNatCast ENNReal
                              (@AddCommMonoidWithOne.toAddMonoidWithOne ENNReal ENNReal.instAddCommMonoidWithOne))
                            original_signature0._proof_1))
                        ν))
                    (@UniformSpace.toTopologicalSpace
                      (↥(@Lp E Real inst_3 Real.normedAddCommGroup
                          (@OfNat.ofNat ENNReal (nat_lit 2)
                            (@instOfNatAtLeastTwo ENNReal (nat_lit 2)
                              (@AddMonoidWithOne.toNatCast ENNReal
                                (@AddCommMonoidWithOne.toAddMonoidWithOne ENNReal ENNReal.instAddCommMonoidWithOne))
                              original_signature0._proof_1))
                          ν))
                      (@PseudoMetricSpace.toUniformSpace
                        (↥(@Lp E Real inst_3 Real.normedAddCommGroup
                            (@OfNat.ofNat ENNReal (nat_lit 2)
                              (@instOfNatAtLeastTwo ENNReal (nat_lit 2)
                                (@AddMonoidWithOne.toNatCast ENNReal
                                  (@AddCommMonoidWithOne.toAddMonoidWithOne ENNReal ENNReal.instAddCommMonoidWithOne))
                                original_signature0._proof_1))
                            ν))
                        (@SeminormedAddCommGroup.toPseudoMetricSpace
                          (↥(@Lp E Real inst_3 Real.normedAddCommGroup
                              (@OfNat.ofNat ENNReal (nat_lit 2)
                                (@instOfNatAtLeastTwo ENNReal (nat_lit 2)
                                  (@AddMonoidWithOne.toNatCast ENNReal
                                    (@AddCommMonoidWithOne.toAddMonoidWithOne ENNReal ENNReal.instAddCommMonoidWithOne))
                                  original_signature0._proof_1))
                              ν))
                          (@NormedAddCommGroup.toSeminormedAddCommGroup
                            (↥(@Lp E Real inst_3 Real.normedAddCommGroup
                                (@OfNat.ofNat ENNReal (nat_lit 2)
                                  (@instOfNatAtLeastTwo ENNReal (nat_lit 2)
                                    (@AddMonoidWithOne.toNatCast ENNReal
                                      (@AddCommMonoidWithOne.toAddMonoidWithOne ENNReal
                                        ENNReal.instAddCommMonoidWithOne))
                                    original_signature0._proof_1))
                                ν))
                            (@Lp.instNormedAddCommGroup E Real inst_3
                              (@OfNat.ofNat ENNReal (nat_lit 2)
                                (@instOfNatAtLeastTwo ENNReal (nat_lit 2)
                                  (@AddMonoidWithOne.toNatCast ENNReal
                                    (@AddCommMonoidWithOne.toAddMonoidWithOne ENNReal ENNReal.instAddCommMonoidWithOne))
                                  original_signature0._proof_1))
                              ν Real.normedAddCommGroup fact_one_le_two_ennreal)))))
                    (@AddCommGroup.toAddCommMonoid
                      (↥(@Lp E Real inst_3 Real.normedAddCommGroup
                          (@OfNat.ofNat ENNReal (nat_lit 2)
                            (@instOfNatAtLeastTwo ENNReal (nat_lit 2)
                              (@AddMonoidWithOne.toNatCast ENNReal
                                (@AddCommMonoidWithOne.toAddMonoidWithOne ENNReal ENNReal.instAddCommMonoidWithOne))
                              original_signature0._proof_1))
                          ν))
                      (@Lp.instAddCommGroup E Real inst_3
                        (@OfNat.ofNat ENNReal (nat_lit 2)
                          (@instOfNatAtLeastTwo ENNReal (nat_lit 2)
                            (@AddMonoidWithOne.toNatCast ENNReal
                              (@AddCommMonoidWithOne.toAddMonoidWithOne ENNReal ENNReal.instAddCommMonoidWithOne))
                            original_signature0._proof_1))
                        ν Real.normedAddCommGroup))
                    (@Lp.instModule E Real Real inst_3
                      (@OfNat.ofNat ENNReal (nat_lit 2)
                        (@instOfNatAtLeastTwo ENNReal (nat_lit 2)
                          (@AddMonoidWithOne.toNatCast ENNReal
                            (@AddCommMonoidWithOne.toAddMonoidWithOne ENNReal ENNReal.instAddCommMonoidWithOne))
                          original_signature0._proof_1))
                      ν Real.normedAddCommGroup (@NormedCommRing.toNormedRing Real Real.normedCommRing)
                      (@Semiring.toModule Real
                        (@Ring.toSemiring Real
                          (@NormedRing.toRing Real (@NormedCommRing.toNormedRing Real Real.normedCommRing))))
                      Real.isBoundedSMul)
                    (@Lp.instModule E Real Real inst_3
                      (@OfNat.ofNat ENNReal (nat_lit 2)
                        (@instOfNatAtLeastTwo ENNReal (nat_lit 2)
                          (@AddMonoidWithOne.toNatCast ENNReal
                            (@AddCommMonoidWithOne.toAddMonoidWithOne ENNReal ENNReal.instAddCommMonoidWithOne))
                          original_signature0._proof_1))
                      ν Real.normedAddCommGroup (@NormedCommRing.toNormedRing Real Real.normedCommRing)
                      (@Semiring.toModule Real
                        (@Ring.toSemiring Real
                          (@NormedRing.toRing Real (@NormedCommRing.toNormedRing Real Real.normedCommRing))))
                      Real.isBoundedSMul))
                  T u)))
            fun y =>
            @integral E Real Real.normedAddCommGroup
              (@InnerProductSpace.toNormedSpace Real Real Real.instRCLike
                (@NormedAddCommGroup.toSeminormedAddCommGroup Real Real.normedAddCommGroup)
                (@RCLike.toInnerProductSpaceReal Real Real.instRCLike))
              (@MeasureSpace.toMeasurableSpace E (@measureSpaceOfInnerProductSpace E inst inst_1 inst_2 inst_3 inst_4))
              (@Measure.tilted E
                (@MeasureSpace.toMeasurableSpace E
                  (@measureSpaceOfInnerProductSpace E inst inst_1 inst_2 inst_3 inst_4))
                (@volume E (@measureSpaceOfInnerProductSpace E inst inst_1 inst_2 inst_3 inst_4)) fun x =>
                @HSub.hSub Real Real Real (@instHSub Real Real.instSub)
                  (@Neg.neg Real Real.instNeg
                    (V
                      (@HSMul.hSMul Real E E
                        (@instHSMul Real E
                          (@SMulZeroClass.toSMul Real E
                            (@AddZero.toZero E
                              (@AddZeroClass.toAddZero E
                                (@AddMonoid.toAddZeroClass E
                                  (@SubNegMonoid.toAddMonoid E
                                    (@AddGroup.toSubNegMonoid E
                                      (@AddCommGroup.toAddGroup E (@NormedAddCommGroup.toAddCommGroup E inst)))))))
                            (@DistribSMul.toSMulZeroClass Real E
                              (@AddMonoid.toAddZeroClass E
                                (@SubNegMonoid.toAddMonoid E
                                  (@AddGroup.toSubNegMonoid E
                                    (@AddCommGroup.toAddGroup E (@NormedAddCommGroup.toAddCommGroup E inst)))))
                              (@DistribMulAction.toDistribSMul Real E Real.instMonoid
                                (@SubNegMonoid.toAddMonoid E
                                  (@AddGroup.toSubNegMonoid E
                                    (@AddCommGroup.toAddGroup E (@NormedAddCommGroup.toAddCommGroup E inst))))
                                (@Module.toDistribMulAction Real E Real.semiring
                                  (@AddCommGroup.toAddCommMonoid E (@NormedAddCommGroup.toAddCommGroup E inst))
                                  (@NormedSpace.toModule Real E Real.normedField
                                    (@NormedAddCommGroup.toSeminormedAddCommGroup E inst)
                                    (@InnerProductSpace.toNormedSpace Real E Real.instRCLike
                                      (@NormedAddCommGroup.toSeminormedAddCommGroup E inst) inst_1)))))))
                        (@HDiv.hDiv Real Real Real (@instHDiv Real (@DivInvMonoid.toDiv Real Real.instDivInvMonoid))
                          (@OfNat.ofNat Real (nat_lit 1) (@One.toOfNat1 Real Real.instOne))
                          (@OfNat.ofNat Real (nat_lit 2)
                            (@instOfNatAtLeastTwo Real (nat_lit 2) Real.instNatCast original_signature0._proof_1)))
                        (@HAdd.hAdd E E E
                          (@instHAdd E
                            (@AddCommMagma.toAdd E
                              (@AddCommSemigroup.toAddCommMagma E
                                (@AddCommMonoid.toAddCommSemigroup E
                                  (@AddCommGroup.toAddCommMonoid E (@NormedAddCommGroup.toAddCommGroup E inst))))))
                          y x))))
                  (@HDiv.hDiv Real Real Real (@instHDiv Real (@DivInvMonoid.toDiv Real Real.instDivInvMonoid))
                    (@HPow.hPow Real Nat Real
                      (@instHPow Real Nat (@NPow.toPow Real (@Monoid.toNPow Real Real.instMonoid)))
                      (@norm E (@NormedAddCommGroup.toNorm E inst)
                        (@HSub.hSub E E E
                          (@instHSub E
                            (@SubNegMonoid.toSub E
                              (@AddGroup.toSubNegMonoid E
                                (@AddCommGroup.toAddGroup E (@NormedAddCommGroup.toAddCommGroup E inst)))))
                          y x))
                      (@OfNat.ofNat Nat (nat_lit 2) (instOfNatNat (nat_lit 2))))
                    (@HMul.hMul Real Real Real (@instHMul Real Real.instMul)
                      (@OfNat.ofNat Real (nat_lit 8)
                        (@instOfNatAtLeastTwo Real (nat_lit 8) Real.instNatCast original_signature0._proof_9))
                      η)))
              fun x =>
              @AEEqFun.cast E Real inst_3 ν
                (@UniformSpace.toTopologicalSpace Real
                  (@PseudoMetricSpace.toUniformSpace Real
                    (@SeminormedAddCommGroup.toPseudoMetricSpace Real
                      (@NormedAddCommGroup.toSeminormedAddCommGroup Real Real.normedAddCommGroup))))
                (@Subtype.val
                  (@AEEqFun E Real inst_3
                    (@UniformSpace.toTopologicalSpace Real
                      (@PseudoMetricSpace.toUniformSpace Real
                        (@SeminormedAddCommGroup.toPseudoMetricSpace Real
                          (@NormedAddCommGroup.toSeminormedAddCommGroup Real Real.normedAddCommGroup))))
                    ν)
                  (fun x =>
                    @Membership.mem
                      (@AEEqFun E Real inst_3
                        (@UniformSpace.toTopologicalSpace Real
                          (@PseudoMetricSpace.toUniformSpace Real
                            (@SeminormedAddCommGroup.toPseudoMetricSpace Real
                              (@NormedAddCommGroup.toSeminormedAddCommGroup Real Real.normedAddCommGroup))))
                        ν)
                      (@AddSubgroup
                        (@AEEqFun E Real inst_3
                          (@UniformSpace.toTopologicalSpace Real
                            (@PseudoMetricSpace.toUniformSpace Real
                              (@SeminormedAddCommGroup.toPseudoMetricSpace Real
                                (@NormedAddCommGroup.toSeminormedAddCommGroup Real Real.normedAddCommGroup))))
                          ν)
                        (@AEEqFun.instAddGroup E Real inst_3 ν
                          (@UniformSpace.toTopologicalSpace Real
                            (@PseudoMetricSpace.toUniformSpace Real
                              (@SeminormedAddCommGroup.toPseudoMetricSpace Real
                                (@NormedAddCommGroup.toSeminormedAddCommGroup Real Real.normedAddCommGroup))))
                          (@AddCommGroup.toAddGroup Real
                            (@NormedAddCommGroup.toAddCommGroup Real Real.normedAddCommGroup))
                          ⋯))
                      (@SetLike.instMembership
                        (@AddSubgroup
                          (@AEEqFun E Real inst_3
                            (@UniformSpace.toTopologicalSpace Real
                              (@PseudoMetricSpace.toUniformSpace Real
                                (@SeminormedAddCommGroup.toPseudoMetricSpace Real
                                  (@NormedAddCommGroup.toSeminormedAddCommGroup Real Real.normedAddCommGroup))))
                            ν)
                          (@AEEqFun.instAddGroup E Real inst_3 ν
                            (@UniformSpace.toTopologicalSpace Real
                              (@PseudoMetricSpace.toUniformSpace Real
                                (@SeminormedAddCommGroup.toPseudoMetricSpace Real
                                  (@NormedAddCommGroup.toSeminormedAddCommGroup Real Real.normedAddCommGroup))))
                            (@AddCommGroup.toAddGroup Real
                              (@NormedAddCommGroup.toAddCommGroup Real Real.normedAddCommGroup))
                            ⋯))
                        (@AEEqFun E Real inst_3
                          (@UniformSpace.toTopologicalSpace Real
                            (@PseudoMetricSpace.toUniformSpace Real
                              (@SeminormedAddCommGroup.toPseudoMetricSpace Real
                                (@NormedAddCommGroup.toSeminormedAddCommGroup Real Real.normedAddCommGroup))))
                          ν)
                        (@AddSubgroup.instSetLike
                          (@AEEqFun E Real inst_3
                            (@UniformSpace.toTopologicalSpace Real
                              (@PseudoMetricSpace.toUniformSpace Real
                                (@SeminormedAddCommGroup.toPseudoMetricSpace Real
                                  (@NormedAddCommGroup.toSeminormedAddCommGroup Real Real.normedAddCommGroup))))
                            ν)
                          (@AEEqFun.instAddGroup E Real inst_3 ν
                            (@UniformSpace.toTopologicalSpace Real
                              (@PseudoMetricSpace.toUniformSpace Real
                                (@SeminormedAddCommGroup.toPseudoMetricSpace Real
                                  (@NormedAddCommGroup.toSeminormedAddCommGroup Real Real.normedAddCommGroup))))
                            (@AddCommGroup.toAddGroup Real
                              (@NormedAddCommGroup.toAddCommGroup Real Real.normedAddCommGroup))
                            ⋯)))
                      (@Lp E Real inst_3 Real.normedAddCommGroup
                        (@OfNat.ofNat ENNReal (nat_lit 2)
                          (@instOfNatAtLeastTwo ENNReal (nat_lit 2)
                            (@AddMonoidWithOne.toNatCast ENNReal
                              (@AddCommMonoidWithOne.toAddMonoidWithOne ENNReal ENNReal.instAddCommMonoidWithOne))
                            original_signature0._proof_1))
                        ν)
                      x)
                  u)
                x)
        (∃ q,
          And
            (@Filter.EventuallyEq E Real (@ae E (@Measure E inst_3) (@Measure.instFunLike E inst_3) ⋯ ν)
              (@AEEqFun.cast E Real inst_3 ν
                (@UniformSpace.toTopologicalSpace Real
                  (@PseudoMetricSpace.toUniformSpace Real
                    (@SeminormedAddCommGroup.toPseudoMetricSpace Real
                      (@NormedAddCommGroup.toSeminormedAddCommGroup Real Real.normedAddCommGroup))))
                (@Subtype.val
                  (@AEEqFun E Real inst_3
                    (@UniformSpace.toTopologicalSpace Real
                      (@PseudoMetricSpace.toUniformSpace Real
                        (@SeminormedAddCommGroup.toPseudoMetricSpace Real
                          (@NormedAddCommGroup.toSeminormedAddCommGroup Real Real.normedAddCommGroup))))
                    ν)
                  (fun x =>
                    @Membership.mem
                      (@AEEqFun E Real inst_3
                        (@UniformSpace.toTopologicalSpace Real
                          (@PseudoMetricSpace.toUniformSpace Real
                            (@SeminormedAddCommGroup.toPseudoMetricSpace Real
                              (@NormedAddCommGroup.toSeminormedAddCommGroup Real Real.normedAddCommGroup))))
                        ν)
                      (@AddSubgroup
                        (@AEEqFun E Real inst_3
                          (@UniformSpace.toTopologicalSpace Real
                            (@PseudoMetricSpace.toUniformSpace Real
                              (@SeminormedAddCommGroup.toPseudoMetricSpace Real
                                (@NormedAddCommGroup.toSeminormedAddCommGroup Real Real.normedAddCommGroup))))
                          ν)
                        (@AEEqFun.instAddGroup E Real inst_3 ν
                          (@UniformSpace.toTopologicalSpace Real
                            (@PseudoMetricSpace.toUniformSpace Real
                              (@SeminormedAddCommGroup.toPseudoMetricSpace Real
                                (@NormedAddCommGroup.toSeminormedAddCommGroup Real Real.normedAddCommGroup))))
                          (@AddCommGroup.toAddGroup Real
                            (@NormedAddCommGroup.toAddCommGroup Real Real.normedAddCommGroup))
                          ⋯))
                      (@SetLike.instMembership
                        (@AddSubgroup
                          (@AEEqFun E Real inst_3
                            (@UniformSpace.toTopologicalSpace Real
                              (@PseudoMetricSpace.toUniformSpace Real
                                (@SeminormedAddCommGroup.toPseudoMetricSpace Real
                                  (@NormedAddCommGroup.toSeminormedAddCommGroup Real Real.normedAddCommGroup))))
                            ν)
                          (@AEEqFun.instAddGroup E Real inst_3 ν
                            (@UniformSpace.toTopologicalSpace Real
                              (@PseudoMetricSpace.toUniformSpace Real
                                (@SeminormedAddCommGroup.toPseudoMetricSpace Real
                                  (@NormedAddCommGroup.toSeminormedAddCommGroup Real Real.normedAddCommGroup))))
                            (@AddCommGroup.toAddGroup Real
                              (@NormedAddCommGroup.toAddCommGroup Real Real.normedAddCommGroup))
                            ⋯))
                        (@AEEqFun E Real inst_3
                          (@UniformSpace.toTopologicalSpace Real
                            (@PseudoMetricSpace.toUniformSpace Real
                              (@SeminormedAddCommGroup.toPseudoMetricSpace Real
                                (@NormedAddCommGroup.toSeminormedAddCommGroup Real Real.normedAddCommGroup))))
                          ν)
                        (@AddSubgroup.instSetLike
                          (@AEEqFun E Real inst_3
                            (@UniformSpace.toTopologicalSpace Real
                              (@PseudoMetricSpace.toUniformSpace Real
                                (@SeminormedAddCommGroup.toPseudoMetricSpace Real
                                  (@NormedAddCommGroup.toSeminormedAddCommGroup Real Real.normedAddCommGroup))))
                            ν)
                          (@AEEqFun.instAddGroup E Real inst_3 ν
                            (@UniformSpace.toTopologicalSpace Real
                              (@PseudoMetricSpace.toUniformSpace Real
                                (@SeminormedAddCommGroup.toPseudoMetricSpace Real
                                  (@NormedAddCommGroup.toSeminormedAddCommGroup Real Real.normedAddCommGroup))))
                            (@AddCommGroup.toAddGroup Real
                              (@NormedAddCommGroup.toAddCommGroup Real Real.normedAddCommGroup))
                            ⋯)))
                      (@Lp E Real inst_3 Real.normedAddCommGroup
                        (@OfNat.ofNat ENNReal (nat_lit 2)
                          (@instOfNatAtLeastTwo ENNReal (nat_lit 2)
                            (@AddMonoidWithOne.toNatCast ENNReal
                              (@AddCommMonoidWithOne.toAddMonoidWithOne ENNReal ENNReal.instAddCommMonoidWithOne))
                            original_signature0._proof_1))
                        ν)
                      x)
                  q))
              fun x => @OfNat.ofNat Real (nat_lit 1) (@One.toOfNat1 Real Real.instOne))
            (And
              (∀
                (u :
                  ↥(@Lp E Real inst_3 Real.normedAddCommGroup
                      (@OfNat.ofNat ENNReal (nat_lit 2)
                        (@instOfNatAtLeastTwo ENNReal (nat_lit 2)
                          (@AddMonoidWithOne.toNatCast ENNReal
                            (@AddCommMonoidWithOne.toAddMonoidWithOne ENNReal ENNReal.instAddCommMonoidWithOne))
                          original_signature0._proof_1))
                      ν)),
                @Eq Real
                  (@inner Real
                    (↥(@Lp E Real inst_3 Real.normedAddCommGroup
                        (@OfNat.ofNat ENNReal (nat_lit 2)
                          (@instOfNatAtLeastTwo ENNReal (nat_lit 2)
                            (@AddMonoidWithOne.toNatCast ENNReal
                              (@AddCommMonoidWithOne.toAddMonoidWithOne ENNReal ENNReal.instAddCommMonoidWithOne))
                            original_signature0._proof_1))
                        ν))
                    (@L2.instInnerSubtypeAEEqFunMemAddSubgroupLpOfNatENNReal E Real Real Real.instRCLike inst_3 ν
                      Real.normedAddCommGroup (@RCLike.toInnerProductSpaceReal Real Real.instRCLike))
                    q u)
                  (@integral E Real Real.normedAddCommGroup
                    (@InnerProductSpace.toNormedSpace Real Real Real.instRCLike
                      (@NormedAddCommGroup.toSeminormedAddCommGroup Real Real.normedAddCommGroup)
                      (@RCLike.toInnerProductSpaceReal Real Real.instRCLike))
                    inst_3 ν fun y =>
                    @AEEqFun.cast E Real inst_3 ν
                      (@UniformSpace.toTopologicalSpace Real
                        (@PseudoMetricSpace.toUniformSpace Real
                          (@SeminormedAddCommGroup.toPseudoMetricSpace Real
                            (@NormedAddCommGroup.toSeminormedAddCommGroup Real Real.normedAddCommGroup))))
                      (@Subtype.val
                        (@AEEqFun E Real inst_3
                          (@UniformSpace.toTopologicalSpace Real
                            (@PseudoMetricSpace.toUniformSpace Real
                              (@SeminormedAddCommGroup.toPseudoMetricSpace Real
                                (@NormedAddCommGroup.toSeminormedAddCommGroup Real Real.normedAddCommGroup))))
                          ν)
                        (fun x =>
                          @Membership.mem
                            (@AEEqFun E Real inst_3
                              (@UniformSpace.toTopologicalSpace Real
                                (@PseudoMetricSpace.toUniformSpace Real
                                  (@SeminormedAddCommGroup.toPseudoMetricSpace Real
                                    (@NormedAddCommGroup.toSeminormedAddCommGroup Real Real.normedAddCommGroup))))
                              ν)
                            (@AddSubgroup
                              (@AEEqFun E Real inst_3
                                (@UniformSpace.toTopologicalSpace Real
                                  (@PseudoMetricSpace.toUniformSpace Real
                                    (@SeminormedAddCommGroup.toPseudoMetricSpace Real
                                      (@NormedAddCommGroup.toSeminormedAddCommGroup Real Real.normedAddCommGroup))))
                                ν)
                              (@AEEqFun.instAddGroup E Real inst_3 ν
                                (@UniformSpace.toTopologicalSpace Real
                                  (@PseudoMetricSpace.toUniformSpace Real
                                    (@SeminormedAddCommGroup.toPseudoMetricSpace Real
                                      (@NormedAddCommGroup.toSeminormedAddCommGroup Real Real.normedAddCommGroup))))
                                (@AddCommGroup.toAddGroup Real
                                  (@NormedAddCommGroup.toAddCommGroup Real Real.normedAddCommGroup))
                                ⋯))
                            (@SetLike.instMembership
                              (@AddSubgroup
                                (@AEEqFun E Real inst_3
                                  (@UniformSpace.toTopologicalSpace Real
                                    (@PseudoMetricSpace.toUniformSpace Real
                                      (@SeminormedAddCommGroup.toPseudoMetricSpace Real
                                        (@NormedAddCommGroup.toSeminormedAddCommGroup Real Real.normedAddCommGroup))))
                                  ν)
                                (@AEEqFun.instAddGroup E Real inst_3 ν
                                  (@UniformSpace.toTopologicalSpace Real
                                    (@PseudoMetricSpace.toUniformSpace Real
                                      (@SeminormedAddCommGroup.toPseudoMetricSpace Real
                                        (@NormedAddCommGroup.toSeminormedAddCommGroup Real Real.normedAddCommGroup))))
                                  (@AddCommGroup.toAddGroup Real
                                    (@NormedAddCommGroup.toAddCommGroup Real Real.normedAddCommGroup))
                                  ⋯))
                              (@AEEqFun E Real inst_3
                                (@UniformSpace.toTopologicalSpace Real
                                  (@PseudoMetricSpace.toUniformSpace Real
                                    (@SeminormedAddCommGroup.toPseudoMetricSpace Real
                                      (@NormedAddCommGroup.toSeminormedAddCommGroup Real Real.normedAddCommGroup))))
                                ν)
                              (@AddSubgroup.instSetLike
                                (@AEEqFun E Real inst_3
                                  (@UniformSpace.toTopologicalSpace Real
                                    (@PseudoMetricSpace.toUniformSpace Real
                                      (@SeminormedAddCommGroup.toPseudoMetricSpace Real
                                        (@NormedAddCommGroup.toSeminormedAddCommGroup Real Real.normedAddCommGroup))))
                                  ν)
                                (@AEEqFun.instAddGroup E Real inst_3 ν
                                  (@UniformSpace.toTopologicalSpace Real
                                    (@PseudoMetricSpace.toUniformSpace Real
                                      (@SeminormedAddCommGroup.toPseudoMetricSpace Real
                                        (@NormedAddCommGroup.toSeminormedAddCommGroup Real Real.normedAddCommGroup))))
                                  (@AddCommGroup.toAddGroup Real
                                    (@NormedAddCommGroup.toAddCommGroup Real Real.normedAddCommGroup))
                                  ⋯)))
                            (@Lp E Real inst_3 Real.normedAddCommGroup
                              (@OfNat.ofNat ENNReal (nat_lit 2)
                                (@instOfNatAtLeastTwo ENNReal (nat_lit 2)
                                  (@AddMonoidWithOne.toNatCast ENNReal
                                    (@AddCommMonoidWithOne.toAddMonoidWithOne ENNReal ENNReal.instAddCommMonoidWithOne))
                                  original_signature0._proof_1))
                              ν)
                            x)
                        u)
                      y))
              (let H0 :=
                @LinearMap.ker Real Real
                  (↥(@Lp E Real inst_3 Real.normedAddCommGroup
                      (@OfNat.ofNat ENNReal (nat_lit 2)
                        (@instOfNatAtLeastTwo ENNReal (nat_lit 2)
                          (@AddMonoidWithOne.toNatCast ENNReal
                            (@AddCommMonoidWithOne.toAddMonoidWithOne ENNReal ENNReal.instAddCommMonoidWithOne))
                          original_signature0._proof_1))
                      ν))
                  Real
                  (@DivisionSemiring.toSemiring Real
                    (@Semifield.toDivisionSemiring Real
                      (@Field.toSemifield Real
                        (@NormedField.toField Real
                          (@DenselyNormedField.toNormedField Real
                            (@RCLike.toDenselyNormedField Real Real.instRCLike))))))
                  (@DivisionSemiring.toSemiring Real
                    (@Semifield.toDivisionSemiring Real
                      (@Field.toSemifield Real
                        (@NormedField.toField Real
                          (@DenselyNormedField.toNormedField Real
                            (@RCLike.toDenselyNormedField Real Real.instRCLike))))))
                  (@AddCommGroup.toAddCommMonoid
                    (↥(@Lp E Real inst_3 Real.normedAddCommGroup
                        (@OfNat.ofNat ENNReal (nat_lit 2)
                          (@instOfNatAtLeastTwo ENNReal (nat_lit 2)
                            (@AddMonoidWithOne.toNatCast ENNReal
                              (@AddCommMonoidWithOne.toAddMonoidWithOne ENNReal ENNReal.instAddCommMonoidWithOne))
                            original_signature0._proof_1))
                        ν))
                    (@SeminormedAddCommGroup.toAddCommGroup
                      (↥(@Lp E Real inst_3 Real.normedAddCommGroup
                          (@OfNat.ofNat ENNReal (nat_lit 2)
                            (@instOfNatAtLeastTwo ENNReal (nat_lit 2)
                              (@AddMonoidWithOne.toNatCast ENNReal
                                (@AddCommMonoidWithOne.toAddMonoidWithOne ENNReal ENNReal.instAddCommMonoidWithOne))
                              original_signature0._proof_1))
                          ν))
                      (@NormedAddCommGroup.toSeminormedAddCommGroup
                        (↥(@Lp E Real inst_3 Real.normedAddCommGroup
                            (@OfNat.ofNat ENNReal (nat_lit 2)
                              (@instOfNatAtLeastTwo ENNReal (nat_lit 2)
                                (@AddMonoidWithOne.toNatCast ENNReal
                                  (@AddCommMonoidWithOne.toAddMonoidWithOne ENNReal ENNReal.instAddCommMonoidWithOne))
                                original_signature0._proof_1))
                            ν))
                        (@Lp.instNormedAddCommGroup E Real inst_3
                          (@OfNat.ofNat ENNReal (nat_lit 2)
                            (@instOfNatAtLeastTwo ENNReal (nat_lit 2)
                              (@AddMonoidWithOne.toNatCast ENNReal
                                (@AddCommMonoidWithOne.toAddMonoidWithOne ENNReal ENNReal.instAddCommMonoidWithOne))
                              original_signature0._proof_1))
                          ν Real.normedAddCommGroup fact_one_le_two_ennreal))))
                  (@Semiring.toAddCommMonoid Real
                    (@DivisionSemiring.toSemiring Real
                      (@Semifield.toDivisionSemiring Real
                        (@Field.toSemifield Real
                          (@NormedField.toField Real
                            (@DenselyNormedField.toNormedField Real
                              (@RCLike.toDenselyNormedField Real Real.instRCLike)))))))
                  (@NormedSpace.toModule Real
                    (↥(@Lp E Real inst_3 Real.normedAddCommGroup
                        (@OfNat.ofNat ENNReal (nat_lit 2)
                          (@instOfNatAtLeastTwo ENNReal (nat_lit 2)
                            (@AddMonoidWithOne.toNatCast ENNReal
                              (@AddCommMonoidWithOne.toAddMonoidWithOne ENNReal ENNReal.instAddCommMonoidWithOne))
                            original_signature0._proof_1))
                        ν))
                    (@DenselyNormedField.toNormedField Real (@RCLike.toDenselyNormedField Real Real.instRCLike))
                    (@NormedAddCommGroup.toSeminormedAddCommGroup
                      (↥(@Lp E Real inst_3 Real.normedAddCommGroup
                          (@OfNat.ofNat ENNReal (nat_lit 2)
                            (@instOfNatAtLeastTwo ENNReal (nat_lit 2)
                              (@AddMonoidWithOne.toNatCast ENNReal
                                (@AddCommMonoidWithOne.toAddMonoidWithOne ENNReal ENNReal.instAddCommMonoidWithOne))
                              original_signature0._proof_1))
                          ν))
                      (@Lp.instNormedAddCommGroup E Real inst_3
                        (@OfNat.ofNat ENNReal (nat_lit 2)
                          (@instOfNatAtLeastTwo ENNReal (nat_lit 2)
                            (@AddMonoidWithOne.toNatCast ENNReal
                              (@AddCommMonoidWithOne.toAddMonoidWithOne ENNReal ENNReal.instAddCommMonoidWithOne))
                            original_signature0._proof_1))
                        ν Real.normedAddCommGroup fact_one_le_two_ennreal))
                    (@InnerProductSpace.toNormedSpace Real
                      (↥(@Lp E Real inst_3 Real.normedAddCommGroup
                          (@OfNat.ofNat ENNReal (nat_lit 2)
                            (@instOfNatAtLeastTwo ENNReal (nat_lit 2)
                              (@AddMonoidWithOne.toNatCast ENNReal
                                (@AddCommMonoidWithOne.toAddMonoidWithOne ENNReal ENNReal.instAddCommMonoidWithOne))
                              original_signature0._proof_1))
                          ν))
                      Real.instRCLike
                      (@NormedAddCommGroup.toSeminormedAddCommGroup
                        (↥(@Lp E Real inst_3 Real.normedAddCommGroup
                            (@OfNat.ofNat ENNReal (nat_lit 2)
                              (@instOfNatAtLeastTwo ENNReal (nat_lit 2)
                                (@AddMonoidWithOne.toNatCast ENNReal
                                  (@AddCommMonoidWithOne.toAddMonoidWithOne ENNReal ENNReal.instAddCommMonoidWithOne))
                                original_signature0._proof_1))
                            ν))
                        (@Lp.instNormedAddCommGroup E Real inst_3
                          (@OfNat.ofNat ENNReal (nat_lit 2)
                            (@instOfNatAtLeastTwo ENNReal (nat_lit 2)
                              (@AddMonoidWithOne.toNatCast ENNReal
                                (@AddCommMonoidWithOne.toAddMonoidWithOne ENNReal ENNReal.instAddCommMonoidWithOne))
                              original_signature0._proof_1))
                          ν Real.normedAddCommGroup fact_one_le_two_ennreal))
                      (@L2.innerProductSpace E Real Real Real.instRCLike inst_3 ν Real.normedAddCommGroup
                        (@RCLike.toInnerProductSpaceReal Real Real.instRCLike))))
                  (@Semiring.toModule Real
                    (@DivisionSemiring.toSemiring Real
                      (@Semifield.toDivisionSemiring Real
                        (@Field.toSemifield Real
                          (@NormedField.toField Real
                            (@DenselyNormedField.toNormedField Real
                              (@RCLike.toDenselyNormedField Real Real.instRCLike)))))))
                  (@RingHom.id Real
                    (@Semiring.toNonAssocSemiring Real
                      (@DivisionSemiring.toSemiring Real
                        (@Semifield.toDivisionSemiring Real
                          (@Field.toSemifield Real
                            (@NormedField.toField Real
                              (@DenselyNormedField.toNormedField Real
                                (@RCLike.toDenselyNormedField Real Real.instRCLike))))))))
                  (@ContinuousLinearMap.toLinearMap Real Real
                    (@DivisionSemiring.toSemiring Real
                      (@Semifield.toDivisionSemiring Real
                        (@Field.toSemifield Real
                          (@NormedField.toField Real
                            (@DenselyNormedField.toNormedField Real
                              (@RCLike.toDenselyNormedField Real Real.instRCLike))))))
                    (@DivisionSemiring.toSemiring Real
                      (@Semifield.toDivisionSemiring Real
                        (@Field.toSemifield Real
                          (@NormedField.toField Real
                            (@DenselyNormedField.toNormedField Real
                              (@RCLike.toDenselyNormedField Real Real.instRCLike))))))
                    (@RingHom.id Real
                      (@Semiring.toNonAssocSemiring Real
                        (@DivisionSemiring.toSemiring Real
                          (@Semifield.toDivisionSemiring Real
                            (@Field.toSemifield Real
                              (@NormedField.toField Real
                                (@DenselyNormedField.toNormedField Real
                                  (@RCLike.toDenselyNormedField Real Real.instRCLike))))))))
                    (↥(@Lp E Real inst_3 Real.normedAddCommGroup
                        (@OfNat.ofNat ENNReal (nat_lit 2)
                          (@instOfNatAtLeastTwo ENNReal (nat_lit 2)
                            (@AddMonoidWithOne.toNatCast ENNReal
                              (@AddCommMonoidWithOne.toAddMonoidWithOne ENNReal ENNReal.instAddCommMonoidWithOne))
                            original_signature0._proof_1))
                        ν))
                    (@UniformSpace.toTopologicalSpace
                      (↥(@Lp E Real inst_3 Real.normedAddCommGroup
                          (@OfNat.ofNat ENNReal (nat_lit 2)
                            (@instOfNatAtLeastTwo ENNReal (nat_lit 2)
                              (@AddMonoidWithOne.toNatCast ENNReal
                                (@AddCommMonoidWithOne.toAddMonoidWithOne ENNReal ENNReal.instAddCommMonoidWithOne))
                              original_signature0._proof_1))
                          ν))
                      (@PseudoMetricSpace.toUniformSpace
                        (↥(@Lp E Real inst_3 Real.normedAddCommGroup
                            (@OfNat.ofNat ENNReal (nat_lit 2)
                              (@instOfNatAtLeastTwo ENNReal (nat_lit 2)
                                (@AddMonoidWithOne.toNatCast ENNReal
                                  (@AddCommMonoidWithOne.toAddMonoidWithOne ENNReal ENNReal.instAddCommMonoidWithOne))
                                original_signature0._proof_1))
                            ν))
                        (@SeminormedAddCommGroup.toPseudoMetricSpace
                          (↥(@Lp E Real inst_3 Real.normedAddCommGroup
                              (@OfNat.ofNat ENNReal (nat_lit 2)
                                (@instOfNatAtLeastTwo ENNReal (nat_lit 2)
                                  (@AddMonoidWithOne.toNatCast ENNReal
                                    (@AddCommMonoidWithOne.toAddMonoidWithOne ENNReal ENNReal.instAddCommMonoidWithOne))
                                  original_signature0._proof_1))
                              ν))
                          (@NormedAddCommGroup.toSeminormedAddCommGroup
                            (↥(@Lp E Real inst_3 Real.normedAddCommGroup
                                (@OfNat.ofNat ENNReal (nat_lit 2)
                                  (@instOfNatAtLeastTwo ENNReal (nat_lit 2)
                                    (@AddMonoidWithOne.toNatCast ENNReal
                                      (@AddCommMonoidWithOne.toAddMonoidWithOne ENNReal
                                        ENNReal.instAddCommMonoidWithOne))
                                    original_signature0._proof_1))
                                ν))
                            (@Lp.instNormedAddCommGroup E Real inst_3
                              (@OfNat.ofNat ENNReal (nat_lit 2)
                                (@instOfNatAtLeastTwo ENNReal (nat_lit 2)
                                  (@AddMonoidWithOne.toNatCast ENNReal
                                    (@AddCommMonoidWithOne.toAddMonoidWithOne ENNReal ENNReal.instAddCommMonoidWithOne))
                                  original_signature0._proof_1))
                              ν Real.normedAddCommGroup fact_one_le_two_ennreal)))))
                    (@AddCommGroup.toAddCommMonoid
                      (↥(@Lp E Real inst_3 Real.normedAddCommGroup
                          (@OfNat.ofNat ENNReal (nat_lit 2)
                            (@instOfNatAtLeastTwo ENNReal (nat_lit 2)
                              (@AddMonoidWithOne.toNatCast ENNReal
                                (@AddCommMonoidWithOne.toAddMonoidWithOne ENNReal ENNReal.instAddCommMonoidWithOne))
                              original_signature0._proof_1))
                          ν))
                      (@SeminormedAddCommGroup.toAddCommGroup
                        (↥(@Lp E Real inst_3 Real.normedAddCommGroup
                            (@OfNat.ofNat ENNReal (nat_lit 2)
                              (@instOfNatAtLeastTwo ENNReal (nat_lit 2)
                                (@AddMonoidWithOne.toNatCast ENNReal
                                  (@AddCommMonoidWithOne.toAddMonoidWithOne ENNReal ENNReal.instAddCommMonoidWithOne))
                                original_signature0._proof_1))
                            ν))
                        (@NormedAddCommGroup.toSeminormedAddCommGroup
                          (↥(@Lp E Real inst_3 Real.normedAddCommGroup
                              (@OfNat.ofNat ENNReal (nat_lit 2)
                                (@instOfNatAtLeastTwo ENNReal (nat_lit 2)
                                  (@AddMonoidWithOne.toNatCast ENNReal
                                    (@AddCommMonoidWithOne.toAddMonoidWithOne ENNReal ENNReal.instAddCommMonoidWithOne))
                                  original_signature0._proof_1))
                              ν))
                          (@Lp.instNormedAddCommGroup E Real inst_3
                            (@OfNat.ofNat ENNReal (nat_lit 2)
                              (@instOfNatAtLeastTwo ENNReal (nat_lit 2)
                                (@AddMonoidWithOne.toNatCast ENNReal
                                  (@AddCommMonoidWithOne.toAddMonoidWithOne ENNReal ENNReal.instAddCommMonoidWithOne))
                                original_signature0._proof_1))
                            ν Real.normedAddCommGroup fact_one_le_two_ennreal))))
                    Real
                    (@UniformSpace.toTopologicalSpace Real
                      (@PseudoMetricSpace.toUniformSpace Real
                        (@SeminormedRing.toPseudoMetricSpace Real
                          (@SeminormedCommRing.toSeminormedRing Real
                            (@NormedCommRing.toSeminormedCommRing Real
                              (@NormedField.toNormedCommRing Real
                                (@DenselyNormedField.toNormedField Real
                                  (@RCLike.toDenselyNormedField Real Real.instRCLike))))))))
                    (@Semiring.toAddCommMonoid Real
                      (@DivisionSemiring.toSemiring Real
                        (@Semifield.toDivisionSemiring Real
                          (@Field.toSemifield Real
                            (@NormedField.toField Real
                              (@DenselyNormedField.toNormedField Real
                                (@RCLike.toDenselyNormedField Real Real.instRCLike)))))))
                    (@NormedSpace.toModule Real
                      (↥(@Lp E Real inst_3 Real.normedAddCommGroup
                          (@OfNat.ofNat ENNReal (nat_lit 2)
                            (@instOfNatAtLeastTwo ENNReal (nat_lit 2)
                              (@AddMonoidWithOne.toNatCast ENNReal
                                (@AddCommMonoidWithOne.toAddMonoidWithOne ENNReal ENNReal.instAddCommMonoidWithOne))
                              original_signature0._proof_1))
                          ν))
                      (@DenselyNormedField.toNormedField Real (@RCLike.toDenselyNormedField Real Real.instRCLike))
                      (@NormedAddCommGroup.toSeminormedAddCommGroup
                        (↥(@Lp E Real inst_3 Real.normedAddCommGroup
                            (@OfNat.ofNat ENNReal (nat_lit 2)
                              (@instOfNatAtLeastTwo ENNReal (nat_lit 2)
                                (@AddMonoidWithOne.toNatCast ENNReal
                                  (@AddCommMonoidWithOne.toAddMonoidWithOne ENNReal ENNReal.instAddCommMonoidWithOne))
                                original_signature0._proof_1))
                            ν))
                        (@Lp.instNormedAddCommGroup E Real inst_3
                          (@OfNat.ofNat ENNReal (nat_lit 2)
                            (@instOfNatAtLeastTwo ENNReal (nat_lit 2)
                              (@AddMonoidWithOne.toNatCast ENNReal
                                (@AddCommMonoidWithOne.toAddMonoidWithOne ENNReal ENNReal.instAddCommMonoidWithOne))
                              original_signature0._proof_1))
                          ν Real.normedAddCommGroup fact_one_le_two_ennreal))
                      (@InnerProductSpace.toNormedSpace Real
                        (↥(@Lp E Real inst_3 Real.normedAddCommGroup
                            (@OfNat.ofNat ENNReal (nat_lit 2)
                              (@instOfNatAtLeastTwo ENNReal (nat_lit 2)
                                (@AddMonoidWithOne.toNatCast ENNReal
                                  (@AddCommMonoidWithOne.toAddMonoidWithOne ENNReal ENNReal.instAddCommMonoidWithOne))
                                original_signature0._proof_1))
                            ν))
                        Real.instRCLike
                        (@NormedAddCommGroup.toSeminormedAddCommGroup
                          (↥(@Lp E Real inst_3 Real.normedAddCommGroup
                              (@OfNat.ofNat ENNReal (nat_lit 2)
                                (@instOfNatAtLeastTwo ENNReal (nat_lit 2)
                                  (@AddMonoidWithOne.toNatCast ENNReal
                                    (@AddCommMonoidWithOne.toAddMonoidWithOne ENNReal ENNReal.instAddCommMonoidWithOne))
                                  original_signature0._proof_1))
                              ν))
                          (@Lp.instNormedAddCommGroup E Real inst_3
                            (@OfNat.ofNat ENNReal (nat_lit 2)
                              (@instOfNatAtLeastTwo ENNReal (nat_lit 2)
                                (@AddMonoidWithOne.toNatCast ENNReal
                                  (@AddCommMonoidWithOne.toAddMonoidWithOne ENNReal ENNReal.instAddCommMonoidWithOne))
                                original_signature0._proof_1))
                            ν Real.normedAddCommGroup fact_one_le_two_ennreal))
                        (@L2.innerProductSpace E Real Real Real.instRCLike inst_3 ν Real.normedAddCommGroup
                          (@RCLike.toInnerProductSpaceReal Real Real.instRCLike))))
                    (@Semiring.toModule Real
                      (@DivisionSemiring.toSemiring Real
                        (@Semifield.toDivisionSemiring Real
                          (@Field.toSemifield Real
                            (@NormedField.toField Real
                              (@DenselyNormedField.toNormedField Real
                                (@RCLike.toDenselyNormedField Real Real.instRCLike)))))))
                    (@DFunLike.coe
                      (@ContinuousLinearMap Real Real
                        (@DivisionSemiring.toSemiring Real
                          (@Semifield.toDivisionSemiring Real
                            (@Field.toSemifield Real
                              (@NormedField.toField Real
                                (@DenselyNormedField.toNormedField Real
                                  (@RCLike.toDenselyNormedField Real Real.instRCLike))))))
                        (@DivisionSemiring.toSemiring Real
                          (@Semifield.toDivisionSemiring Real
                            (@Field.toSemifield Real
                              (@NormedField.toField Real
                                (@DenselyNormedField.toNormedField Real
                                  (@RCLike.toDenselyNormedField Real Real.instRCLike))))))
                        (@starRingEnd Real
                          (@Semifield.toCommSemiring Real
                            (@Field.toSemifield Real
                              (@NormedField.toField Real
                                (@DenselyNormedField.toNormedField Real
                                  (@RCLike.toDenselyNormedField Real Real.instRCLike)))))
                          (@RCLike.toStarRing Real Real.instRCLike))
                        (↥(@Lp E Real inst_3 Real.normedAddCommGroup
                            (@OfNat.ofNat ENNReal (nat_lit 2)
                              (@instOfNatAtLeastTwo ENNReal (nat_lit 2)
                                (@AddMonoidWithOne.toNatCast ENNReal
                                  (@AddCommMonoidWithOne.toAddMonoidWithOne ENNReal ENNReal.instAddCommMonoidWithOne))
                                original_signature0._proof_1))
                            ν))
                        (@UniformSpace.toTopologicalSpace
                          (↥(@Lp E Real inst_3 Real.normedAddCommGroup
                              (@OfNat.ofNat ENNReal (nat_lit 2)
                                (@instOfNatAtLeastTwo ENNReal (nat_lit 2)
                                  (@AddMonoidWithOne.toNatCast ENNReal
                                    (@AddCommMonoidWithOne.toAddMonoidWithOne ENNReal ENNReal.instAddCommMonoidWithOne))
                                  original_signature0._proof_1))
                              ν))
                          (@PseudoMetricSpace.toUniformSpace
                            (↥(@Lp E Real inst_3 Real.normedAddCommGroup
                                (@OfNat.ofNat ENNReal (nat_lit 2)
                                  (@instOfNatAtLeastTwo ENNReal (nat_lit 2)
                                    (@AddMonoidWithOne.toNatCast ENNReal
                                      (@AddCommMonoidWithOne.toAddMonoidWithOne ENNReal
                                        ENNReal.instAddCommMonoidWithOne))
                                    original_signature0._proof_1))
                                ν))
                            (@SeminormedAddCommGroup.toPseudoMetricSpace
                              (↥(@Lp E Real inst_3 Real.normedAddCommGroup
                                  (@OfNat.ofNat ENNReal (nat_lit 2)
                                    (@instOfNatAtLeastTwo ENNReal (nat_lit 2)
                                      (@AddMonoidWithOne.toNatCast ENNReal
                                        (@AddCommMonoidWithOne.toAddMonoidWithOne ENNReal
                                          ENNReal.instAddCommMonoidWithOne))
                                      original_signature0._proof_1))
                                  ν))
                              (@NormedAddCommGroup.toSeminormedAddCommGroup
                                (↥(@Lp E Real inst_3 Real.normedAddCommGroup
                                    (@OfNat.ofNat ENNReal (nat_lit 2)
                                      (@instOfNatAtLeastTwo ENNReal (nat_lit 2)
                                        (@AddMonoidWithOne.toNatCast ENNReal
                                          (@AddCommMonoidWithOne.toAddMonoidWithOne ENNReal
                                            ENNReal.instAddCommMonoidWithOne))
                                        original_signature0._proof_1))
                                    ν))
                                (@Lp.instNormedAddCommGroup E Real inst_3
                                  (@OfNat.ofNat ENNReal (nat_lit 2)
                                    (@instOfNatAtLeastTwo ENNReal (nat_lit 2)
                                      (@AddMonoidWithOne.toNatCast ENNReal
                                        (@AddCommMonoidWithOne.toAddMonoidWithOne ENNReal
                                          ENNReal.instAddCommMonoidWithOne))
                                      original_signature0._proof_1))
                                  ν Real.normedAddCommGroup fact_one_le_two_ennreal)))))
                        (@AddCommGroup.toAddCommMonoid
                          (↥(@Lp E Real inst_3 Real.normedAddCommGroup
                              (@OfNat.ofNat ENNReal (nat_lit 2)
                                (@instOfNatAtLeastTwo ENNReal (nat_lit 2)
                                  (@AddMonoidWithOne.toNatCast ENNReal
                                    (@AddCommMonoidWithOne.toAddMonoidWithOne ENNReal ENNReal.instAddCommMonoidWithOne))
                                  original_signature0._proof_1))
                              ν))
                          (@SeminormedAddCommGroup.toAddCommGroup
                            (↥(@Lp E Real inst_3 Real.normedAddCommGroup
                                (@OfNat.ofNat ENNReal (nat_lit 2)
                                  (@instOfNatAtLeastTwo ENNReal (nat_lit 2)
                                    (@AddMonoidWithOne.toNatCast ENNReal
                                      (@AddCommMonoidWithOne.toAddMonoidWithOne ENNReal
                                        ENNReal.instAddCommMonoidWithOne))
                                    original_signature0._proof_1))
                                ν))
                            (@NormedAddCommGroup.toSeminormedAddCommGroup
                              (↥(@Lp E Real inst_3 Real.normedAddCommGroup
                                  (@OfNat.ofNat ENNReal (nat_lit 2)
                                    (@instOfNatAtLeastTwo ENNReal (nat_lit 2)
                                      (@AddMonoidWithOne.toNatCast ENNReal
                                        (@AddCommMonoidWithOne.toAddMonoidWithOne ENNReal
                                          ENNReal.instAddCommMonoidWithOne))
                                      original_signature0._proof_1))
                                  ν))
                              (@Lp.instNormedAddCommGroup E Real inst_3
                                (@OfNat.ofNat ENNReal (nat_lit 2)
                                  (@instOfNatAtLeastTwo ENNReal (nat_lit 2)
                                    (@AddMonoidWithOne.toNatCast ENNReal
                                      (@AddCommMonoidWithOne.toAddMonoidWithOne ENNReal
                                        ENNReal.instAddCommMonoidWithOne))
                                    original_signature0._proof_1))
                                ν Real.normedAddCommGroup fact_one_le_two_ennreal))))
                        (@ContinuousLinearMap Real Real
                          (@DivisionSemiring.toSemiring Real
                            (@Semifield.toDivisionSemiring Real
                              (@Field.toSemifield Real
                                (@NormedField.toField Real
                                  (@DenselyNormedField.toNormedField Real
                                    (@RCLike.toDenselyNormedField Real Real.instRCLike))))))
                          (@DivisionSemiring.toSemiring Real
                            (@Semifield.toDivisionSemiring Real
                              (@Field.toSemifield Real
                                (@NormedField.toField Real
                                  (@DenselyNormedField.toNormedField Real
                                    (@RCLike.toDenselyNormedField Real Real.instRCLike))))))
                          (@RingHom.id Real
                            (@Semiring.toNonAssocSemiring Real
                              (@DivisionSemiring.toSemiring Real
                                (@Semifield.toDivisionSemiring Real
                                  (@Field.toSemifield Real
                                    (@NormedField.toField Real
                                      (@DenselyNormedField.toNormedField Real
                                        (@RCLike.toDenselyNormedField Real Real.instRCLike))))))))
                          (↥(@Lp E Real inst_3 Real.normedAddCommGroup
                              (@OfNat.ofNat ENNReal (nat_lit 2)
                                (@instOfNatAtLeastTwo ENNReal (nat_lit 2)
                                  (@AddMonoidWithOne.toNatCast ENNReal
                                    (@AddCommMonoidWithOne.toAddMonoidWithOne ENNReal ENNReal.instAddCommMonoidWithOne))
                                  original_signature0._proof_1))
                              ν))
                          (@UniformSpace.toTopologicalSpace
                            (↥(@Lp E Real inst_3 Real.normedAddCommGroup
                                (@OfNat.ofNat ENNReal (nat_lit 2)
                                  (@instOfNatAtLeastTwo ENNReal (nat_lit 2)
                                    (@AddMonoidWithOne.toNatCast ENNReal
                                      (@AddCommMonoidWithOne.toAddMonoidWithOne ENNReal
                                        ENNReal.instAddCommMonoidWithOne))
                                    original_signature0._proof_1))
                                ν))
                            (@PseudoMetricSpace.toUniformSpace
                              (↥(@Lp E Real inst_3 Real.normedAddCommGroup
                                  (@OfNat.ofNat ENNReal (nat_lit 2)
                                    (@instOfNatAtLeastTwo ENNReal (nat_lit 2)
                                      (@AddMonoidWithOne.toNatCast ENNReal
                                        (@AddCommMonoidWithOne.toAddMonoidWithOne ENNReal
                                          ENNReal.instAddCommMonoidWithOne))
                                      original_signature0._proof_1))
                                  ν))
                              (@SeminormedAddCommGroup.toPseudoMetricSpace
                                (↥(@Lp E Real inst_3 Real.normedAddCommGroup
                                    (@OfNat.ofNat ENNReal (nat_lit 2)
                                      (@instOfNatAtLeastTwo ENNReal (nat_lit 2)
                                        (@AddMonoidWithOne.toNatCast ENNReal
                                          (@AddCommMonoidWithOne.toAddMonoidWithOne ENNReal
                                            ENNReal.instAddCommMonoidWithOne))
                                        original_signature0._proof_1))
                                    ν))
                                (@NormedAddCommGroup.toSeminormedAddCommGroup
                                  (↥(@Lp E Real inst_3 Real.normedAddCommGroup
                                      (@OfNat.ofNat ENNReal (nat_lit 2)
                                        (@instOfNatAtLeastTwo ENNReal (nat_lit 2)
                                          (@AddMonoidWithOne.toNatCast ENNReal
                                            (@AddCommMonoidWithOne.toAddMonoidWithOne ENNReal
                                              ENNReal.instAddCommMonoidWithOne))
                                          original_signature0._proof_1))
                                      ν))
                                  (@Lp.instNormedAddCommGroup E Real inst_3
                                    (@OfNat.ofNat ENNReal (nat_lit 2)
                                      (@instOfNatAtLeastTwo ENNReal (nat_lit 2)
                                        (@AddMonoidWithOne.toNatCast ENNReal
                                          (@AddCommMonoidWithOne.toAddMonoidWithOne ENNReal
                                            ENNReal.instAddCommMonoidWithOne))
                                        original_signature0._proof_1))
                                    ν Real.normedAddCommGroup fact_one_le_two_ennreal)))))
                          (@AddCommGroup.toAddCommMonoid
                            (↥(@Lp E Real inst_3 Real.normedAddCommGroup
                                (@OfNat.ofNat ENNReal (nat_lit 2)
                                  (@instOfNatAtLeastTwo ENNReal (nat_lit 2)
                                    (@AddMonoidWithOne.toNatCast ENNReal
                                      (@AddCommMonoidWithOne.toAddMonoidWithOne ENNReal
                                        ENNReal.instAddCommMonoidWithOne))
                                    original_signature0._proof_1))
                                ν))
                            (@SeminormedAddCommGroup.toAddCommGroup
                              (↥(@Lp E Real inst_3 Real.normedAddCommGroup
                                  (@OfNat.ofNat ENNReal (nat_lit 2)
                                    (@instOfNatAtLeastTwo ENNReal (nat_lit 2)
                                      (@AddMonoidWithOne.toNatCast ENNReal
                                        (@AddCommMonoidWithOne.toAddMonoidWithOne ENNReal
                                          ENNReal.instAddCommMonoidWithOne))
                                      original_signature0._proof_1))
                                  ν))
                              (@NormedAddCommGroup.toSeminormedAddCommGroup
                                (↥(@Lp E Real inst_3 Real.normedAddCommGroup
                                    (@OfNat.ofNat ENNReal (nat_lit 2)
                                      (@instOfNatAtLeastTwo ENNReal (nat_lit 2)
                                        (@AddMonoidWithOne.toNatCast ENNReal
                                          (@AddCommMonoidWithOne.toAddMonoidWithOne ENNReal
                                            ENNReal.instAddCommMonoidWithOne))
                                        original_signature0._proof_1))
                                    ν))
                                (@Lp.instNormedAddCommGroup E Real inst_3
                                  (@OfNat.ofNat ENNReal (nat_lit 2)
                                    (@instOfNatAtLeastTwo ENNReal (nat_lit 2)
                                      (@AddMonoidWithOne.toNatCast ENNReal
                                        (@AddCommMonoidWithOne.toAddMonoidWithOne ENNReal
                                          ENNReal.instAddCommMonoidWithOne))
                                      original_signature0._proof_1))
                                  ν Real.normedAddCommGroup fact_one_le_two_ennreal))))
                          Real
                          (@UniformSpace.toTopologicalSpace Real
                            (@PseudoMetricSpace.toUniformSpace Real
                              (@SeminormedRing.toPseudoMetricSpace Real
                                (@SeminormedCommRing.toSeminormedRing Real
                                  (@NormedCommRing.toSeminormedCommRing Real
                                    (@NormedField.toNormedCommRing Real
                                      (@DenselyNormedField.toNormedField Real
                                        (@RCLike.toDenselyNormedField Real Real.instRCLike))))))))
                          (@Semiring.toAddCommMonoid Real
                            (@DivisionSemiring.toSemiring Real
                              (@Semifield.toDivisionSemiring Real
                                (@Field.toSemifield Real
                                  (@NormedField.toField Real
                                    (@DenselyNormedField.toNormedField Real
                                      (@RCLike.toDenselyNormedField Real Real.instRCLike)))))))
                          (@NormedSpace.toModule Real
                            (↥(@Lp E Real inst_3 Real.normedAddCommGroup
                                (@OfNat.ofNat ENNReal (nat_lit 2)
                                  (@instOfNatAtLeastTwo ENNReal (nat_lit 2)
                                    (@AddMonoidWithOne.toNatCast ENNReal
                                      (@AddCommMonoidWithOne.toAddMonoidWithOne ENNReal
                                        ENNReal.instAddCommMonoidWithOne))
                                    original_signature0._proof_1))
                                ν))
                            (@DenselyNormedField.toNormedField Real (@RCLike.toDenselyNormedField Real Real.instRCLike))
                            (@NormedAddCommGroup.toSeminormedAddCommGroup
                              (↥(@Lp E Real inst_3 Real.normedAddCommGroup
                                  (@OfNat.ofNat ENNReal (nat_lit 2)
                                    (@instOfNatAtLeastTwo ENNReal (nat_lit 2)
                                      (@AddMonoidWithOne.toNatCast ENNReal
                                        (@AddCommMonoidWithOne.toAddMonoidWithOne ENNReal
                                          ENNReal.instAddCommMonoidWithOne))
                                      original_signature0._proof_1))
                                  ν))
                              (@Lp.instNormedAddCommGroup E Real inst_3
                                (@OfNat.ofNat ENNReal (nat_lit 2)
                                  (@instOfNatAtLeastTwo ENNReal (nat_lit 2)
                                    (@AddMonoidWithOne.toNatCast ENNReal
                                      (@AddCommMonoidWithOne.toAddMonoidWithOne ENNReal
                                        ENNReal.instAddCommMonoidWithOne))
                                    original_signature0._proof_1))
                                ν Real.normedAddCommGroup fact_one_le_two_ennreal))
                            (@InnerProductSpace.toNormedSpace Real
                              (↥(@Lp E Real inst_3 Real.normedAddCommGroup
                                  (@OfNat.ofNat ENNReal (nat_lit 2)
                                    (@instOfNatAtLeastTwo ENNReal (nat_lit 2)
                                      (@AddMonoidWithOne.toNatCast ENNReal
                                        (@AddCommMonoidWithOne.toAddMonoidWithOne ENNReal
                                          ENNReal.instAddCommMonoidWithOne))
                                      original_signature0._proof_1))
                                  ν))
                              Real.instRCLike
                              (@NormedAddCommGroup.toSeminormedAddCommGroup
                                (↥(@Lp E Real inst_3 Real.normedAddCommGroup
                                    (@OfNat.ofNat ENNReal (nat_lit 2)
                                      (@instOfNatAtLeastTwo ENNReal (nat_lit 2)
                                        (@AddMonoidWithOne.toNatCast ENNReal
                                          (@AddCommMonoidWithOne.toAddMonoidWithOne ENNReal
                                            ENNReal.instAddCommMonoidWithOne))
                                        original_signature0._proof_1))
                                    ν))
                                (@Lp.instNormedAddCommGroup E Real inst_3
                                  (@OfNat.ofNat ENNReal (nat_lit 2)
                                    (@instOfNatAtLeastTwo ENNReal (nat_lit 2)
                                      (@AddMonoidWithOne.toNatCast ENNReal
                                        (@AddCommMonoidWithOne.toAddMonoidWithOne ENNReal
                                          ENNReal.instAddCommMonoidWithOne))
                                      original_signature0._proof_1))
                                  ν Real.normedAddCommGroup fact_one_le_two_ennreal))
                              (@L2.innerProductSpace E Real Real Real.instRCLike inst_3 ν Real.normedAddCommGroup
                                (@RCLike.toInnerProductSpaceReal Real Real.instRCLike))))
                          (@Semiring.toModule Real
                            (@DivisionSemiring.toSemiring Real
                              (@Semifield.toDivisionSemiring Real
                                (@Field.toSemifield Real
                                  (@NormedField.toField Real
                                    (@DenselyNormedField.toNormedField Real
                                      (@RCLike.toDenselyNormedField Real Real.instRCLike))))))))
                        (@ContinuousLinearMap.topologicalSpace Real Real
                          (@DenselyNormedField.toNormedField Real (@RCLike.toDenselyNormedField Real Real.instRCLike))
                          (@DenselyNormedField.toNormedField Real (@RCLike.toDenselyNormedField Real Real.instRCLike))
                          (@RingHom.id Real
                            (@Semiring.toNonAssocSemiring Real
                              (@DivisionSemiring.toSemiring Real
                                (@Semifield.toDivisionSemiring Real
                                  (@Field.toSemifield Real
                                    (@NormedField.toField Real
                                      (@DenselyNormedField.toNormedField Real
                                        (@RCLike.toDenselyNormedField Real Real.instRCLike))))))))
                          (↥(@Lp E Real inst_3 Real.normedAddCommGroup
                              (@OfNat.ofNat ENNReal (nat_lit 2)
                                (@instOfNatAtLeastTwo ENNReal (nat_lit 2)
                                  (@AddMonoidWithOne.toNatCast ENNReal
                                    (@AddCommMonoidWithOne.toAddMonoidWithOne ENNReal ENNReal.instAddCommMonoidWithOne))
                                  original_signature0._proof_1))
                              ν))
                          Real
                          (@SeminormedAddCommGroup.toAddCommGroup
                            (↥(@Lp E Real inst_3 Real.normedAddCommGroup
                                (@OfNat.ofNat ENNReal (nat_lit 2)
                                  (@instOfNatAtLeastTwo ENNReal (nat_lit 2)
                                    (@AddMonoidWithOne.toNatCast ENNReal
                                      (@AddCommMonoidWithOne.toAddMonoidWithOne ENNReal
                                        ENNReal.instAddCommMonoidWithOne))
                                    original_signature0._proof_1))
                                ν))
                            (@NormedAddCommGroup.toSeminormedAddCommGroup
                              (↥(@Lp E Real inst_3 Real.normedAddCommGroup
                                  (@OfNat.ofNat ENNReal (nat_lit 2)
                                    (@instOfNatAtLeastTwo ENNReal (nat_lit 2)
                                      (@AddMonoidWithOne.toNatCast ENNReal
                                        (@AddCommMonoidWithOne.toAddMonoidWithOne ENNReal
                                          ENNReal.instAddCommMonoidWithOne))
                                      original_signature0._proof_1))
                                  ν))
                              (@Lp.instNormedAddCommGroup E Real inst_3
                                (@OfNat.ofNat ENNReal (nat_lit 2)
                                  (@instOfNatAtLeastTwo ENNReal (nat_lit 2)
                                    (@AddMonoidWithOne.toNatCast ENNReal
                                      (@AddCommMonoidWithOne.toAddMonoidWithOne ENNReal
                                        ENNReal.instAddCommMonoidWithOne))
                                    original_signature0._proof_1))
                                ν Real.normedAddCommGroup fact_one_le_two_ennreal)))
                          (@NormedSpace.toModule Real
                            (↥(@Lp E Real inst_3 Real.normedAddCommGroup
                                (@OfNat.ofNat ENNReal (nat_lit 2)
                                  (@instOfNatAtLeastTwo ENNReal (nat_lit 2)
                                    (@AddMonoidWithOne.toNatCast ENNReal
                                      (@AddCommMonoidWithOne.toAddMonoidWithOne ENNReal
                                        ENNReal.instAddCommMonoidWithOne))
                                    original_signature0._proof_1))
                                ν))
                            (@DenselyNormedField.toNormedField Real (@RCLike.toDenselyNormedField Real Real.instRCLike))
                            (@NormedAddCommGroup.toSeminormedAddCommGroup
                              (↥(@Lp E Real inst_3 Real.normedAddCommGroup
                                  (@OfNat.ofNat ENNReal (nat_lit 2)
                                    (@instOfNatAtLeastTwo ENNReal (nat_lit 2)
                                      (@AddMonoidWithOne.toNatCast ENNReal
                                        (@AddCommMonoidWithOne.toAddMonoidWithOne ENNReal
                                          ENNReal.instAddCommMonoidWithOne))
                                      original_signature0._proof_1))
                                  ν))
                              (@Lp.instNormedAddCommGroup E Real inst_3
                                (@OfNat.ofNat ENNReal (nat_lit 2)
                                  (@instOfNatAtLeastTwo ENNReal (nat_lit 2)
                                    (@AddMonoidWithOne.toNatCast ENNReal
                                      (@AddCommMonoidWithOne.toAddMonoidWithOne ENNReal
                                        ENNReal.instAddCommMonoidWithOne))
                                    original_signature0._proof_1))
                                ν Real.normedAddCommGroup fact_one_le_two_ennreal))
                            (@InnerProductSpace.toNormedSpace Real
                              (↥(@Lp E Real inst_3 Real.normedAddCommGroup
                                  (@OfNat.ofNat ENNReal (nat_lit 2)
                                    (@instOfNatAtLeastTwo ENNReal (nat_lit 2)
                                      (@AddMonoidWithOne.toNatCast ENNReal
                                        (@AddCommMonoidWithOne.toAddMonoidWithOne ENNReal
                                          ENNReal.instAddCommMonoidWithOne))
                                      original_signature0._proof_1))
                                  ν))
                              Real.instRCLike
                              (@NormedAddCommGroup.toSeminormedAddCommGroup
                                (↥(@Lp E Real inst_3 Real.normedAddCommGroup
                                    (@OfNat.ofNat ENNReal (nat_lit 2)
                                      (@instOfNatAtLeastTwo ENNReal (nat_lit 2)
                                        (@AddMonoidWithOne.toNatCast ENNReal
                                          (@AddCommMonoidWithOne.toAddMonoidWithOne ENNReal
                                            ENNReal.instAddCommMonoidWithOne))
                                        original_signature0._proof_1))
                                    ν))
                                (@Lp.instNormedAddCommGroup E Real inst_3
                                  (@OfNat.ofNat ENNReal (nat_lit 2)
                                    (@instOfNatAtLeastTwo ENNReal (nat_lit 2)
                                      (@AddMonoidWithOne.toNatCast ENNReal
                                        (@AddCommMonoidWithOne.toAddMonoidWithOne ENNReal
                                          ENNReal.instAddCommMonoidWithOne))
                                      original_signature0._proof_1))
                                  ν Real.normedAddCommGroup fact_one_le_two_ennreal))
                              (@L2.innerProductSpace E Real Real Real.instRCLike inst_3 ν Real.normedAddCommGroup
                                (@RCLike.toInnerProductSpaceReal Real Real.instRCLike))))
                          (@Ring.toAddCommGroup Real
                            (@DivisionRing.toRing Real
                              (@Field.toDivisionRing Real
                                (@NormedField.toField Real
                                  (@DenselyNormedField.toNormedField Real
                                    (@RCLike.toDenselyNormedField Real Real.instRCLike))))))
                          (@Semiring.toModule Real
                            (@DivisionSemiring.toSemiring Real
                              (@Semifield.toDivisionSemiring Real
                                (@Field.toSemifield Real
                                  (@NormedField.toField Real
                                    (@DenselyNormedField.toNormedField Real
                                      (@RCLike.toDenselyNormedField Real Real.instRCLike)))))))
                          (@UniformSpace.toTopologicalSpace
                            (↥(@Lp E Real inst_3 Real.normedAddCommGroup
                                (@OfNat.ofNat ENNReal (nat_lit 2)
                                  (@instOfNatAtLeastTwo ENNReal (nat_lit 2)
                                    (@AddMonoidWithOne.toNatCast ENNReal
                                      (@AddCommMonoidWithOne.toAddMonoidWithOne ENNReal
                                        ENNReal.instAddCommMonoidWithOne))
                                    original_signature0._proof_1))
                                ν))
                            (@PseudoMetricSpace.toUniformSpace
                              (↥(@Lp E Real inst_3 Real.normedAddCommGroup
                                  (@OfNat.ofNat ENNReal (nat_lit 2)
                                    (@instOfNatAtLeastTwo ENNReal (nat_lit 2)
                                      (@AddMonoidWithOne.toNatCast ENNReal
                                        (@AddCommMonoidWithOne.toAddMonoidWithOne ENNReal
                                          ENNReal.instAddCommMonoidWithOne))
                                      original_signature0._proof_1))
                                  ν))
                              (@SeminormedAddCommGroup.toPseudoMetricSpace
                                (↥(@Lp E Real inst_3 Real.normedAddCommGroup
                                    (@OfNat.ofNat ENNReal (nat_lit 2)
                                      (@instOfNatAtLeastTwo ENNReal (nat_lit 2)
                                        (@AddMonoidWithOne.toNatCast ENNReal
                                          (@AddCommMonoidWithOne.toAddMonoidWithOne ENNReal
                                            ENNReal.instAddCommMonoidWithOne))
                                        original_signature0._proof_1))
                                    ν))
                                (@NormedAddCommGroup.toSeminormedAddCommGroup
                                  (↥(@Lp E Real inst_3 Real.normedAddCommGroup
                                      (@OfNat.ofNat ENNReal (nat_lit 2)
                                        (@instOfNatAtLeastTwo ENNReal (nat_lit 2)
                                          (@AddMonoidWithOne.toNatCast ENNReal
                                            (@AddCommMonoidWithOne.toAddMonoidWithOne ENNReal
                                              ENNReal.instAddCommMonoidWithOne))
                                          original_signature0._proof_1))
                                      ν))
                                  (@Lp.instNormedAddCommGroup E Real inst_3
                                    (@OfNat.ofNat ENNReal (nat_lit 2)
                                      (@instOfNatAtLeastTwo ENNReal (nat_lit 2)
                                        (@AddMonoidWithOne.toNatCast ENNReal
                                          (@AddCommMonoidWithOne.toAddMonoidWithOne ENNReal
                                            ENNReal.instAddCommMonoidWithOne))
                                        original_signature0._proof_1))
                                    ν Real.normedAddCommGroup fact_one_le_two_ennreal)))))
                          (@UniformSpace.toTopologicalSpace Real
                            (@PseudoMetricSpace.toUniformSpace Real
                              (@SeminormedRing.toPseudoMetricSpace Real
                                (@SeminormedCommRing.toSeminormedRing Real
                                  (@NormedCommRing.toSeminormedCommRing Real
                                    (@NormedField.toNormedCommRing Real
                                      (@DenselyNormedField.toNormedField Real
                                        (@RCLike.toDenselyNormedField Real Real.instRCLike))))))))
                          original_signature0._proof_13)
                        (@ContinuousLinearMap.addCommMonoid Real Real
                          (@DivisionSemiring.toSemiring Real
                            (@Semifield.toDivisionSemiring Real
                              (@Field.toSemifield Real
                                (@NormedField.toField Real
                                  (@DenselyNormedField.toNormedField Real
                                    (@RCLike.toDenselyNormedField Real Real.instRCLike))))))
                          (@DivisionSemiring.toSemiring Real
                            (@Semifield.toDivisionSemiring Real
                              (@Field.toSemifield Real
                                (@NormedField.toField Real
                                  (@DenselyNormedField.toNormedField Real
                                    (@RCLike.toDenselyNormedField Real Real.instRCLike))))))
                          (@RingHom.id Real
                            (@Semiring.toNonAssocSemiring Real
                              (@DivisionSemiring.toSemiring Real
                                (@Semifield.toDivisionSemiring Real
                                  (@Field.toSemifield Real
                                    (@NormedField.toField Real
                                      (@DenselyNormedField.toNormedField Real
                                        (@RCLike.toDenselyNormedField Real Real.instRCLike))))))))
                          (↥(@Lp E Real inst_3 Real.normedAddCommGroup
                              (@OfNat.ofNat ENNReal (nat_lit 2)
                                (@instOfNatAtLeastTwo ENNReal (nat_lit 2)
                                  (@AddMonoidWithOne.toNatCast ENNReal
                                    (@AddCommMonoidWithOne.toAddMonoidWithOne ENNReal ENNReal.instAddCommMonoidWithOne))
                                  original_signature0._proof_1))
                              ν))
                          (@UniformSpace.toTopologicalSpace
                            (↥(@Lp E Real inst_3 Real.normedAddCommGroup
                                (@OfNat.ofNat ENNReal (nat_lit 2)
                                  (@instOfNatAtLeastTwo ENNReal (nat_lit 2)
                                    (@AddMonoidWithOne.toNatCast ENNReal
                                      (@AddCommMonoidWithOne.toAddMonoidWithOne ENNReal
                                        ENNReal.instAddCommMonoidWithOne))
                                    original_signature0._proof_1))
                                ν))
                            (@PseudoMetricSpace.toUniformSpace
                              (↥(@Lp E Real inst_3 Real.normedAddCommGroup
                                  (@OfNat.ofNat ENNReal (nat_lit 2)
                                    (@instOfNatAtLeastTwo ENNReal (nat_lit 2)
                                      (@AddMonoidWithOne.toNatCast ENNReal
                                        (@AddCommMonoidWithOne.toAddMonoidWithOne ENNReal
                                          ENNReal.instAddCommMonoidWithOne))
                                      original_signature0._proof_1))
                                  ν))
                              (@SeminormedAddCommGroup.toPseudoMetricSpace
                                (↥(@Lp E Real inst_3 Real.normedAddCommGroup
                                    (@OfNat.ofNat ENNReal (nat_lit 2)
                                      (@instOfNatAtLeastTwo ENNReal (nat_lit 2)
                                        (@AddMonoidWithOne.toNatCast ENNReal
                                          (@AddCommMonoidWithOne.toAddMonoidWithOne ENNReal
                                            ENNReal.instAddCommMonoidWithOne))
                                        original_signature0._proof_1))
                                    ν))
                                (@NormedAddCommGroup.toSeminormedAddCommGroup
                                  (↥(@Lp E Real inst_3 Real.normedAddCommGroup
                                      (@OfNat.ofNat ENNReal (nat_lit 2)
                                        (@instOfNatAtLeastTwo ENNReal (nat_lit 2)
                                          (@AddMonoidWithOne.toNatCast ENNReal
                                            (@AddCommMonoidWithOne.toAddMonoidWithOne ENNReal
                                              ENNReal.instAddCommMonoidWithOne))
                                          original_signature0._proof_1))
                                      ν))
                                  (@Lp.instNormedAddCommGroup E Real inst_3
                                    (@OfNat.ofNat ENNReal (nat_lit 2)
                                      (@instOfNatAtLeastTwo ENNReal (nat_lit 2)
                                        (@AddMonoidWithOne.toNatCast ENNReal
                                          (@AddCommMonoidWithOne.toAddMonoidWithOne ENNReal
                                            ENNReal.instAddCommMonoidWithOne))
                                        original_signature0._proof_1))
                                    ν Real.normedAddCommGroup fact_one_le_two_ennreal)))))
                          (@AddCommGroup.toAddCommMonoid
                            (↥(@Lp E Real inst_3 Real.normedAddCommGroup
                                (@OfNat.ofNat ENNReal (nat_lit 2)
                                  (@instOfNatAtLeastTwo ENNReal (nat_lit 2)
                                    (@AddMonoidWithOne.toNatCast ENNReal
                                      (@AddCommMonoidWithOne.toAddMonoidWithOne ENNReal
                                        ENNReal.instAddCommMonoidWithOne))
                                    original_signature0._proof_1))
                                ν))
                            (@SeminormedAddCommGroup.toAddCommGroup
                              (↥(@Lp E Real inst_3 Real.normedAddCommGroup
                                  (@OfNat.ofNat ENNReal (nat_lit 2)
                                    (@instOfNatAtLeastTwo ENNReal (nat_lit 2)
                                      (@AddMonoidWithOne.toNatCast ENNReal
                                        (@AddCommMonoidWithOne.toAddMonoidWithOne ENNReal
                                          ENNReal.instAddCommMonoidWithOne))
                                      original_signature0._proof_1))
                                  ν))
                              (@NormedAddCommGroup.toSeminormedAddCommGroup
                                (↥(@Lp E Real inst_3 Real.normedAddCommGroup
                                    (@OfNat.ofNat ENNReal (nat_lit 2)
                                      (@instOfNatAtLeastTwo ENNReal (nat_lit 2)
                                        (@AddMonoidWithOne.toNatCast ENNReal
                                          (@AddCommMonoidWithOne.toAddMonoidWithOne ENNReal
                                            ENNReal.instAddCommMonoidWithOne))
                                        original_signature0._proof_1))
                                    ν))
                                (@Lp.instNormedAddCommGroup E Real inst_3 (@OfNat.ofNat ENNReal (nat_lit 2) ⋯) ⋯ ⋯ ⋯))))
                          ⋯ ⋯ ⋯ ⋯ ⋯ ⋯)
                        ⋯ ⋯)
                      ⋯ ⋯ ⋯ ⋯ ⋯));
              ⋯))))
@ContinuousLinearMap.IsPositive : {𝕜 : Type u_1} →
  {E : Type u_2} →
    [inst : RCLike 𝕜] →
      [inst_1 : NormedAddCommGroup E] →
        [inst_2 : @InnerProductSpace 𝕜 E inst (@NormedAddCommGroup.toSeminormedAddCommGroup E inst_1)] →
          @ContinuousLinearMap 𝕜 𝕜
              (@DivisionSemiring.toSemiring 𝕜
                (@Semifield.toDivisionSemiring 𝕜
                  (@Field.toSemifield 𝕜
                    (@NormedField.toField 𝕜
                      (@DenselyNormedField.toNormedField 𝕜 (@RCLike.toDenselyNormedField 𝕜 inst))))))
              (@DivisionSemiring.toSemiring 𝕜
                (@Semifield.toDivisionSemiring 𝕜
                  (@Field.toSemifield 𝕜
                    (@NormedField.toField 𝕜
                      (@DenselyNormedField.toNormedField 𝕜 (@RCLike.toDenselyNormedField 𝕜 inst))))))
              (@RingHom.id 𝕜
                (@Semiring.toNonAssocSemiring 𝕜
                  (@DivisionSemiring.toSemiring 𝕜
                    (@Semifield.toDivisionSemiring 𝕜
                      (@Field.toSemifield 𝕜
                        (@NormedField.toField 𝕜
                          (@DenselyNormedField.toNormedField 𝕜 (@RCLike.toDenselyNormedField 𝕜 inst))))))))
              E
              (@UniformSpace.toTopologicalSpace E
                (@PseudoMetricSpace.toUniformSpace E
                  (@SeminormedAddCommGroup.toPseudoMetricSpace E
                    (@NormedAddCommGroup.toSeminormedAddCommGroup E inst_1))))
              (@AddCommGroup.toAddCommMonoid E (@NormedAddCommGroup.toAddCommGroup E inst_1)) E
              (@UniformSpace.toTopologicalSpace E
                (@PseudoMetricSpace.toUniformSpace E
                  (@SeminormedAddCommGroup.toPseudoMetricSpace E
                    (@NormedAddCommGroup.toSeminormedAddCommGroup E inst_1))))
              (@AddCommGroup.toAddCommMonoid E (@NormedAddCommGroup.toAddCommGroup E inst_1))
              (@NormedSpace.toModule 𝕜 E (@DenselyNormedField.toNormedField 𝕜 (@RCLike.toDenselyNormedField 𝕜 inst))
                (@NormedAddCommGroup.toSeminormedAddCommGroup E inst_1)
                (@InnerProductSpace.toNormedSpace 𝕜 E inst (@NormedAddCommGroup.toSeminormedAddCommGroup E inst_1)
                  inst_2))
              (@NormedSpace.toModule 𝕜 E (@DenselyNormedField.toNormedField 𝕜 (@RCLike.toDenselyNormedField 𝕜 inst))
                (@NormedAddCommGroup.toSeminormedAddCommGroup E inst_1)
                (@InnerProductSpace.toNormedSpace 𝕜 E inst (@NormedAddCommGroup.toSeminormedAddCommGroup E inst_1)
                  inst_2)) →
            Prop
