Current branch: HEAD
Using cache from origin: (some leanprover-community/mathlib4)
No files to download
Already decompressed 8690 file(s)
⚠ [3749/4024] Replayed AutoSamplingTheory.TechnicalLemmas.FunctionalInequalities.ScaledClosedGraphResolvent
warning: AutoSamplingTheory/TechnicalLemmas/FunctionalInequalities/ScaledClosedGraphResolvent.lean:93:8: automatically included section variable(s) unused in theorem `_private.AutoSamplingTheory.TechnicalLemmas.FunctionalInequalities.ScaledClosedGraphResolvent.0.AutoSamplingTheory.TechnicalLemmas.FunctionalInequalities.ScaledClosedGraphResolvent.scaled_energy_bounds`:
  [CompleteSpace H]
  [CompleteSpace K]
consider restructuring your `variable` declarations so that the variables are not in scope or explicitly omit them:
  omit [CompleteSpace H] [CompleteSpace K] in theorem ...

Note: This linter can be disabled with `set_option linter.unusedSectionVars false`
ℹ [3825/4069] Replayed AutoSamplingTheory.TechnicalLemmas.Measure.L2RealComplexOperator
info: AutoSamplingTheory/TechnicalLemmas/Measure/L2RealComplexOperator.lean:232:0: 'AutoSamplingTheory.TechnicalLemmas.Measure.L2RealComplexOperator.exists_positive_complex_lift' depends on axioms: [propext,
 Classical.choice,
 Quot.sound]
⚠ [3836/4069] Replayed AutoSamplingTheory.TechnicalLemmas.Analysis.HilbertCorrectorPerturbation
warning: AutoSamplingTheory/TechnicalLemmas/Analysis/HilbertCorrectorPerturbation.lean:29:16: `ContinuousLinearMap.mul_apply` has been deprecated: Use `mul_apply_eq_comp` instead

Note: The updated constant is in a different namespace. Dot notation may need to be changed (e.g., from `x.mul_apply` to `mul_apply_eq_comp x`).
warning: AutoSamplingTheory/TechnicalLemmas/Analysis/HilbertCorrectorPerturbation.lean:29:46: `ContinuousLinearMap.one_apply` has been deprecated: Use `one_apply_eq_self` instead

Note: The updated constant is in a different namespace. Dot notation may need to be changed (e.g., from `x.one_apply` to `one_apply_eq_self x`).
warning: AutoSamplingTheory/TechnicalLemmas/Analysis/HilbertCorrectorPerturbation.lean:32:16: `ContinuousLinearMap.add_apply` has been deprecated: Use `add_apply` instead

Note: The updated constant is in a different namespace. Dot notation may need to be changed (e.g., from `x.add_apply` to `add_apply x`).
warning: AutoSamplingTheory/TechnicalLemmas/Analysis/HilbertCorrectorPerturbation.lean:32:46: `ContinuousLinearMap.mul_apply` has been deprecated: Use `mul_apply_eq_comp` instead

Note: The updated constant is in a different namespace. Dot notation may need to be changed (e.g., from `x.mul_apply` to `mul_apply_eq_comp x`).
warning: AutoSamplingTheory/TechnicalLemmas/Analysis/HilbertCorrectorPerturbation.lean:33:6: `ContinuousLinearMap.one_apply` has been deprecated: Use `one_apply_eq_self` instead

Note: The updated constant is in a different namespace. Dot notation may need to be changed (e.g., from `x.one_apply` to `one_apply_eq_self x`).
warning: AutoSamplingTheory/TechnicalLemmas/Analysis/HilbertCorrectorPerturbation.lean:14:32: Variable name `hAInv` is not explicitly referenced.

Hint: The binding can be removed (if unused) or named `_` (if used implicitly). Alternatively, prefix the name with `_` to silence this warning:
  [apply] _hAInv

Note: This linter can be disabled with `set_option linter.unusedVariables false`
warning: AutoSamplingTheory/TechnicalLemmas/Analysis/HilbertCorrectorPerturbation.lean:15:27: Variable name `hGInv` is not explicitly referenced.

Hint: The binding can be removed (if unused) or named `_` (if used implicitly). Alternatively, prefix the name with `_` to silence this warning:
  [apply] _hGInv

Note: This linter can be disabled with `set_option linter.unusedVariables false`
info: AutoSamplingTheory/TechnicalLemmas/Analysis/HilbertCorrectorPerturbation.lean:54:0: 'AutoSamplingTheory.TechnicalLemmas.Analysis.HilbertCorrectorPerturbation.quadratic_corrector_perturbation' depends on axioms: [propext,
 Classical.choice,
 Quot.sound]
⚠ [3837/4069] Replayed AutoSamplingTheory.ExampleCases.ProximalBPS.ActualHarmonicFlow
warning: AutoSamplingTheory/ExampleCases/ProximalBPS/ActualHarmonicFlow.lean:24:5: Variable name `hα` is not explicitly referenced.

Hint: The binding can be removed (if unused) or named `_` (if used implicitly). Alternatively, prefix the name with `_` to silence this warning:
  [apply] _hα

Note: This linter can be disabled with `set_option linter.unusedVariables false`
warning: AutoSamplingTheory/ExampleCases/ProximalBPS/ActualHarmonicFlow.lean:24:24: Variable name `hαβ` is not explicitly referenced.

Hint: The binding can be removed (if unused) or named `_` (if used implicitly). Alternatively, prefix the name with `_` to silence this warning:
  [apply] _hαβ

Note: This linter can be disabled with `set_option linter.unusedVariables false`
warning: AutoSamplingTheory/ExampleCases/ProximalBPS/ActualHarmonicFlow.lean:24:38: Variable name `hV` is not explicitly referenced.

Hint: The binding can be removed (if unused) or named `_` (if used implicitly). Alternatively, prefix the name with `_` to silence this warning:
  [apply] _hV

Note: This linter can be disabled with `set_option linter.unusedVariables false`
warning: AutoSamplingTheory/ExampleCases/ProximalBPS/ActualHarmonicFlow.lean:25:5: Variable name `hH` is not explicitly referenced.

Hint: The binding can be removed (if unused) or named `_` (if used implicitly). Alternatively, prefix the name with `_` to silence this warning:
  [apply] _hH

Note: This linter can be disabled with `set_option linter.unusedVariables false`
warning: AutoSamplingTheory/ExampleCases/ProximalBPS/ActualHarmonicFlow.lean:28:5: Variable name `hη` is not explicitly referenced.

Hint: The binding can be removed (if unused) or named `_` (if used implicitly). Alternatively, prefix the name with `_` to silence this warning:
  [apply] _hη

Note: This linter can be disabled with `set_option linter.unusedVariables false`
warning: AutoSamplingTheory/ExampleCases/ProximalBPS/ActualHarmonicFlow.lean:28:18: Variable name `hβη` is not explicitly referenced.

Hint: The binding can be removed (if unused) or named `_` (if used implicitly). Alternatively, prefix the name with `_` to silence this warning:
  [apply] _hβη

Note: This linter can be disabled with `set_option linter.unusedVariables false`
warning: AutoSamplingTheory/ExampleCases/ProximalBPS/ActualHarmonicFlow.lean:140:51: this tactic is never executed

Note: This linter can be disabled with `set_option linter.unreachableTactic false`
warning: AutoSamplingTheory/ExampleCases/ProximalBPS/ActualHarmonicFlow.lean:140:51: Unused tactic linter: `ring` does nothing

Note: This linter can be disabled with `set_option linter.unusedTactic false`
info: AutoSamplingTheory/ExampleCases/ProximalBPS/ActualHarmonicFlow.lean:178:0: 'AutoSamplingTheory.ExampleCases.ProximalBPS.ActualHarmonicFlow.actual_harmonic_flow_laws' depends on axioms: [propext,
 Classical.choice,
 Quot.sound]
⚠ [3838/4069] Replayed AutoSamplingTheory.TechnicalLemmas.Analysis.HilbertCorrectorBound
warning: AutoSamplingTheory/TechnicalLemmas/Analysis/HilbertCorrectorBound.lean:31:15: `ContinuousLinearMap.add_apply` has been deprecated: Use `add_apply` instead

Note: The updated constant is in a different namespace. Dot notation may need to be changed (e.g., from `x.add_apply` to `add_apply x`).
warning: AutoSamplingTheory/TechnicalLemmas/Analysis/HilbertCorrectorBound.lean:31:46: `ContinuousLinearMap.one_apply` has been deprecated: Use `one_apply_eq_self` instead

Note: The updated constant is in a different namespace. Dot notation may need to be changed (e.g., from `x.one_apply` to `one_apply_eq_self x`).
warning: AutoSamplingTheory/TechnicalLemmas/Analysis/HilbertCorrectorBound.lean:32:6: `ContinuousLinearMap.mul_apply` has been deprecated: Use `mul_apply_eq_comp` instead

Note: The updated constant is in a different namespace. Dot notation may need to be changed (e.g., from `x.mul_apply` to `mul_apply_eq_comp x`).
info: AutoSamplingTheory/TechnicalLemmas/Analysis/HilbertCorrectorBound.lean:86:0: 'AutoSamplingTheory.TechnicalLemmas.Analysis.HilbertCorrectorBound.quadratic_corrector_bound_of_square_identity' depends on axioms: [propext,
 Classical.choice,
 Quot.sound]
⚠ [3966/4143] Replayed AutoSamplingTheory.TechnicalLemmas.Measure.L2RealSquareRoot
warning: AutoSamplingTheory/TechnicalLemmas/Measure/L2RealSquareRoot.lean:100:2: Try this: 
  letI̵

The goal is a proposition, so `let` is preferred over `letI`.
The difference between `let` and `letI` is that `letI` inlines the value.
But this is not relevant for proofs because of proof irrelevance.

Note: This linter can be disabled with `set_option linter.style.haveILetI false`
warning: AutoSamplingTheory/TechnicalLemmas/Measure/L2RealSquareRoot.lean:102:2: Try this: 
  letI̵

The goal is a proposition, so `let` is preferred over `letI`.
The difference between `let` and `letI` is that `letI` inlines the value.
But this is not relevant for proofs because of proof irrelevance.

Note: This linter can be disabled with `set_option linter.style.haveILetI false`
warning: AutoSamplingTheory/TechnicalLemmas/Measure/L2RealSquareRoot.lean:105:2: Try this: 
  letI̵

The goal is a proposition, so `let` is preferred over `letI`.
The difference between `let` and `letI` is that `letI` inlines the value.
But this is not relevant for proofs because of proof irrelevance.

Note: This linter can be disabled with `set_option linter.style.haveILetI false`
info: AutoSamplingTheory/TechnicalLemmas/Measure/L2RealSquareRoot.lean:175:0: 'AutoSamplingTheory.TechnicalLemmas.Measure.L2RealSquareRoot.exists_positive_real_square_root' depends on axioms: [propext,
 Classical.choice,
 Quot.sound]
⚠ [3967/4143] Replayed AutoSamplingTheory.TechnicalLemmas.Measure.L2RealSquareRootUnique
warning: AutoSamplingTheory/TechnicalLemmas/Measure/L2RealSquareRootUnique.lean:19:2: Try this: 
  letI̵

The goal is a proposition, so `let` is preferred over `letI`.
The difference between `let` and `letI` is that `letI` inlines the value.
But this is not relevant for proofs because of proof irrelevance.

Note: This linter can be disabled with `set_option linter.style.haveILetI false`
warning: AutoSamplingTheory/TechnicalLemmas/Measure/L2RealSquareRootUnique.lean:21:2: Try this: 
  letI̵

The goal is a proposition, so `let` is preferred over `letI`.
The difference between `let` and `letI` is that `letI` inlines the value.
But this is not relevant for proofs because of proof irrelevance.

Note: This linter can be disabled with `set_option linter.style.haveILetI false`
warning: AutoSamplingTheory/TechnicalLemmas/Measure/L2RealSquareRootUnique.lean:24:2: Try this: 
  letI̵

The goal is a proposition, so `let` is preferred over `letI`.
The difference between `let` and `letI` is that `letI` inlines the value.
But this is not relevant for proofs because of proof irrelevance.

Note: This linter can be disabled with `set_option linter.style.haveILetI false`
info: AutoSamplingTheory/TechnicalLemmas/Measure/L2RealSquareRootUnique.lean:63:0: 'AutoSamplingTheory.TechnicalLemmas.Measure.L2RealSquareRootUnique.positive_square_roots_unique' depends on axioms: [propext,
 Classical.choice,
 Quot.sound]
⚠ [3972/4143] Replayed AutoSamplingTheory.TechnicalLemmas.Measure.L2RealSquareCommute
warning: AutoSamplingTheory/TechnicalLemmas/Measure/L2RealSquareCommute.lean:20:2: Try this: 
  letI̵

The goal is a proposition, so `let` is preferred over `letI`.
The difference between `let` and `letI` is that `letI` inlines the value.
But this is not relevant for proofs because of proof irrelevance.

Note: This linter can be disabled with `set_option linter.style.haveILetI false`
warning: AutoSamplingTheory/TechnicalLemmas/Measure/L2RealSquareCommute.lean:22:2: Try this: 
  letI̵

The goal is a proposition, so `let` is preferred over `letI`.
The difference between `let` and `letI` is that `letI` inlines the value.
But this is not relevant for proofs because of proof irrelevance.

Note: This linter can be disabled with `set_option linter.style.haveILetI false`
warning: AutoSamplingTheory/TechnicalLemmas/Measure/L2RealSquareCommute.lean:25:2: Try this: 
  letI̵

The goal is a proposition, so `let` is preferred over `letI`.
The difference between `let` and `letI` is that `letI` inlines the value.
But this is not relevant for proofs because of proof irrelevance.

Note: This linter can be disabled with `set_option linter.style.haveILetI false`
info: AutoSamplingTheory/TechnicalLemmas/Measure/L2RealSquareCommute.lean:67:0: 'AutoSamplingTheory.TechnicalLemmas.Measure.L2RealSquareCommute.positive_square_commutation' depends on axioms: [propext,
 Classical.choice,
 Quot.sound]
⚠ [4010/4185] Replayed AutoSamplingTheory.TechnicalLemmas.Measure.L2RealSquareOrder
warning: AutoSamplingTheory/TechnicalLemmas/Measure/L2RealSquareOrder.lean:20:2: Try this: 
  letI̵

The goal is a proposition, so `let` is preferred over `letI`.
The difference between `let` and `letI` is that `letI` inlines the value.
But this is not relevant for proofs because of proof irrelevance.

Note: This linter can be disabled with `set_option linter.style.haveILetI false`
warning: AutoSamplingTheory/TechnicalLemmas/Measure/L2RealSquareOrder.lean:22:2: Try this: 
  letI̵

The goal is a proposition, so `let` is preferred over `letI`.
The difference between `let` and `letI` is that `letI` inlines the value.
But this is not relevant for proofs because of proof irrelevance.

Note: This linter can be disabled with `set_option linter.style.haveILetI false`
warning: AutoSamplingTheory/TechnicalLemmas/Measure/L2RealSquareOrder.lean:24:2: Try this: 
  letI̵

The goal is a proposition, so `let` is preferred over `letI`.
The difference between `let` and `letI` is that `letI` inlines the value.
But this is not relevant for proofs because of proof irrelevance.

Note: This linter can be disabled with `set_option linter.style.haveILetI false`
warning: AutoSamplingTheory/TechnicalLemmas/Measure/L2RealSquareOrder.lean:27:2: Try this: 
  letI̵

The goal is a proposition, so `let` is preferred over `letI`.
The difference between `let` and `letI` is that `letI` inlines the value.
But this is not relevant for proofs because of proof irrelevance.

Note: This linter can be disabled with `set_option linter.style.haveILetI false`
warning: AutoSamplingTheory/TechnicalLemmas/Measure/L2RealSquareOrder.lean:47:15: `ContinuousLinearMap.sub_apply` has been deprecated: Use `sub_apply` instead

Note: The updated constant is in a different namespace. Dot notation may need to be changed (e.g., from `x.sub_apply` to `sub_apply x`).
warning: AutoSamplingTheory/TechnicalLemmas/Measure/L2RealSquareOrder.lean:47:45: `ContinuousLinearMap.mul_apply` has been deprecated: Use `mul_apply_eq_comp` instead

Note: The updated constant is in a different namespace. Dot notation may need to be changed (e.g., from `x.mul_apply` to `mul_apply_eq_comp x`).
warning: AutoSamplingTheory/TechnicalLemmas/Measure/L2RealSquareOrder.lean:61:2: Try this: 
  letI̵

The goal is a proposition, so `let` is preferred over `letI`.
The difference between `let` and `letI` is that `letI` inlines the value.
But this is not relevant for proofs because of proof irrelevance.

Note: This linter can be disabled with `set_option linter.style.haveILetI false`
warning: AutoSamplingTheory/TechnicalLemmas/Measure/L2RealSquareOrder.lean:71:15: `ContinuousLinearMap.sub_apply` has been deprecated: Use `sub_apply` instead

Note: The updated constant is in a different namespace. Dot notation may need to be changed (e.g., from `x.sub_apply` to `sub_apply x`).
⚠ [4051/4239] Replayed AutoSamplingTheory.TechnicalLemmas.Measure.TransportGluing
warning: AutoSamplingTheory/TechnicalLemmas/Measure/TransportGluing.lean:91:2: Try this: 
  letI̵

The goal is a proposition, so `let` is preferred over `letI`.
The difference between `let` and `letI` is that `letI` inlines the value.
But this is not relevant for proofs because of proof irrelevance.

Note: This linter can be disabled with `set_option linter.style.haveILetI false`
warning: AutoSamplingTheory/TechnicalLemmas/Measure/TransportGluing.lean:93:2: Try this: 
  letI̵

The goal is a proposition, so `let` is preferred over `letI`.
The difference between `let` and `letI` is that `letI` inlines the value.
But this is not relevant for proofs because of proof irrelevance.

Note: This linter can be disabled with `set_option linter.style.haveILetI false`
⚠ [4053/4239] Replayed AutoSamplingTheory.TechnicalLemmas.Measure.WassersteinTriangleMarginals
warning: AutoSamplingTheory/TechnicalLemmas/Measure/WassersteinTriangleMarginals.lean:46:0: automatically included section variable(s) unused in theorem `AutoSamplingTheory.TechnicalLemmas.Measure.WassersteinTriangleMarginals.measurable_pair12`:
  [NormedAddCommGroup E]
  [BorelSpace E]
  [SecondCountableTopology E]
consider restructuring your `variable` declarations so that the variables are not in scope or explicitly omit them:
  omit [NormedAddCommGroup E] [BorelSpace E] [SecondCountableTopology E] in theorem ...

Note: This linter can be disabled with `set_option linter.unusedSectionVars false`
warning: AutoSamplingTheory/TechnicalLemmas/Measure/WassersteinTriangleMarginals.lean:50:0: automatically included section variable(s) unused in theorem `AutoSamplingTheory.TechnicalLemmas.Measure.WassersteinTriangleMarginals.measurable_pair23`:
  [NormedAddCommGroup E]
  [BorelSpace E]
  [SecondCountableTopology E]
consider restructuring your `variable` declarations so that the variables are not in scope or explicitly omit them:
  omit [NormedAddCommGroup E] [BorelSpace E] [SecondCountableTopology E] in theorem ...

Note: This linter can be disabled with `set_option linter.unusedSectionVars false`
warning: AutoSamplingTheory/TechnicalLemmas/Measure/WassersteinTriangleMarginals.lean:54:0: automatically included section variable(s) unused in theorem `AutoSamplingTheory.TechnicalLemmas.Measure.WassersteinTriangleMarginals.measurable_pair13`:
  [NormedAddCommGroup E]
  [BorelSpace E]
  [SecondCountableTopology E]
consider restructuring your `variable` declarations so that the variables are not in scope or explicitly omit them:
  omit [NormedAddCommGroup E] [BorelSpace E] [SecondCountableTopology E] in theorem ...

Note: This linter can be disabled with `set_option linter.unusedSectionVars false`
warning: AutoSamplingTheory/TechnicalLemmas/Measure/WassersteinTriangleMarginals.lean:65:0: automatically included section variable(s) unused in theorem `AutoSamplingTheory.TechnicalLemmas.Measure.WassersteinTriangleMarginals.edgeLength12_rpow_two_eq_quadraticCost_pair12`:
  [MeasurableSpace E]
  [BorelSpace E]
  [SecondCountableTopology E]
consider restructuring your `variable` declarations so that the variables are not in scope or explicitly omit them:
  omit [MeasurableSpace E] [BorelSpace E] [SecondCountableTopology E] in theorem ...

Note: This linter can be disabled with `set_option linter.unusedSectionVars false`
warning: AutoSamplingTheory/TechnicalLemmas/Measure/WassersteinTriangleMarginals.lean:74:0: automatically included section variable(s) unused in theorem `AutoSamplingTheory.TechnicalLemmas.Measure.WassersteinTriangleMarginals.edgeLength23_rpow_two_eq_quadraticCost_pair23`:
  [MeasurableSpace E]
  [BorelSpace E]
  [SecondCountableTopology E]
consider restructuring your `variable` declarations so that the variables are not in scope or explicitly omit them:
  omit [MeasurableSpace E] [BorelSpace E] [SecondCountableTopology E] in theorem ...

Note: This linter can be disabled with `set_option linter.unusedSectionVars false`
warning: AutoSamplingTheory/TechnicalLemmas/Measure/WassersteinTriangleMarginals.lean:83:0: automatically included section variable(s) unused in theorem `AutoSamplingTheory.TechnicalLemmas.Measure.WassersteinTriangleMarginals.edgeLength13_rpow_two_eq_quadraticCost_pair13`:
  [MeasurableSpace E]
  [BorelSpace E]
  [SecondCountableTopology E]
consider restructuring your `variable` declarations so that the variables are not in scope or explicitly omit them:
  omit [MeasurableSpace E] [BorelSpace E] [SecondCountableTopology E] in theorem ...

Note: This linter can be disabled with `set_option linter.unusedSectionVars false`
⚠ [4106/4291] Replayed AutoSamplingTheory.TechnicalLemmas.Probability.GaussianLipschitzExponential
warning: AutoSamplingTheory/TechnicalLemmas/Probability/GaussianLipschitzExponential.lean:148:8: automatically included section variable(s) unused in theorem `_private.AutoSamplingTheory.TechnicalLemmas.Probability.GaussianLipschitzExponential.0.AutoSamplingTheory.TechnicalLemmas.Probability.GaussianLipschitzExponential.standardWeight_pos`:
  [CompleteSpace E]
  [FiniteDimensional ℝ E]
  [MeasurableSpace E]
  [BorelSpace E]
consider restructuring your `variable` declarations so that the variables are not in scope or explicitly omit them:
  omit [CompleteSpace E] [FiniteDimensional ℝ E] [MeasurableSpace E] [BorelSpace E] in theorem ...

Note: This linter can be disabled with `set_option linter.unusedSectionVars false`
warning: AutoSamplingTheory/TechnicalLemmas/Probability/GaussianLipschitzExponential.lean:152:8: automatically included section variable(s) unused in theorem `_private.AutoSamplingTheory.TechnicalLemmas.Probability.GaussianLipschitzExponential.0.AutoSamplingTheory.TechnicalLemmas.Probability.GaussianLipschitzExponential.standardGaussian_density`:
  [CompleteSpace E]
consider restructuring your `variable` declarations so that the variables are not in scope or explicitly omit them:
  omit [CompleteSpace E] in theorem ...

Note: This linter can be disabled with `set_option linter.unusedSectionVars false`
info: AutoSamplingTheory/TechnicalLemmas/Probability/GaussianLipschitzExponential.lean:187:4: Try this:
  [apply] ring_nf
  
  The `ring` tactic failed to close the goal. Use `ring_nf` to obtain a normal form.
    
  Note that `ring` works primarily in *commutative* rings. If you have a noncommutative ring, abelian group or module, consider using `noncomm_ring`, `abel` or `module` instead.
warning: AutoSamplingTheory/TechnicalLemmas/Probability/GaussianLipschitzExponential.lean:177:8: automatically included section variable(s) unused in theorem `_private.AutoSamplingTheory.TechnicalLemmas.Probability.GaussianLipschitzExponential.0.AutoSamplingTheory.TechnicalLemmas.Probability.GaussianLipschitzExponential.standardWeight_hasFDerivAt`:
  [CompleteSpace E]
  [FiniteDimensional ℝ E]
  [MeasurableSpace E]
  [BorelSpace E]
consider restructuring your `variable` declarations so that the variables are not in scope or explicitly omit them:
  omit [CompleteSpace E] [FiniteDimensional ℝ E] [MeasurableSpace E] [BorelSpace E] in theorem ...

Note: This linter can be disabled with `set_option linter.unusedSectionVars false`
warning: AutoSamplingTheory/TechnicalLemmas/Probability/GaussianLipschitzExponential.lean:307:8: automatically included section variable(s) unused in theorem `_private.AutoSamplingTheory.TechnicalLemmas.Probability.GaussianLipschitzExponential.0.AutoSamplingTheory.TechnicalLemmas.Probability.GaussianLipschitzExponential.norm_linear_pair_le_two`:
  [CompleteSpace E]
  [FiniteDimensional ℝ E]
  [MeasurableSpace E]
  [BorelSpace E]
consider restructuring your `variable` declarations so that the variables are not in scope or explicitly omit them:
  omit [CompleteSpace E] [FiniteDimensional ℝ E] [MeasurableSpace E] [BorelSpace E] in theorem ...

Note: This linter can be disabled with `set_option linter.unusedSectionVars false`
warning: AutoSamplingTheory/TechnicalLemmas/Probability/GaussianLipschitzExponential.lean:325:8: automatically included section variable(s) unused in theorem `_private.AutoSamplingTheory.TechnicalLemmas.Probability.GaussianLipschitzExponential.0.AutoSamplingTheory.TechnicalLemmas.Probability.GaussianLipschitzExponential.rotX_hasDerivAt`:
  [CompleteSpace E]
  [FiniteDimensional ℝ E]
  [MeasurableSpace E]
  [BorelSpace E]
consider restructuring your `variable` declarations so that the variables are not in scope or explicitly omit them:
  omit [CompleteSpace E] [FiniteDimensional ℝ E] [MeasurableSpace E] [BorelSpace E] in theorem ...

Note: This linter can be disabled with `set_option linter.unusedSectionVars false`
warning: AutoSamplingTheory/TechnicalLemmas/Probability/GaussianLipschitzExponential.lean:330:8: automatically included section variable(s) unused in theorem `_private.AutoSamplingTheory.TechnicalLemmas.Probability.GaussianLipschitzExponential.0.AutoSamplingTheory.TechnicalLemmas.Probability.GaussianLipschitzExponential.lipschitz_growth_bound`:
  [InnerProductSpace ℝ E]
  [CompleteSpace E]
  [FiniteDimensional ℝ E]
  [MeasurableSpace E]
  [BorelSpace E]
consider restructuring your `variable` declarations so that the variables are not in scope or explicitly omit them:
  omit [InnerProductSpace ℝ
  E] [CompleteSpace E] [FiniteDimensional ℝ E] [MeasurableSpace E] [BorelSpace E] in theorem ...

Note: This linter can be disabled with `set_option linter.unusedSectionVars false`
warning: AutoSamplingTheory/TechnicalLemmas/Probability/GaussianLipschitzExponential.lean:495:5: Variable name `hf` is not explicitly referenced.

Hint: The binding can be removed (if unused) or named `_` (if used implicitly). Alternatively, prefix the name with `_` to silence this warning:
  [apply] _hf

Note: This linter can be disabled with `set_option linter.unusedVariables false`
warning: AutoSamplingTheory/TechnicalLemmas/Probability/GaussianLipschitzExponential.lean:512:8: automatically included section variable(s) unused in theorem `_private.AutoSamplingTheory.TechnicalLemmas.Probability.GaussianLipschitzExponential.0.AutoSamplingTheory.TechnicalLemmas.Probability.GaussianLipschitzExponential.rotation_inverse_first`:
  [CompleteSpace E]
  [FiniteDimensional ℝ E]
  [MeasurableSpace E]
  [BorelSpace E]
consider restructuring your `variable` declarations so that the variables are not in scope or explicitly omit them:
  omit [CompleteSpace E] [FiniteDimensional ℝ E] [MeasurableSpace E] [BorelSpace E] in theorem ...

Note: This linter can be disabled with `set_option linter.unusedSectionVars false`
warning: AutoSamplingTheory/TechnicalLemmas/Probability/GaussianLipschitzExponential.lean:721:76: Used `tac1 <;> tac2` where `(tac1; tac2)` would suffice

Note: This linter can be disabled with `set_option linter.unnecessarySeqFocus false`
warning: AutoSamplingTheory/TechnicalLemmas/Probability/GaussianLipschitzExponential.lean:722:26: Used `tac1 <;> tac2` where `(tac1; tac2)` would suffice

Note: This linter can be disabled with `set_option linter.unnecessarySeqFocus false`
warning: AutoSamplingTheory/TechnicalLemmas/Probability/GaussianLipschitzExponential.lean:723:78: Used `tac1 <;> tac2` where `(tac1; tac2)` would suffice

Note: This linter can be disabled with `set_option linter.unnecessarySeqFocus false`
warning: AutoSamplingTheory/TechnicalLemmas/Probability/GaussianLipschitzExponential.lean:724:27: Used `tac1 <;> tac2` where `(tac1; tac2)` would suffice

Note: This linter can be disabled with `set_option linter.unnecessarySeqFocus false`
warning: AutoSamplingTheory/TechnicalLemmas/Probability/GaussianLipschitzExponential.lean:757:15: This simp argument is unused:
  Pi.neg_apply

Hint: Omit it from the simp argument list.
  [apply] simp only [integral_neg] at h

Note: This linter can be disabled with `set_option linter.unusedSimpArgs false`
warning: AutoSamplingTheory/TechnicalLemmas/Probability/GaussianLipschitzExponential.lean:766:8: automatically included section variable(s) unused in theorem `_private.AutoSamplingTheory.TechnicalLemmas.Probability.GaussianLipschitzExponential.0.AutoSamplingTheory.TechnicalLemmas.Probability.GaussianLipschitzExponential.normed_bump_convolution_lipschitz`:
  [CompleteSpace E]
consider restructuring your `variable` declarations so that the variables are not in scope or explicitly omit them:
  omit [CompleteSpace E] in theorem ...

Note: This linter can be disabled with `set_option linter.unusedSectionVars false`
warning: AutoSamplingTheory/TechnicalLemmas/Probability/GaussianLipschitzExponential.lean:793:8: automatically included section variable(s) unused in theorem `_private.AutoSamplingTheory.TechnicalLemmas.Probability.GaussianLipschitzExponential.0.AutoSamplingTheory.TechnicalLemmas.Probability.GaussianLipschitzExponential.normed_bump_convolution_error`:
  [CompleteSpace E]
consider restructuring your `variable` declarations so that the variables are not in scope or explicitly omit them:
  omit [CompleteSpace E] in theorem ...

Note: This linter can be disabled with `set_option linter.unusedSectionVars false`
warning: AutoSamplingTheory/TechnicalLemmas/Probability/GaussianLipschitzExponential.lean:812:8: automatically included section variable(s) unused in theorem `_private.AutoSamplingTheory.TechnicalLemmas.Probability.GaussianLipschitzExponential.0.AutoSamplingTheory.TechnicalLemmas.Probability.GaussianLipschitzExponential.smoothApprox_contDiff`:
  [CompleteSpace E]
consider restructuring your `variable` declarations so that the variables are not in scope or explicitly omit them:
  omit [CompleteSpace E] in theorem ...

Note: This linter can be disabled with `set_option linter.unusedSectionVars false`
warning: AutoSamplingTheory/TechnicalLemmas/Probability/GaussianLipschitzExponential.lean:827:8: automatically included section variable(s) unused in theorem `_private.AutoSamplingTheory.TechnicalLemmas.Probability.GaussianLipschitzExponential.0.AutoSamplingTheory.TechnicalLemmas.Probability.GaussianLipschitzExponential.smoothApprox_tendsto`:
  [CompleteSpace E]
consider restructuring your `variable` declarations so that the variables are not in scope or explicitly omit them:
  omit [CompleteSpace E] in theorem ...

Note: This linter can be disabled with `set_option linter.unusedSectionVars false`
warning: AutoSamplingTheory/TechnicalLemmas/Probability/GaussianLipschitzExponential.lean:922:6: Try this: 
  letI̵

The goal is a proposition, so `let` is preferred over `letI`.
The difference between `let` and `letI` is that `letI` inlines the value.
But this is not relevant for proofs because of proof irrelevance.

Note: This linter can be disabled with `set_option linter.style.haveILetI false`
⚠ [4107/4291] Replayed AutoSamplingTheory.TechnicalLemmas.Measure.CommonNoiseContraction
warning: AutoSamplingTheory/TechnicalLemmas/Measure/CommonNoiseContraction.lean:62:8: automatically included section variable(s) unused in theorem `_private.AutoSamplingTheory.TechnicalLemmas.Measure.CommonNoiseContraction.0.AutoSamplingTheory.TechnicalLemmas.Measure.CommonNoiseContraction.measurable_pairLeft`:
  [NormedAddCommGroup E]
  [BorelSpace E]
  [SecondCountableTopology E]
consider restructuring your `variable` declarations so that the variables are not in scope or explicitly omit them:
  omit [NormedAddCommGroup E] [BorelSpace E] [SecondCountableTopology E] in theorem ...

Note: This linter can be disabled with `set_option linter.unusedSectionVars false`
warning: AutoSamplingTheory/TechnicalLemmas/Measure/CommonNoiseContraction.lean:66:8: automatically included section variable(s) unused in theorem `_private.AutoSamplingTheory.TechnicalLemmas.Measure.CommonNoiseContraction.0.AutoSamplingTheory.TechnicalLemmas.Measure.CommonNoiseContraction.measurable_pairRight`:
  [NormedAddCommGroup E]
  [BorelSpace E]
  [SecondCountableTopology E]
consider restructuring your `variable` declarations so that the variables are not in scope or explicitly omit them:
  omit [NormedAddCommGroup E] [BorelSpace E] [SecondCountableTopology E] in theorem ...

Note: This linter can be disabled with `set_option linter.unusedSectionVars false`
warning: AutoSamplingTheory/TechnicalLemmas/Measure/CommonNoiseContraction.lean:77:2: Try this: 
  letI̵

The goal is a proposition, so `let` is preferred over `letI`.
The difference between `let` and `letI` is that `letI` inlines the value.
But this is not relevant for proofs because of proof irrelevance.

Note: This linter can be disabled with `set_option linter.style.haveILetI false`
warning: AutoSamplingTheory/TechnicalLemmas/Measure/CommonNoiseContraction.lean:72:0: automatically included section variable(s) unused in theorem `AutoSamplingTheory.TechnicalLemmas.Measure.CommonNoiseContraction.map_pairLeft_prod_eq`:
  [BorelSpace E]
consider restructuring your `variable` declarations so that the variables are not in scope or explicitly omit them:
  omit [BorelSpace E] in theorem ...

Note: This linter can be disabled with `set_option linter.unusedSectionVars false`
warning: AutoSamplingTheory/TechnicalLemmas/Measure/CommonNoiseContraction.lean:97:2: Try this: 
  letI̵

The goal is a proposition, so `let` is preferred over `letI`.
The difference between `let` and `letI` is that `letI` inlines the value.
But this is not relevant for proofs because of proof irrelevance.

Note: This linter can be disabled with `set_option linter.style.haveILetI false`
warning: AutoSamplingTheory/TechnicalLemmas/Measure/CommonNoiseContraction.lean:92:0: automatically included section variable(s) unused in theorem `AutoSamplingTheory.TechnicalLemmas.Measure.CommonNoiseContraction.map_pairRight_prod_eq`:
  [BorelSpace E]
consider restructuring your `variable` declarations so that the variables are not in scope or explicitly omit them:
  omit [BorelSpace E] in theorem ...

Note: This linter can be disabled with `set_option linter.unusedSectionVars false`
warning: AutoSamplingTheory/TechnicalLemmas/Measure/CommonNoiseContraction.lean:119:2: Try this: 
  letI̵

The goal is a proposition, so `let` is preferred over `letI`.
The difference between `let` and `letI` is that `letI` inlines the value.
But this is not relevant for proofs because of proof irrelevance.

Note: This linter can be disabled with `set_option linter.style.haveILetI false`
warning: AutoSamplingTheory/TechnicalLemmas/Measure/CommonNoiseContraction.lean:148:0: automatically included section variable(s) unused in theorem `AutoSamplingTheory.TechnicalLemmas.Measure.CommonNoiseContraction.quadraticCost_synchronousNoiseMap`:
  [MeasurableSpace E]
  [BorelSpace E]
  [SecondCountableTopology E]
consider restructuring your `variable` declarations so that the variables are not in scope or explicitly omit them:
  omit [MeasurableSpace E] [BorelSpace E] [SecondCountableTopology E] in theorem ...

Note: This linter can be disabled with `set_option linter.unusedSectionVars false`
warning: AutoSamplingTheory/TechnicalLemmas/Measure/CommonNoiseContraction.lean:200:2: Try this: 
  letI̵

The goal is a proposition, so `let` is preferred over `letI`.
The difference between `let` and `letI` is that `letI` inlines the value.
But this is not relevant for proofs because of proof irrelevance.

Note: This linter can be disabled with `set_option linter.style.haveILetI false`
⚠ [4108/4291] Replayed AutoSamplingTheory.TechnicalLemmas.Measure.GaussianSmoothing
warning: AutoSamplingTheory/TechnicalLemmas/Measure/GaussianSmoothing.lean:75:0: automatically included section variable(s) unused in theorem `AutoSamplingTheory.TechnicalLemmas.Measure.GaussianSmoothing.heatSmoothing_eq_gaussianSmoothing_sqrt`:
  [BorelSpace E]
  [SecondCountableTopology E]
consider restructuring your `variable` declarations so that the variables are not in scope or explicitly omit them:
  omit [BorelSpace E] [SecondCountableTopology E] in theorem ...

Note: This linter can be disabled with `set_option linter.unusedSectionVars false`
⚠ [4111/4291] Replayed AutoSamplingTheory.TechnicalLemmas.Measure.GaussianSqrtDensityDomain
warning: AutoSamplingTheory/TechnicalLemmas/Measure/GaussianSqrtDensityDomain.lean:182:61: Used `tac1 <;> tac2` where `(tac1; tac2)` would suffice

Note: This linter can be disabled with `set_option linter.unnecessarySeqFocus false`
⚠ [4122/4291] Replayed AutoSamplingTheory.TechnicalLemmas.FunctionalInequalities.CompactC1GradientDomain
warning: AutoSamplingTheory/TechnicalLemmas/FunctionalInequalities/CompactC1GradientDomain.lean:100:8: automatically included section variable(s) unused in theorem `_private.AutoSamplingTheory.TechnicalLemmas.FunctionalInequalities.CompactC1GradientDomain.0.AutoSamplingTheory.TechnicalLemmas.FunctionalInequalities.CompactC1GradientDomain.l2_convergence`:
  [NormedAddCommGroup E]
  [InnerProductSpace ℝ E]
  [FiniteDimensional ℝ E]
  [BorelSpace E]
consider restructuring your `variable` declarations so that the variables are not in scope or explicitly omit them:
  omit [NormedAddCommGroup E] [InnerProductSpace ℝ E] [FiniteDimensional ℝ E] [BorelSpace E] in theorem ...

Note: This linter can be disabled with `set_option linter.unusedSectionVars false`
⚠ [4124/4291] Replayed AutoSamplingTheory.TechnicalLemmas.Measure.GaussianConvolutionRegularity
warning: AutoSamplingTheory/TechnicalLemmas/Measure/GaussianConvolutionRegularity.lean:68:8: automatically included section variable(s) unused in theorem `_private.AutoSamplingTheory.TechnicalLemmas.Measure.GaussianConvolutionRegularity.0.AutoSamplingTheory.TechnicalLemmas.Measure.GaussianConvolutionRegularity.weight_bounds`:
  [InnerProductSpace ℝ E]
consider restructuring your `variable` declarations so that the variables are not in scope or explicitly omit them:
  omit [InnerProductSpace ℝ E] in theorem ...

Note: This linter can be disabled with `set_option linter.unusedSectionVars false`
warning: AutoSamplingTheory/TechnicalLemmas/Measure/GaussianConvolutionRegularity.lean:319:8: automatically included section variable(s) unused in theorem `_private.AutoSamplingTheory.TechnicalLemmas.Measure.GaussianConvolutionRegularity.0.AutoSamplingTheory.TechnicalLemmas.Measure.GaussianConvolutionRegularity.posteriorIntegral`:
  [InnerProductSpace ℝ E]
  [BorelSpace E]
  [FiniteDimensional ℝ E]
consider restructuring your `variable` declarations so that the variables are not in scope or explicitly omit them:
  omit [InnerProductSpace ℝ E] [BorelSpace E] [FiniteDimensional ℝ E] in theorem ...

Note: This linter can be disabled with `set_option linter.unusedSectionVars false`
warning: AutoSamplingTheory/TechnicalLemmas/Measure/GaussianConvolutionRegularity.lean:405:58: Used `tac1 <;> tac2` where `(tac1; tac2)` would suffice

Note: This linter can be disabled with `set_option linter.unnecessarySeqFocus false`
warning: AutoSamplingTheory/TechnicalLemmas/Measure/GaussianConvolutionRegularity.lean:463:4: Try this: 
  haveI̵

The goal is a proposition, so `have` is preferred over `haveI`.
The difference between `have` and `haveI` is that `haveI` inlines the value.
But this is not relevant for proofs because of proof irrelevance.

Note: This linter can be disabled with `set_option linter.style.haveILetI false`
warning: AutoSamplingTheory/TechnicalLemmas/Measure/GaussianConvolutionRegularity.lean:488:4: Try this: 
  haveI̵

The goal is a proposition, so `have` is preferred over `haveI`.
The difference between `have` and `haveI` is that `haveI` inlines the value.
But this is not relevant for proofs because of proof irrelevance.

Note: This linter can be disabled with `set_option linter.style.haveILetI false`
ℹ [4129/4291] Replayed AutoSamplingTheory.ExampleCases.ProximalBPS.ConditionalScore
info: AutoSamplingTheory/ExampleCases/ProximalBPS/ConditionalScore.lean:296:52: Try this:
  [apply] ring_nf
  
  The `ring` tactic failed to close the goal. Use `ring_nf` to obtain a normal form.
    
  Note that `ring` works primarily in *commutative* rings. If you have a noncommutative ring, abelian group or module, consider using `noncomm_ring`, `abel` or `module` instead.
⚠ [4130/4291] Replayed AutoSamplingTheory.ExampleCases.ProximalBPS.ConditionalScoreDomain
warning: AutoSamplingTheory/ExampleCases/ProximalBPS/ConditionalScoreDomain.lean:199:15: This simp argument is unused:
  smul_eq_mul

Hint: Omit it from the simp argument list.
  [apply] simp only [Real.norm_eq_abs, abs_of_nonneg (mul_nonneg (Real.exp_nonneg _) (sq_nonneg _))]

Note: This linter can be disabled with `set_option linter.unusedSimpArgs false`
warning: AutoSamplingTheory/ExampleCases/ProximalBPS/ConditionalScoreDomain.lean:80:114: Used `tac1 <;> tac2` where `(tac1; tac2)` would suffice

Note: This linter can be disabled with `set_option linter.unnecessarySeqFocus false`
⚠ [4136/4291] Replayed AutoSamplingTheory.ExampleCases.ProximalBPS.MacroscopicRange
warning: AutoSamplingTheory/ExampleCases/ProximalBPS/MacroscopicRange.lean:56:2: Try this: 
  letI̵

The goal is a proposition, so `let` is preferred over `letI`.
The difference between `let` and `letI` is that `letI` inlines the value.
But this is not relevant for proofs because of proof irrelevance.

Note: This linter can be disabled with `set_option linter.style.haveILetI false`
warning: AutoSamplingTheory/ExampleCases/ProximalBPS/MacroscopicRange.lean:58:2: Try this: 
  letI̵

The goal is a proposition, so `let` is preferred over `letI`.
The difference between `let` and `letI` is that `letI` inlines the value.
But this is not relevant for proofs because of proof irrelevance.

Note: This linter can be disabled with `set_option linter.style.haveILetI false`
warning: AutoSamplingTheory/ExampleCases/ProximalBPS/MacroscopicRange.lean:59:2: Try this: 
  letI̵

The goal is a proposition, so `let` is preferred over `letI`.
The difference between `let` and `letI` is that `letI` inlines the value.
But this is not relevant for proofs because of proof irrelevance.

Note: This linter can be disabled with `set_option linter.style.haveILetI false`
warning: AutoSamplingTheory/ExampleCases/ProximalBPS/MacroscopicRange.lean:21:24: Variable name `hαβ` is not explicitly referenced.

Hint: The binding can be removed (if unused) or named `_` (if used implicitly). Alternatively, prefix the name with `_` to silence this warning:
  [apply] _hαβ

Note: This linter can be disabled with `set_option linter.unusedVariables false`
warning: AutoSamplingTheory/ExampleCases/ProximalBPS/MacroscopicRange.lean:25:18: Variable name `hβη` is not explicitly referenced.

Hint: The binding can be removed (if unused) or named `_` (if used implicitly). Alternatively, prefix the name with `_` to silence this warning:
  [apply] _hβη

Note: This linter can be disabled with `set_option linter.unusedVariables false`
warning: AutoSamplingTheory/ExampleCases/ProximalBPS/MacroscopicRange.lean:66:4: Unused tactic linter: `change P.range = S` does nothing

Note: This linter can be disabled with `set_option linter.unusedTactic false`
⚠ [4180/4338] Replayed AutoSamplingTheory.TechnicalLemmas.FunctionalInequalities.CenteredGibbsResolventLimit
warning: AutoSamplingTheory/TechnicalLemmas/FunctionalInequalities/CenteredGibbsResolventLimit.lean:39:2: Try this: 
  letI̵

The goal is a proposition, so `let` is preferred over `letI`.
The difference between `let` and `letI` is that `letI` inlines the value.
But this is not relevant for proofs because of proof irrelevance.

Note: This linter can be disabled with `set_option linter.style.haveILetI false`
warning: AutoSamplingTheory/TechnicalLemmas/FunctionalInequalities/CenteredGibbsResolventLimit.lean:41:2: Try this: 
  letI̵

The goal is a proposition, so `let` is preferred over `letI`.
The difference between `let` and `letI` is that `letI` inlines the value.
But this is not relevant for proofs because of proof irrelevance.

Note: This linter can be disabled with `set_option linter.style.haveILetI false`
warning: AutoSamplingTheory/TechnicalLemmas/FunctionalInequalities/CenteredGibbsResolventLimit.lean:42:2: Try this: 
  letI̵

The goal is a proposition, so `let` is preferred over `letI`.
The difference between `let` and `letI` is that `letI` inlines the value.
But this is not relevant for proofs because of proof irrelevance.

Note: This linter can be disabled with `set_option linter.style.haveILetI false`
⚠ [4188/4338] Replayed AutoSamplingTheory.TechnicalLemmas.FunctionalInequalities.OrdinaryWeakResolvent
warning: AutoSamplingTheory/TechnicalLemmas/FunctionalInequalities/OrdinaryWeakResolvent.lean:16:8: automatically included section variable(s) unused in theorem `_private.AutoSamplingTheory.TechnicalLemmas.FunctionalInequalities.OrdinaryWeakResolvent.0.AutoSamplingTheory.TechnicalLemmas.FunctionalInequalities.OrdinaryWeakResolvent.inverseweight_gradient`:
  [MeasurableSpace E]
  [BorelSpace E]
consider restructuring your `variable` declarations so that the variables are not in scope or explicitly omit them:
  omit [MeasurableSpace E] [BorelSpace E] in theorem ...

Note: This linter can be disabled with `set_option linter.unusedSectionVars false`
⚠ [4189/4338] Replayed AutoSamplingTheory.TechnicalLemmas.FunctionalInequalities.LocalizedWeakResolvent
warning: AutoSamplingTheory/TechnicalLemmas/FunctionalInequalities/LocalizedWeakResolvent.lean:35:8: automatically included section variable(s) unused in theorem `_private.AutoSamplingTheory.TechnicalLemmas.FunctionalInequalities.LocalizedWeakResolvent.0.AutoSamplingTheory.TechnicalLemmas.FunctionalInequalities.LocalizedWeakResolvent.directional_second`:
  [FiniteDimensional ℝ E]
  [MeasurableSpace E]
  [BorelSpace E]
consider restructuring your `variable` declarations so that the variables are not in scope or explicitly omit them:
  omit [FiniteDimensional ℝ E] [MeasurableSpace E] [BorelSpace E] in theorem ...

Note: This linter can be disabled with `set_option linter.unusedSectionVars false`
warning: AutoSamplingTheory/TechnicalLemmas/FunctionalInequalities/LocalizedWeakResolvent.lean:41:8: automatically included section variable(s) unused in theorem `_private.AutoSamplingTheory.TechnicalLemmas.FunctionalInequalities.LocalizedWeakResolvent.0.AutoSamplingTheory.TechnicalLemmas.FunctionalInequalities.LocalizedWeakResolvent.first_product`:
  [FiniteDimensional ℝ E]
  [MeasurableSpace E]
  [BorelSpace E]
consider restructuring your `variable` declarations so that the variables are not in scope or explicitly omit them:
  omit [FiniteDimensional ℝ E] [MeasurableSpace E] [BorelSpace E] in theorem ...

Note: This linter can be disabled with `set_option linter.unusedSectionVars false`
warning: AutoSamplingTheory/TechnicalLemmas/FunctionalInequalities/LocalizedWeakResolvent.lean:75:8: automatically included section variable(s) unused in theorem `_private.AutoSamplingTheory.TechnicalLemmas.FunctionalInequalities.LocalizedWeakResolvent.0.AutoSamplingTheory.TechnicalLemmas.FunctionalInequalities.LocalizedWeakResolvent.laplacian_trace`:
  [MeasurableSpace E]
  [BorelSpace E]
consider restructuring your `variable` declarations so that the variables are not in scope or explicitly omit them:
  omit [MeasurableSpace E] [BorelSpace E] in theorem ...

Note: This linter can be disabled with `set_option linter.unusedSectionVars false`
warning: AutoSamplingTheory/TechnicalLemmas/FunctionalInequalities/LocalizedWeakResolvent.lean:121:8: automatically included section variable(s) unused in theorem `_private.AutoSamplingTheory.TechnicalLemmas.FunctionalInequalities.LocalizedWeakResolvent.0.AutoSamplingTheory.TechnicalLemmas.FunctionalInequalities.LocalizedWeakResolvent.gradient_compact`:
  [MeasurableSpace E]
  [BorelSpace E]
consider restructuring your `variable` declarations so that the variables are not in scope or explicitly omit them:
  omit [MeasurableSpace E] [BorelSpace E] in theorem ...

Note: This linter can be disabled with `set_option linter.unusedSectionVars false`
warning: AutoSamplingTheory/TechnicalLemmas/FunctionalInequalities/LocalizedWeakResolvent.lean:434:30: Used `tac1 <;> tac2` where `(tac1; tac2)` would suffice

Note: This linter can be disabled with `set_option linter.unnecessarySeqFocus false`
⚠ [4309/4447] Replayed AutoSamplingTheory.TechnicalLemmas.FunctionalInequalities.CompactWeakPoissonSobolev
warning: AutoSamplingTheory/TechnicalLemmas/FunctionalInequalities/CompactWeakPoissonSobolev.lean:12:8: automatically included section variable(s) unused in theorem `_private.AutoSamplingTheory.TechnicalLemmas.FunctionalInequalities.CompactWeakPoissonSobolev.0.AutoSamplingTheory.TechnicalLemmas.FunctionalInequalities.CompactWeakPoissonSobolev.outer_cutoff`:
  [MeasurableSpace E]
  [BorelSpace E]
consider restructuring your `variable` declarations so that the variables are not in scope or explicitly omit them:
  omit [MeasurableSpace E] [BorelSpace E] in theorem ...

Note: This linter can be disabled with `set_option linter.unusedSectionVars false`
⚠ [4357/4543] Replayed AutoSamplingTheory.TechnicalLemmas.FunctionalInequalities.GaussianMarginalPoincare
warning: AutoSamplingTheory/TechnicalLemmas/FunctionalInequalities/GaussianMarginalPoincare.lean:51:2: Try this: 
  letI̵

The goal is a proposition, so `let` is preferred over `letI`.
The difference between `let` and `letI` is that `letI` inlines the value.
But this is not relevant for proofs because of proof irrelevance.

Note: This linter can be disabled with `set_option linter.style.haveILetI false`
warning: AutoSamplingTheory/TechnicalLemmas/FunctionalInequalities/GaussianMarginalPoincare.lean:66:2: Try this: 
  letI̵

The goal is a proposition, so `let` is preferred over `letI`.
The difference between `let` and `letI` is that `letI` inlines the value.
But this is not relevant for proofs because of proof irrelevance.

Note: This linter can be disabled with `set_option linter.style.haveILetI false`
warning: AutoSamplingTheory/TechnicalLemmas/FunctionalInequalities/GaussianMarginalPoincare.lean:68:2: Try this: 
  letI̵

The goal is a proposition, so `let` is preferred over `letI`.
The difference between `let` and `letI` is that `letI` inlines the value.
But this is not relevant for proofs because of proof irrelevance.

Note: This linter can be disabled with `set_option linter.style.haveILetI false`
warning: AutoSamplingTheory/TechnicalLemmas/FunctionalInequalities/GaussianMarginalPoincare.lean:69:2: Try this: 
  letI̵

The goal is a proposition, so `let` is preferred over `letI`.
The difference between `let` and `letI` is that `letI` inlines the value.
But this is not relevant for proofs because of proof irrelevance.

Note: This linter can be disabled with `set_option linter.style.haveILetI false`
warning: AutoSamplingTheory/TechnicalLemmas/FunctionalInequalities/GaussianMarginalPoincare.lean:36:18: Variable name `hβη` is not explicitly referenced.

Hint: The binding can be removed (if unused) or named `_` (if used implicitly). Alternatively, prefix the name with `_` to silence this warning:
  [apply] _hβη

Note: This linter can be disabled with `set_option linter.unusedVariables false`
⚠ [4407/4620] Replayed AutoSamplingTheory.ExampleCases.SmoothedPicardHMC.SmoothedHessianBounds
warning: AutoSamplingTheory/ExampleCases/SmoothedPicardHMC/SmoothedHessianBounds.lean:28:18: Variable name `hη1` is not explicitly referenced.

Hint: The binding can be removed (if unused) or named `_` (if used implicitly). Alternatively, prefix the name with `_` to silence this warning:
  [apply] _hη1

Note: This linter can be disabled with `set_option linter.unusedVariables false`
⚠ [4408/4620] Replayed AutoSamplingTheory.ExampleCases.ProximalBPS.ConditionalGradientEnergy
warning: AutoSamplingTheory/ExampleCases/ProximalBPS/ConditionalGradientEnergy.lean:35:2: Try this: 
  letI̵

The goal is a proposition, so `let` is preferred over `letI`.
The difference between `let` and `letI` is that `letI` inlines the value.
But this is not relevant for proofs because of proof irrelevance.

Note: This linter can be disabled with `set_option linter.style.haveILetI false`
warning: AutoSamplingTheory/ExampleCases/ProximalBPS/ConditionalGradientEnergy.lean:109:2: Try this: 
  letI̵

The goal is a proposition, so `let` is preferred over `letI`.
The difference between `let` and `letI` is that `letI` inlines the value.
But this is not relevant for proofs because of proof irrelevance.

Note: This linter can be disabled with `set_option linter.style.haveILetI false`
warning: AutoSamplingTheory/ExampleCases/ProximalBPS/ConditionalGradientEnergy.lean:110:2: Try this: 
  letI̵

The goal is a proposition, so `let` is preferred over `letI`.
The difference between `let` and `letI` is that `letI` inlines the value.
But this is not relevant for proofs because of proof irrelevance.

Note: This linter can be disabled with `set_option linter.style.haveILetI false`
warning: AutoSamplingTheory/ExampleCases/ProximalBPS/ConditionalGradientEnergy.lean:112:2: Try this: 
  letI̵

The goal is a proposition, so `let` is preferred over `letI`.
The difference between `let` and `letI` is that `letI` inlines the value.
But this is not relevant for proofs because of proof irrelevance.

Note: This linter can be disabled with `set_option linter.style.haveILetI false`
warning: AutoSamplingTheory/ExampleCases/ProximalBPS/ConditionalGradientEnergy.lean:115:2: Try this: 
  letI̵

The goal is a proposition, so `let` is preferred over `letI`.
The difference between `let` and `letI` is that `letI` inlines the value.
But this is not relevant for proofs because of proof irrelevance.

Note: This linter can be disabled with `set_option linter.style.haveILetI false`
warning: AutoSamplingTheory/ExampleCases/ProximalBPS/ConditionalGradientEnergy.lean:116:2: Try this: 
  letI̵

The goal is a proposition, so `let` is preferred over `letI`.
The difference between `let` and `letI` is that `letI` inlines the value.
But this is not relevant for proofs because of proof irrelevance.

Note: This linter can be disabled with `set_option linter.style.haveILetI false`
warning: AutoSamplingTheory/ExampleCases/ProximalBPS/ConditionalGradientEnergy.lean:174:4: Used `tac1 <;> tac2` where `(tac1; tac2)` would suffice

Note: This linter can be disabled with `set_option linter.unnecessarySeqFocus false`
⚠ [4410/4620] Replayed AutoSamplingTheory.ExampleCases.ProximalBPS.SourceMeanGradientDomain
warning: AutoSamplingTheory/ExampleCases/ProximalBPS/SourceMeanGradientDomain.lean:67:2: Try this: 
  letI̵

The goal is a proposition, so `let` is preferred over `letI`.
The difference between `let` and `letI` is that `letI` inlines the value.
But this is not relevant for proofs because of proof irrelevance.

Note: This linter can be disabled with `set_option linter.style.haveILetI false`
warning: AutoSamplingTheory/ExampleCases/ProximalBPS/SourceMeanGradientDomain.lean:68:2: Try this: 
  letI̵

The goal is a proposition, so `let` is preferred over `letI`.
The difference between `let` and `letI` is that `letI` inlines the value.
But this is not relevant for proofs because of proof irrelevance.

Note: This linter can be disabled with `set_option linter.style.haveILetI false`
⚠ [4412/4620] Replayed AutoSamplingTheory.ExampleCases.ProximalBPS.CenteredDefectOperator
warning: AutoSamplingTheory/ExampleCases/ProximalBPS/CenteredDefectOperator.lean:74:2: Try this: 
  letI̵

The goal is a proposition, so `let` is preferred over `letI`.
The difference between `let` and `letI` is that `letI` inlines the value.
But this is not relevant for proofs because of proof irrelevance.

Note: This linter can be disabled with `set_option linter.style.haveILetI false`
warning: AutoSamplingTheory/ExampleCases/ProximalBPS/CenteredDefectOperator.lean:75:2: Try this: 
  letI̵

The goal is a proposition, so `let` is preferred over `letI`.
The difference between `let` and `letI` is that `letI` inlines the value.
But this is not relevant for proofs because of proof irrelevance.

Note: This linter can be disabled with `set_option linter.style.haveILetI false`
warning: AutoSamplingTheory/ExampleCases/ProximalBPS/CenteredDefectOperator.lean:76:2: Try this: 
  letI̵

The goal is a proposition, so `let` is preferred over `letI`.
The difference between `let` and `letI` is that `letI` inlines the value.
But this is not relevant for proofs because of proof irrelevance.

Note: This linter can be disabled with `set_option linter.style.haveILetI false`
warning: AutoSamplingTheory/ExampleCases/ProximalBPS/CenteredDefectOperator.lean:77:2: Try this: 
  letI̵

The goal is a proposition, so `let` is preferred over `letI`.
The difference between `let` and `letI` is that `letI` inlines the value.
But this is not relevant for proofs because of proof irrelevance.

Note: This linter can be disabled with `set_option linter.style.haveILetI false`
warning: AutoSamplingTheory/ExampleCases/ProximalBPS/CenteredDefectOperator.lean:78:2: Try this: 
  letI̵

The goal is a proposition, so `let` is preferred over `letI`.
The difference between `let` and `letI` is that `letI` inlines the value.
But this is not relevant for proofs because of proof irrelevance.

Note: This linter can be disabled with `set_option linter.style.haveILetI false`
warning: AutoSamplingTheory/ExampleCases/ProximalBPS/CenteredDefectOperator.lean:137:15: `ContinuousLinearMap.sub_apply` has been deprecated: Use `sub_apply` instead

Note: The updated constant is in a different namespace. Dot notation may need to be changed (e.g., from `x.sub_apply` to `sub_apply x`).
warning: AutoSamplingTheory/ExampleCases/ProximalBPS/CenteredDefectOperator.lean:137:46: `ContinuousLinearMap.one_apply` has been deprecated: Use `one_apply_eq_self` instead

Note: The updated constant is in a different namespace. Dot notation may need to be changed (e.g., from `x.one_apply` to `one_apply_eq_self x`).
warning: AutoSamplingTheory/ExampleCases/ProximalBPS/CenteredDefectOperator.lean:138:6: `ContinuousLinearMap.mul_apply` has been deprecated: Use `mul_apply_eq_comp` instead

Note: The updated constant is in a different namespace. Dot notation may need to be changed (e.g., from `x.mul_apply` to `mul_apply_eq_comp x`).
warning: AutoSamplingTheory/ExampleCases/ProximalBPS/CenteredDefectOperator.lean:148:15: `ContinuousLinearMap.sub_apply` has been deprecated: Use `sub_apply` instead

Note: The updated constant is in a different namespace. Dot notation may need to be changed (e.g., from `x.sub_apply` to `sub_apply x`).
warning: AutoSamplingTheory/ExampleCases/ProximalBPS/CenteredDefectOperator.lean:148:46: `ContinuousLinearMap.one_apply` has been deprecated: Use `one_apply_eq_self` instead

Note: The updated constant is in a different namespace. Dot notation may need to be changed (e.g., from `x.one_apply` to `one_apply_eq_self x`).
warning: AutoSamplingTheory/ExampleCases/ProximalBPS/CenteredDefectOperator.lean:149:6: `ContinuousLinearMap.mul_apply` has been deprecated: Use `mul_apply_eq_comp` instead

Note: The updated constant is in a different namespace. Dot notation may need to be changed (e.g., from `x.mul_apply` to `mul_apply_eq_comp x`).
warning: AutoSamplingTheory/ExampleCases/ProximalBPS/CenteredDefectOperator.lean:165:17: `ContinuousLinearMap.sub_apply` has been deprecated: Use `sub_apply` instead

Note: The updated constant is in a different namespace. Dot notation may need to be changed (e.g., from `x.sub_apply` to `sub_apply x`).
warning: AutoSamplingTheory/ExampleCases/ProximalBPS/CenteredDefectOperator.lean:165:47: `ContinuousLinearMap.one_apply` has been deprecated: Use `one_apply_eq_self` instead

Note: The updated constant is in a different namespace. Dot notation may need to be changed (e.g., from `x.one_apply` to `one_apply_eq_self x`).
warning: AutoSamplingTheory/ExampleCases/ProximalBPS/CenteredDefectOperator.lean:166:8: `ContinuousLinearMap.mul_apply` has been deprecated: Use `mul_apply_eq_comp` instead

Note: The updated constant is in a different namespace. Dot notation may need to be changed (e.g., from `x.mul_apply` to `mul_apply_eq_comp x`).
info: AutoSamplingTheory/ExampleCases/ProximalBPS/CenteredDefectOperator.lean:173:0: 'AutoSamplingTheory.ExampleCases.ProximalBPS.CenteredDefectOperator.actual_centered_selfadjoint_defect' depends on axioms: [propext,
 Classical.choice,
 Quot.sound]
ℹ [4461/4649] Replayed AutoSamplingTheory.ExampleCases.ProximalBPS.DefectComplexLift
info: AutoSamplingTheory/ExampleCases/ProximalBPS/DefectComplexLift.lean:70:0: 'AutoSamplingTheory.ExampleCases.ProximalBPS.DefectComplexLift.actual_positive_defect_complex_lift' depends on axioms: [propext,
 Classical.choice,
 Quot.sound]
⚠ [4462/4649] Replayed AutoSamplingTheory.ExampleCases.ProximalBPS.RealDefectRoot
warning: AutoSamplingTheory/ExampleCases/ProximalBPS/RealDefectRoot.lean:58:15: `ContinuousLinearMap.sub_apply` has been deprecated: Use `sub_apply` instead

Note: The updated constant is in a different namespace. Dot notation may need to be changed (e.g., from `x.sub_apply` to `sub_apply x`).
warning: AutoSamplingTheory/ExampleCases/ProximalBPS/RealDefectRoot.lean:58:46: `ContinuousLinearMap.one_apply` has been deprecated: Use `one_apply_eq_self` instead

Note: The updated constant is in a different namespace. Dot notation may need to be changed (e.g., from `x.one_apply` to `one_apply_eq_self x`).
warning: AutoSamplingTheory/ExampleCases/ProximalBPS/RealDefectRoot.lean:59:6: `ContinuousLinearMap.mul_apply` has been deprecated: Use `mul_apply_eq_comp` instead

Note: The updated constant is in a different namespace. Dot notation may need to be changed (e.g., from `x.mul_apply` to `mul_apply_eq_comp x`).
info: AutoSamplingTheory/ExampleCases/ProximalBPS/RealDefectRoot.lean:66:0: 'AutoSamplingTheory.ExampleCases.ProximalBPS.RealDefectRoot.actual_positive_real_defect_root' depends on axioms: [propext,
 Classical.choice,
 Quot.sound]
ℹ [4463/4649] Replayed AutoSamplingTheory.ExampleCases.ProximalBPS.RealDefectRootUnique
info: AutoSamplingTheory/ExampleCases/ProximalBPS/RealDefectRootUnique.lean:54:0: 'AutoSamplingTheory.ExampleCases.ProximalBPS.RealDefectRootUnique.actual_unique_positive_real_defect_root' depends on axioms: [propext,
 Classical.choice,
 Quot.sound]
⚠ [4464/4649] Replayed AutoSamplingTheory.ExampleCases.ProximalBPS.MacroscopicDefectRoot
warning: AutoSamplingTheory/ExampleCases/ProximalBPS/MacroscopicDefectRoot.lean:81:2: Try this: 
  letI̵

The goal is a proposition, so `let` is preferred over `letI`.
The difference between `let` and `letI` is that `letI` inlines the value.
But this is not relevant for proofs because of proof irrelevance.

Note: This linter can be disabled with `set_option linter.style.haveILetI false`
warning: AutoSamplingTheory/ExampleCases/ProximalBPS/MacroscopicDefectRoot.lean:82:2: Try this: 
  letI̵

The goal is a proposition, so `let` is preferred over `letI`.
The difference between `let` and `letI` is that `letI` inlines the value.
But this is not relevant for proofs because of proof irrelevance.

Note: This linter can be disabled with `set_option linter.style.haveILetI false`
warning: AutoSamplingTheory/ExampleCases/ProximalBPS/MacroscopicDefectRoot.lean:85:2: Try this: 
  letI̵

The goal is a proposition, so `let` is preferred over `letI`.
The difference between `let` and `letI` is that `letI` inlines the value.
But this is not relevant for proofs because of proof irrelevance.

Note: This linter can be disabled with `set_option linter.style.haveILetI false`
warning: AutoSamplingTheory/ExampleCases/ProximalBPS/MacroscopicDefectRoot.lean:86:2: Try this: 
  letI̵

The goal is a proposition, so `let` is preferred over `letI`.
The difference between `let` and `letI` is that `letI` inlines the value.
But this is not relevant for proofs because of proof irrelevance.

Note: This linter can be disabled with `set_option linter.style.haveILetI false`
warning: AutoSamplingTheory/ExampleCases/ProximalBPS/MacroscopicDefectRoot.lean:94:2: Try this: 
  letI̵

The goal is a proposition, so `let` is preferred over `letI`.
The difference between `let` and `letI` is that `letI` inlines the value.
But this is not relevant for proofs because of proof irrelevance.

Note: This linter can be disabled with `set_option linter.style.haveILetI false`
warning: AutoSamplingTheory/ExampleCases/ProximalBPS/MacroscopicDefectRoot.lean:95:2: Try this: 
  letI̵

The goal is a proposition, so `let` is preferred over `letI`.
The difference between `let` and `letI` is that `letI` inlines the value.
But this is not relevant for proofs because of proof irrelevance.

Note: This linter can be disabled with `set_option linter.style.haveILetI false`
warning: AutoSamplingTheory/ExampleCases/ProximalBPS/MacroscopicDefectRoot.lean:96:2: Try this: 
  letI̵

The goal is a proposition, so `let` is preferred over `letI`.
The difference between `let` and `letI` is that `letI` inlines the value.
But this is not relevant for proofs because of proof irrelevance.

Note: This linter can be disabled with `set_option linter.style.haveILetI false`
warning: AutoSamplingTheory/ExampleCases/ProximalBPS/MacroscopicDefectRoot.lean:206:57: This simp argument is unused:
  e.apply_symm_apply

Hint: Omit it from the simp argument list.
  [apply] simp only [LinearIsometryEquiv.conjStarAlgEquiv_apply_apply, LinearIsometryEquiv.symm_symm,
    e.symm_apply_apply]

Note: This linter can be disabled with `set_option linter.unusedSimpArgs false`
warning: AutoSamplingTheory/ExampleCases/ProximalBPS/MacroscopicDefectRoot.lean:218:40: This simp argument is unused:
  e.symm_apply_apply

Hint: Omit it from the simp argument list.
  [apply] simp only [G0, LinearIsometryEquiv.conjStarAlgEquiv_apply_apply, LinearIsometryEquiv.symm_symm,
    e.apply_symm_apply]

Note: This linter can be disabled with `set_option linter.unusedSimpArgs false`
warning: AutoSamplingTheory/ExampleCases/ProximalBPS/MacroscopicDefectRoot.lean:105:4: Unused tactic linter: `change P.range = HP` does nothing

Note: This linter can be disabled with `set_option linter.unusedTactic false`
info: AutoSamplingTheory/ExampleCases/ProximalBPS/MacroscopicDefectRoot.lean:231:0: 'AutoSamplingTheory.ExampleCases.ProximalBPS.MacroscopicDefectRoot.actual_unique_positive_macroscopic_defect_root' depends on axioms: [propext,
 Classical.choice,
 Quot.sound]
⚠ [4465/4649] Replayed AutoSamplingTheory.ExampleCases.ProximalBPS.CenteredRootOrderInverse
warning: AutoSamplingTheory/ExampleCases/ProximalBPS/CenteredRootOrderInverse.lean:94:2: Try this: 
  letI̵

The goal is a proposition, so `let` is preferred over `letI`.
The difference between `let` and `letI` is that `letI` inlines the value.
But this is not relevant for proofs because of proof irrelevance.

Note: This linter can be disabled with `set_option linter.style.haveILetI false`
warning: AutoSamplingTheory/ExampleCases/ProximalBPS/CenteredRootOrderInverse.lean:95:2: Try this: 
  letI̵

The goal is a proposition, so `let` is preferred over `letI`.
The difference between `let` and `letI` is that `letI` inlines the value.
But this is not relevant for proofs because of proof irrelevance.

Note: This linter can be disabled with `set_option linter.style.haveILetI false`
warning: AutoSamplingTheory/ExampleCases/ProximalBPS/CenteredRootOrderInverse.lean:97:2: Try this: 
  letI̵

The goal is a proposition, so `let` is preferred over `letI`.
The difference between `let` and `letI` is that `letI` inlines the value.
But this is not relevant for proofs because of proof irrelevance.

Note: This linter can be disabled with `set_option linter.style.haveILetI false`
warning: AutoSamplingTheory/ExampleCases/ProximalBPS/CenteredRootOrderInverse.lean:98:2: Try this: 
  letI̵

The goal is a proposition, so `let` is preferred over `letI`.
The difference between `let` and `letI` is that `letI` inlines the value.
But this is not relevant for proofs because of proof irrelevance.

Note: This linter can be disabled with `set_option linter.style.haveILetI false`
warning: AutoSamplingTheory/ExampleCases/ProximalBPS/CenteredRootOrderInverse.lean:107:2: Try this: 
  letI̵

The goal is a proposition, so `let` is preferred over `letI`.
The difference between `let` and `letI` is that `letI` inlines the value.
But this is not relevant for proofs because of proof irrelevance.

Note: This linter can be disabled with `set_option linter.style.haveILetI false`
warning: AutoSamplingTheory/ExampleCases/ProximalBPS/CenteredRootOrderInverse.lean:108:2: Try this: 
  letI̵

The goal is a proposition, so `let` is preferred over `letI`.
The difference between `let` and `letI` is that `letI` inlines the value.
But this is not relevant for proofs because of proof irrelevance.

Note: This linter can be disabled with `set_option linter.style.haveILetI false`
warning: AutoSamplingTheory/ExampleCases/ProximalBPS/CenteredRootOrderInverse.lean:109:2: Try this: 
  letI̵

The goal is a proposition, so `let` is preferred over `letI`.
The difference between `let` and `letI` is that `letI` inlines the value.
But this is not relevant for proofs because of proof irrelevance.

Note: This linter can be disabled with `set_option linter.style.haveILetI false`
warning: AutoSamplingTheory/ExampleCases/ProximalBPS/CenteredRootOrderInverse.lean:243:8: `ContinuousLinearMap.sub_apply` has been deprecated: Use `sub_apply` instead

Note: The updated constant is in a different namespace. Dot notation may need to be changed (e.g., from `x.sub_apply` to `sub_apply x`).
warning: AutoSamplingTheory/ExampleCases/ProximalBPS/CenteredRootOrderInverse.lean:244:6: `ContinuousLinearMap.smul_apply` has been deprecated: Use `smul_apply` instead

Note: The updated constant is in a different namespace. Dot notation may need to be changed (e.g., from `x.smul_apply` to `smul_apply x`).
warning: AutoSamplingTheory/ExampleCases/ProximalBPS/CenteredRootOrderInverse.lean:253:2: Try this: 
  letI̵

The goal is a proposition, so `let` is preferred over `letI`.
The difference between `let` and `letI` is that `letI` inlines the value.
But this is not relevant for proofs because of proof irrelevance.

Note: This linter can be disabled with `set_option linter.style.haveILetI false`
warning: AutoSamplingTheory/ExampleCases/ProximalBPS/CenteredRootOrderInverse.lean:254:2: Try this: 
  letI̵

The goal is a proposition, so `let` is preferred over `letI`.
The difference between `let` and `letI` is that `letI` inlines the value.
But this is not relevant for proofs because of proof irrelevance.

Note: This linter can be disabled with `set_option linter.style.haveILetI false`
warning: AutoSamplingTheory/ExampleCases/ProximalBPS/CenteredRootOrderInverse.lean:282:15: `ContinuousLinearMap.sub_apply` has been deprecated: Use `sub_apply` instead

Note: The updated constant is in a different namespace. Dot notation may need to be changed (e.g., from `x.sub_apply` to `sub_apply x`).
warning: AutoSamplingTheory/ExampleCases/ProximalBPS/CenteredRootOrderInverse.lean:282:45: `ContinuousLinearMap.smul_apply` has been deprecated: Use `smul_apply` instead

Note: The updated constant is in a different namespace. Dot notation may need to be changed (e.g., from `x.smul_apply` to `smul_apply x`).
warning: AutoSamplingTheory/ExampleCases/ProximalBPS/CenteredRootOrderInverse.lean:283:6: `ContinuousLinearMap.one_apply` has been deprecated: Use `one_apply_eq_self` instead

Note: The updated constant is in a different namespace. Dot notation may need to be changed (e.g., from `x.one_apply` to `one_apply_eq_self x`).
warning: AutoSamplingTheory/ExampleCases/ProximalBPS/CenteredRootOrderInverse.lean:296:15: `ContinuousLinearMap.sub_apply` has been deprecated: Use `sub_apply` instead

Note: The updated constant is in a different namespace. Dot notation may need to be changed (e.g., from `x.sub_apply` to `sub_apply x`).
warning: AutoSamplingTheory/ExampleCases/ProximalBPS/CenteredRootOrderInverse.lean:296:45: `ContinuousLinearMap.smul_apply` has been deprecated: Use `smul_apply` instead

Note: The updated constant is in a different namespace. Dot notation may need to be changed (e.g., from `x.smul_apply` to `smul_apply x`).
warning: AutoSamplingTheory/ExampleCases/ProximalBPS/CenteredRootOrderInverse.lean:297:6: `ContinuousLinearMap.one_apply` has been deprecated: Use `one_apply_eq_self` instead

Note: The updated constant is in a different namespace. Dot notation may need to be changed (e.g., from `x.one_apply` to `one_apply_eq_self x`).
warning: AutoSamplingTheory/ExampleCases/ProximalBPS/CenteredRootOrderInverse.lean:221:10: This simp argument is unused:
  real_inner_self_eq_norm_sq

Hint: Omit it from the simp argument list.
  [apply] simp

Note: This linter can be disabled with `set_option linter.unusedSimpArgs false`
⚠ [4466/4649] Replayed AutoSamplingTheory.ExampleCases.ProximalBPS.PolarIsometry
warning: AutoSamplingTheory/ExampleCases/ProximalBPS/PolarIsometry.lean:99:2: Try this: 
  letI̵

The goal is a proposition, so `let` is preferred over `letI`.
The difference between `let` and `letI` is that `letI` inlines the value.
But this is not relevant for proofs because of proof irrelevance.

Note: This linter can be disabled with `set_option linter.style.haveILetI false`
warning: AutoSamplingTheory/ExampleCases/ProximalBPS/PolarIsometry.lean:100:2: Try this: 
  letI̵

The goal is a proposition, so `let` is preferred over `letI`.
The difference between `let` and `letI` is that `letI` inlines the value.
But this is not relevant for proofs because of proof irrelevance.

Note: This linter can be disabled with `set_option linter.style.haveILetI false`
warning: AutoSamplingTheory/ExampleCases/ProximalBPS/PolarIsometry.lean:102:2: Try this: 
  letI̵

The goal is a proposition, so `let` is preferred over `letI`.
The difference between `let` and `letI` is that `letI` inlines the value.
But this is not relevant for proofs because of proof irrelevance.

Note: This linter can be disabled with `set_option linter.style.haveILetI false`
warning: AutoSamplingTheory/ExampleCases/ProximalBPS/PolarIsometry.lean:103:2: Try this: 
  letI̵

The goal is a proposition, so `let` is preferred over `letI`.
The difference between `let` and `letI` is that `letI` inlines the value.
But this is not relevant for proofs because of proof irrelevance.

Note: This linter can be disabled with `set_option linter.style.haveILetI false`
warning: AutoSamplingTheory/ExampleCases/ProximalBPS/PolarIsometry.lean:120:2: Try this: 
  letI̵

The goal is a proposition, so `let` is preferred over `letI`.
The difference between `let` and `letI` is that `letI` inlines the value.
But this is not relevant for proofs because of proof irrelevance.

Note: This linter can be disabled with `set_option linter.style.haveILetI false`
warning: AutoSamplingTheory/ExampleCases/ProximalBPS/PolarIsometry.lean:121:2: Try this: 
  letI̵

The goal is a proposition, so `let` is preferred over `letI`.
The difference between `let` and `letI` is that `letI` inlines the value.
But this is not relevant for proofs because of proof irrelevance.

Note: This linter can be disabled with `set_option linter.style.haveILetI false`
warning: AutoSamplingTheory/ExampleCases/ProximalBPS/PolarIsometry.lean:122:2: Try this: 
  letI̵

The goal is a proposition, so `let` is preferred over `letI`.
The difference between `let` and `letI` is that `letI` inlines the value.
But this is not relevant for proofs because of proof irrelevance.

Note: This linter can be disabled with `set_option linter.style.haveILetI false`
warning: AutoSamplingTheory/ExampleCases/ProximalBPS/PolarIsometry.lean:124:2: Try this: 
  letI̵

The goal is a proposition, so `let` is preferred over `letI`.
The difference between `let` and `letI` is that `letI` inlines the value.
But this is not relevant for proofs because of proof irrelevance.

Note: This linter can be disabled with `set_option linter.style.haveILetI false`
warning: AutoSamplingTheory/ExampleCases/ProximalBPS/PolarIsometry.lean:125:2: Try this: 
  letI̵

The goal is a proposition, so `let` is preferred over `letI`.
The difference between `let` and `letI` is that `letI` inlines the value.
But this is not relevant for proofs because of proof irrelevance.

Note: This linter can be disabled with `set_option linter.style.haveILetI false`
warning: AutoSamplingTheory/ExampleCases/ProximalBPS/PolarIsometry.lean:126:2: Try this: 
  letI̵

The goal is a proposition, so `let` is preferred over `letI`.
The difference between `let` and `letI` is that `letI` inlines the value.
But this is not relevant for proofs because of proof irrelevance.

Note: This linter can be disabled with `set_option linter.style.haveILetI false`
⚠ [4467/4649] Replayed AutoSamplingTheory.ExampleCases.ProximalBPS.AmbientAdjointCorrector
warning: AutoSamplingTheory/ExampleCases/ProximalBPS/AmbientAdjointCorrector.lean:14:5: Variable name `hα` is not explicitly referenced.

Hint: The binding can be removed (if unused) or named `_` (if used implicitly). Alternatively, prefix the name with `_` to silence this warning:
  [apply] _hα

Note: This linter can be disabled with `set_option linter.unusedVariables false`
warning: AutoSamplingTheory/ExampleCases/ProximalBPS/AmbientAdjointCorrector.lean:14:24: Variable name `hαβ` is not explicitly referenced.

Hint: The binding can be removed (if unused) or named `_` (if used implicitly). Alternatively, prefix the name with `_` to silence this warning:
  [apply] _hαβ

Note: This linter can be disabled with `set_option linter.unusedVariables false`
warning: AutoSamplingTheory/ExampleCases/ProximalBPS/AmbientAdjointCorrector.lean:14:38: Variable name `hV` is not explicitly referenced.

Hint: The binding can be removed (if unused) or named `_` (if used implicitly). Alternatively, prefix the name with `_` to silence this warning:
  [apply] _hV

Note: This linter can be disabled with `set_option linter.unusedVariables false`
warning: AutoSamplingTheory/ExampleCases/ProximalBPS/AmbientAdjointCorrector.lean:15:5: Variable name `hH` is not explicitly referenced.

Hint: The binding can be removed (if unused) or named `_` (if used implicitly). Alternatively, prefix the name with `_` to silence this warning:
  [apply] _hH

Note: This linter can be disabled with `set_option linter.unusedVariables false`
warning: AutoSamplingTheory/ExampleCases/ProximalBPS/AmbientAdjointCorrector.lean:18:5: Variable name `hη` is not explicitly referenced.

Hint: The binding can be removed (if unused) or named `_` (if used implicitly). Alternatively, prefix the name with `_` to silence this warning:
  [apply] _hη

Note: This linter can be disabled with `set_option linter.unusedVariables false`
warning: AutoSamplingTheory/ExampleCases/ProximalBPS/AmbientAdjointCorrector.lean:18:18: Variable name `hβη` is not explicitly referenced.

Hint: The binding can be removed (if unused) or named `_` (if used implicitly). Alternatively, prefix the name with `_` to silence this warning:
  [apply] _hβη

Note: This linter can be disabled with `set_option linter.unusedVariables false`
warning: AutoSamplingTheory/ExampleCases/ProximalBPS/AmbientAdjointCorrector.lean:124:2: Try this: 
  letI̵

The goal is a proposition, so `let` is preferred over `letI`.
The difference between `let` and `letI` is that `letI` inlines the value.
But this is not relevant for proofs because of proof irrelevance.

Note: This linter can be disabled with `set_option linter.style.haveILetI false`
warning: AutoSamplingTheory/ExampleCases/ProximalBPS/AmbientAdjointCorrector.lean:125:2: Try this: 
  letI̵

The goal is a proposition, so `let` is preferred over `letI`.
The difference between `let` and `letI` is that `letI` inlines the value.
But this is not relevant for proofs because of proof irrelevance.

Note: This linter can be disabled with `set_option linter.style.haveILetI false`
warning: AutoSamplingTheory/ExampleCases/ProximalBPS/AmbientAdjointCorrector.lean:127:2: Try this: 
  letI̵

The goal is a proposition, so `let` is preferred over `letI`.
The difference between `let` and `letI` is that `letI` inlines the value.
But this is not relevant for proofs because of proof irrelevance.

Note: This linter can be disabled with `set_option linter.style.haveILetI false`
warning: AutoSamplingTheory/ExampleCases/ProximalBPS/AmbientAdjointCorrector.lean:128:2: Try this: 
  letI̵

The goal is a proposition, so `let` is preferred over `letI`.
The difference between `let` and `letI` is that `letI` inlines the value.
But this is not relevant for proofs because of proof irrelevance.

Note: This linter can be disabled with `set_option linter.style.haveILetI false`
warning: AutoSamplingTheory/ExampleCases/ProximalBPS/AmbientAdjointCorrector.lean:145:2: Try this: 
  letI̵

The goal is a proposition, so `let` is preferred over `letI`.
The difference between `let` and `letI` is that `letI` inlines the value.
But this is not relevant for proofs because of proof irrelevance.

Note: This linter can be disabled with `set_option linter.style.haveILetI false`
warning: AutoSamplingTheory/ExampleCases/ProximalBPS/AmbientAdjointCorrector.lean:146:2: Try this: 
  letI̵

The goal is a proposition, so `let` is preferred over `letI`.
The difference between `let` and `letI` is that `letI` inlines the value.
But this is not relevant for proofs because of proof irrelevance.

Note: This linter can be disabled with `set_option linter.style.haveILetI false`
warning: AutoSamplingTheory/ExampleCases/ProximalBPS/AmbientAdjointCorrector.lean:147:2: Try this: 
  letI̵

The goal is a proposition, so `let` is preferred over `letI`.
The difference between `let` and `letI` is that `letI` inlines the value.
But this is not relevant for proofs because of proof irrelevance.

Note: This linter can be disabled with `set_option linter.style.haveILetI false`
warning: AutoSamplingTheory/ExampleCases/ProximalBPS/AmbientAdjointCorrector.lean:149:2: Try this: 
  letI̵

The goal is a proposition, so `let` is preferred over `letI`.
The difference between `let` and `letI` is that `letI` inlines the value.
But this is not relevant for proofs because of proof irrelevance.

Note: This linter can be disabled with `set_option linter.style.haveILetI false`
warning: AutoSamplingTheory/ExampleCases/ProximalBPS/AmbientAdjointCorrector.lean:150:2: Try this: 
  letI̵

The goal is a proposition, so `let` is preferred over `letI`.
The difference between `let` and `letI` is that `letI` inlines the value.
But this is not relevant for proofs because of proof irrelevance.

Note: This linter can be disabled with `set_option linter.style.haveILetI false`
warning: AutoSamplingTheory/ExampleCases/ProximalBPS/AmbientAdjointCorrector.lean:151:2: Try this: 
  letI̵

The goal is a proposition, so `let` is preferred over `letI`.
The difference between `let` and `letI` is that `letI` inlines the value.
But this is not relevant for proofs because of proof irrelevance.

Note: This linter can be disabled with `set_option linter.style.haveILetI false`
warning: AutoSamplingTheory/ExampleCases/ProximalBPS/AmbientAdjointCorrector.lean:154:2: Try this: 
  letI̵

The goal is a proposition, so `let` is preferred over `letI`.
The difference between `let` and `letI` is that `letI` inlines the value.
But this is not relevant for proofs because of proof irrelevance.

Note: This linter can be disabled with `set_option linter.style.haveILetI false`
warning: AutoSamplingTheory/ExampleCases/ProximalBPS/AmbientAdjointCorrector.lean:155:2: Try this: 
  letI̵

The goal is a proposition, so `let` is preferred over `letI`.
The difference between `let` and `letI` is that `letI` inlines the value.
But this is not relevant for proofs because of proof irrelevance.

Note: This linter can be disabled with `set_option linter.style.haveILetI false`
⚠ [4516/4671] Replayed AutoSamplingTheory.ExampleCases.ProximalBPS.ActualRootCommutation
warning: AutoSamplingTheory/ExampleCases/ProximalBPS/ActualRootCommutation.lean:15:5: Variable name `hα` is not explicitly referenced.

Hint: The binding can be removed (if unused) or named `_` (if used implicitly). Alternatively, prefix the name with `_` to silence this warning:
  [apply] _hα

Note: This linter can be disabled with `set_option linter.unusedVariables false`
warning: AutoSamplingTheory/ExampleCases/ProximalBPS/ActualRootCommutation.lean:15:24: Variable name `hαβ` is not explicitly referenced.

Hint: The binding can be removed (if unused) or named `_` (if used implicitly). Alternatively, prefix the name with `_` to silence this warning:
  [apply] _hαβ

Note: This linter can be disabled with `set_option linter.unusedVariables false`
warning: AutoSamplingTheory/ExampleCases/ProximalBPS/ActualRootCommutation.lean:15:38: Variable name `hV` is not explicitly referenced.

Hint: The binding can be removed (if unused) or named `_` (if used implicitly). Alternatively, prefix the name with `_` to silence this warning:
  [apply] _hV

Note: This linter can be disabled with `set_option linter.unusedVariables false`
warning: AutoSamplingTheory/ExampleCases/ProximalBPS/ActualRootCommutation.lean:16:5: Variable name `hH` is not explicitly referenced.

Hint: The binding can be removed (if unused) or named `_` (if used implicitly). Alternatively, prefix the name with `_` to silence this warning:
  [apply] _hH

Note: This linter can be disabled with `set_option linter.unusedVariables false`
warning: AutoSamplingTheory/ExampleCases/ProximalBPS/ActualRootCommutation.lean:19:5: Variable name `hη` is not explicitly referenced.

Hint: The binding can be removed (if unused) or named `_` (if used implicitly). Alternatively, prefix the name with `_` to silence this warning:
  [apply] _hη

Note: This linter can be disabled with `set_option linter.unusedVariables false`
warning: AutoSamplingTheory/ExampleCases/ProximalBPS/ActualRootCommutation.lean:19:18: Variable name `hβη` is not explicitly referenced.

Hint: The binding can be removed (if unused) or named `_` (if used implicitly). Alternatively, prefix the name with `_` to silence this warning:
  [apply] _hβη

Note: This linter can be disabled with `set_option linter.unusedVariables false`
warning: AutoSamplingTheory/ExampleCases/ProximalBPS/ActualRootCommutation.lean:132:2: Try this: 
  letI̵

The goal is a proposition, so `let` is preferred over `letI`.
The difference between `let` and `letI` is that `letI` inlines the value.
But this is not relevant for proofs because of proof irrelevance.

Note: This linter can be disabled with `set_option linter.style.haveILetI false`
warning: AutoSamplingTheory/ExampleCases/ProximalBPS/ActualRootCommutation.lean:133:2: Try this: 
  letI̵

The goal is a proposition, so `let` is preferred over `letI`.
The difference between `let` and `letI` is that `letI` inlines the value.
But this is not relevant for proofs because of proof irrelevance.

Note: This linter can be disabled with `set_option linter.style.haveILetI false`
warning: AutoSamplingTheory/ExampleCases/ProximalBPS/ActualRootCommutation.lean:135:2: Try this: 
  letI̵

The goal is a proposition, so `let` is preferred over `letI`.
The difference between `let` and `letI` is that `letI` inlines the value.
But this is not relevant for proofs because of proof irrelevance.

Note: This linter can be disabled with `set_option linter.style.haveILetI false`
warning: AutoSamplingTheory/ExampleCases/ProximalBPS/ActualRootCommutation.lean:136:2: Try this: 
  letI̵

The goal is a proposition, so `let` is preferred over `letI`.
The difference between `let` and `letI` is that `letI` inlines the value.
But this is not relevant for proofs because of proof irrelevance.

Note: This linter can be disabled with `set_option linter.style.haveILetI false`
warning: AutoSamplingTheory/ExampleCases/ProximalBPS/ActualRootCommutation.lean:152:2: Try this: 
  letI̵

The goal is a proposition, so `let` is preferred over `letI`.
The difference between `let` and `letI` is that `letI` inlines the value.
But this is not relevant for proofs because of proof irrelevance.

Note: This linter can be disabled with `set_option linter.style.haveILetI false`
warning: AutoSamplingTheory/ExampleCases/ProximalBPS/ActualRootCommutation.lean:153:2: Try this: 
  letI̵

The goal is a proposition, so `let` is preferred over `letI`.
The difference between `let` and `letI` is that `letI` inlines the value.
But this is not relevant for proofs because of proof irrelevance.

Note: This linter can be disabled with `set_option linter.style.haveILetI false`
warning: AutoSamplingTheory/ExampleCases/ProximalBPS/ActualRootCommutation.lean:154:2: Try this: 
  letI̵

The goal is a proposition, so `let` is preferred over `letI`.
The difference between `let` and `letI` is that `letI` inlines the value.
But this is not relevant for proofs because of proof irrelevance.

Note: This linter can be disabled with `set_option linter.style.haveILetI false`
warning: AutoSamplingTheory/ExampleCases/ProximalBPS/ActualRootCommutation.lean:156:2: Try this: 
  letI̵

The goal is a proposition, so `let` is preferred over `letI`.
The difference between `let` and `letI` is that `letI` inlines the value.
But this is not relevant for proofs because of proof irrelevance.

Note: This linter can be disabled with `set_option linter.style.haveILetI false`
warning: AutoSamplingTheory/ExampleCases/ProximalBPS/ActualRootCommutation.lean:157:2: Try this: 
  letI̵

The goal is a proposition, so `let` is preferred over `letI`.
The difference between `let` and `letI` is that `letI` inlines the value.
But this is not relevant for proofs because of proof irrelevance.

Note: This linter can be disabled with `set_option linter.style.haveILetI false`
warning: AutoSamplingTheory/ExampleCases/ProximalBPS/ActualRootCommutation.lean:158:2: Try this: 
  letI̵

The goal is a proposition, so `let` is preferred over `letI`.
The difference between `let` and `letI` is that `letI` inlines the value.
But this is not relevant for proofs because of proof irrelevance.

Note: This linter can be disabled with `set_option linter.style.haveILetI false`
info: AutoSamplingTheory/ExampleCases/ProximalBPS/ActualRootCommutation.lean:313:0: 'AutoSamplingTheory.ExampleCases.ProximalBPS.ActualRootCommutation.actual_same_root_inverse_commutation' depends on axioms: [propext,
 Classical.choice,
 Quot.sound]
⚠ [4517/4671] Replayed AutoSamplingTheory.ExampleCases.ProximalBPS.ReflectionIntertwining
warning: AutoSamplingTheory/ExampleCases/ProximalBPS/ReflectionIntertwining.lean:21:5: Variable name `hα` is not explicitly referenced.

Hint: The binding can be removed (if unused) or named `_` (if used implicitly). Alternatively, prefix the name with `_` to silence this warning:
  [apply] _hα

Note: This linter can be disabled with `set_option linter.unusedVariables false`
warning: AutoSamplingTheory/ExampleCases/ProximalBPS/ReflectionIntertwining.lean:21:24: Variable name `hαβ` is not explicitly referenced.

Hint: The binding can be removed (if unused) or named `_` (if used implicitly). Alternatively, prefix the name with `_` to silence this warning:
  [apply] _hαβ

Note: This linter can be disabled with `set_option linter.unusedVariables false`
warning: AutoSamplingTheory/ExampleCases/ProximalBPS/ReflectionIntertwining.lean:21:38: Variable name `hV` is not explicitly referenced.

Hint: The binding can be removed (if unused) or named `_` (if used implicitly). Alternatively, prefix the name with `_` to silence this warning:
  [apply] _hV

Note: This linter can be disabled with `set_option linter.unusedVariables false`
warning: AutoSamplingTheory/ExampleCases/ProximalBPS/ReflectionIntertwining.lean:22:5: Variable name `hH` is not explicitly referenced.

Hint: The binding can be removed (if unused) or named `_` (if used implicitly). Alternatively, prefix the name with `_` to silence this warning:
  [apply] _hH

Note: This linter can be disabled with `set_option linter.unusedVariables false`
warning: AutoSamplingTheory/ExampleCases/ProximalBPS/ReflectionIntertwining.lean:25:5: Variable name `hη` is not explicitly referenced.

Hint: The binding can be removed (if unused) or named `_` (if used implicitly). Alternatively, prefix the name with `_` to silence this warning:
  [apply] _hη

Note: This linter can be disabled with `set_option linter.unusedVariables false`
warning: AutoSamplingTheory/ExampleCases/ProximalBPS/ReflectionIntertwining.lean:25:18: Variable name `hβη` is not explicitly referenced.

Hint: The binding can be removed (if unused) or named `_` (if used implicitly). Alternatively, prefix the name with `_` to silence this warning:
  [apply] _hβη

Note: This linter can be disabled with `set_option linter.unusedVariables false`
warning: AutoSamplingTheory/ExampleCases/ProximalBPS/ReflectionIntertwining.lean:140:2: Try this: 
  letI̵

The goal is a proposition, so `let` is preferred over `letI`.
The difference between `let` and `letI` is that `letI` inlines the value.
But this is not relevant for proofs because of proof irrelevance.

Note: This linter can be disabled with `set_option linter.style.haveILetI false`
warning: AutoSamplingTheory/ExampleCases/ProximalBPS/ReflectionIntertwining.lean:141:2: Try this: 
  letI̵

The goal is a proposition, so `let` is preferred over `letI`.
The difference between `let` and `letI` is that `letI` inlines the value.
But this is not relevant for proofs because of proof irrelevance.

Note: This linter can be disabled with `set_option linter.style.haveILetI false`
warning: AutoSamplingTheory/ExampleCases/ProximalBPS/ReflectionIntertwining.lean:143:2: Try this: 
  letI̵

The goal is a proposition, so `let` is preferred over `letI`.
The difference between `let` and `letI` is that `letI` inlines the value.
But this is not relevant for proofs because of proof irrelevance.

Note: This linter can be disabled with `set_option linter.style.haveILetI false`
warning: AutoSamplingTheory/ExampleCases/ProximalBPS/ReflectionIntertwining.lean:144:2: Try this: 
  letI̵

The goal is a proposition, so `let` is preferred over `letI`.
The difference between `let` and `letI` is that `letI` inlines the value.
But this is not relevant for proofs because of proof irrelevance.

Note: This linter can be disabled with `set_option linter.style.haveILetI false`
warning: AutoSamplingTheory/ExampleCases/ProximalBPS/ReflectionIntertwining.lean:275:2: Try this: 
  letI̵

The goal is a proposition, so `let` is preferred over `letI`.
The difference between `let` and `letI` is that `letI` inlines the value.
But this is not relevant for proofs because of proof irrelevance.

Note: This linter can be disabled with `set_option linter.style.haveILetI false`
warning: AutoSamplingTheory/ExampleCases/ProximalBPS/ReflectionIntertwining.lean:276:2: Try this: 
  letI̵

The goal is a proposition, so `let` is preferred over `letI`.
The difference between `let` and `letI` is that `letI` inlines the value.
But this is not relevant for proofs because of proof irrelevance.

Note: This linter can be disabled with `set_option linter.style.haveILetI false`
warning: AutoSamplingTheory/ExampleCases/ProximalBPS/ReflectionIntertwining.lean:277:2: Try this: 
  letI̵

The goal is a proposition, so `let` is preferred over `letI`.
The difference between `let` and `letI` is that `letI` inlines the value.
But this is not relevant for proofs because of proof irrelevance.

Note: This linter can be disabled with `set_option linter.style.haveILetI false`
warning: AutoSamplingTheory/ExampleCases/ProximalBPS/ReflectionIntertwining.lean:279:2: Try this: 
  letI̵

The goal is a proposition, so `let` is preferred over `letI`.
The difference between `let` and `letI` is that `letI` inlines the value.
But this is not relevant for proofs because of proof irrelevance.

Note: This linter can be disabled with `set_option linter.style.haveILetI false`
warning: AutoSamplingTheory/ExampleCases/ProximalBPS/ReflectionIntertwining.lean:280:2: Try this: 
  letI̵

The goal is a proposition, so `let` is preferred over `letI`.
The difference between `let` and `letI` is that `letI` inlines the value.
But this is not relevant for proofs because of proof irrelevance.

Note: This linter can be disabled with `set_option linter.style.haveILetI false`
warning: AutoSamplingTheory/ExampleCases/ProximalBPS/ReflectionIntertwining.lean:281:2: Try this: 
  letI̵

The goal is a proposition, so `let` is preferred over `letI`.
The difference between `let` and `letI` is that `letI` inlines the value.
But this is not relevant for proofs because of proof irrelevance.

Note: This linter can be disabled with `set_option linter.style.haveILetI false`
warning: AutoSamplingTheory/ExampleCases/ProximalBPS/ReflectionIntertwining.lean:299:2: Try this: 
  letI̵

The goal is a proposition, so `let` is preferred over `letI`.
The difference between `let` and `letI` is that `letI` inlines the value.
But this is not relevant for proofs because of proof irrelevance.

Note: This linter can be disabled with `set_option linter.style.haveILetI false`
info: AutoSamplingTheory/ExampleCases/ProximalBPS/ReflectionIntertwining.lean:446:0: 'AutoSamplingTheory.ExampleCases.ProximalBPS.ReflectionIntertwining.actual_reflection_intertwining' depends on axioms: [propext,
 Classical.choice,
 Quot.sound]
⚠ [4518/4671] Replayed AutoSamplingTheory.ExampleCases.ProximalBPS.ActualProjectedRotation
warning: AutoSamplingTheory/ExampleCases/ProximalBPS/ActualProjectedRotation.lean:22:5: Variable name `hα` is not explicitly referenced.

Hint: The binding can be removed (if unused) or named `_` (if used implicitly). Alternatively, prefix the name with `_` to silence this warning:
  [apply] _hα

Note: This linter can be disabled with `set_option linter.unusedVariables false`
warning: AutoSamplingTheory/ExampleCases/ProximalBPS/ActualProjectedRotation.lean:22:24: Variable name `hαβ` is not explicitly referenced.

Hint: The binding can be removed (if unused) or named `_` (if used implicitly). Alternatively, prefix the name with `_` to silence this warning:
  [apply] _hαβ

Note: This linter can be disabled with `set_option linter.unusedVariables false`
warning: AutoSamplingTheory/ExampleCases/ProximalBPS/ActualProjectedRotation.lean:22:38: Variable name `hV` is not explicitly referenced.

Hint: The binding can be removed (if unused) or named `_` (if used implicitly). Alternatively, prefix the name with `_` to silence this warning:
  [apply] _hV

Note: This linter can be disabled with `set_option linter.unusedVariables false`
warning: AutoSamplingTheory/ExampleCases/ProximalBPS/ActualProjectedRotation.lean:23:5: Variable name `hH` is not explicitly referenced.

Hint: The binding can be removed (if unused) or named `_` (if used implicitly). Alternatively, prefix the name with `_` to silence this warning:
  [apply] _hH

Note: This linter can be disabled with `set_option linter.unusedVariables false`
warning: AutoSamplingTheory/ExampleCases/ProximalBPS/ActualProjectedRotation.lean:26:5: Variable name `hη` is not explicitly referenced.

Hint: The binding can be removed (if unused) or named `_` (if used implicitly). Alternatively, prefix the name with `_` to silence this warning:
  [apply] _hη

Note: This linter can be disabled with `set_option linter.unusedVariables false`
warning: AutoSamplingTheory/ExampleCases/ProximalBPS/ActualProjectedRotation.lean:26:18: Variable name `hβη` is not explicitly referenced.

Hint: The binding can be removed (if unused) or named `_` (if used implicitly). Alternatively, prefix the name with `_` to silence this warning:
  [apply] _hβη

Note: This linter can be disabled with `set_option linter.unusedVariables false`
warning: AutoSamplingTheory/ExampleCases/ProximalBPS/ActualProjectedRotation.lean:151:2: Try this: 
  letI̵

The goal is a proposition, so `let` is preferred over `letI`.
The difference between `let` and `letI` is that `letI` inlines the value.
But this is not relevant for proofs because of proof irrelevance.

Note: This linter can be disabled with `set_option linter.style.haveILetI false`
warning: AutoSamplingTheory/ExampleCases/ProximalBPS/ActualProjectedRotation.lean:152:2: Try this: 
  letI̵

The goal is a proposition, so `let` is preferred over `letI`.
The difference between `let` and `letI` is that `letI` inlines the value.
But this is not relevant for proofs because of proof irrelevance.

Note: This linter can be disabled with `set_option linter.style.haveILetI false`
warning: AutoSamplingTheory/ExampleCases/ProximalBPS/ActualProjectedRotation.lean:154:2: Try this: 
  letI̵

The goal is a proposition, so `let` is preferred over `letI`.
The difference between `let` and `letI` is that `letI` inlines the value.
But this is not relevant for proofs because of proof irrelevance.

Note: This linter can be disabled with `set_option linter.style.haveILetI false`
warning: AutoSamplingTheory/ExampleCases/ProximalBPS/ActualProjectedRotation.lean:155:2: Try this: 
  letI̵

The goal is a proposition, so `let` is preferred over `letI`.
The difference between `let` and `letI` is that `letI` inlines the value.
But this is not relevant for proofs because of proof irrelevance.

Note: This linter can be disabled with `set_option linter.style.haveILetI false`
warning: AutoSamplingTheory/ExampleCases/ProximalBPS/ActualProjectedRotation.lean:289:2: Try this: 
  letI̵

The goal is a proposition, so `let` is preferred over `letI`.
The difference between `let` and `letI` is that `letI` inlines the value.
But this is not relevant for proofs because of proof irrelevance.

Note: This linter can be disabled with `set_option linter.style.haveILetI false`
warning: AutoSamplingTheory/ExampleCases/ProximalBPS/ActualProjectedRotation.lean:290:2: Try this: 
  letI̵

The goal is a proposition, so `let` is preferred over `letI`.
The difference between `let` and `letI` is that `letI` inlines the value.
But this is not relevant for proofs because of proof irrelevance.

Note: This linter can be disabled with `set_option linter.style.haveILetI false`
warning: AutoSamplingTheory/ExampleCases/ProximalBPS/ActualProjectedRotation.lean:291:2: Try this: 
  letI̵

The goal is a proposition, so `let` is preferred over `letI`.
The difference between `let` and `letI` is that `letI` inlines the value.
But this is not relevant for proofs because of proof irrelevance.

Note: This linter can be disabled with `set_option linter.style.haveILetI false`
warning: AutoSamplingTheory/ExampleCases/ProximalBPS/ActualProjectedRotation.lean:293:2: Try this: 
  letI̵

The goal is a proposition, so `let` is preferred over `letI`.
The difference between `let` and `letI` is that `letI` inlines the value.
But this is not relevant for proofs because of proof irrelevance.

Note: This linter can be disabled with `set_option linter.style.haveILetI false`
warning: AutoSamplingTheory/ExampleCases/ProximalBPS/ActualProjectedRotation.lean:294:2: Try this: 
  letI̵

The goal is a proposition, so `let` is preferred over `letI`.
The difference between `let` and `letI` is that `letI` inlines the value.
But this is not relevant for proofs because of proof irrelevance.

Note: This linter can be disabled with `set_option linter.style.haveILetI false`
warning: AutoSamplingTheory/ExampleCases/ProximalBPS/ActualProjectedRotation.lean:295:2: Try this: 
  letI̵

The goal is a proposition, so `let` is preferred over `letI`.
The difference between `let` and `letI` is that `letI` inlines the value.
But this is not relevant for proofs because of proof irrelevance.

Note: This linter can be disabled with `set_option linter.style.haveILetI false`
warning: AutoSamplingTheory/ExampleCases/ProximalBPS/ActualProjectedRotation.lean:314:2: Try this: 
  letI̵

The goal is a proposition, so `let` is preferred over `letI`.
The difference between `let` and `letI` is that `letI` inlines the value.
But this is not relevant for proofs because of proof irrelevance.

Note: This linter can be disabled with `set_option linter.style.haveILetI false`
warning: AutoSamplingTheory/ExampleCases/ProximalBPS/ActualProjectedRotation.lean:315:2: Try this: 
  letI̵

The goal is a proposition, so `let` is preferred over `letI`.
The difference between `let` and `letI` is that `letI` inlines the value.
But this is not relevant for proofs because of proof irrelevance.

Note: This linter can be disabled with `set_option linter.style.haveILetI false`
warning: AutoSamplingTheory/ExampleCases/ProximalBPS/ActualProjectedRotation.lean:369:15: `ContinuousLinearMap.add_apply` has been deprecated: Use `add_apply` instead

Note: The updated constant is in a different namespace. Dot notation may need to be changed (e.g., from `x.add_apply` to `add_apply x`).
warning: AutoSamplingTheory/ExampleCases/ProximalBPS/ActualProjectedRotation.lean:369:45: `ContinuousLinearMap.mul_apply` has been deprecated: Use `mul_apply_eq_comp` instead

Note: The updated constant is in a different namespace. Dot notation may need to be changed (e.g., from `x.mul_apply` to `mul_apply_eq_comp x`).
warning: AutoSamplingTheory/ExampleCases/ProximalBPS/ActualProjectedRotation.lean:370:6: `ContinuousLinearMap.one_apply` has been deprecated: Use `one_apply_eq_self` instead

Note: The updated constant is in a different namespace. Dot notation may need to be changed (e.g., from `x.one_apply` to `one_apply_eq_self x`).
info: AutoSamplingTheory/ExampleCases/ProximalBPS/ActualProjectedRotation.lean:544:0: 'AutoSamplingTheory.ExampleCases.ProximalBPS.ActualProjectedRotation.actual_projected_rotation' depends on axioms: [propext,
 Classical.choice,
 Quot.sound]
⚠ [4519/4671] Replayed AutoSamplingTheory.ExampleCases.ProximalBPS.SharpCorrectorEnergy
warning: AutoSamplingTheory/ExampleCases/ProximalBPS/SharpCorrectorEnergy.lean:22:5: Variable name `hα` is not explicitly referenced.

Hint: The binding can be removed (if unused) or named `_` (if used implicitly). Alternatively, prefix the name with `_` to silence this warning:
  [apply] _hα

Note: This linter can be disabled with `set_option linter.unusedVariables false`
warning: AutoSamplingTheory/ExampleCases/ProximalBPS/SharpCorrectorEnergy.lean:22:24: Variable name `hαβ` is not explicitly referenced.

Hint: The binding can be removed (if unused) or named `_` (if used implicitly). Alternatively, prefix the name with `_` to silence this warning:
  [apply] _hαβ

Note: This linter can be disabled with `set_option linter.unusedVariables false`
warning: AutoSamplingTheory/ExampleCases/ProximalBPS/SharpCorrectorEnergy.lean:22:38: Variable name `hV` is not explicitly referenced.

Hint: The binding can be removed (if unused) or named `_` (if used implicitly). Alternatively, prefix the name with `_` to silence this warning:
  [apply] _hV

Note: This linter can be disabled with `set_option linter.unusedVariables false`
warning: AutoSamplingTheory/ExampleCases/ProximalBPS/SharpCorrectorEnergy.lean:23:5: Variable name `hH` is not explicitly referenced.

Hint: The binding can be removed (if unused) or named `_` (if used implicitly). Alternatively, prefix the name with `_` to silence this warning:
  [apply] _hH

Note: This linter can be disabled with `set_option linter.unusedVariables false`
warning: AutoSamplingTheory/ExampleCases/ProximalBPS/SharpCorrectorEnergy.lean:26:5: Variable name `hη` is not explicitly referenced.

Hint: The binding can be removed (if unused) or named `_` (if used implicitly). Alternatively, prefix the name with `_` to silence this warning:
  [apply] _hη

Note: This linter can be disabled with `set_option linter.unusedVariables false`
warning: AutoSamplingTheory/ExampleCases/ProximalBPS/SharpCorrectorEnergy.lean:26:18: Variable name `hβη` is not explicitly referenced.

Hint: The binding can be removed (if unused) or named `_` (if used implicitly). Alternatively, prefix the name with `_` to silence this warning:
  [apply] _hβη

Note: This linter can be disabled with `set_option linter.unusedVariables false`
warning: AutoSamplingTheory/ExampleCases/ProximalBPS/SharpCorrectorEnergy.lean:144:2: Try this: 
  letI̵

The goal is a proposition, so `let` is preferred over `letI`.
The difference between `let` and `letI` is that `letI` inlines the value.
But this is not relevant for proofs because of proof irrelevance.

Note: This linter can be disabled with `set_option linter.style.haveILetI false`
warning: AutoSamplingTheory/ExampleCases/ProximalBPS/SharpCorrectorEnergy.lean:145:2: Try this: 
  letI̵

The goal is a proposition, so `let` is preferred over `letI`.
The difference between `let` and `letI` is that `letI` inlines the value.
But this is not relevant for proofs because of proof irrelevance.

Note: This linter can be disabled with `set_option linter.style.haveILetI false`
warning: AutoSamplingTheory/ExampleCases/ProximalBPS/SharpCorrectorEnergy.lean:147:2: Try this: 
  letI̵

The goal is a proposition, so `let` is preferred over `letI`.
The difference between `let` and `letI` is that `letI` inlines the value.
But this is not relevant for proofs because of proof irrelevance.

Note: This linter can be disabled with `set_option linter.style.haveILetI false`
warning: AutoSamplingTheory/ExampleCases/ProximalBPS/SharpCorrectorEnergy.lean:148:2: Try this: 
  letI̵

The goal is a proposition, so `let` is preferred over `letI`.
The difference between `let` and `letI` is that `letI` inlines the value.
But this is not relevant for proofs because of proof irrelevance.

Note: This linter can be disabled with `set_option linter.style.haveILetI false`
warning: AutoSamplingTheory/ExampleCases/ProximalBPS/SharpCorrectorEnergy.lean:279:2: Try this: 
  letI̵

The goal is a proposition, so `let` is preferred over `letI`.
The difference between `let` and `letI` is that `letI` inlines the value.
But this is not relevant for proofs because of proof irrelevance.

Note: This linter can be disabled with `set_option linter.style.haveILetI false`
warning: AutoSamplingTheory/ExampleCases/ProximalBPS/SharpCorrectorEnergy.lean:280:2: Try this: 
  letI̵

The goal is a proposition, so `let` is preferred over `letI`.
The difference between `let` and `letI` is that `letI` inlines the value.
But this is not relevant for proofs because of proof irrelevance.

Note: This linter can be disabled with `set_option linter.style.haveILetI false`
warning: AutoSamplingTheory/ExampleCases/ProximalBPS/SharpCorrectorEnergy.lean:281:2: Try this: 
  letI̵

The goal is a proposition, so `let` is preferred over `letI`.
The difference between `let` and `letI` is that `letI` inlines the value.
But this is not relevant for proofs because of proof irrelevance.

Note: This linter can be disabled with `set_option linter.style.haveILetI false`
warning: AutoSamplingTheory/ExampleCases/ProximalBPS/SharpCorrectorEnergy.lean:283:2: Try this: 
  letI̵

The goal is a proposition, so `let` is preferred over `letI`.
The difference between `let` and `letI` is that `letI` inlines the value.
But this is not relevant for proofs because of proof irrelevance.

Note: This linter can be disabled with `set_option linter.style.haveILetI false`
warning: AutoSamplingTheory/ExampleCases/ProximalBPS/SharpCorrectorEnergy.lean:284:2: Try this: 
  letI̵

The goal is a proposition, so `let` is preferred over `letI`.
The difference between `let` and `letI` is that `letI` inlines the value.
But this is not relevant for proofs because of proof irrelevance.

Note: This linter can be disabled with `set_option linter.style.haveILetI false`
warning: AutoSamplingTheory/ExampleCases/ProximalBPS/SharpCorrectorEnergy.lean:285:2: Try this: 
  letI̵

The goal is a proposition, so `let` is preferred over `letI`.
The difference between `let` and `letI` is that `letI` inlines the value.
But this is not relevant for proofs because of proof irrelevance.

Note: This linter can be disabled with `set_option linter.style.haveILetI false`
info: AutoSamplingTheory/ExampleCases/ProximalBPS/SharpCorrectorEnergy.lean:418:0: 'AutoSamplingTheory.ExampleCases.ProximalBPS.SharpCorrectorEnergy.actual_sharp_corrector_bound' depends on axioms: [propext,
 Classical.choice,
 Quot.sound]
⚠ [4566/4716] Replayed AutoSamplingTheory.ExampleCases.ProximalBPS.ActualCorrectorChange
warning: AutoSamplingTheory/ExampleCases/ProximalBPS/ActualCorrectorChange.lean:22:5: Variable name `hα` is not explicitly referenced.

Hint: The binding can be removed (if unused) or named `_` (if used implicitly). Alternatively, prefix the name with `_` to silence this warning:
  [apply] _hα

Note: This linter can be disabled with `set_option linter.unusedVariables false`
warning: AutoSamplingTheory/ExampleCases/ProximalBPS/ActualCorrectorChange.lean:22:24: Variable name `hαβ` is not explicitly referenced.

Hint: The binding can be removed (if unused) or named `_` (if used implicitly). Alternatively, prefix the name with `_` to silence this warning:
  [apply] _hαβ

Note: This linter can be disabled with `set_option linter.unusedVariables false`
warning: AutoSamplingTheory/ExampleCases/ProximalBPS/ActualCorrectorChange.lean:22:38: Variable name `hV` is not explicitly referenced.

Hint: The binding can be removed (if unused) or named `_` (if used implicitly). Alternatively, prefix the name with `_` to silence this warning:
  [apply] _hV

Note: This linter can be disabled with `set_option linter.unusedVariables false`
warning: AutoSamplingTheory/ExampleCases/ProximalBPS/ActualCorrectorChange.lean:23:5: Variable name `hH` is not explicitly referenced.

Hint: The binding can be removed (if unused) or named `_` (if used implicitly). Alternatively, prefix the name with `_` to silence this warning:
  [apply] _hH

Note: This linter can be disabled with `set_option linter.unusedVariables false`
warning: AutoSamplingTheory/ExampleCases/ProximalBPS/ActualCorrectorChange.lean:26:5: Variable name `hη` is not explicitly referenced.

Hint: The binding can be removed (if unused) or named `_` (if used implicitly). Alternatively, prefix the name with `_` to silence this warning:
  [apply] _hη

Note: This linter can be disabled with `set_option linter.unusedVariables false`
warning: AutoSamplingTheory/ExampleCases/ProximalBPS/ActualCorrectorChange.lean:26:18: Variable name `hβη` is not explicitly referenced.

Hint: The binding can be removed (if unused) or named `_` (if used implicitly). Alternatively, prefix the name with `_` to silence this warning:
  [apply] _hβη

Note: This linter can be disabled with `set_option linter.unusedVariables false`
warning: AutoSamplingTheory/ExampleCases/ProximalBPS/ActualCorrectorChange.lean:154:2: Try this: 
  letI̵

The goal is a proposition, so `let` is preferred over `letI`.
The difference between `let` and `letI` is that `letI` inlines the value.
But this is not relevant for proofs because of proof irrelevance.

Note: This linter can be disabled with `set_option linter.style.haveILetI false`
warning: AutoSamplingTheory/ExampleCases/ProximalBPS/ActualCorrectorChange.lean:155:2: Try this: 
  letI̵

The goal is a proposition, so `let` is preferred over `letI`.
The difference between `let` and `letI` is that `letI` inlines the value.
But this is not relevant for proofs because of proof irrelevance.

Note: This linter can be disabled with `set_option linter.style.haveILetI false`
warning: AutoSamplingTheory/ExampleCases/ProximalBPS/ActualCorrectorChange.lean:157:2: Try this: 
  letI̵

The goal is a proposition, so `let` is preferred over `letI`.
The difference between `let` and `letI` is that `letI` inlines the value.
But this is not relevant for proofs because of proof irrelevance.

Note: This linter can be disabled with `set_option linter.style.haveILetI false`
warning: AutoSamplingTheory/ExampleCases/ProximalBPS/ActualCorrectorChange.lean:158:2: Try this: 
  letI̵

The goal is a proposition, so `let` is preferred over `letI`.
The difference between `let` and `letI` is that `letI` inlines the value.
But this is not relevant for proofs because of proof irrelevance.

Note: This linter can be disabled with `set_option linter.style.haveILetI false`
warning: AutoSamplingTheory/ExampleCases/ProximalBPS/ActualCorrectorChange.lean:292:2: Try this: 
  letI̵

The goal is a proposition, so `let` is preferred over `letI`.
The difference between `let` and `letI` is that `letI` inlines the value.
But this is not relevant for proofs because of proof irrelevance.

Note: This linter can be disabled with `set_option linter.style.haveILetI false`
warning: AutoSamplingTheory/ExampleCases/ProximalBPS/ActualCorrectorChange.lean:293:2: Try this: 
  letI̵

The goal is a proposition, so `let` is preferred over `letI`.
The difference between `let` and `letI` is that `letI` inlines the value.
But this is not relevant for proofs because of proof irrelevance.

Note: This linter can be disabled with `set_option linter.style.haveILetI false`
warning: AutoSamplingTheory/ExampleCases/ProximalBPS/ActualCorrectorChange.lean:294:2: Try this: 
  letI̵

The goal is a proposition, so `let` is preferred over `letI`.
The difference between `let` and `letI` is that `letI` inlines the value.
But this is not relevant for proofs because of proof irrelevance.

Note: This linter can be disabled with `set_option linter.style.haveILetI false`
warning: AutoSamplingTheory/ExampleCases/ProximalBPS/ActualCorrectorChange.lean:296:2: Try this: 
  letI̵

The goal is a proposition, so `let` is preferred over `letI`.
The difference between `let` and `letI` is that `letI` inlines the value.
But this is not relevant for proofs because of proof irrelevance.

Note: This linter can be disabled with `set_option linter.style.haveILetI false`
warning: AutoSamplingTheory/ExampleCases/ProximalBPS/ActualCorrectorChange.lean:297:2: Try this: 
  letI̵

The goal is a proposition, so `let` is preferred over `letI`.
The difference between `let` and `letI` is that `letI` inlines the value.
But this is not relevant for proofs because of proof irrelevance.

Note: This linter can be disabled with `set_option linter.style.haveILetI false`
warning: AutoSamplingTheory/ExampleCases/ProximalBPS/ActualCorrectorChange.lean:298:2: Try this: 
  letI̵

The goal is a proposition, so `let` is preferred over `letI`.
The difference between `let` and `letI` is that `letI` inlines the value.
But this is not relevant for proofs because of proof irrelevance.

Note: This linter can be disabled with `set_option linter.style.haveILetI false`
warning: AutoSamplingTheory/ExampleCases/ProximalBPS/ActualCorrectorChange.lean:329:15: `ContinuousLinearMap.add_apply` has been deprecated: Use `add_apply` instead

Note: The updated constant is in a different namespace. Dot notation may need to be changed (e.g., from `x.add_apply` to `add_apply x`).
warning: AutoSamplingTheory/ExampleCases/ProximalBPS/ActualCorrectorChange.lean:329:45: `ContinuousLinearMap.mul_apply` has been deprecated: Use `mul_apply_eq_comp` instead

Note: The updated constant is in a different namespace. Dot notation may need to be changed (e.g., from `x.mul_apply` to `mul_apply_eq_comp x`).
warning: AutoSamplingTheory/ExampleCases/ProximalBPS/ActualCorrectorChange.lean:330:6: `ContinuousLinearMap.one_apply` has been deprecated: Use `one_apply_eq_self` instead

Note: The updated constant is in a different namespace. Dot notation may need to be changed (e.g., from `x.one_apply` to `one_apply_eq_self x`).
warning: AutoSamplingTheory/ExampleCases/ProximalBPS/ActualCorrectorChange.lean:345:16: `ContinuousLinearMap.mul_apply` has been deprecated: Use `mul_apply_eq_comp` instead

Note: The updated constant is in a different namespace. Dot notation may need to be changed (e.g., from `x.mul_apply` to `mul_apply_eq_comp x`).
warning: AutoSamplingTheory/ExampleCases/ProximalBPS/ActualCorrectorChange.lean:345:46: `ContinuousLinearMap.one_apply` has been deprecated: Use `one_apply_eq_self` instead

Note: The updated constant is in a different namespace. Dot notation may need to be changed (e.g., from `x.one_apply` to `one_apply_eq_self x`).
warning: AutoSamplingTheory/ExampleCases/ProximalBPS/ActualCorrectorChange.lean:348:16: `ContinuousLinearMap.mul_apply` has been deprecated: Use `mul_apply_eq_comp` instead

Note: The updated constant is in a different namespace. Dot notation may need to be changed (e.g., from `x.mul_apply` to `mul_apply_eq_comp x`).
warning: AutoSamplingTheory/ExampleCases/ProximalBPS/ActualCorrectorChange.lean:348:46: `ContinuousLinearMap.one_apply` has been deprecated: Use `one_apply_eq_self` instead

Note: The updated constant is in a different namespace. Dot notation may need to be changed (e.g., from `x.one_apply` to `one_apply_eq_self x`).
warning: AutoSamplingTheory/ExampleCases/ProximalBPS/ActualCorrectorChange.lean:364:16: `ContinuousLinearMap.add_apply` has been deprecated: Use `add_apply` instead

Note: The updated constant is in a different namespace. Dot notation may need to be changed (e.g., from `x.add_apply` to `add_apply x`).
warning: AutoSamplingTheory/ExampleCases/ProximalBPS/ActualCorrectorChange.lean:364:46: `ContinuousLinearMap.mul_apply` has been deprecated: Use `mul_apply_eq_comp` instead

Note: The updated constant is in a different namespace. Dot notation may need to be changed (e.g., from `x.mul_apply` to `mul_apply_eq_comp x`).
warning: AutoSamplingTheory/ExampleCases/ProximalBPS/ActualCorrectorChange.lean:365:6: `ContinuousLinearMap.one_apply` has been deprecated: Use `one_apply_eq_self` instead

Note: The updated constant is in a different namespace. Dot notation may need to be changed (e.g., from `x.one_apply` to `one_apply_eq_self x`).
info: AutoSamplingTheory/ExampleCases/ProximalBPS/ActualCorrectorChange.lean:528:0: 'AutoSamplingTheory.ExampleCases.ProximalBPS.ActualCorrectorChange.actual_corrector_change' depends on axioms: [propext,
 Classical.choice,
 Quot.sound]
⚠ [4567/4716] Replayed AutoSamplingTheory.ExampleCases.ProximalBPS.ActualCorrectorPerturbation
warning: AutoSamplingTheory/ExampleCases/ProximalBPS/ActualCorrectorPerturbation.lean:24:5: Variable name `hα` is not explicitly referenced.

Hint: The binding can be removed (if unused) or named `_` (if used implicitly). Alternatively, prefix the name with `_` to silence this warning:
  [apply] _hα

Note: This linter can be disabled with `set_option linter.unusedVariables false`
warning: AutoSamplingTheory/ExampleCases/ProximalBPS/ActualCorrectorPerturbation.lean:24:24: Variable name `hαβ` is not explicitly referenced.

Hint: The binding can be removed (if unused) or named `_` (if used implicitly). Alternatively, prefix the name with `_` to silence this warning:
  [apply] _hαβ

Note: This linter can be disabled with `set_option linter.unusedVariables false`
warning: AutoSamplingTheory/ExampleCases/ProximalBPS/ActualCorrectorPerturbation.lean:24:38: Variable name `hV` is not explicitly referenced.

Hint: The binding can be removed (if unused) or named `_` (if used implicitly). Alternatively, prefix the name with `_` to silence this warning:
  [apply] _hV

Note: This linter can be disabled with `set_option linter.unusedVariables false`
warning: AutoSamplingTheory/ExampleCases/ProximalBPS/ActualCorrectorPerturbation.lean:25:5: Variable name `hH` is not explicitly referenced.

Hint: The binding can be removed (if unused) or named `_` (if used implicitly). Alternatively, prefix the name with `_` to silence this warning:
  [apply] _hH

Note: This linter can be disabled with `set_option linter.unusedVariables false`
warning: AutoSamplingTheory/ExampleCases/ProximalBPS/ActualCorrectorPerturbation.lean:28:5: Variable name `hη` is not explicitly referenced.

Hint: The binding can be removed (if unused) or named `_` (if used implicitly). Alternatively, prefix the name with `_` to silence this warning:
  [apply] _hη

Note: This linter can be disabled with `set_option linter.unusedVariables false`
warning: AutoSamplingTheory/ExampleCases/ProximalBPS/ActualCorrectorPerturbation.lean:28:18: Variable name `hβη` is not explicitly referenced.

Hint: The binding can be removed (if unused) or named `_` (if used implicitly). Alternatively, prefix the name with `_` to silence this warning:
  [apply] _hβη

Note: This linter can be disabled with `set_option linter.unusedVariables false`
warning: AutoSamplingTheory/ExampleCases/ProximalBPS/ActualCorrectorPerturbation.lean:159:2: Try this: 
  letI̵

The goal is a proposition, so `let` is preferred over `letI`.
The difference between `let` and `letI` is that `letI` inlines the value.
But this is not relevant for proofs because of proof irrelevance.

Note: This linter can be disabled with `set_option linter.style.haveILetI false`
warning: AutoSamplingTheory/ExampleCases/ProximalBPS/ActualCorrectorPerturbation.lean:160:2: Try this: 
  letI̵

The goal is a proposition, so `let` is preferred over `letI`.
The difference between `let` and `letI` is that `letI` inlines the value.
But this is not relevant for proofs because of proof irrelevance.

Note: This linter can be disabled with `set_option linter.style.haveILetI false`
warning: AutoSamplingTheory/ExampleCases/ProximalBPS/ActualCorrectorPerturbation.lean:162:2: Try this: 
  letI̵

The goal is a proposition, so `let` is preferred over `letI`.
The difference between `let` and `letI` is that `letI` inlines the value.
But this is not relevant for proofs because of proof irrelevance.

Note: This linter can be disabled with `set_option linter.style.haveILetI false`
warning: AutoSamplingTheory/ExampleCases/ProximalBPS/ActualCorrectorPerturbation.lean:163:2: Try this: 
  letI̵

The goal is a proposition, so `let` is preferred over `letI`.
The difference between `let` and `letI` is that `letI` inlines the value.
But this is not relevant for proofs because of proof irrelevance.

Note: This linter can be disabled with `set_option linter.style.haveILetI false`
warning: AutoSamplingTheory/ExampleCases/ProximalBPS/ActualCorrectorPerturbation.lean:297:2: Try this: 
  letI̵

The goal is a proposition, so `let` is preferred over `letI`.
The difference between `let` and `letI` is that `letI` inlines the value.
But this is not relevant for proofs because of proof irrelevance.

Note: This linter can be disabled with `set_option linter.style.haveILetI false`
warning: AutoSamplingTheory/ExampleCases/ProximalBPS/ActualCorrectorPerturbation.lean:298:2: Try this: 
  letI̵

The goal is a proposition, so `let` is preferred over `letI`.
The difference between `let` and `letI` is that `letI` inlines the value.
But this is not relevant for proofs because of proof irrelevance.

Note: This linter can be disabled with `set_option linter.style.haveILetI false`
warning: AutoSamplingTheory/ExampleCases/ProximalBPS/ActualCorrectorPerturbation.lean:299:2: Try this: 
  letI̵

The goal is a proposition, so `let` is preferred over `letI`.
The difference between `let` and `letI` is that `letI` inlines the value.
But this is not relevant for proofs because of proof irrelevance.

Note: This linter can be disabled with `set_option linter.style.haveILetI false`
warning: AutoSamplingTheory/ExampleCases/ProximalBPS/ActualCorrectorPerturbation.lean:301:2: Try this: 
  letI̵

The goal is a proposition, so `let` is preferred over `letI`.
The difference between `let` and `letI` is that `letI` inlines the value.
But this is not relevant for proofs because of proof irrelevance.

Note: This linter can be disabled with `set_option linter.style.haveILetI false`
warning: AutoSamplingTheory/ExampleCases/ProximalBPS/ActualCorrectorPerturbation.lean:302:2: Try this: 
  letI̵

The goal is a proposition, so `let` is preferred over `letI`.
The difference between `let` and `letI` is that `letI` inlines the value.
But this is not relevant for proofs because of proof irrelevance.

Note: This linter can be disabled with `set_option linter.style.haveILetI false`
warning: AutoSamplingTheory/ExampleCases/ProximalBPS/ActualCorrectorPerturbation.lean:303:2: Try this: 
  letI̵

The goal is a proposition, so `let` is preferred over `letI`.
The difference between `let` and `letI` is that `letI` inlines the value.
But this is not relevant for proofs because of proof irrelevance.

Note: This linter can be disabled with `set_option linter.style.haveILetI false`
info: AutoSamplingTheory/ExampleCases/ProximalBPS/ActualCorrectorPerturbation.lean:440:0: 'AutoSamplingTheory.ExampleCases.ProximalBPS.ActualCorrectorPerturbation.actual_corrector_perturbation' depends on axioms: [propext,
 Classical.choice,
 Quot.sound]
⚠ [8847/9184] Replayed AutoSamplingTheory.TechnicalLemmas.Measure.ProbabilityCouplingCompactness
warning: AutoSamplingTheory/TechnicalLemmas/Measure/ProbabilityCouplingCompactness.lean:89:0: automatically included section variable(s) unused in theorem `AutoSamplingTheory.TechnicalLemmas.Measure.ProbabilityCouplingCompactness.isClosed_probabilityCouplingSet`:
  [SecondCountableTopology X]
consider restructuring your `variable` declarations so that the variables are not in scope or explicitly omit them:
  omit [SecondCountableTopology X] in theorem ...

Note: This linter can be disabled with `set_option linter.unusedSectionVars false`
⚠ [8854/9184] Replayed AutoSamplingTheory.TechnicalLemmas.Measure.CouplingQuadraticIntegrability
warning: AutoSamplingTheory/TechnicalLemmas/Measure/CouplingQuadraticIntegrability.lean:29:0: automatically included section variable(s) unused in theorem `AutoSamplingTheory.TechnicalLemmas.Measure.CouplingQuadraticIntegrability.measurePreserving_fst_of_isCoupling`:
  [NormedAddCommGroup E]
  [BorelSpace E]
  [SecondCountableTopology E]
consider restructuring your `variable` declarations so that the variables are not in scope or explicitly omit them:
  omit [NormedAddCommGroup E] [BorelSpace E] [SecondCountableTopology E] in theorem ...

Note: This linter can be disabled with `set_option linter.unusedSectionVars false`
warning: AutoSamplingTheory/TechnicalLemmas/Measure/CouplingQuadraticIntegrability.lean:38:0: automatically included section variable(s) unused in theorem `AutoSamplingTheory.TechnicalLemmas.Measure.CouplingQuadraticIntegrability.measurePreserving_snd_of_isCoupling`:
  [NormedAddCommGroup E]
  [BorelSpace E]
  [SecondCountableTopology E]
consider restructuring your `variable` declarations so that the variables are not in scope or explicitly omit them:
  omit [NormedAddCommGroup E] [BorelSpace E] [SecondCountableTopology E] in theorem ...

Note: This linter can be disabled with `set_option linter.unusedSectionVars false`
⚠ [8859/9184] Replayed AutoSamplingTheory.TechnicalLemmas.Analysis.ChebyshevLobattoQuadrature
warning: AutoSamplingTheory/TechnicalLemmas/Analysis/ChebyshevLobattoQuadrature.lean:91:6: try 'simp' instead of 'simpa'

Note: This linter can be disabled with `set_option linter.unnecessarySimpa false`
⚠ [8861/9184] Replayed AutoSamplingTheory.TechnicalLemmas.Measure.RandomizedMapTransport
warning: AutoSamplingTheory/TechnicalLemmas/Measure/RandomizedMapTransport.lean:31:4: Try this: 
  letI̵

The goal is a proposition, so `let` is preferred over `letI`.
The difference between `let` and `letI` is that `letI` inlines the value.
But this is not relevant for proofs because of proof irrelevance.

Note: This linter can be disabled with `set_option linter.style.haveILetI false`
⚠ [8863/9184] Replayed AutoSamplingTheory.ExampleCases.SmoothedPicardHMC.PhaseReferenceMoment
info: AutoSamplingTheory/ExampleCases/SmoothedPicardHMC/PhaseReferenceMoment.lean:121:2: Try this:
  [apply] ring_nf
  
  The `ring` tactic failed to close the goal. Use `ring_nf` to obtain a normal form.
    
  Note that `ring` works primarily in *commutative* rings. If you have a noncommutative ring, abelian group or module, consider using `noncomm_ring`, `abel` or `module` instead.
warning: AutoSamplingTheory/ExampleCases/SmoothedPicardHMC/PhaseReferenceMoment.lean:154:2: Try this: 
  letI̵

The goal is a proposition, so `let` is preferred over `letI`.
The difference between `let` and `letI` is that `letI` inlines the value.
But this is not relevant for proofs because of proof irrelevance.

Note: This linter can be disabled with `set_option linter.style.haveILetI false`
⚠ [8917/9184] Replayed AutoSamplingTheory.TechnicalLemmas.Measure.CommonMass
warning: AutoSamplingTheory/TechnicalLemmas/Measure/CommonMass.lean:53:13: This simp argument is unused:
  mul_assoc

Hint: Omit it from the simp argument list.
  [apply] simp [hne]

Note: This linter can be disabled with `set_option linter.unusedSimpArgs false`
warning: AutoSamplingTheory/TechnicalLemmas/Measure/CommonMass.lean:69:5: Variable name `hmass` is not explicitly referenced.

Hint: The binding can be removed (if unused) or named `_` (if used implicitly). Alternatively, prefix the name with `_` to silence this warning:
  [apply] _hmass

Note: This linter can be disabled with `set_option linter.unusedVariables false`
⚠ [8923/9184] Replayed AutoSamplingTheory.TechnicalLemmas.Measure.WassersteinFiniteSecondMoment
warning: AutoSamplingTheory/TechnicalLemmas/Measure/WassersteinFiniteSecondMoment.lean:29:0: automatically included section variable(s) unused in theorem `AutoSamplingTheory.TechnicalLemmas.Measure.WassersteinFiniteSecondMoment.integrable_norm_sq_fst_prod`:
  [BorelSpace E]
consider restructuring your `variable` declarations so that the variables are not in scope or explicitly omit them:
  omit [BorelSpace E] in theorem ...

Note: This linter can be disabled with `set_option linter.unusedSectionVars false`
warning: AutoSamplingTheory/TechnicalLemmas/Measure/WassersteinFiniteSecondMoment.lean:38:0: automatically included section variable(s) unused in theorem `AutoSamplingTheory.TechnicalLemmas.Measure.WassersteinFiniteSecondMoment.integrable_norm_sq_snd_prod`:
  [BorelSpace E]
consider restructuring your `variable` declarations so that the variables are not in scope or explicitly omit them:
  omit [BorelSpace E] in theorem ...

Note: This linter can be disabled with `set_option linter.unusedSectionVars false`
warning: AutoSamplingTheory/TechnicalLemmas/Measure/WassersteinFiniteSecondMoment.lean:107:2: Try this: 
  letI̵

The goal is a proposition, so `let` is preferred over `letI`.
The difference between `let` and `letI` is that `letI` inlines the value.
But this is not relevant for proofs because of proof irrelevance.

Note: This linter can be disabled with `set_option linter.style.haveILetI false`
warning: AutoSamplingTheory/TechnicalLemmas/Measure/WassersteinFiniteSecondMoment.lean:108:2: Try this: 
  letI̵

The goal is a proposition, so `let` is preferred over `letI`.
The difference between `let` and `letI` is that `letI` inlines the value.
But this is not relevant for proofs because of proof irrelevance.

Note: This linter can be disabled with `set_option linter.style.haveILetI false`
⚠ [8925/9184] Replayed AutoSamplingTheory.TechnicalLemmas.Measure.WassersteinSymmetry
warning: AutoSamplingTheory/TechnicalLemmas/Measure/WassersteinSymmetry.lean:32:0: automatically included section variable(s) unused in theorem `AutoSamplingTheory.TechnicalLemmas.Measure.WassersteinSymmetry.measurable_swapPair`:
  [NormedAddCommGroup E]
  [BorelSpace E]
  [SecondCountableTopology E]
consider restructuring your `variable` declarations so that the variables are not in scope or explicitly omit them:
  omit [NormedAddCommGroup E] [BorelSpace E] [SecondCountableTopology E] in theorem ...

Note: This linter can be disabled with `set_option linter.unusedSectionVars false`
⚠ [8926/9184] Replayed AutoSamplingTheory.TechnicalLemmas.Measure.DisplacementJacobianEntropy
warning: AutoSamplingTheory/TechnicalLemmas/Measure/DisplacementJacobianEntropy.lean:163:4: try 'simp' instead of 'simpa'

Note: This linter can be disabled with `set_option linter.unnecessarySimpa false`
⚠ [8939/9184] Replayed AutoSamplingTheory.TechnicalLemmas.Probability.NormalizedFiniteMeasure
warning: AutoSamplingTheory/TechnicalLemmas/Probability/NormalizedFiniteMeasure.lean:27:0: automatically included section variable(s) unused in theorem `AutoSamplingTheory.TechnicalLemmas.Probability.NormalizedFiniteMeasure.compl_null_of_toMeasure_le_restrict`:
  [Nonempty X]
consider restructuring your `variable` declarations so that the variables are not in scope or explicitly omit them:
  omit [Nonempty X] in theorem ...

Note: This linter can be disabled with `set_option linter.unusedSectionVars false`
⚠ [8942/9184] Replayed AutoSamplingTheory.TechnicalLemmas.StochasticProcesses.GaussianFourthMoment
warning: AutoSamplingTheory/TechnicalLemmas/StochasticProcesses/GaussianFourthMoment.lean:84:10: This simp argument is unused:
  deriv_fun_add

Hint: Omit it from the simp argument list.
  [apply] simp only [deriv_div_const, differentiableAt_const, differentiableAt_fun_id, Nat.cast_ofNat,
    DifferentiableAt.fun_pow, deriv_fun_mul, deriv_const', zero_mul, deriv_fun_pow, Nat.add_one_sub_one, pow_one,
    deriv_id'', mul_one, zero_add]

Note: This linter can be disabled with `set_option linter.unusedSimpArgs false`
⚠ [8978/9184] Replayed AutoSamplingTheory.SALD
warning: AutoSamplingTheory/SALD.lean:6615:8: Overlapping instance parameters in `generalMovingTargetDiscreteCanonicalBarBWeakConditionalFpNamedLawDerivativeOfDominated`:

⚠️ `[NormedSpace ℝ Vec]` and `[InnerProductSpace ℝ Vec]` can be used to infer conflicting versions of `[SMul ℝ Vec]`.
💡️ Of these, `[NormedSpace ℝ Vec]` may be removed.

When a data-carrying type class has multiple potential instances coming from different instance parameters, then these potential instances are incompatible. This is an example of an "instance diamond", which leads to unexpected unification failures.

Delete or combine some of your instance parameters to avoid this.

Note: This linter can be disabled with `set_option linter.overlappingInstances false`
warning: AutoSamplingTheory/SALD.lean:6795:8: Overlapping instance parameters in `generalMovingTargetDiscreteCanonicalBarBWeakConditionalFpNamedLawDerivativeOfEmIntervalDominated`:

⚠️ `[NormedSpace ℝ Vec]` and `[InnerProductSpace ℝ Vec]` can be used to infer conflicting versions of `[SMul ℝ Vec]`.
💡️ Of these, `[NormedSpace ℝ Vec]` may be removed.

When a data-carrying type class has multiple potential instances coming from different instance parameters, then these potential instances are incompatible. This is an example of an "instance diamond", which leads to unexpected unification failures.

Delete or combine some of your instance parameters to avoid this.

Note: This linter can be disabled with `set_option linter.overlappingInstances false`
warning: AutoSamplingTheory/SALD.lean:6944:8: Overlapping instance parameters in `generalMovingTargetDiscreteCanonicalBarBWeakConditionalFpNamedLawDerivativeOfEmIntervalMeasDominated`:

⚠️ `[NormedSpace ℝ Vec]` and `[InnerProductSpace ℝ Vec]` can be used to infer conflicting versions of `[SMul ℝ Vec]`.
💡️ Of these, `[NormedSpace ℝ Vec]` may be removed.

When a data-carrying type class has multiple potential instances coming from different instance parameters, then these potential instances are incompatible. This is an example of an "instance diamond", which leads to unexpected unification failures.

Delete or combine some of your instance parameters to avoid this.

Note: This linter can be disabled with `set_option linter.overlappingInstances false`
warning: AutoSamplingTheory/SALD.lean:7092:8: Overlapping instance parameters in `generalMovingTargetDiscreteCanonicalBarBWeakConditionalFpNamedLawDerivativeOfEmIntervalMeasIntDominated`:

⚠️ `[NormedSpace ℝ Vec]` and `[InnerProductSpace ℝ Vec]` can be used to infer conflicting versions of `[SMul ℝ Vec]`.
💡️ Of these, `[NormedSpace ℝ Vec]` may be removed.

When a data-carrying type class has multiple potential instances coming from different instance parameters, then these potential instances are incompatible. This is an example of an "instance diamond", which leads to unexpected unification failures.

Delete or combine some of your instance parameters to avoid this.

Note: This linter can be disabled with `set_option linter.overlappingInstances false`
warning: AutoSamplingTheory/SALD.lean:7238:8: Overlapping instance parameters in `generalMovingTargetDiscreteCanonicalBarBWeakConditionalFpNamedLawDerivativeOfEmIntervalMeasIntDerivMeasDominated`:

⚠️ `[NormedSpace ℝ Vec]` and `[InnerProductSpace ℝ Vec]` can be used to infer conflicting versions of `[SMul ℝ Vec]`.
💡️ Of these, `[NormedSpace ℝ Vec]` may be removed.

When a data-carrying type class has multiple potential instances coming from different instance parameters, then these potential instances are incompatible. This is an example of an "instance diamond", which leads to unexpected unification failures.

Delete or combine some of your instance parameters to avoid this.

Note: This linter can be disabled with `set_option linter.overlappingInstances false`
warning: AutoSamplingTheory/SALD.lean:7387:8: Overlapping instance parameters in `generalMovingTargetDiscreteCanonicalBarBWeakConditionalFpNamedLawDerivativeOfEmIntervalMeasIntDerivMeasBoundDominated`:

⚠️ `[NormedSpace ℝ Vec]` and `[InnerProductSpace ℝ Vec]` can be used to infer conflicting versions of `[SMul ℝ Vec]`.
💡️ Of these, `[NormedSpace ℝ Vec]` may be removed.

When a data-carrying type class has multiple potential instances coming from different instance parameters, then these potential instances are incompatible. This is an example of an "instance diamond", which leads to unexpected unification failures.

Delete or combine some of your instance parameters to avoid this.

Note: This linter can be disabled with `set_option linter.overlappingInstances false`
warning: AutoSamplingTheory/SALD.lean:7547:8: Overlapping instance parameters in `generalMovingTargetDiscreteCanonicalBarBWeakConditionalFpNamedLawDerivativeOfEmIntervalMeasIntDerivMeasBoundIntDominated`:

⚠️ `[NormedSpace ℝ Vec]` and `[InnerProductSpace ℝ Vec]` can be used to infer conflicting versions of `[SMul ℝ Vec]`.
💡️ Of these, `[NormedSpace ℝ Vec]` may be removed.

When a data-carrying type class has multiple potential instances coming from different instance parameters, then these potential instances are incompatible. This is an example of an "instance diamond", which leads to unexpected unification failures.

Delete or combine some of your instance parameters to avoid this.

Note: This linter can be disabled with `set_option linter.overlappingInstances false`
warning: AutoSamplingTheory/SALD.lean:7715:8: Overlapping instance parameters in `generalMovingTargetDiscreteCanonicalBarBWeakConditionalFpNamedLawDerivativeOfEmIntervalMeasIntDerivMeasBoundIntPathDominated`:

⚠️ `[NormedSpace ℝ Vec]` and `[InnerProductSpace ℝ Vec]` can be used to infer conflicting versions of `[SMul ℝ Vec]`.
💡️ Of these, `[NormedSpace ℝ Vec]` may be removed.

When a data-carrying type class has multiple potential instances coming from different instance parameters, then these potential instances are incompatible. This is an example of an "instance diamond", which leads to unexpected unification failures.

Delete or combine some of your instance parameters to avoid this.

Note: This linter can be disabled with `set_option linter.overlappingInstances false`
warning: AutoSamplingTheory/SALD.lean:7876:8: Overlapping instance parameters in `generalMovingTargetDiscreteCanonicalBarBWeakConditionalFpNamedLawDerivativeOfEmIntervalMeasIntDerivMeasBoundIntPathValueDominated`:

⚠️ `[NormedSpace ℝ Vec]` and `[InnerProductSpace ℝ Vec]` can be used to infer conflicting versions of `[SMul ℝ Vec]`.
💡️ Of these, `[NormedSpace ℝ Vec]` may be removed.

When a data-carrying type class has multiple potential instances coming from different instance parameters, then these potential instances are incompatible. This is an example of an "instance diamond", which leads to unexpected unification failures.

Delete or combine some of your instance parameters to avoid this.

Note: This linter can be disabled with `set_option linter.overlappingInstances false`
warning: AutoSamplingTheory/SALD.lean:8047:8: Overlapping instance parameters in `generalMovingTargetDiscreteCanonicalBarBWeakConditionalFpNamedLawDerivativeOfEmIntervalMeasIntDerivMeasBoundIntPathValueDriftActionDominated`:

⚠️ `[NormedSpace ℝ Vec]` and `[InnerProductSpace ℝ Vec]` can be used to infer conflicting versions of `[SMul ℝ Vec]`.
💡️ Of these, `[NormedSpace ℝ Vec]` may be removed.

When a data-carrying type class has multiple potential instances coming from different instance parameters, then these potential instances are incompatible. This is an example of an "instance diamond", which leads to unexpected unification failures.

Delete or combine some of your instance parameters to avoid this.

Note: This linter can be disabled with `set_option linter.overlappingInstances false`
warning: AutoSamplingTheory/SALD.lean:8319:8: Overlapping instance parameters in `generalMovingTargetDiscreteCanonicalBarBWeakConditionalFpNamedLawDerivativeOfEmIntervalMeasIntDerivMeasBoundIntPathValueDriftActionPairMeasDominated`:

⚠️ `[NormedSpace ℝ Vec]` and `[InnerProductSpace ℝ Vec]` can be used to infer conflicting versions of `[SMul ℝ Vec]`.
💡️ Of these, `[NormedSpace ℝ Vec]` may be removed.

When a data-carrying type class has multiple potential instances coming from different instance parameters, then these potential instances are incompatible. This is an example of an "instance diamond", which leads to unexpected unification failures.

Delete or combine some of your instance parameters to avoid this.

Note: This linter can be disabled with `set_option linter.overlappingInstances false`
warning: AutoSamplingTheory/SALD.lean:8534:8: Overlapping instance parameters in `generalMovingTargetDiscreteCanonicalBarBWeakConditionalFpNamedLawDerivativeOfEmIntervalMeasIntDerivMeasBoundIntPathValueDriftActionPairMeasNoBoundaryTraceDominated`:

⚠️ `[NormedSpace ℝ Vec]` and `[InnerProductSpace ℝ Vec]` can be used to infer conflicting versions of `[SMul ℝ Vec]`.
💡️ Of these, `[NormedSpace ℝ Vec]` may be removed.

When a data-carrying type class has multiple potential instances coming from different instance parameters, then these potential instances are incompatible. This is an example of an "instance diamond", which leads to unexpected unification failures.

Delete or combine some of your instance parameters to avoid this.

Note: This linter can be disabled with `set_option linter.overlappingInstances false`
warning: AutoSamplingTheory/SALD.lean:8796:8: Overlapping instance parameters in `generalMovingTargetDiscreteCanonicalBarBWeakConditionalFpNamedLawDerivativeOfEmIntervalMeasIntDerivMeasBoundIntPathValueDriftActionPairMeasNoBoundaryTraceCanonicalMeasDominated`:

⚠️ `[NormedSpace ℝ Vec]` and `[InnerProductSpace ℝ Vec]` can be used to infer conflicting versions of `[SMul ℝ Vec]`.
💡️ Of these, `[NormedSpace ℝ Vec]` may be removed.

When a data-carrying type class has multiple potential instances coming from different instance parameters, then these potential instances are incompatible. This is an example of an "instance diamond", which leads to unexpected unification failures.

Delete or combine some of your instance parameters to avoid this.

Note: This linter can be disabled with `set_option linter.overlappingInstances false`
warning: AutoSamplingTheory/SALD.lean:9028:8: Overlapping instance parameters in `generalMovingTargetDiscreteCanonicalBarBWeakConditionalFpNamedLawDerivativeOfEmIntervalMeasIntDerivMeasBoundIntPathValueDriftActionPairMeasNoBoundaryTraceCanonicalMeasDiffusionSourceDominated`:

⚠️ `[NormedSpace ℝ Vec]` and `[InnerProductSpace ℝ Vec]` can be used to infer conflicting versions of `[SMul ℝ Vec]`.
💡️ Of these, `[NormedSpace ℝ Vec]` may be removed.

When a data-carrying type class has multiple potential instances coming from different instance parameters, then these potential instances are incompatible. This is an example of an "instance diamond", which leads to unexpected unification failures.

Delete or combine some of your instance parameters to avoid this.

Note: This linter can be disabled with `set_option linter.overlappingInstances false`
⚠ [8993/9184] Replayed AutoSamplingTheory.TechnicalLemmas.Analysis.PrefixIntegral
warning: AutoSamplingTheory/TechnicalLemmas/Analysis/PrefixIntegral.lean:58:2: Unused tactic linter: `change
  ∫ s, f s ∂((TimeMeasure.upTo T₁).restrict (Iio t)) = ∫ s, f s ∂((TimeMeasure.upTo T₂).restrict (Iio t))` does nothing

Note: This linter can be disabled with `set_option linter.unusedTactic false`
warning: AutoSamplingTheory/TechnicalLemmas/Analysis/PrefixIntegral.lean:89:4: try 'simp' instead of 'simpa'

Note: This linter can be disabled with `set_option linter.unnecessarySimpa false`
⚠ [8998/9184] Replayed AutoSamplingTheory.TechnicalLemmas.InformationTheory.GeodesicFisherTransport
warning: AutoSamplingTheory/TechnicalLemmas/InformationTheory/GeodesicFisherTransport.lean:52:49: Variable name `hdistance` is not explicitly referenced.

Hint: The binding can be removed (if unused) or named `_` (if used implicitly). Alternatively, prefix the name with `_` to silence this warning:
  [apply] _hdistance

Note: This linter can be disabled with `set_option linter.unusedVariables false`
⚠ [9007/9184] Replayed AutoSamplingTheory.TechnicalLemmas.Measure.DisplacementRealQuadraticCost
warning: AutoSamplingTheory/TechnicalLemmas/Measure/DisplacementRealQuadraticCost.lean:38:0: automatically included section variable(s) unused in theorem `AutoSamplingTheory.TechnicalLemmas.Measure.DisplacementRealQuadraticCost.ofReal_integral_norm_sq_eq_lintegral_quadraticCost`:
  [InnerProductSpace ℝ E]
  [FiniteDimensional ℝ E]
  [BorelSpace E]
consider restructuring your `variable` declarations so that the variables are not in scope or explicitly omit them:
  omit [InnerProductSpace ℝ E] [FiniteDimensional ℝ E] [BorelSpace E] in theorem ...

Note: This linter can be disabled with `set_option linter.unusedSectionVars false`
⚠ [9009/9184] Replayed AutoSamplingTheory.TechnicalLemmas.Measure.DisplacementDerivativeMatrix
warning: AutoSamplingTheory/TechnicalLemmas/Measure/DisplacementDerivativeMatrix.lean:42:66: This simp argument is unused:
  Matrix.one_apply

Hint: Omit it from the simp argument list.
  [apply] simp [affineDisplacementDerivative, LinearMap.toMatrix_apply, hij]

Note: This linter can be disabled with `set_option linter.unusedSimpArgs false`
⚠ [9011/9184] Replayed AutoSamplingTheory.TechnicalLemmas.Measure.QuadraticOptimalMap
warning: AutoSamplingTheory/TechnicalLemmas/Measure/QuadraticOptimalMap.lean:45:4: try 'simp' instead of 'simpa'

Note: This linter can be disabled with `set_option linter.unnecessarySimpa false`
⚠ [9020/9184] Replayed AutoSamplingTheory.TechnicalLemmas.StochasticProcesses.VectorBrownianFiltration
warning: AutoSamplingTheory/TechnicalLemmas/StochasticProcesses/VectorBrownianFiltration.lean:35:0: automatically included section variable(s) unused in theorem `AutoSamplingTheory.TechnicalLemmas.StochasticProcesses.BrownianMotion.IsStandardBrownianMotion.hasIndepIncrements`:
  [CompleteSpace E]
  [BorelSpace E]
consider restructuring your `variable` declarations so that the variables are not in scope or explicitly omit them:
  omit [CompleteSpace E] [BorelSpace E] in theorem ...

Note: This linter can be disabled with `set_option linter.unusedSectionVars false`
⚠ [9024/9184] Replayed AutoSamplingTheory.TechnicalLemmas.StochasticProcesses.ElementaryStoppingTime
warning: AutoSamplingTheory/TechnicalLemmas/StochasticProcesses/ElementaryStoppingTime.lean:66:6: try 'simp' instead of 'simpa'

Note: This linter can be disabled with `set_option linter.unnecessarySimpa false`
⚠ [9026/9184] Replayed AutoSamplingTheory.TechnicalLemmas.StochasticProcesses.MarkovMeasureEvolution
warning: AutoSamplingTheory/TechnicalLemmas/StochasticProcesses/MarkovMeasureEvolution.lean:53:2: Try this: 
  letI̵

The goal is a proposition, so `let` is preferred over `letI`.
The difference between `let` and `letI` is that `letI` inlines the value.
But this is not relevant for proofs because of proof irrelevance.

Note: This linter can be disabled with `set_option linter.style.haveILetI false`
warning: AutoSamplingTheory/TechnicalLemmas/StochasticProcesses/MarkovMeasureEvolution.lean:112:2: Try this: 
  letI̵

The goal is a proposition, so `let` is preferred over `letI`.
The difference between `let` and `letI` is that `letI` inlines the value.
But this is not relevant for proofs because of proof irrelevance.

Note: This linter can be disabled with `set_option linter.style.haveILetI false`
⚠ [9044/9184] Replayed AutoSamplingTheory.ExampleCases.SmoothedPicardHMC.RealizedProximalWork
warning: AutoSamplingTheory/ExampleCases/SmoothedPicardHMC/RealizedProximalWork.lean:44:2: Try this: 
  letI̵

The goal is a proposition, so `let` is preferred over `letI`.
The difference between `let` and `letI` is that `letI` inlines the value.
But this is not relevant for proofs because of proof irrelevance.

Note: This linter can be disabled with `set_option linter.style.haveILetI false`
⚠ [9049/9184] Replayed AutoSamplingTheory.ExampleCases.SmoothedPicardHMC.PhaseMetric
warning: AutoSamplingTheory/ExampleCases/SmoothedPicardHMC/PhaseMetric.lean:65:64: Used `tac1 <;> tac2` where `(tac1; tac2)` would suffice

Note: This linter can be disabled with `set_option linter.unnecessarySeqFocus false`
warning: AutoSamplingTheory/ExampleCases/SmoothedPicardHMC/PhaseMetric.lean:121:6: try 'simp' instead of 'simpa'

Note: This linter can be disabled with `set_option linter.unnecessarySimpa false`
⚠ [9052/9184] Replayed AutoSamplingTheory.ExampleCases.SmoothedPicardHMC.ActualKernelTransport
warning: AutoSamplingTheory/ExampleCases/SmoothedPicardHMC/ActualKernelTransport.lean:89:4: Try this: 
  letI̵

The goal is a proposition, so `let` is preferred over `letI`.
The difference between `let` and `letI` is that `letI` inlines the value.
But this is not relevant for proofs because of proof irrelevance.

Note: This linter can be disabled with `set_option linter.style.haveILetI false`
warning: AutoSamplingTheory/ExampleCases/SmoothedPicardHMC/ActualKernelTransport.lean:90:4: Try this: 
  letI̵

The goal is a proposition, so `let` is preferred over `letI`.
The difference between `let` and `letI` is that `letI` inlines the value.
But this is not relevant for proofs because of proof irrelevance.

Note: This linter can be disabled with `set_option linter.style.haveILetI false`
⚠ [9053/9184] Replayed AutoSamplingTheory.ExampleCases.SmoothedPicardHMC.InitialPhaseTransport
warning: AutoSamplingTheory/ExampleCases/SmoothedPicardHMC/InitialPhaseTransport.lean:31:8: automatically included section variable(s) unused in theorem `_private.AutoSamplingTheory.ExampleCases.SmoothedPicardHMC.InitialPhaseTransport.0.AutoSamplingTheory.ExampleCases.SmoothedPicardHMC.InitialPhaseTransport.identicalMomentumCoupling_isCoupling`:
  [CompleteSpace E]
consider restructuring your `variable` declarations so that the variables are not in scope or explicitly omit them:
  omit [CompleteSpace E] in theorem ...

Note: This linter can be disabled with `set_option linter.unusedSectionVars false`
warning: AutoSamplingTheory/ExampleCases/SmoothedPicardHMC/InitialPhaseTransport.lean:50:8: automatically included section variable(s) unused in theorem `_private.AutoSamplingTheory.ExampleCases.SmoothedPicardHMC.InitialPhaseTransport.0.AutoSamplingTheory.ExampleCases.SmoothedPicardHMC.InitialPhaseTransport.phaseCost_identical_momentum_le`:
  [CompleteSpace E]
  [FiniteDimensional ℝ E]
  [MeasurableSpace E]
  [BorelSpace E]
consider restructuring your `variable` declarations so that the variables are not in scope or explicitly omit them:
  omit [CompleteSpace E] [FiniteDimensional ℝ E] [MeasurableSpace E] [BorelSpace E] in theorem ...

Note: This linter can be disabled with `set_option linter.unusedSectionVars false`
⚠ [9054/9184] Replayed AutoSamplingTheory.ExampleCases.SmoothedPicardHMC.InitialGibbsPhaseTransport
warning: AutoSamplingTheory/ExampleCases/SmoothedPicardHMC/InitialGibbsPhaseTransport.lean:63:2: Try this: 
  letI̵

The goal is a proposition, so `let` is preferred over `letI`.
The difference between `let` and `letI` is that `letI` inlines the value.
But this is not relevant for proofs because of proof irrelevance.

Note: This linter can be disabled with `set_option linter.style.haveILetI false`
warning: AutoSamplingTheory/ExampleCases/SmoothedPicardHMC/InitialGibbsPhaseTransport.lean:129:2: Try this: 
  letI̵

The goal is a proposition, so `let` is preferred over `letI`.
The difference between `let` and `letI` is that `letI` inlines the value.
But this is not relevant for proofs because of proof irrelevance.

Note: This linter can be disabled with `set_option linter.style.haveILetI false`
⚠ [9063/9184] Replayed AutoSamplingTheory.TechnicalLemmas.InformationTheory.CanonicalKLDissipation
warning: AutoSamplingTheory/TechnicalLemmas/InformationTheory/CanonicalKLDissipation.lean:85:0: automatically included section variable(s) unused in theorem `AutoSamplingTheory.TechnicalLemmas.InformationTheory.CanonicalKLDissipation.kl_hasDerivAt_integral_rhoDot_mul_logRatio`:
  [Fintype ι]
consider restructuring your `variable` declarations so that the variables are not in scope or explicitly omit them:
  omit [Fintype ι] in theorem ...

Note: This linter can be disabled with `set_option linter.unusedSectionVars false`
⚠ [9068/9184] Replayed AutoSamplingTheory.TechnicalLemmas.Measure.DisplacementInterpolationCost
warning: AutoSamplingTheory/TechnicalLemmas/Measure/DisplacementInterpolationCost.lean:39:0: automatically included section variable(s) unused in theorem `AutoSamplingTheory.TechnicalLemmas.Measure.DisplacementInterpolationCost.pointMap_sub_pointMap`:
  [FiniteDimensional ℝ E]
  [MeasurableSpace E]
  [BorelSpace E]
consider restructuring your `variable` declarations so that the variables are not in scope or explicitly omit them:
  omit [FiniteDimensional ℝ E] [MeasurableSpace E] [BorelSpace E] in theorem ...

Note: This linter can be disabled with `set_option linter.unusedSectionVars false`
⚠ [9069/9184] Replayed AutoSamplingTheory.TechnicalLemmas.Measure.DisplacementInterpolationConstantSpeed
warning: AutoSamplingTheory/TechnicalLemmas/Measure/DisplacementInterpolationConstantSpeed.lean:42:2: Try this: 
  letI̵

The goal is a proposition, so `let` is preferred over `letI`.
The difference between `let` and `letI` is that `letI` inlines the value.
But this is not relevant for proofs because of proof irrelevance.

Note: This linter can be disabled with `set_option linter.style.haveILetI false`
warning: AutoSamplingTheory/TechnicalLemmas/Measure/DisplacementInterpolationConstantSpeed.lean:37:0: automatically included section variable(s) unused in theorem `AutoSamplingTheory.TechnicalLemmas.Measure.DisplacementInterpolationConstantSpeed.isProbabilityMeasure_displacementInterpolation`:
  [SecondCountableTopology E]
  [StandardBorelSpace E]
  [Nonempty E]
consider restructuring your `variable` declarations so that the variables are not in scope or explicitly omit them:
  omit [SecondCountableTopology E] [StandardBorelSpace E] [Nonempty E] in theorem ...

Note: This linter can be disabled with `set_option linter.unusedSectionVars false`
warning: AutoSamplingTheory/TechnicalLemmas/Measure/DisplacementInterpolationConstantSpeed.lean:49:0: automatically included section variable(s) unused in theorem `AutoSamplingTheory.TechnicalLemmas.Measure.DisplacementInterpolationConstantSpeed.wassersteinDistance_interpolation_le`:
  [SecondCountableTopology E]
  [StandardBorelSpace E]
  [Nonempty E]
consider restructuring your `variable` declarations so that the variables are not in scope or explicitly omit them:
  omit [SecondCountableTopology E] [StandardBorelSpace E] [Nonempty E] in theorem ...

Note: This linter can be disabled with `set_option linter.unusedSectionVars false`
warning: AutoSamplingTheory/TechnicalLemmas/Measure/DisplacementInterpolationConstantSpeed.lean:102:2: Try this: 
  letI̵

The goal is a proposition, so `let` is preferred over `letI`.
The difference between `let` and `letI` is that `letI` inlines the value.
But this is not relevant for proofs because of proof irrelevance.

Note: This linter can be disabled with `set_option linter.style.haveILetI false`
warning: AutoSamplingTheory/TechnicalLemmas/Measure/DisplacementInterpolationConstantSpeed.lean:103:2: Try this: 
  letI̵

The goal is a proposition, so `let` is preferred over `letI`.
The difference between `let` and `letI` is that `letI` inlines the value.
But this is not relevant for proofs because of proof irrelevance.

Note: This linter can be disabled with `set_option linter.style.haveILetI false`
warning: AutoSamplingTheory/TechnicalLemmas/Measure/DisplacementInterpolationConstantSpeed.lean:106:2: Try this: 
  letI̵

The goal is a proposition, so `let` is preferred over `letI`.
The difference between `let` and `letI` is that `letI` inlines the value.
But this is not relevant for proofs because of proof irrelevance.

Note: This linter can be disabled with `set_option linter.style.haveILetI false`
warning: AutoSamplingTheory/TechnicalLemmas/Measure/DisplacementInterpolationConstantSpeed.lean:109:2: Try this: 
  letI̵

The goal is a proposition, so `let` is preferred over `letI`.
The difference between `let` and `letI` is that `letI` inlines the value.
But this is not relevant for proofs because of proof irrelevance.

Note: This linter can be disabled with `set_option linter.style.haveILetI false`
⚠ [9071/9184] Replayed AutoSamplingTheory.TechnicalLemmas.Measure.DisplacementPotentialEnergy
warning: AutoSamplingTheory/TechnicalLemmas/Measure/DisplacementPotentialEnergy.lean:34:0: automatically included section variable(s) unused in theorem `AutoSamplingTheory.TechnicalLemmas.Measure.DisplacementPotentialEnergy.potential_pointMap_le`:
  [FiniteDimensional ℝ E]
  [MeasurableSpace E]
  [BorelSpace E]
consider restructuring your `variable` declarations so that the variables are not in scope or explicitly omit them:
  omit [FiniteDimensional ℝ E] [MeasurableSpace E] [BorelSpace E] in theorem ...

Note: This linter can be disabled with `set_option linter.unusedSectionVars false`
⚠ [9076/9184] Replayed AutoSamplingTheory.TechnicalLemmas.Measure.DisplacementPositiveOperator
warning: AutoSamplingTheory/TechnicalLemmas/Measure/DisplacementPositiveOperator.lean:44:0: automatically included section variable(s) unused in theorem `AutoSamplingTheory.TechnicalLemmas.Measure.DisplacementPositiveOperator.toMatrix_posSemidef_of_isPositive`:
  [FiniteDimensional ℝ E]
  [MeasurableSpace E]
  [BorelSpace E]
consider restructuring your `variable` declarations so that the variables are not in scope or explicitly omit them:
  omit [FiniteDimensional ℝ E] [MeasurableSpace E] [BorelSpace E] in theorem ...

Note: This linter can be disabled with `set_option linter.unusedSectionVars false`
⚠ [9082/9184] Replayed AutoSamplingTheory.TechnicalLemmas.Measure.DisplacementInterpolationP2ConstantSpeed
warning: AutoSamplingTheory/TechnicalLemmas/Measure/DisplacementInterpolationP2ConstantSpeed.lean:48:2: Try this: 
  letI̵

The goal is a proposition, so `let` is preferred over `letI`.
The difference between `let` and `letI` is that `letI` inlines the value.
But this is not relevant for proofs because of proof irrelevance.

Note: This linter can be disabled with `set_option linter.style.haveILetI false`
warning: AutoSamplingTheory/TechnicalLemmas/Measure/DisplacementInterpolationP2ConstantSpeed.lean:51:2: Try this: 
  letI̵

The goal is a proposition, so `let` is preferred over `letI`.
The difference between `let` and `letI` is that `letI` inlines the value.
But this is not relevant for proofs because of proof irrelevance.

Note: This linter can be disabled with `set_option linter.style.haveILetI false`
⚠ [9090/9184] Replayed AutoSamplingTheory.TechnicalLemmas.StochasticProcesses.EnergyPathContinuity
warning: AutoSamplingTheory/TechnicalLemmas/StochasticProcesses/EnergyPathContinuity.lean:46:4: try 'simp' instead of 'simpa'

Note: This linter can be disabled with `set_option linter.unnecessarySimpa false`
⚠ [9091/9184] Replayed AutoSamplingTheory.TechnicalLemmas.StochasticProcesses.CompletedEnergy
warning: AutoSamplingTheory/TechnicalLemmas/StochasticProcesses/CompletedEnergy.lean:51:5: Variable name `hUsual` is not explicitly referenced.

Hint: The binding can be removed (if unused) or named `_` (if used implicitly). Alternatively, prefix the name with `_` to silence this warning:
  [apply] _hUsual

Note: This linter can be disabled with `set_option linter.unusedVariables false`
⚠ [9098/9184] Replayed AutoSamplingTheory.TechnicalLemmas.StochasticProcesses.ProgressiveDriftIntegral
warning: AutoSamplingTheory/TechnicalLemmas/StochasticProcesses/ProgressiveDriftIntegral.lean:70:2: Try this: 
  letI̵

The goal is a proposition, so `let` is preferred over `letI`.
The difference between `let` and `letI` is that `letI` inlines the value.
But this is not relevant for proofs because of proof irrelevance.

Note: This linter can be disabled with `set_option linter.style.haveILetI false`
⚠ [9121/9184] Replayed AutoSamplingTheory.TechnicalLemmas.StochasticProcesses.CompletedIntegrand
warning: AutoSamplingTheory/TechnicalLemmas/StochasticProcesses/CompletedIntegrand.lean:68:4: try 'simp' instead of 'simpa'

Note: This linter can be disabled with `set_option linter.unnecessarySimpa false`
⚠ [9122/9184] Replayed AutoSamplingTheory.TechnicalLemmas.StochasticProcesses.EnergyStoppedIntegrand
warning: AutoSamplingTheory/TechnicalLemmas/StochasticProcesses/EnergyStoppedIntegrand.lean:144:4: try 'simp' instead of 'simpa'

Note: This linter can be disabled with `set_option linter.unnecessarySimpa false`
⚠ [9123/9184] Replayed AutoSamplingTheory.TechnicalLemmas.StochasticProcesses.CanonicalRawLocalization
warning: AutoSamplingTheory/TechnicalLemmas/StochasticProcesses/CanonicalRawLocalization.lean:171:4: try 'simp' instead of 'simpa'

Note: This linter can be disabled with `set_option linter.unnecessarySimpa false`
warning: AutoSamplingTheory/TechnicalLemmas/StochasticProcesses/CanonicalRawLocalization.lean:175:4: try 'simp' instead of 'simpa'

Note: This linter can be disabled with `set_option linter.unnecessarySimpa false`
⚠ [9124/9184] Replayed AutoSamplingTheory.TechnicalLemmas.StochasticProcesses.CanonicalRawLocalizationL2
warning: AutoSamplingTheory/TechnicalLemmas/StochasticProcesses/CanonicalRawLocalizationL2.lean:40:2: Unused tactic linter: `change
  (∫⁻ t,
      ENNReal.ofReal
        ((Localization.stoppedIntegrand eta.process (fun w => (canonicalRawLocalizingTime hUsual eta n w : WithTop ℝ≥0))
            t omega) ^
          2) ∂(TimeMeasure.nnrealLebesgue.restrict (Icc (0 : ℝ≥0) T))) ≤
    ENNReal.ofReal (n + 1 : ℝ)` does nothing

Note: This linter can be disabled with `set_option linter.unusedTactic false`
⚠ [9130/9184] Replayed AutoSamplingTheory.TechnicalLemmas.StochasticProcesses.EnergyStoppingBoundaryBridge
warning: AutoSamplingTheory/TechnicalLemmas/StochasticProcesses/EnergyStoppingBoundaryBridge.lean:100:4: try 'simp' instead of 'simpa'

Note: This linter can be disabled with `set_option linter.unnecessarySimpa false`
warning: AutoSamplingTheory/TechnicalLemmas/StochasticProcesses/EnergyStoppingBoundaryBridge.lean:104:4: try 'simp' instead of 'simpa'

Note: This linter can be disabled with `set_option linter.unnecessarySimpa false`
⚠ [9143/9184] Replayed AutoSamplingTheory.TechnicalLemmas.StochasticProcesses.DyadicHorizonExtension
warning: AutoSamplingTheory/TechnicalLemmas/StochasticProcesses/DyadicHorizonExtension.lean:69:45: Variable name `hab` is not explicitly referenced.

Hint: The binding can be removed (if unused) or named `_` (if used implicitly). Alternatively, prefix the name with `_` to silence this warning:
  [apply] _hab

Note: This linter can be disabled with `set_option linter.unusedVariables false`
warning: AutoSamplingTheory/TechnicalLemmas/StochasticProcesses/DyadicHorizonExtension.lean:221:35: This simp argument is unused:
  Fin.val_castSucc

Hint: Omit it from the simp argument list.
  [apply] simp only [regularGridTimes, Fin.val_succ, hjval, extensionLevel]

Note: This linter can be disabled with `set_option linter.unusedSimpArgs false`
warning: AutoSamplingTheory/TechnicalLemmas/StochasticProcesses/DyadicHorizonExtension.lean:221:53: This simp argument is unused:
  Fin.val_succ

Hint: Omit it from the simp argument list.
  [apply] simp only [regularGridTimes, Fin.val_castSucc, hjval, extensionLevel]

Note: This linter can be disabled with `set_option linter.unusedSimpArgs false`
warning: AutoSamplingTheory/TechnicalLemmas/StochasticProcesses/DyadicHorizonExtension.lean:221:67: This simp argument is unused:
  hjval

Hint: Omit it from the simp argument list.
  [apply] simp only [regularGridTimes, Fin.val_castSucc, Fin.val_succ, extensionLevel]

Note: This linter can be disabled with `set_option linter.unusedSimpArgs false`
⚠ [9144/9184] Replayed AutoSamplingTheory.TechnicalLemmas.StochasticProcesses.DyadicHorizonIto
warning: AutoSamplingTheory/TechnicalLemmas/StochasticProcesses/DyadicHorizonIto.lean:137:12: try 'simp' instead of 'simpa'

Note: This linter can be disabled with `set_option linter.unnecessarySimpa false`
⚠ [9173/9184] Replayed AutoSamplingTheory.TechnicalLemmas.StochasticProcesses.EuclideanBrownianCoordinates
warning: AutoSamplingTheory/TechnicalLemmas/StochasticProcesses/EuclideanBrownianCoordinates.lean:40:0: automatically included section variable(s) unused in theorem `AutoSamplingTheory.TechnicalLemmas.StochasticProcesses.EuclideanBrownianCoordinates.coordinateDual_apply`:
  [DecidableEq kappa]
consider restructuring your `variable` declarations so that the variables are not in scope or explicitly omit them:
  omit [DecidableEq kappa] in theorem ...

Note: This linter can be disabled with `set_option linter.unusedSectionVars false`
warning: AutoSamplingTheory/TechnicalLemmas/StochasticProcesses/EuclideanBrownianCoordinates.lean:125:0: automatically included section variable(s) unused in theorem `AutoSamplingTheory.TechnicalLemmas.StochasticProcesses.EuclideanBrownianCoordinates.IsStandardBrownianMotionWithFiltration.coordinate_stronglyAdapted`:
  [MeasurableSpace Omega]
consider restructuring your `variable` declarations so that the variables are not in scope or explicitly omit them:
  omit [MeasurableSpace Omega] in theorem ...

Note: This linter can be disabled with `set_option linter.unusedSectionVars false`
warning: AutoSamplingTheory/TechnicalLemmas/StochasticProcesses/EuclideanBrownianCoordinates.lean:137:0: automatically included section variable(s) unused in theorem `AutoSamplingTheory.TechnicalLemmas.StochasticProcesses.EuclideanBrownianCoordinates.IsStandardBrownianMotionWithFiltration.coordinate_incrementIndependent`:
  [MeasurableSpace Omega]
consider restructuring your `variable` declarations so that the variables are not in scope or explicitly omit them:
  omit [MeasurableSpace Omega] in theorem ...

Note: This linter can be disabled with `set_option linter.unusedSectionVars false`
warning: AutoSamplingTheory/TechnicalLemmas/StochasticProcesses/EuclideanBrownianCoordinates.lean:170:44: This simp argument is unused:
  Function.comp_def

Hint: Omit it from the simp argument list.
  [apply] simp [scalarIncrement, vectorIncrement, map_sub]

Note: This linter can be disabled with `set_option linter.unusedSimpArgs false`
warning: AutoSamplingTheory/TechnicalLemmas/StochasticProcesses/EuclideanBrownianCoordinates.lean:187:0: automatically included section variable(s) unused in theorem `AutoSamplingTheory.TechnicalLemmas.StochasticProcesses.EuclideanBrownianCoordinates.IsStandardBrownianMotionWithFiltration.coordinate`:
  [MeasurableSpace Omega]
consider restructuring your `variable` declarations so that the variables are not in scope or explicitly omit them:
  omit [MeasurableSpace Omega] in theorem ...

Note: This linter can be disabled with `set_option linter.unusedSectionVars false`
warning: AutoSamplingTheory/TechnicalLemmas/StochasticProcesses/EuclideanBrownianCoordinates.lean:195:30: Variable name `s` is not explicitly referenced.

Hint: The binding can be removed (if unused) or named `_` (if used implicitly). Alternatively, prefix the name with `_` to silence this warning:
  [apply] _s

Note: This linter can be disabled with `set_option linter.unusedVariables false`
warning: AutoSamplingTheory/TechnicalLemmas/StochasticProcesses/EuclideanBrownianCoordinates.lean:195:32: Variable name `t` is not explicitly referenced.

Hint: The binding can be removed (if unused) or named `_` (if used implicitly). Alternatively, prefix the name with `_` to silence this warning:
  [apply] _t

Note: This linter can be disabled with `set_option linter.unusedVariables false`
⚠ [9175/9184] Replayed AutoSamplingTheory.TechnicalLemmas.StochasticProcesses.ChewiItoProcess
warning: AutoSamplingTheory/TechnicalLemmas/StochasticProcesses/ChewiItoProcess.lean:69:0: automatically included section variable(s) unused in theorem `AutoSamplingTheory.TechnicalLemmas.StochasticProcesses.ChewiItoProcess.SourceData.initial_coordinate_stronglyMeasurable`:
  [MeasurableSpace Omega]
  [DecidableEq kappa]
consider restructuring your `variable` declarations so that the variables are not in scope or explicitly omit them:
  omit [MeasurableSpace Omega] [DecidableEq kappa] in theorem ...

Note: This linter can be disabled with `set_option linter.unusedSectionVars false`
warning: AutoSamplingTheory/TechnicalLemmas/StochasticProcesses/ChewiItoProcess.lean:80:0: automatically included section variable(s) unused in theorem `AutoSamplingTheory.TechnicalLemmas.StochasticProcesses.ChewiItoProcess.SourceData.drift_coordinate_progressive`:
  [MeasurableSpace Omega]
  [DecidableEq kappa]
consider restructuring your `variable` declarations so that the variables are not in scope or explicitly omit them:
  omit [MeasurableSpace Omega] [DecidableEq kappa] in theorem ...

Note: This linter can be disabled with `set_option linter.unusedSectionVars false`
warning: AutoSamplingTheory/TechnicalLemmas/StochasticProcesses/ChewiItoProcess.lean:93:0: automatically included section variable(s) unused in theorem `AutoSamplingTheory.TechnicalLemmas.StochasticProcesses.ChewiItoProcess.SourceData.drift_coordinate_integrable`:
  [MeasurableSpace Omega]
  [DecidableEq kappa]
consider restructuring your `variable` declarations so that the variables are not in scope or explicitly omit them:
  omit [MeasurableSpace Omega] [DecidableEq kappa] in theorem ...

Note: This linter can be disabled with `set_option linter.unusedSectionVars false`
warning: AutoSamplingTheory/TechnicalLemmas/StochasticProcesses/ChewiItoProcess.lean:105:0: automatically included section variable(s) unused in theorem `AutoSamplingTheory.TechnicalLemmas.StochasticProcesses.ChewiItoProcess.SourceData.diffusion_entry_progressive`:
  [MeasurableSpace Omega]
consider restructuring your `variable` declarations so that the variables are not in scope or explicitly omit them:
  omit [MeasurableSpace Omega] in theorem ...

Note: This linter can be disabled with `set_option linter.unusedSectionVars false`
warning: AutoSamplingTheory/TechnicalLemmas/StochasticProcesses/ChewiItoProcess.lean:152:0: automatically included section variable(s) unused in theorem `AutoSamplingTheory.TechnicalLemmas.StochasticProcesses.ChewiItoProcess.definition_1_1_17_coordinate_display`:
  [MeasurableSpace Omega]
consider restructuring your `variable` declarations so that the variables are not in scope or explicitly omit them:
  omit [MeasurableSpace Omega] in theorem ...

Note: This linter can be disabled with `set_option linter.unusedSectionVars false`
⚠ [9176/9184] Replayed AutoSamplingTheory.TechnicalLemmas.StochasticProcesses.ChewiItoProcessProgressive
warning: AutoSamplingTheory/TechnicalLemmas/StochasticProcesses/ChewiItoProcessProgressive.lean:49:2: Try this: 
  letI̵

The goal is a proposition, so `let` is preferred over `letI`.
The difference between `let` and `letI` is that `letI` inlines the value.
But this is not relevant for proofs because of proof irrelevance.

Note: This linter can be disabled with `set_option linter.style.haveILetI false`
⚠ [9177/9184] Replayed AutoSamplingTheory.TechnicalLemmas.StochasticProcesses.ChewiDefinition1_1_17
warning: AutoSamplingTheory/TechnicalLemmas/StochasticProcesses/ChewiDefinition1_1_17.lean:57:0: automatically included section variable(s) unused in theorem `AutoSamplingTheory.TechnicalLemmas.StochasticProcesses.ChewiDefinition1_1_17.stochasticIntegral_coordinate`:
  [MeasurableSpace Omega]
consider restructuring your `variable` declarations so that the variables are not in scope or explicitly omit them:
  omit [MeasurableSpace Omega] in theorem ...

Note: This linter can be disabled with `set_option linter.unusedSectionVars false`
warning: AutoSamplingTheory/TechnicalLemmas/StochasticProcesses/ChewiDefinition1_1_17.lean:76:0: automatically included section variable(s) unused in theorem `AutoSamplingTheory.TechnicalLemmas.StochasticProcesses.ChewiDefinition1_1_17.drift_integral_coordinate`:
  [MeasurableSpace Omega]
  [DecidableEq iota]
  [DecidableEq kappa]
consider restructuring your `variable` declarations so that the variables are not in scope or explicitly omit them:
  omit [MeasurableSpace Omega] [DecidableEq iota] [DecidableEq kappa] in theorem ...

Note: This linter can be disabled with `set_option linter.unusedSectionVars false`
warning: AutoSamplingTheory/TechnicalLemmas/StochasticProcesses/ChewiDefinition1_1_17.lean:95:0: automatically included section variable(s) unused in theorem `AutoSamplingTheory.TechnicalLemmas.StochasticProcesses.ChewiDefinition1_1_17.definition_1_1_17_vector_display`:
  [MeasurableSpace Omega]
consider restructuring your `variable` declarations so that the variables are not in scope or explicitly omit them:
  omit [MeasurableSpace Omega] in theorem ...

Note: This linter can be disabled with `set_option linter.unusedSectionVars false`
warning: AutoSamplingTheory/TechnicalLemmas/StochasticProcesses/ChewiDefinition1_1_17.lean:123:0: automatically included section variable(s) unused in theorem `AutoSamplingTheory.TechnicalLemmas.StochasticProcesses.ChewiDefinition1_1_17.chewi_definition_1_1_17`:
  [MeasurableSpace Omega]
consider restructuring your `variable` declarations so that the variables are not in scope or explicitly omit them:
  omit [MeasurableSpace Omega] in theorem ...

Note: This linter can be disabled with `set_option linter.unusedSectionVars false`
⚠ [9178/9184] Replayed AutoSamplingTheory.TechnicalLemmas.StochasticProcesses.ChewiDisplay1_1_18
warning: AutoSamplingTheory/TechnicalLemmas/StochasticProcesses/ChewiDisplay1_1_18.lean:38:0: automatically included section variable(s) unused in theorem `AutoSamplingTheory.TechnicalLemmas.StochasticProcesses.ChewiDisplay1_1_18.chewi_display_1_1_18_integral_meaning`:
  [MeasurableSpace Omega]
consider restructuring your `variable` declarations so that the variables are not in scope or explicitly omit them:
  omit [MeasurableSpace Omega] in theorem ...

Note: This linter can be disabled with `set_option linter.unusedSectionVars false`
✔ [9180/9184] Built AutoSamplingTheory.TechnicalLemmas.Registry (70s)
✔ [9181/9184] Built AutoSamplingTheory.TechnicalLemmas (10s)
✔ [9182/9184] Built AutoSamplingTheory.ExampleCases (161s)
✔ [9183/9184] Built AutoSamplingTheory (12s)
Build completed successfully (9184 jobs).
⚠ [3664/4000] Replayed AutoSamplingTheory.TechnicalLemmas.Probability.GaussianLipschitzExponential
warning: AutoSamplingTheory/TechnicalLemmas/Probability/GaussianLipschitzExponential.lean:148:8: automatically included section variable(s) unused in theorem `_private.AutoSamplingTheory.TechnicalLemmas.Probability.GaussianLipschitzExponential.0.AutoSamplingTheory.TechnicalLemmas.Probability.GaussianLipschitzExponential.standardWeight_pos`:
  [CompleteSpace E]
  [FiniteDimensional ℝ E]
  [MeasurableSpace E]
  [BorelSpace E]
consider restructuring your `variable` declarations so that the variables are not in scope or explicitly omit them:
  omit [CompleteSpace E] [FiniteDimensional ℝ E] [MeasurableSpace E] [BorelSpace E] in theorem ...

Note: This linter can be disabled with `set_option linter.unusedSectionVars false`
warning: AutoSamplingTheory/TechnicalLemmas/Probability/GaussianLipschitzExponential.lean:152:8: automatically included section variable(s) unused in theorem `_private.AutoSamplingTheory.TechnicalLemmas.Probability.GaussianLipschitzExponential.0.AutoSamplingTheory.TechnicalLemmas.Probability.GaussianLipschitzExponential.standardGaussian_density`:
  [CompleteSpace E]
consider restructuring your `variable` declarations so that the variables are not in scope or explicitly omit them:
  omit [CompleteSpace E] in theorem ...

Note: This linter can be disabled with `set_option linter.unusedSectionVars false`
info: AutoSamplingTheory/TechnicalLemmas/Probability/GaussianLipschitzExponential.lean:187:4: Try this:
  [apply] ring_nf
  
  The `ring` tactic failed to close the goal. Use `ring_nf` to obtain a normal form.
    
  Note that `ring` works primarily in *commutative* rings. If you have a noncommutative ring, abelian group or module, consider using `noncomm_ring`, `abel` or `module` instead.
warning: AutoSamplingTheory/TechnicalLemmas/Probability/GaussianLipschitzExponential.lean:177:8: automatically included section variable(s) unused in theorem `_private.AutoSamplingTheory.TechnicalLemmas.Probability.GaussianLipschitzExponential.0.AutoSamplingTheory.TechnicalLemmas.Probability.GaussianLipschitzExponential.standardWeight_hasFDerivAt`:
  [CompleteSpace E]
  [FiniteDimensional ℝ E]
  [MeasurableSpace E]
  [BorelSpace E]
consider restructuring your `variable` declarations so that the variables are not in scope or explicitly omit them:
  omit [CompleteSpace E] [FiniteDimensional ℝ E] [MeasurableSpace E] [BorelSpace E] in theorem ...

Note: This linter can be disabled with `set_option linter.unusedSectionVars false`
warning: AutoSamplingTheory/TechnicalLemmas/Probability/GaussianLipschitzExponential.lean:307:8: automatically included section variable(s) unused in theorem `_private.AutoSamplingTheory.TechnicalLemmas.Probability.GaussianLipschitzExponential.0.AutoSamplingTheory.TechnicalLemmas.Probability.GaussianLipschitzExponential.norm_linear_pair_le_two`:
  [CompleteSpace E]
  [FiniteDimensional ℝ E]
  [MeasurableSpace E]
  [BorelSpace E]
consider restructuring your `variable` declarations so that the variables are not in scope or explicitly omit them:
  omit [CompleteSpace E] [FiniteDimensional ℝ E] [MeasurableSpace E] [BorelSpace E] in theorem ...

Note: This linter can be disabled with `set_option linter.unusedSectionVars false`
warning: AutoSamplingTheory/TechnicalLemmas/Probability/GaussianLipschitzExponential.lean:325:8: automatically included section variable(s) unused in theorem `_private.AutoSamplingTheory.TechnicalLemmas.Probability.GaussianLipschitzExponential.0.AutoSamplingTheory.TechnicalLemmas.Probability.GaussianLipschitzExponential.rotX_hasDerivAt`:
  [CompleteSpace E]
  [FiniteDimensional ℝ E]
  [MeasurableSpace E]
  [BorelSpace E]
consider restructuring your `variable` declarations so that the variables are not in scope or explicitly omit them:
  omit [CompleteSpace E] [FiniteDimensional ℝ E] [MeasurableSpace E] [BorelSpace E] in theorem ...

Note: This linter can be disabled with `set_option linter.unusedSectionVars false`
warning: AutoSamplingTheory/TechnicalLemmas/Probability/GaussianLipschitzExponential.lean:330:8: automatically included section variable(s) unused in theorem `_private.AutoSamplingTheory.TechnicalLemmas.Probability.GaussianLipschitzExponential.0.AutoSamplingTheory.TechnicalLemmas.Probability.GaussianLipschitzExponential.lipschitz_growth_bound`:
  [InnerProductSpace ℝ E]
  [CompleteSpace E]
  [FiniteDimensional ℝ E]
  [MeasurableSpace E]
  [BorelSpace E]
consider restructuring your `variable` declarations so that the variables are not in scope or explicitly omit them:
  omit [InnerProductSpace ℝ
  E] [CompleteSpace E] [FiniteDimensional ℝ E] [MeasurableSpace E] [BorelSpace E] in theorem ...

Note: This linter can be disabled with `set_option linter.unusedSectionVars false`
warning: AutoSamplingTheory/TechnicalLemmas/Probability/GaussianLipschitzExponential.lean:495:5: Variable name `hf` is not explicitly referenced.

Hint: The binding can be removed (if unused) or named `_` (if used implicitly). Alternatively, prefix the name with `_` to silence this warning:
  [apply] _hf

Note: This linter can be disabled with `set_option linter.unusedVariables false`
warning: AutoSamplingTheory/TechnicalLemmas/Probability/GaussianLipschitzExponential.lean:512:8: automatically included section variable(s) unused in theorem `_private.AutoSamplingTheory.TechnicalLemmas.Probability.GaussianLipschitzExponential.0.AutoSamplingTheory.TechnicalLemmas.Probability.GaussianLipschitzExponential.rotation_inverse_first`:
  [CompleteSpace E]
  [FiniteDimensional ℝ E]
  [MeasurableSpace E]
  [BorelSpace E]
consider restructuring your `variable` declarations so that the variables are not in scope or explicitly omit them:
  omit [CompleteSpace E] [FiniteDimensional ℝ E] [MeasurableSpace E] [BorelSpace E] in theorem ...

Note: This linter can be disabled with `set_option linter.unusedSectionVars false`
warning: AutoSamplingTheory/TechnicalLemmas/Probability/GaussianLipschitzExponential.lean:721:76: Used `tac1 <;> tac2` where `(tac1; tac2)` would suffice

Note: This linter can be disabled with `set_option linter.unnecessarySeqFocus false`
warning: AutoSamplingTheory/TechnicalLemmas/Probability/GaussianLipschitzExponential.lean:722:26: Used `tac1 <;> tac2` where `(tac1; tac2)` would suffice

Note: This linter can be disabled with `set_option linter.unnecessarySeqFocus false`
warning: AutoSamplingTheory/TechnicalLemmas/Probability/GaussianLipschitzExponential.lean:723:78: Used `tac1 <;> tac2` where `(tac1; tac2)` would suffice

Note: This linter can be disabled with `set_option linter.unnecessarySeqFocus false`
warning: AutoSamplingTheory/TechnicalLemmas/Probability/GaussianLipschitzExponential.lean:724:27: Used `tac1 <;> tac2` where `(tac1; tac2)` would suffice

Note: This linter can be disabled with `set_option linter.unnecessarySeqFocus false`
warning: AutoSamplingTheory/TechnicalLemmas/Probability/GaussianLipschitzExponential.lean:757:15: This simp argument is unused:
  Pi.neg_apply

Hint: Omit it from the simp argument list.
  [apply] simp only [integral_neg] at h

Note: This linter can be disabled with `set_option linter.unusedSimpArgs false`
warning: AutoSamplingTheory/TechnicalLemmas/Probability/GaussianLipschitzExponential.lean:766:8: automatically included section variable(s) unused in theorem `_private.AutoSamplingTheory.TechnicalLemmas.Probability.GaussianLipschitzExponential.0.AutoSamplingTheory.TechnicalLemmas.Probability.GaussianLipschitzExponential.normed_bump_convolution_lipschitz`:
  [CompleteSpace E]
consider restructuring your `variable` declarations so that the variables are not in scope or explicitly omit them:
  omit [CompleteSpace E] in theorem ...

Note: This linter can be disabled with `set_option linter.unusedSectionVars false`
warning: AutoSamplingTheory/TechnicalLemmas/Probability/GaussianLipschitzExponential.lean:793:8: automatically included section variable(s) unused in theorem `_private.AutoSamplingTheory.TechnicalLemmas.Probability.GaussianLipschitzExponential.0.AutoSamplingTheory.TechnicalLemmas.Probability.GaussianLipschitzExponential.normed_bump_convolution_error`:
  [CompleteSpace E]
consider restructuring your `variable` declarations so that the variables are not in scope or explicitly omit them:
  omit [CompleteSpace E] in theorem ...

Note: This linter can be disabled with `set_option linter.unusedSectionVars false`
warning: AutoSamplingTheory/TechnicalLemmas/Probability/GaussianLipschitzExponential.lean:812:8: automatically included section variable(s) unused in theorem `_private.AutoSamplingTheory.TechnicalLemmas.Probability.GaussianLipschitzExponential.0.AutoSamplingTheory.TechnicalLemmas.Probability.GaussianLipschitzExponential.smoothApprox_contDiff`:
  [CompleteSpace E]
consider restructuring your `variable` declarations so that the variables are not in scope or explicitly omit them:
  omit [CompleteSpace E] in theorem ...

Note: This linter can be disabled with `set_option linter.unusedSectionVars false`
warning: AutoSamplingTheory/TechnicalLemmas/Probability/GaussianLipschitzExponential.lean:827:8: automatically included section variable(s) unused in theorem `_private.AutoSamplingTheory.TechnicalLemmas.Probability.GaussianLipschitzExponential.0.AutoSamplingTheory.TechnicalLemmas.Probability.GaussianLipschitzExponential.smoothApprox_tendsto`:
  [CompleteSpace E]
consider restructuring your `variable` declarations so that the variables are not in scope or explicitly omit them:
  omit [CompleteSpace E] in theorem ...

Note: This linter can be disabled with `set_option linter.unusedSectionVars false`
warning: AutoSamplingTheory/TechnicalLemmas/Probability/GaussianLipschitzExponential.lean:922:6: Try this: 
  letI̵

The goal is a proposition, so `let` is preferred over `letI`.
The difference between `let` and `letI` is that `letI` inlines the value.
But this is not relevant for proofs because of proof irrelevance.

Note: This linter can be disabled with `set_option linter.style.haveILetI false`
⚠ [3665/4000] Replayed Tests.GaussianLipschitzExponential
info: Tests/GaussianLipschitzExponential.lean:48:0: 'AutoSamplingTheory.TechnicalLemmas.Probability.GaussianLipschitzExponential.integrable_and_integrable_exp_centered_of_lipschitz' depends on axioms: [propext,
 Classical.choice,
 Quot.sound]
info: Tests/GaussianLipschitzExponential.lean:49:0: 'Tests.GaussianLipschitzExponential.nonlinear_negative_parameter' depends on axioms: [propext,
 Classical.choice,
 Quot.sound]
info: Tests/GaussianLipschitzExponential.lean:50:0: 'Tests.GaussianLipschitzExponential.zero_lipschitz_constant' depends on axioms: [propext, Classical.choice, Quot.sound]
info: Tests/GaussianLipschitzExponential.lean:51:0: 'Tests.GaussianLipschitzExponential.zero_dimension' depends on axioms: [propext, Classical.choice, Quot.sound]
warning: Tests/GaussianLipschitzExponential.lean:70:2: try 'simp' instead of 'simpa'

Note: This linter can be disabled with `set_option linter.unnecessarySimpa false`
warning: Tests/GaussianLipschitzExponential.lean:64:7: Variable name `x` is not explicitly referenced.

Hint: The binding can be removed (if unused) or named `_` (if used implicitly). Alternatively, prefix the name with `_` to silence this warning:
  [apply] _x

Note: This linter can be disabled with `set_option linter.unusedVariables false`
info: Tests/GaussianLipschitzExponential.lean:81:0: 'AutoSamplingTheory.TechnicalLemmas.Probability.GaussianLipschitzExponential.integral_exp_centered_le_stdGaussian_of_lipschitz' depends on axioms: [propext,
 Classical.choice,
 Quot.sound]
info: Tests/GaussianLipschitzExponential.lean:82:0: 'Tests.GaussianLipschitzExponential.nonlinear_sharp_negative_parameter' depends on axioms: [propext,
 Classical.choice,
 Quot.sound]
info: Tests/GaussianLipschitzExponential.lean:83:0: 'Tests.GaussianLipschitzExponential.sharp_zero_lipschitz_constant' depends on axioms: [propext,
 Classical.choice,
 Quot.sound]
info: Tests/GaussianLipschitzExponential.lean:84:0: 'Tests.GaussianLipschitzExponential.sharp_zero_dimension' depends on axioms: [propext, Classical.choice, Quot.sound]
⚠ [3728/4000] Replayed AutoSamplingTheory.TechnicalLemmas.Measure.TransportGluing
warning: AutoSamplingTheory/TechnicalLemmas/Measure/TransportGluing.lean:91:2: Try this: 
  letI̵

The goal is a proposition, so `let` is preferred over `letI`.
The difference between `let` and `letI` is that `letI` inlines the value.
But this is not relevant for proofs because of proof irrelevance.

Note: This linter can be disabled with `set_option linter.style.haveILetI false`
warning: AutoSamplingTheory/TechnicalLemmas/Measure/TransportGluing.lean:93:2: Try this: 
  letI̵

The goal is a proposition, so `let` is preferred over `letI`.
The difference between `let` and `letI` is that `letI` inlines the value.
But this is not relevant for proofs because of proof irrelevance.

Note: This linter can be disabled with `set_option linter.style.haveILetI false`
⚠ [3730/4000] Replayed AutoSamplingTheory.TechnicalLemmas.Measure.WassersteinTriangleMarginals
warning: AutoSamplingTheory/TechnicalLemmas/Measure/WassersteinTriangleMarginals.lean:46:0: automatically included section variable(s) unused in theorem `AutoSamplingTheory.TechnicalLemmas.Measure.WassersteinTriangleMarginals.measurable_pair12`:
  [NormedAddCommGroup E]
  [BorelSpace E]
  [SecondCountableTopology E]
consider restructuring your `variable` declarations so that the variables are not in scope or explicitly omit them:
  omit [NormedAddCommGroup E] [BorelSpace E] [SecondCountableTopology E] in theorem ...

Note: This linter can be disabled with `set_option linter.unusedSectionVars false`
warning: AutoSamplingTheory/TechnicalLemmas/Measure/WassersteinTriangleMarginals.lean:50:0: automatically included section variable(s) unused in theorem `AutoSamplingTheory.TechnicalLemmas.Measure.WassersteinTriangleMarginals.measurable_pair23`:
  [NormedAddCommGroup E]
  [BorelSpace E]
  [SecondCountableTopology E]
consider restructuring your `variable` declarations so that the variables are not in scope or explicitly omit them:
  omit [NormedAddCommGroup E] [BorelSpace E] [SecondCountableTopology E] in theorem ...

Note: This linter can be disabled with `set_option linter.unusedSectionVars false`
warning: AutoSamplingTheory/TechnicalLemmas/Measure/WassersteinTriangleMarginals.lean:54:0: automatically included section variable(s) unused in theorem `AutoSamplingTheory.TechnicalLemmas.Measure.WassersteinTriangleMarginals.measurable_pair13`:
  [NormedAddCommGroup E]
  [BorelSpace E]
  [SecondCountableTopology E]
consider restructuring your `variable` declarations so that the variables are not in scope or explicitly omit them:
  omit [NormedAddCommGroup E] [BorelSpace E] [SecondCountableTopology E] in theorem ...

Note: This linter can be disabled with `set_option linter.unusedSectionVars false`
warning: AutoSamplingTheory/TechnicalLemmas/Measure/WassersteinTriangleMarginals.lean:65:0: automatically included section variable(s) unused in theorem `AutoSamplingTheory.TechnicalLemmas.Measure.WassersteinTriangleMarginals.edgeLength12_rpow_two_eq_quadraticCost_pair12`:
  [MeasurableSpace E]
  [BorelSpace E]
  [SecondCountableTopology E]
consider restructuring your `variable` declarations so that the variables are not in scope or explicitly omit them:
  omit [MeasurableSpace E] [BorelSpace E] [SecondCountableTopology E] in theorem ...

Note: This linter can be disabled with `set_option linter.unusedSectionVars false`
warning: AutoSamplingTheory/TechnicalLemmas/Measure/WassersteinTriangleMarginals.lean:74:0: automatically included section variable(s) unused in theorem `AutoSamplingTheory.TechnicalLemmas.Measure.WassersteinTriangleMarginals.edgeLength23_rpow_two_eq_quadraticCost_pair23`:
  [MeasurableSpace E]
  [BorelSpace E]
  [SecondCountableTopology E]
consider restructuring your `variable` declarations so that the variables are not in scope or explicitly omit them:
  omit [MeasurableSpace E] [BorelSpace E] [SecondCountableTopology E] in theorem ...

Note: This linter can be disabled with `set_option linter.unusedSectionVars false`
warning: AutoSamplingTheory/TechnicalLemmas/Measure/WassersteinTriangleMarginals.lean:83:0: automatically included section variable(s) unused in theorem `AutoSamplingTheory.TechnicalLemmas.Measure.WassersteinTriangleMarginals.edgeLength13_rpow_two_eq_quadraticCost_pair13`:
  [MeasurableSpace E]
  [BorelSpace E]
  [SecondCountableTopology E]
consider restructuring your `variable` declarations so that the variables are not in scope or explicitly omit them:
  omit [MeasurableSpace E] [BorelSpace E] [SecondCountableTopology E] in theorem ...

Note: This linter can be disabled with `set_option linter.unusedSectionVars false`
⚠ [3731/4000] Replayed AutoSamplingTheory.TechnicalLemmas.Measure.CommonNoiseContraction
warning: AutoSamplingTheory/TechnicalLemmas/Measure/CommonNoiseContraction.lean:62:8: automatically included section variable(s) unused in theorem `_private.AutoSamplingTheory.TechnicalLemmas.Measure.CommonNoiseContraction.0.AutoSamplingTheory.TechnicalLemmas.Measure.CommonNoiseContraction.measurable_pairLeft`:
  [NormedAddCommGroup E]
  [BorelSpace E]
  [SecondCountableTopology E]
consider restructuring your `variable` declarations so that the variables are not in scope or explicitly omit them:
  omit [NormedAddCommGroup E] [BorelSpace E] [SecondCountableTopology E] in theorem ...

Note: This linter can be disabled with `set_option linter.unusedSectionVars false`
warning: AutoSamplingTheory/TechnicalLemmas/Measure/CommonNoiseContraction.lean:66:8: automatically included section variable(s) unused in theorem `_private.AutoSamplingTheory.TechnicalLemmas.Measure.CommonNoiseContraction.0.AutoSamplingTheory.TechnicalLemmas.Measure.CommonNoiseContraction.measurable_pairRight`:
  [NormedAddCommGroup E]
  [BorelSpace E]
  [SecondCountableTopology E]
consider restructuring your `variable` declarations so that the variables are not in scope or explicitly omit them:
  omit [NormedAddCommGroup E] [BorelSpace E] [SecondCountableTopology E] in theorem ...

Note: This linter can be disabled with `set_option linter.unusedSectionVars false`
warning: AutoSamplingTheory/TechnicalLemmas/Measure/CommonNoiseContraction.lean:77:2: Try this: 
  letI̵

The goal is a proposition, so `let` is preferred over `letI`.
The difference between `let` and `letI` is that `letI` inlines the value.
But this is not relevant for proofs because of proof irrelevance.

Note: This linter can be disabled with `set_option linter.style.haveILetI false`
warning: AutoSamplingTheory/TechnicalLemmas/Measure/CommonNoiseContraction.lean:72:0: automatically included section variable(s) unused in theorem `AutoSamplingTheory.TechnicalLemmas.Measure.CommonNoiseContraction.map_pairLeft_prod_eq`:
  [BorelSpace E]
consider restructuring your `variable` declarations so that the variables are not in scope or explicitly omit them:
  omit [BorelSpace E] in theorem ...

Note: This linter can be disabled with `set_option linter.unusedSectionVars false`
warning: AutoSamplingTheory/TechnicalLemmas/Measure/CommonNoiseContraction.lean:97:2: Try this: 
  letI̵

The goal is a proposition, so `let` is preferred over `letI`.
The difference between `let` and `letI` is that `letI` inlines the value.
But this is not relevant for proofs because of proof irrelevance.

Note: This linter can be disabled with `set_option linter.style.haveILetI false`
warning: AutoSamplingTheory/TechnicalLemmas/Measure/CommonNoiseContraction.lean:92:0: automatically included section variable(s) unused in theorem `AutoSamplingTheory.TechnicalLemmas.Measure.CommonNoiseContraction.map_pairRight_prod_eq`:
  [BorelSpace E]
consider restructuring your `variable` declarations so that the variables are not in scope or explicitly omit them:
  omit [BorelSpace E] in theorem ...

Note: This linter can be disabled with `set_option linter.unusedSectionVars false`
warning: AutoSamplingTheory/TechnicalLemmas/Measure/CommonNoiseContraction.lean:119:2: Try this: 
  letI̵

The goal is a proposition, so `let` is preferred over `letI`.
The difference between `let` and `letI` is that `letI` inlines the value.
But this is not relevant for proofs because of proof irrelevance.

Note: This linter can be disabled with `set_option linter.style.haveILetI false`
warning: AutoSamplingTheory/TechnicalLemmas/Measure/CommonNoiseContraction.lean:148:0: automatically included section variable(s) unused in theorem `AutoSamplingTheory.TechnicalLemmas.Measure.CommonNoiseContraction.quadraticCost_synchronousNoiseMap`:
  [MeasurableSpace E]
  [BorelSpace E]
  [SecondCountableTopology E]
consider restructuring your `variable` declarations so that the variables are not in scope or explicitly omit them:
  omit [MeasurableSpace E] [BorelSpace E] [SecondCountableTopology E] in theorem ...

Note: This linter can be disabled with `set_option linter.unusedSectionVars false`
warning: AutoSamplingTheory/TechnicalLemmas/Measure/CommonNoiseContraction.lean:200:2: Try this: 
  letI̵

The goal is a proposition, so `let` is preferred over `letI`.
The difference between `let` and `letI` is that `letI` inlines the value.
But this is not relevant for proofs because of proof irrelevance.

Note: This linter can be disabled with `set_option linter.style.haveILetI false`
⚠ [3732/4000] Replayed AutoSamplingTheory.TechnicalLemmas.Measure.GaussianSmoothing
warning: AutoSamplingTheory/TechnicalLemmas/Measure/GaussianSmoothing.lean:75:0: automatically included section variable(s) unused in theorem `AutoSamplingTheory.TechnicalLemmas.Measure.GaussianSmoothing.heatSmoothing_eq_gaussianSmoothing_sqrt`:
  [BorelSpace E]
  [SecondCountableTopology E]
consider restructuring your `variable` declarations so that the variables are not in scope or explicitly omit them:
  omit [BorelSpace E] [SecondCountableTopology E] in theorem ...

Note: This linter can be disabled with `set_option linter.unusedSectionVars false`
ℹ [3745/4000] Replayed Tests.StandardizedRGOPositionFisher
info: Tests/StandardizedRGOPositionFisher.lean:242:0: 'AutoSamplingTheory.TechnicalLemmas.Measure.AffineGibbs.map_affine_gibbs' depends on axioms: [propext,
 Classical.choice,
 Quot.sound]
info: Tests/StandardizedRGOPositionFisher.lean:243:0: 'AutoSamplingTheory.ExampleCases.SmoothedPicardHMC.StandardizedRGOPositionFisher.standardized_rgo_position_and_fisher' depends on axioms: [propext,
 Classical.choice,
 Quot.sound]
info: Tests/StandardizedRGOPositionFisher.lean:244:0: 'Tests.StandardizedRGOPositionFisher.quadratic_eta_two' depends on axioms: [propext, Classical.choice, Quot.sound]
info: Tests/StandardizedRGOPositionFisher.lean:245:0: 'Tests.StandardizedRGOPositionFisher.quadratic_variable_eta' depends on axioms: [propext, Classical.choice, Quot.sound]
info: Tests/StandardizedRGOPositionFisher.lean:246:0: 'Tests.StandardizedRGOPositionFisher.quadratic_eta_one_sharp' depends on axioms: [propext, Classical.choice, Quot.sound]
info: Tests/StandardizedRGOPositionFisher.lean:247:0: 'Tests.StandardizedRGOPositionFisher.negative_scale_affine' depends on axioms: [propext, Classical.choice, Quot.sound]
info: Tests/StandardizedRGOPositionFisher.lean:248:0: 'Tests.StandardizedRGOPositionFisher.zero_dimension_variable_eta' depends on axioms: [propext,
 Classical.choice,
 Quot.sound]
⚠ [3746/4000] Replayed Tests.FullRangeProximalGaussianOracle
warning: Tests/FullRangeProximalGaussianOracle.lean:116:40: Used `tac1 <;> tac2` where `(tac1; tac2)` would suffice

Note: This linter can be disabled with `set_option linter.unnecessarySeqFocus false`
warning: Tests/FullRangeProximalGaussianOracle.lean:116:53: Used `tac1 <;> tac2` where `(tac1; tac2)` would suffice

Note: This linter can be disabled with `set_option linter.unnecessarySeqFocus false`
info: Tests/FullRangeProximalGaussianOracle.lean:136:0: 'AutoSamplingTheory.ExampleCases.SmoothedPicardHMC.FullRangeProximalGaussianOracle.full_range_proximal_gaussian_oracle' depends on axioms: [propext,
 Classical.choice,
 Quot.sound]
info: Tests/FullRangeProximalGaussianOracle.lean:137:0: 'Tests.FullRangeProximalGaussianOracle.quadratic_variable_eta' depends on axioms: [propext,
 Classical.choice,
 Quot.sound]
info: Tests/FullRangeProximalGaussianOracle.lean:138:0: 'Tests.FullRangeProximalGaussianOracle.quadratic_eta_one' depends on axioms: [propext, Classical.choice, Quot.sound]
info: Tests/FullRangeProximalGaussianOracle.lean:139:0: 'Tests.FullRangeProximalGaussianOracle.quadratic_unbounded_eta' depends on axioms: [propext,
 Classical.choice,
 Quot.sound]
info: Tests/FullRangeProximalGaussianOracle.lean:140:0: 'Tests.FullRangeProximalGaussianOracle.zero_dimension_variable_eta' depends on axioms: [propext,
 Classical.choice,
 Quot.sound]
⚠ [3754/4000] Replayed AutoSamplingTheory.TechnicalLemmas.FunctionalInequalities.ScaledClosedGraphResolvent
warning: AutoSamplingTheory/TechnicalLemmas/FunctionalInequalities/ScaledClosedGraphResolvent.lean:93:8: automatically included section variable(s) unused in theorem `_private.AutoSamplingTheory.TechnicalLemmas.FunctionalInequalities.ScaledClosedGraphResolvent.0.AutoSamplingTheory.TechnicalLemmas.FunctionalInequalities.ScaledClosedGraphResolvent.scaled_energy_bounds`:
  [CompleteSpace H]
  [CompleteSpace K]
consider restructuring your `variable` declarations so that the variables are not in scope or explicitly omit them:
  omit [CompleteSpace H] [CompleteSpace K] in theorem ...

Note: This linter can be disabled with `set_option linter.unusedSectionVars false`
⚠ [3818/4000] Replayed AutoSamplingTheory.TechnicalLemmas.FunctionalInequalities.CenteredGibbsResolventLimit
warning: AutoSamplingTheory/TechnicalLemmas/FunctionalInequalities/CenteredGibbsResolventLimit.lean:39:2: Try this: 
  letI̵

The goal is a proposition, so `let` is preferred over `letI`.
The difference between `let` and `letI` is that `letI` inlines the value.
But this is not relevant for proofs because of proof irrelevance.

Note: This linter can be disabled with `set_option linter.style.haveILetI false`
warning: AutoSamplingTheory/TechnicalLemmas/FunctionalInequalities/CenteredGibbsResolventLimit.lean:41:2: Try this: 
  letI̵

The goal is a proposition, so `let` is preferred over `letI`.
The difference between `let` and `letI` is that `letI` inlines the value.
But this is not relevant for proofs because of proof irrelevance.

Note: This linter can be disabled with `set_option linter.style.haveILetI false`
warning: AutoSamplingTheory/TechnicalLemmas/FunctionalInequalities/CenteredGibbsResolventLimit.lean:42:2: Try this: 
  letI̵

The goal is a proposition, so `let` is preferred over `letI`.
The difference between `let` and `letI` is that `letI` inlines the value.
But this is not relevant for proofs because of proof irrelevance.

Note: This linter can be disabled with `set_option linter.style.haveILetI false`
⚠ [3851/4000] Replayed AutoSamplingTheory.TechnicalLemmas.FunctionalInequalities.CompactWeakPoissonSobolev
warning: AutoSamplingTheory/TechnicalLemmas/FunctionalInequalities/CompactWeakPoissonSobolev.lean:12:8: automatically included section variable(s) unused in theorem `_private.AutoSamplingTheory.TechnicalLemmas.FunctionalInequalities.CompactWeakPoissonSobolev.0.AutoSamplingTheory.TechnicalLemmas.FunctionalInequalities.CompactWeakPoissonSobolev.outer_cutoff`:
  [MeasurableSpace E]
  [BorelSpace E]
consider restructuring your `variable` declarations so that the variables are not in scope or explicitly omit them:
  omit [MeasurableSpace E] [BorelSpace E] in theorem ...

Note: This linter can be disabled with `set_option linter.unusedSectionVars false`
⚠ [3881/4000] Replayed AutoSamplingTheory.TechnicalLemmas.FunctionalInequalities.CompactC1GradientDomain
warning: AutoSamplingTheory/TechnicalLemmas/FunctionalInequalities/CompactC1GradientDomain.lean:100:8: automatically included section variable(s) unused in theorem `_private.AutoSamplingTheory.TechnicalLemmas.FunctionalInequalities.CompactC1GradientDomain.0.AutoSamplingTheory.TechnicalLemmas.FunctionalInequalities.CompactC1GradientDomain.l2_convergence`:
  [NormedAddCommGroup E]
  [InnerProductSpace ℝ E]
  [FiniteDimensional ℝ E]
  [BorelSpace E]
consider restructuring your `variable` declarations so that the variables are not in scope or explicitly omit them:
  omit [NormedAddCommGroup E] [InnerProductSpace ℝ E] [FiniteDimensional ℝ E] [BorelSpace E] in theorem ...

Note: This linter can be disabled with `set_option linter.unusedSectionVars false`
⚠ [3884/4000] Replayed AutoSamplingTheory.TechnicalLemmas.FunctionalInequalities.OrdinaryWeakResolvent
warning: AutoSamplingTheory/TechnicalLemmas/FunctionalInequalities/OrdinaryWeakResolvent.lean:16:8: automatically included section variable(s) unused in theorem `_private.AutoSamplingTheory.TechnicalLemmas.FunctionalInequalities.OrdinaryWeakResolvent.0.AutoSamplingTheory.TechnicalLemmas.FunctionalInequalities.OrdinaryWeakResolvent.inverseweight_gradient`:
  [MeasurableSpace E]
  [BorelSpace E]
consider restructuring your `variable` declarations so that the variables are not in scope or explicitly omit them:
  omit [MeasurableSpace E] [BorelSpace E] in theorem ...

Note: This linter can be disabled with `set_option linter.unusedSectionVars false`
⚠ [3885/4000] Replayed AutoSamplingTheory.TechnicalLemmas.FunctionalInequalities.LocalizedWeakResolvent
warning: AutoSamplingTheory/TechnicalLemmas/FunctionalInequalities/LocalizedWeakResolvent.lean:35:8: automatically included section variable(s) unused in theorem `_private.AutoSamplingTheory.TechnicalLemmas.FunctionalInequalities.LocalizedWeakResolvent.0.AutoSamplingTheory.TechnicalLemmas.FunctionalInequalities.LocalizedWeakResolvent.directional_second`:
  [FiniteDimensional ℝ E]
  [MeasurableSpace E]
  [BorelSpace E]
consider restructuring your `variable` declarations so that the variables are not in scope or explicitly omit them:
  omit [FiniteDimensional ℝ E] [MeasurableSpace E] [BorelSpace E] in theorem ...

Note: This linter can be disabled with `set_option linter.unusedSectionVars false`
warning: AutoSamplingTheory/TechnicalLemmas/FunctionalInequalities/LocalizedWeakResolvent.lean:41:8: automatically included section variable(s) unused in theorem `_private.AutoSamplingTheory.TechnicalLemmas.FunctionalInequalities.LocalizedWeakResolvent.0.AutoSamplingTheory.TechnicalLemmas.FunctionalInequalities.LocalizedWeakResolvent.first_product`:
  [FiniteDimensional ℝ E]
  [MeasurableSpace E]
  [BorelSpace E]
consider restructuring your `variable` declarations so that the variables are not in scope or explicitly omit them:
  omit [FiniteDimensional ℝ E] [MeasurableSpace E] [BorelSpace E] in theorem ...

Note: This linter can be disabled with `set_option linter.unusedSectionVars false`
warning: AutoSamplingTheory/TechnicalLemmas/FunctionalInequalities/LocalizedWeakResolvent.lean:75:8: automatically included section variable(s) unused in theorem `_private.AutoSamplingTheory.TechnicalLemmas.FunctionalInequalities.LocalizedWeakResolvent.0.AutoSamplingTheory.TechnicalLemmas.FunctionalInequalities.LocalizedWeakResolvent.laplacian_trace`:
  [MeasurableSpace E]
  [BorelSpace E]
consider restructuring your `variable` declarations so that the variables are not in scope or explicitly omit them:
  omit [MeasurableSpace E] [BorelSpace E] in theorem ...

Note: This linter can be disabled with `set_option linter.unusedSectionVars false`
warning: AutoSamplingTheory/TechnicalLemmas/FunctionalInequalities/LocalizedWeakResolvent.lean:121:8: automatically included section variable(s) unused in theorem `_private.AutoSamplingTheory.TechnicalLemmas.FunctionalInequalities.LocalizedWeakResolvent.0.AutoSamplingTheory.TechnicalLemmas.FunctionalInequalities.LocalizedWeakResolvent.gradient_compact`:
  [MeasurableSpace E]
  [BorelSpace E]
consider restructuring your `variable` declarations so that the variables are not in scope or explicitly omit them:
  omit [MeasurableSpace E] [BorelSpace E] in theorem ...

Note: This linter can be disabled with `set_option linter.unusedSectionVars false`
warning: AutoSamplingTheory/TechnicalLemmas/FunctionalInequalities/LocalizedWeakResolvent.lean:434:30: Used `tac1 <;> tac2` where `(tac1; tac2)` would suffice

Note: This linter can be disabled with `set_option linter.unnecessarySeqFocus false`
⚠ [3893/4000] Replayed AutoSamplingTheory.TechnicalLemmas.Measure.GaussianConvolutionRegularity
warning: AutoSamplingTheory/TechnicalLemmas/Measure/GaussianConvolutionRegularity.lean:68:8: automatically included section variable(s) unused in theorem `_private.AutoSamplingTheory.TechnicalLemmas.Measure.GaussianConvolutionRegularity.0.AutoSamplingTheory.TechnicalLemmas.Measure.GaussianConvolutionRegularity.weight_bounds`:
  [InnerProductSpace ℝ E]
consider restructuring your `variable` declarations so that the variables are not in scope or explicitly omit them:
  omit [InnerProductSpace ℝ E] in theorem ...

Note: This linter can be disabled with `set_option linter.unusedSectionVars false`
warning: AutoSamplingTheory/TechnicalLemmas/Measure/GaussianConvolutionRegularity.lean:319:8: automatically included section variable(s) unused in theorem `_private.AutoSamplingTheory.TechnicalLemmas.Measure.GaussianConvolutionRegularity.0.AutoSamplingTheory.TechnicalLemmas.Measure.GaussianConvolutionRegularity.posteriorIntegral`:
  [InnerProductSpace ℝ E]
  [BorelSpace E]
  [FiniteDimensional ℝ E]
consider restructuring your `variable` declarations so that the variables are not in scope or explicitly omit them:
  omit [InnerProductSpace ℝ E] [BorelSpace E] [FiniteDimensional ℝ E] in theorem ...

Note: This linter can be disabled with `set_option linter.unusedSectionVars false`
warning: AutoSamplingTheory/TechnicalLemmas/Measure/GaussianConvolutionRegularity.lean:405:58: Used `tac1 <;> tac2` where `(tac1; tac2)` would suffice

Note: This linter can be disabled with `set_option linter.unnecessarySeqFocus false`
warning: AutoSamplingTheory/TechnicalLemmas/Measure/GaussianConvolutionRegularity.lean:463:4: Try this: 
  haveI̵

The goal is a proposition, so `have` is preferred over `haveI`.
The difference between `have` and `haveI` is that `haveI` inlines the value.
But this is not relevant for proofs because of proof irrelevance.

Note: This linter can be disabled with `set_option linter.style.haveILetI false`
warning: AutoSamplingTheory/TechnicalLemmas/Measure/GaussianConvolutionRegularity.lean:488:4: Try this: 
  haveI̵

The goal is a proposition, so `have` is preferred over `haveI`.
The difference between `have` and `haveI` is that `haveI` inlines the value.
But this is not relevant for proofs because of proof irrelevance.

Note: This linter can be disabled with `set_option linter.style.haveILetI false`
⚠ [3896/4000] Replayed AutoSamplingTheory.ExampleCases.SmoothedPicardHMC.SmoothedHessianBounds
warning: AutoSamplingTheory/ExampleCases/SmoothedPicardHMC/SmoothedHessianBounds.lean:28:18: Variable name `hη1` is not explicitly referenced.

Hint: The binding can be removed (if unused) or named `_` (if used implicitly). Alternatively, prefix the name with `_` to silence this warning:
  [apply] _hη1

Note: This linter can be disabled with `set_option linter.unusedVariables false`
⚠ [3897/4000] Replayed Tests.SmoothedHessianBounds
warning: Tests/SmoothedHessianBounds.lean:17:81: This simp argument is unused:
  potential

Hint: Omit it from the simp argument list.
  [apply] simp [Pi.add_apply, mul_comm]

Note: This linter can be disabled with `set_option linter.unusedSimpArgs false`
warning: Tests/SmoothedHessianBounds.lean:17:92: This simp argument is unused:
  Pi.add_apply

Hint: Omit it from the simp argument list.
  [apply] simp [potential, mul_comm]

Note: This linter can be disabled with `set_option linter.unusedSimpArgs false`
info: Tests/SmoothedHessianBounds.lean:107:0: 'AutoSamplingTheory.TechnicalLemmas.FunctionalInequalities.GibbsLinearCovarianceUpper.gibbs_linear_covariance_upper' depends on axioms: [propext,
 Classical.choice,
 Quot.sound]
info: Tests/SmoothedHessianBounds.lean:108:0: 'AutoSamplingTheory.ExampleCases.SmoothedPicardHMC.SmoothedHessianBounds.smoothed_hessian_bounds' depends on axioms: [propext,
 Classical.choice,
 Quot.sound]
info: Tests/SmoothedHessianBounds.lean:109:0: 'Tests.SmoothedHessianBounds.actual_nonquadratic_full' depends on axioms: [propext, Classical.choice, Quot.sound]
info: Tests/SmoothedHessianBounds.lean:110:0: 'Tests.SmoothedHessianBounds.actual_nonquadratic_eta_half' depends on axioms: [propext, Classical.choice, Quot.sound]
info: Tests/SmoothedHessianBounds.lean:111:0: 'Tests.SmoothedHessianBounds.actual_nonquadratic_eta_one' depends on axioms: [propext, Classical.choice, Quot.sound]
info: Tests/SmoothedHessianBounds.lean:112:0: 'Tests.SmoothedHessianBounds.actual_zero_dimension_probability_and_posterior' depends on axioms: [propext,
 Classical.choice,
 Quot.sound]
ℹ [3905/4000] Replayed AutoSamplingTheory.ExampleCases.ProximalBPS.ConditionalScore
info: AutoSamplingTheory/ExampleCases/ProximalBPS/ConditionalScore.lean:296:52: Try this:
  [apply] ring_nf
  
  The `ring` tactic failed to close the goal. Use `ring_nf` to obtain a normal form.
    
  Note that `ring` works primarily in *commutative* rings. If you have a noncommutative ring, abelian group or module, consider using `noncomm_ring`, `abel` or `module` instead.
⚠ [3906/4000] Replayed AutoSamplingTheory.ExampleCases.ProximalBPS.ConditionalScoreDomain
warning: AutoSamplingTheory/ExampleCases/ProximalBPS/ConditionalScoreDomain.lean:199:15: This simp argument is unused:
  smul_eq_mul

Hint: Omit it from the simp argument list.
  [apply] simp only [Real.norm_eq_abs, abs_of_nonneg (mul_nonneg (Real.exp_nonneg _) (sq_nonneg _))]

Note: This linter can be disabled with `set_option linter.unusedSimpArgs false`
warning: AutoSamplingTheory/ExampleCases/ProximalBPS/ConditionalScoreDomain.lean:80:114: Used `tac1 <;> tac2` where `(tac1; tac2)` would suffice

Note: This linter can be disabled with `set_option linter.unnecessarySeqFocus false`
⚠ [3912/4000] Replayed Tests.CenteredPoincare
warning: Tests/CenteredPoincare.lean:15:81: This simp argument is unused:
  potential

Hint: Omit it from the simp argument list.
  [apply] simp [Pi.add_apply, mul_comm]

Note: This linter can be disabled with `set_option linter.unusedSimpArgs false`
warning: Tests/CenteredPoincare.lean:15:92: This simp argument is unused:
  Pi.add_apply

Hint: Omit it from the simp argument list.
  [apply] simp [potential, mul_comm]

Note: This linter can be disabled with `set_option linter.unusedSimpArgs false`
info: Tests/CenteredPoincare.lean:126:0: 'AutoSamplingTheory.TechnicalLemmas.FunctionalInequalities.CenteredDomainPoincare.gibbs_centered_domain_poincare' depends on axioms: [propext,
 Classical.choice,
 Quot.sound]
info: Tests/CenteredPoincare.lean:128:0: 'AutoSamplingTheory.TechnicalLemmas.FunctionalInequalities.GibbsC1Poincare.gibbs_c1_variance_poincare' depends on axioms: [propext,
 Classical.choice,
 Quot.sound]
info: Tests/CenteredPoincare.lean:130:0: 'AutoSamplingTheory.ExampleCases.ProximalBPS.ConditionalScoreVariance.conditional_centered_domain_and_score_variance' depends on axioms: [propext,
 Classical.choice,
 Quot.sound]
info: Tests/CenteredPoincare.lean:132:0: 'Tests.CenteredPoincare.actual_nonquadratic_poincare_and_score_variance' depends on axioms: [propext,
 Classical.choice,
 Quot.sound]
info: Tests/CenteredPoincare.lean:134:0: 'Tests.CenteredPoincare.actual_zero_dim_poincare_and_noncentered_failure' depends on axioms: [propext,
 Classical.choice,
 Quot.sound]
ℹ [3920/4000] Replayed Tests.Shared.UniformRegularization
info: Tests/Shared/UniformRegularization.lean:73:0: 'AutoSamplingTheory.TechnicalLemmas.Analysis.UniformRegularization.uniform_accuracy_and_query_bound' depends on axioms: [propext,
 Classical.choice,
 Quot.sound]
ℹ [3921/4000] Replayed Tests.WeightedLocalL2
info: Tests/WeightedLocalL2.lean:8:0: 'AutoSamplingTheory.TechnicalLemmas.FunctionalInequalities.WeightedLocalL2.lp_locallyMemLp_volume' depends on axioms: [propext,
 Classical.choice,
 Quot.sound]
ℹ [3923/4000] Replayed Tests.SmoothedPicardHMCApproximateProximalExecution
info: Tests/SmoothedPicardHMCApproximateProximalExecution.lean:7:0: AutoSamplingTheory.ExampleCases.SmoothedPicardHMC.ApproximateProximalExecution.approximate_proximal_execution.{u_1}
  {E : Type u_1} [NormedAddCommGroup E] [InnerProductSpace ℝ E] [CompleteSpace E] [FiniteDimensional ℝ E]
  [MeasurableSpace E] [BorelSpace E] {V : E → ℝ} {κ : ℝ≥0} (hκ : 1 ≤ κ) (hV : ContDiff ℝ 2 V)
  (hH : ∀ (x v : E), (↑κ)⁻¹ * ‖v‖ ^ 2 ≤ ((fderiv ℝ (fderiv ℝ V) x) v) v ∧ ((fderiv ℝ (fderiv ℝ V) x) v) v ≤ ‖v‖ ^ 2)
  {eta c eps : ℝ} (heta : 0 < eta) (hec : eta ≤ c) (hc : c < 1) (heps : 0 < eps) :
  have T := fun y x => y - eta • gradient V x;
  have F := fun y x => V x + eta⁻¹ / 2 * ‖x - y‖ ^ 2;
  ∃ p N,
    Measurable p ∧
      Measurable N ∧
        (Measurable fun y => (T y)^[N y] y) ∧
          ∀ (y : E),
            p y + eta • gradient V (p y) = y ∧
              (∀ (z : E), F y (p y) + ((↑κ)⁻¹ + eta⁻¹) / 2 * ‖z - p y‖ ^ 2 ≤ F y z ∧ (F y z ≤ F y (p y) ↔ z = p y)) ∧
                ‖(T y)^[N y + 1] y - (T y)^[N y] y‖ ≤ (1 - eta) * eps ∧
                  (∀ j < N y, ¬‖(T y)^[j + 1] y - (T y)^[j] y‖ ≤ (1 - eta) * eps) ∧
                    ‖(T y)^[N y] y - p y‖ ≤ eps ∧
                      ↑(N y) + 1 ≤
                          (2 + (1 + Real.log (1 - c)⁻¹) / -Real.log c) * (1 + Real.log (1 + ‖gradient V y‖ / eps)) ∧
                        proximalQuery (gradient V) eta eps y (N y + 1) y = some ((T y)^[N y] y, N y + 1)
info: Tests/SmoothedPicardHMCApproximateProximalExecution.lean:8:0: 'AutoSamplingTheory.ExampleCases.SmoothedPicardHMC.ApproximateProximalExecution.approximate_proximal_execution' depends on axioms: [propext,
 Classical.choice,
 Quot.sound]
ℹ [3925/4000] Replayed Tests.SmoothedPicardHMCProximalExpectedWork
info: Tests/SmoothedPicardHMCProximalExpectedWork.lean:7:0: AutoSamplingTheory.ExampleCases.SmoothedPicardHMC.ProximalExpectedWork.approximate_proximal_expected_work.{u_1}
  {E : Type u_1} [NormedAddCommGroup E] [InnerProductSpace ℝ E] [CompleteSpace E] [FiniteDimensional ℝ E]
  [MeasurableSpace E] [BorelSpace E] {V : E → ℝ} {κ : ℝ≥0} (hκ : 1 ≤ κ) (hV : ContDiff ℝ 2 V)
  (hH : ∀ (x v : E), (↑κ)⁻¹ * ‖v‖ ^ 2 ≤ ((fderiv ℝ (fderiv ℝ V) x) v) v ∧ ((fderiv ℝ (fderiv ℝ V) x) v) v ≤ ‖v‖ ^ 2)
  {eta c eps : ℝ} (heta : 0 < eta) (hec : eta ≤ c) (hc : c < 1) (heps : 0 < eps) (ν : Measure E)
  [IsProbabilityMeasure ν] (hmoment : Integrable (fun y => ‖gradient V y‖ ^ 2) ν) :
  have T := fun y x => y - eta • gradient V x;
  have C := 2 + (1 + Real.log (1 - c)⁻¹) / -Real.log c;
  ∃ p N,
    Measurable p ∧
      Measurable N ∧
        (Measurable fun y => (T y)^[N y] y) ∧
          (∀ (y : E),
              p y + eta • gradient V (p y) = y ∧
                ‖(T y)^[N y] y - p y‖ ≤ eps ∧
                  ApproximateProximalExecution.proximalQuery (gradient V) eta eps y (N y + 1) y =
                    some ((T y)^[N y] y, N y + 1)) ∧
            Integrable (fun y => ↑(N y) + 1) ν ∧
              ∫ (y : E), ↑(N y) + 1 ∂ν ≤ C * (1 + Real.log (1 + √(∫ (y : E), ‖gradient V y‖ ^ 2 ∂ν) / eps))
info: Tests/SmoothedPicardHMCProximalExpectedWork.lean:8:0: 'AutoSamplingTheory.ExampleCases.SmoothedPicardHMC.ProximalExpectedWork.approximate_proximal_expected_work' depends on axioms: [propext,
 Classical.choice,
 Quot.sound]
ℹ [3927/4000] Replayed Tests.SmoothedPicardHMCPicardCenterMoment
info: Tests/SmoothedPicardHMCPicardCenterMoment.lean:7:0: AutoSamplingTheory.ExampleCases.SmoothedPicardHMC.PicardCenterMoment.picard_center_gradient_moment.{u_1, u_2, u_3}
  {E : Type u_1} {Ω : Type u_2} {ι : Type u_3} [NormedAddCommGroup E] [InnerProductSpace ℝ E] [CompleteSpace E]
  [FiniteDimensional ℝ E] [MeasurableSpace E] [BorelSpace E] [MeasurableSpace Ω] [Fintype ι] {V : E → ℝ} {κ : ℝ≥0}
  (hκ : 1 ≤ κ) (hV : ContDiff ℝ 2 V)
  (hH : ∀ (x v : E), (↑κ)⁻¹ * ‖v‖ ^ 2 ≤ ((fderiv ℝ (fderiv ℝ V) x) v) v ∧ ((fderiv ℝ (fderiv ℝ V) x) v) v ≤ ‖v‖ ^ 2)
  {eta c eps : ℝ} (heta : 0 < eta) (hec : eta ≤ c) (hc : c < 1) (heps : 0 < eps) (μ : Measure Ω)
  [IsProbabilityMeasure μ] (X P : Ω → E) (hX : Measurable X) (hP : Measurable P) (xstar : E)
  (hstar : gradient V xstar = 0) (t : ι → ℝ) (ht : ∀ (i : ι), |t i| ≤ 1) (G : ι → Ω → E)
  (hG : ∀ (j : ι), Measurable (G j)) (omega : ι → ι → ℝ) {M S : ℝ} (hM : 0 ≤ M) (hS : 0 ≤ S)
  (hstateI : Integrable (fun w => ‖X w - xstar‖ ^ 2 + ‖P w‖ ^ 2) μ)
  (hstate : ∫ (w : Ω), ‖X w - xstar‖ ^ 2 + ‖P w‖ ^ 2 ∂μ ≤ M) (hnoiseI : ∀ (j : ι), Integrable (fun w => ‖G j w‖ ^ 2) μ)
  (hnoise : ∀ (j : ι), ∫ (w : Ω), ‖G j w‖ ^ 2 ∂μ ≤ ↑(Module.finrank ℝ E)) (hrow : ∀ (i : ι), ∑ j, |omega i j| ≤ S) :
  have Y0 := fun i w => X w + t i • P w;
  have B := 6 * M + 3 * eps ^ 2 + 3 * eta * ↑(Module.finrank ℝ E);
  ∃ p N q,
    Measurable p ∧
      Measurable N ∧
        Measurable q ∧
          (∀ (y : E), p y + eta • gradient V (p y) = y) ∧
            (∀ (y : E),
                ‖q y - p y‖ ≤ eps ∧
                  ApproximateProximalExecution.proximalQuery (gradient V) eta eps y (N y + 1) y = some (q y, N y + 1)) ∧
              have Z0 := fun j w => gradient V (q (Y0 j w) + √eta • G j w);
              have Y1 := fun i w => Y0 i w - ∑ j, omega i j • Z0 j w;
              (∀ (i : ι),
                  Integrable (fun w => ‖gradient V (Y0 i w)‖ ^ 2) μ ∧ ∫ (w : Ω), ‖gradient V (Y0 i w)‖ ^ 2 ∂μ ≤ 2 * M) ∧
                (∀ (j : ι), Integrable (fun w => ‖Z0 j w‖ ^ 2) μ ∧ ∫ (w : Ω), ‖Z0 j w‖ ^ 2 ∂μ ≤ B) ∧
                  ∀ (i : ι),
                    Integrable (fun w => ‖gradient V (Y1 i w)‖ ^ 2) μ ∧
                      ∫ (w : Ω), ‖gradient V (Y1 i w)‖ ^ 2 ∂μ ≤ 4 * M + 2 * S ^ 2 * B
info: Tests/SmoothedPicardHMCPicardCenterMoment.lean:8:0: 'AutoSamplingTheory.ExampleCases.SmoothedPicardHMC.PicardCenterMoment.picard_center_gradient_moment' depends on axioms: [propext,
 Classical.choice,
 Quot.sound]
ℹ [3930/4000] Replayed Tests.SmoothedPicardHMCPartialMomentumRefresh
info: Tests/SmoothedPicardHMCPartialMomentumRefresh.lean:9:0: AutoSamplingTheory.TechnicalLemmas.Probability.StdGaussianMoment.integrable_norm_sq_and_integral_stdGaussian.{u_1}
  {E : Type u_1} [NormedAddCommGroup E] [InnerProductSpace ℝ E] [CompleteSpace E] [FiniteDimensional ℝ E]
  [MeasurableSpace E] [BorelSpace E] :
  Integrable (fun x => ‖x‖ ^ 2) (stdGaussian E) ∧ ∫ (x : E), ‖x‖ ^ 2 ∂stdGaussian E = ↑(Module.finrank ℝ E)
info: Tests/SmoothedPicardHMCPartialMomentumRefresh.lean:10:0: 'AutoSamplingTheory.TechnicalLemmas.Probability.StdGaussianMoment.integrable_norm_sq_and_integral_stdGaussian' depends on axioms: [propext,
 Classical.choice,
 Quot.sound]
info: Tests/SmoothedPicardHMCPartialMomentumRefresh.lean:11:0: AutoSamplingTheory.ExampleCases.SmoothedPicardHMC.PartialMomentumRefresh.partial_momentum_refresh_second_moment.{u_1}
  {E : Type u_1} [NormedAddCommGroup E] [InnerProductSpace ℝ E] [CompleteSpace E] [FiniteDimensional ℝ E]
  [MeasurableSpace E] [BorelSpace E] (ν : Measure (E × E)) [IsProbabilityMeasure ν] (xstar : E) {h M : ℝ} (hh : 0 ≤ h)
  (hstateI : Integrable (fun s => ‖s.1 - xstar‖ ^ 2 + ‖s.2‖ ^ 2) ν)
  (hstate : ∫ (s : E × E), ‖s.1 - xstar‖ ^ 2 + ‖s.2‖ ^ 2 ∂ν ≤ M) :
  have a := Real.exp (-h / 2);
  have sigma := √(1 - Real.exp (-h));
  have μ := ν.prod (stdGaussian E);
  have X := fun w => w.1.1;
  have P0 := fun w => a • w.1.2 + sigma • w.2;
  Measurable X ∧
    Measurable P0 ∧
      Integrable (fun w => ‖X w - xstar‖ ^ 2 + ‖P0 w‖ ^ 2) μ ∧
        ∫ (w : (E × E) × E), ‖X w - xstar‖ ^ 2 + ‖P0 w‖ ^ 2 ∂μ =
            ∫ (s : E × E), ‖s.1 - xstar‖ ^ 2 + Real.exp (-h) * ‖s.2‖ ^ 2 ∂ν +
              (1 - Real.exp (-h)) * ↑(Module.finrank ℝ E) ∧
          ∫ (w : (E × E) × E), ‖X w - xstar‖ ^ 2 + ‖P0 w‖ ^ 2 ∂μ ≤ M + (1 - Real.exp (-h)) * ↑(Module.finrank ℝ E)
info: Tests/SmoothedPicardHMCPartialMomentumRefresh.lean:12:0: 'AutoSamplingTheory.ExampleCases.SmoothedPicardHMC.PartialMomentumRefresh.partial_momentum_refresh_second_moment' depends on axioms: [propext,
 Classical.choice,
 Quot.sound]
info: Tests/SmoothedPicardHMCPartialMomentumRefresh.lean:13:0: AutoSamplingTheory.ExampleCases.SmoothedPicardHMC.PicardInputLaw.partial_refresh_with_picard_innovations.{u_1, u_2}
  {E : Type u_1} {ι : Type u_2} [NormedAddCommGroup E] [InnerProductSpace ℝ E] [CompleteSpace E] [FiniteDimensional ℝ E]
  [MeasurableSpace E] [BorelSpace E] [Fintype ι] (ν : Measure (E × E)) [IsProbabilityMeasure ν] (xstar : E) {h M : ℝ}
  (hh : 0 ≤ h) (hM : 0 ≤ M) (hstateI : Integrable (fun s => ‖s.1 - xstar‖ ^ 2 + ‖s.2‖ ^ 2) ν)
  (hstate : ∫ (s : E × E), ‖s.1 - xstar‖ ^ 2 + ‖s.2‖ ^ 2 ∂ν ≤ M) :
  have a := Real.exp (-h / 2);
  have sigma := √(1 - Real.exp (-h));
  have μRefresh := ν.prod (stdGaussian E);
  have γι := Measure.pi fun x => stdGaussian E;
  have μ := μRefresh.prod γι;
  have X := fun w => w.1.1.1;
  have P0 := fun w => a • w.1.1.2 + sigma • w.1.2;
  have G := fun j w => w.2 j;
  have BRefresh := M + (1 - Real.exp (-h)) * ↑(Module.finrank ℝ E);
  0 ≤ BRefresh ∧
    Measurable X ∧
      Measurable P0 ∧
        Integrable (fun w => ‖X w - xstar‖ ^ 2 + ‖P0 w‖ ^ 2) μ ∧
          ∫ (w : ((E × E) × E) × (ι → E)), ‖X w - xstar‖ ^ 2 + ‖P0 w‖ ^ 2 ∂μ ≤ BRefresh ∧
            (∀ (j : ι), Measurable (G j)) ∧
              (∀ (j : ι), Integrable (fun w => ‖G j w‖ ^ 2) μ) ∧
                ∀ (j : ι), ∫ (w : ((E × E) × E) × (ι → E)), ‖G j w‖ ^ 2 ∂μ = ↑(Module.finrank ℝ E)
info: Tests/SmoothedPicardHMCPartialMomentumRefresh.lean:14:0: 'AutoSamplingTheory.ExampleCases.SmoothedPicardHMC.PicardInputLaw.partial_refresh_with_picard_innovations' depends on axioms: [propext,
 Classical.choice,
 Quot.sound]
⚠ [3932/4000] Replayed Tests.SmoothedPicardHMCImplementedPhaseKernel
info: Tests/SmoothedPicardHMCImplementedPhaseKernel.lean:7:0: AutoSamplingTheory.ExampleCases.SmoothedPicardHMC.ImplementedPhaseKernel.implemented_phase_kernel.{u_1, u_2}
  {E : Type u_1} {ι : Type u_2} [NormedAddCommGroup E] [InnerProductSpace ℝ E] [CompleteSpace E] [FiniteDimensional ℝ E]
  [MeasurableSpace E] [BorelSpace E] [Fintype ι] {V : E → ℝ} {κ : ℝ≥0} (hκ : 1 ≤ κ) (hV : ContDiff ℝ 2 V)
  (hH : ∀ (x v : E), (↑κ)⁻¹ * ‖v‖ ^ 2 ≤ ((fderiv ℝ (fderiv ℝ V) x) v) v ∧ ((fderiv ℝ (fderiv ℝ V) x) v) v ≤ ‖v‖ ^ 2)
  {eta c eps : ℝ} (heta : 0 < eta) (hec : eta ≤ c) (hc : c < 1) (heps : 0 < eps) (h : ℝ) (hh : 0 ≤ h) (t : ι → ℝ)
  (omega : ι → ι → ℝ) (positionWeight momentumWeight : ι → ℝ) :
  ∃ p q N,
    Measurable p ∧
      Measurable q ∧
        Measurable N ∧
          (∀ (y : E),
              p y + eta • gradient V (p y) = y ∧
                ‖q y - p y‖ ≤ eps ∧
                  ApproximateProximalExecution.proximalQuery (gradient V) eta eps y (N y + 1) y = some (q y, N y + 1)) ∧
            have a := Real.exp (-h / 2);
            have sigma := √(1 - Real.exp (-h));
            have γ :=
              ((stdGaussian E).prod (stdGaussian E)).prod
                ((Measure.pi fun x => stdGaussian E).prod (Measure.pi fun x => stdGaussian E));
            have Φ := fun w =>
              have P0 := a • w.1.2 + sigma • w.2.1.1;
              have Y0 := fun i => w.1.1 + t i • P0;
              have Z0 := fun j => gradient V (q (Y0 j) + √eta • w.2.2.1 j);
              have Y1 := fun i => Y0 i - ∑ j, omega i j • Z0 j;
              have Z1 := fun j => gradient V (q (Y1 j) + √eta • w.2.2.2 j);
              (w.1.1 + h • P0 - ∑ j, positionWeight j • Z1 j,
                a • (P0 - ∑ j, momentumWeight j • Z1 j) + sigma • w.2.1.2);
            0 ≤ 1 - Real.exp (-h) ∧
              Measurable Φ ∧ ∃ K, IsMarkovKernel K ∧ ∀ (s : E × E), K s = Measure.map (fun z => Φ (s, z)) γ
info: Tests/SmoothedPicardHMCImplementedPhaseKernel.lean:8:0: 'AutoSamplingTheory.ExampleCases.SmoothedPicardHMC.ImplementedPhaseKernel.implemented_phase_kernel' depends on axioms: [propext,
 Classical.choice,
 Quot.sound]
warning: Tests/SmoothedPicardHMCImplementedPhaseKernel.lean:43:2: Try this: 
  letI̵

The goal is a proposition, so `let` is preferred over `letI`.
The difference between `let` and `letI` is that `letI` inlines the value.
But this is not relevant for proofs because of proof irrelevance.

Note: This linter can be disabled with `set_option linter.style.haveILetI false`
⚠ [3934/4000] Replayed AutoSamplingTheory.ExampleCases.SmoothedPicardHMC.RealizedProximalWork
warning: AutoSamplingTheory/ExampleCases/SmoothedPicardHMC/RealizedProximalWork.lean:44:2: Try this: 
  letI̵

The goal is a proposition, so `let` is preferred over `letI`.
The difference between `let` and `letI` is that `letI` inlines the value.
But this is not relevant for proofs because of proof irrelevance.

Note: This linter can be disabled with `set_option linter.style.haveILetI false`
ℹ [3935/4000] Replayed Tests.SmoothedPicardHMCRealizedProximalWork
info: Tests/SmoothedPicardHMCRealizedProximalWork.lean:49:0: 'AutoSamplingTheory.ExampleCases.SmoothedPicardHMC.RealizedProximalWork.realized_proximal_expected_work' depends on axioms: [propext,
 Classical.choice,
 Quot.sound]
⚠ [3937/4000] Replayed Tests.SmoothedPicardHMCImplementedPhaseWork
warning: Tests/SmoothedPicardHMCImplementedPhaseWork.lean:18:19: Variable name `i` is not explicitly referenced.

Hint: The binding can be removed (if unused) or named `_` (if used implicitly). Alternatively, prefix the name with `_` to silence this warning:
  [apply] _i

Note: This linter can be disabled with `set_option linter.unusedVariables false`
info: Tests/SmoothedPicardHMCImplementedPhaseWork.lean:50:0: 'AutoSamplingTheory.ExampleCases.SmoothedPicardHMC.ProximalExecutionIdentity.successful_query_unique' depends on axioms: [propext,
 Classical.choice,
 Quot.sound]
info: Tests/SmoothedPicardHMCImplementedPhaseWork.lean:51:0: 'AutoSamplingTheory.ExampleCases.SmoothedPicardHMC.ImplementedPhaseWork.implemented_phase_query_moments_and_work' depends on axioms: [propext,
 Classical.choice,
 Quot.sound]
ℹ [3939/4000] Replayed Tests.SmoothedPicardHMCCountedPhaseProgram
info: Tests/SmoothedPicardHMCCountedPhaseProgram.lean:51:0: 'AutoSamplingTheory.ExampleCases.SmoothedPicardHMC.CountedPhaseProgram.implemented_phase_expected_query_work' depends on axioms: [propext,
 Classical.choice,
 Quot.sound]
⚠ [3941/4000] Replayed AutoSamplingTheory.TechnicalLemmas.Analysis.ChebyshevLobattoQuadrature
warning: AutoSamplingTheory/TechnicalLemmas/Analysis/ChebyshevLobattoQuadrature.lean:91:6: try 'simp' instead of 'simpa'

Note: This linter can be disabled with `set_option linter.unnecessarySimpa false`
ℹ [3943/4000] Replayed Tests.SmoothedPicardHMCSourceQuadrature
info: Tests/SmoothedPicardHMCSourceQuadrature.lean:62:0: 'AutoSamplingTheory.TechnicalLemmas.Analysis.ChebyshevLobattoQuadrature.chebyshev_lobatto_coefficients' depends on axioms: [propext,
 Classical.choice,
 Quot.sound]
info: Tests/SmoothedPicardHMCSourceQuadrature.lean:63:0: 'AutoSamplingTheory.ExampleCases.SmoothedPicardHMC.SourceQuadratureWork.source_quadrature_phase_work' depends on axioms: [propext,
 Classical.choice,
 Quot.sound]
ℹ [3949/4000] Replayed Tests.SmoothedPicardHMCPositiveIntegralWeights
info: Tests/SmoothedPicardHMCPositiveIntegralWeights.lean:32:0: 'AutoSamplingTheory.TechnicalLemmas.Analysis.ChebyshevLobattoPositiveWeights.nonnegative_momentum_weights' depends on axioms: [propext,
 Classical.choice,
 Quot.sound]
ℹ [3950/4000] Replayed Tests.HessianSecantOperator
info: Tests/HessianSecantOperator.lean:59:0: @hessian_secant_operator : ∀ {E : Type u_1} [inst : NormedAddCommGroup E] [inst_1 : InnerProductSpace ℝ E]
  [inst_2 : CompleteSpace E] {f : E → ℝ} {α β : ℝ},
  ContDiff ℝ 2 f →
    (∀ (z v : E), α * ‖v‖ ^ 2 ≤ ((fderiv ℝ (fderiv ℝ f) z) v) v) →
      (∀ (z v : E), ((fderiv ℝ (fderiv ℝ f) z) v) v ≤ β * ‖v‖ ^ 2) →
        ∀ (x y : E),
          have φ := fun t => continuousLinearMapOfBilin (fderiv ℝ (fderiv ℝ f) (y + t • (x - y)));
          have H := ∫ (t : ℝ) in 0..1, φ t;
          IntervalIntegrable φ volume 0 1 ∧
            gradient f x - gradient f y = H (x - y) ∧
              (↑H).IsSymmetric ∧ (∀ (v : E), α * ‖v‖ ^ 2 ≤ ⟪H v, v⟫ ∧ ⟪H v, v⟫ ≤ β * ‖v‖ ^ 2) ∧ ‖H‖ ≤ max |α| |β|
info: Tests/HessianSecantOperator.lean:60:0: 'AutoSamplingTheory.TechnicalLemmas.Analysis.HessianSecantOperator.hessian_secant_operator' depends on axioms: [propext,
 Classical.choice,
 Quot.sound]
ℹ [3956/4000] Replayed Tests.SmoothedPicardHMCProximalPhaseStability
info: Tests/SmoothedPicardHMCProximalPhaseStability.lean:92:0: 'AutoSamplingTheory.TechnicalLemmas.Analysis.MonotoneProximalMap.nonexpansive_of_monotone_optimality' depends on axioms: [propext,
 Classical.choice,
 Quot.sound]
info: Tests/SmoothedPicardHMCProximalPhaseStability.lean:93:0: 'AutoSamplingTheory.TechnicalLemmas.Analysis.ChebyshevLobattoMomentum.momentum_absolute_sum_le' depends on axioms: [propext,
 Classical.choice,
 Quot.sound]
info: Tests/SmoothedPicardHMCProximalPhaseStability.lean:94:0: 'AutoSamplingTheory.ExampleCases.SmoothedPicardHMC.ProximalPhaseStability.source_phase_proximal_stability' depends on axioms: [propext,
 Classical.choice,
 Quot.sound]
info: Tests/SmoothedPicardHMCProximalPhaseStability.lean:95:0: 'AutoSamplingTheory.ExampleCases.SmoothedPicardHMC.ProximalEstimatorLipschitz.proximal_estimator_lipschitz' depends on axioms: [propext,
 Classical.choice,
 Quot.sound]
ℹ [3958/4000] Replayed Tests.SmoothedPicardHMCPhaseAccuracyWork
info: Tests/SmoothedPicardHMCPhaseAccuracyWork.lean:105:0: 'AutoSamplingTheory.ExampleCases.SmoothedPicardHMC.PhaseAccuracyWork.source_phase_accuracy_and_work' depends on axioms: [propext,
 Classical.choice,
 Quot.sound]
ℹ [3960/4000] Replayed Tests.SmoothedPicardHMCKineticDissipation
info: Tests/SmoothedPicardHMCKineticDissipation.lean:40:0: 'AutoSamplingTheory.ExampleCases.SmoothedPicardHMC.KineticDissipation.source_kinetic_dissipation' depends on axioms: [propext,
 Classical.choice,
 Quot.sound]
⚠ [3962/4000] Replayed Tests.SmoothedPicardHMCFirstOrderDifference
warning: Tests/SmoothedPicardHMCFirstOrderDifference.lean:17:81: This simp argument is unused:
  potential

Hint: Omit it from the simp argument list.
  [apply] simp [Pi.add_apply, mul_comm]

Note: This linter can be disabled with `set_option linter.unusedSimpArgs false`
warning: Tests/SmoothedPicardHMCFirstOrderDifference.lean:17:92: This simp argument is unused:
  Pi.add_apply

Hint: Omit it from the simp argument list.
  [apply] simp [potential, mul_comm]

Note: This linter can be disabled with `set_option linter.unusedSimpArgs false`
info: Tests/SmoothedPicardHMCFirstOrderDifference.lean:80:0: @source_first_order_difference : ∀ {E : Type u_1} [inst : NormedAddCommGroup E] [inst_1 : InnerProductSpace ℝ E]
  [inst_2 : CompleteSpace E] [inst_3 : FiniteDimensional ℝ E] [inst_4 : MeasurableSpace E] [BorelSpace E] {f : E → ℝ}
  {κ h : ℝ} {J : ℕ},
  1 ≤ κ →
    ContDiff ℝ 2 f →
      (∀ (z v : E),
          1 / (2 * κ) * ‖v‖ ^ 2 ≤ ((fderiv ℝ (fderiv ℝ f) z) v) v ∧ ((fderiv ℝ (fderiv ℝ f) z) v) v ≤ ‖v‖ ^ 2) →
        2 ≤ J →
          0 < h →
            have t := fun i => h / 2 * (1 - Real.cos (↑↑i / (↑J - 1) * Real.pi));
            have ell := fun j => Lagrange.basis Finset.univ t j;
            have Λ := sSup ((fun s => ∑ j, |Polynomial.eval s (ell j)|) '' Icc 0 h);
            have ω := fun i j => ∫ (s : ℝ) in 0..t i, (t i - s) * Polynomial.eval s (ell j);
            have b := fun j => ∫ (s : ℝ) in 0..h, Polynomial.eval s (ell j);
            have c := fun j => ∫ (s : ℝ) in 0..h, (h - s) * Polynomial.eval s (ell j);
            h ^ 2 * Λ ≤ 1 →
              have a := Real.exp (-h / 2);
              have sigma := √(1 - Real.exp (-h));
              have Γ := (stdGaussian E).prod (stdGaussian E);
              have P0 := fun z ζ => a • z.2 + sigma • ζ.1;
              have Y0 := fun z ζ j => z.1 + t j • P0 z ζ;
              have Y1 := fun z ζ i => Y0 z ζ i - ∑ j, ω i j • gradient f (Y0 z ζ j);
              have Φ := fun w =>
                (w.1.1 + h • P0 w.1 w.2 - ∑ j, c j • gradient f (Y1 w.1 w.2 j),
                  a • (P0 w.1 w.2 - ∑ j, b j • gradient f (Y1 w.1 w.2 j)) + sigma • w.2.2);
              Measurable Φ ∧
                (∃ K, IsMarkovKernel K ∧ ∀ (z : E × E), K z = Measure.map (fun ζ => Φ (z, ζ)) Γ) ∧
                  ∀ (z z' ζ : E × E),
                    have H :=
                      h⁻¹ •
                        ∑ j,
                          b j •
                            ∫ (u : ℝ) in 0..1,
                              continuousLinearMapOfBilin
                                (fderiv ℝ (fderiv ℝ f) (Y1 z' ζ j + u • (Y1 z ζ j - Y1 z' ζ j)));
                    have d := WithLp.toLp 2 (z.1 - z'.1, z.2 - z'.2);
                    (↑H).IsSymmetric ∧
                      (∀ (v : E), 1 / (2 * κ) * ‖v‖ ^ 2 ≤ ⟪H v, v⟫ ∧ ⟪H v, v⟫ ≤ ‖v‖ ^ 2) ∧
                        ‖H‖ ≤ 1 ∧
                          ∃ R,
                            ‖R‖ ≤ 8 * Λ * h ^ 2 ∧
                              WithLp.toLp 2 ((Φ (z, ζ)).1 - (Φ (z', ζ)).1, (Φ (z, ζ)).2 - (Φ (z', ζ)).2) =
                                d + h • WithLp.toLp 2 (z.2 - z'.2, -H (z.1 - z'.1) - (z.2 - z'.2)) + R d
info: Tests/SmoothedPicardHMCFirstOrderDifference.lean:81:0: 'AutoSamplingTheory.ExampleCases.SmoothedPicardHMC.FirstOrderDifference.source_first_order_difference' depends on axioms: [propext,
 Classical.choice,
 Quot.sound]
⚠ [3963/4000] Replayed AutoSamplingTheory.TechnicalLemmas.Measure.CouplingQuadraticIntegrability
warning: AutoSamplingTheory/TechnicalLemmas/Measure/CouplingQuadraticIntegrability.lean:29:0: automatically included section variable(s) unused in theorem `AutoSamplingTheory.TechnicalLemmas.Measure.CouplingQuadraticIntegrability.measurePreserving_fst_of_isCoupling`:
  [NormedAddCommGroup E]
  [BorelSpace E]
  [SecondCountableTopology E]
consider restructuring your `variable` declarations so that the variables are not in scope or explicitly omit them:
  omit [NormedAddCommGroup E] [BorelSpace E] [SecondCountableTopology E] in theorem ...

Note: This linter can be disabled with `set_option linter.unusedSectionVars false`
warning: AutoSamplingTheory/TechnicalLemmas/Measure/CouplingQuadraticIntegrability.lean:38:0: automatically included section variable(s) unused in theorem `AutoSamplingTheory.TechnicalLemmas.Measure.CouplingQuadraticIntegrability.measurePreserving_snd_of_isCoupling`:
  [NormedAddCommGroup E]
  [BorelSpace E]
  [SecondCountableTopology E]
consider restructuring your `variable` declarations so that the variables are not in scope or explicitly omit them:
  omit [NormedAddCommGroup E] [BorelSpace E] [SecondCountableTopology E] in theorem ...

Note: This linter can be disabled with `set_option linter.unusedSectionVars false`
⚠ [3966/4000] Replayed AutoSamplingTheory.ExampleCases.SmoothedPicardHMC.PhaseMetric
warning: AutoSamplingTheory/ExampleCases/SmoothedPicardHMC/PhaseMetric.lean:65:64: Used `tac1 <;> tac2` where `(tac1; tac2)` would suffice

Note: This linter can be disabled with `set_option linter.unnecessarySeqFocus false`
warning: AutoSamplingTheory/ExampleCases/SmoothedPicardHMC/PhaseMetric.lean:121:6: try 'simp' instead of 'simpa'

Note: This linter can be disabled with `set_option linter.unnecessarySimpa false`
⚠ [3969/4000] Replayed AutoSamplingTheory.TechnicalLemmas.Measure.RandomizedMapTransport
warning: AutoSamplingTheory/TechnicalLemmas/Measure/RandomizedMapTransport.lean:31:4: Try this: 
  letI̵

The goal is a proposition, so `let` is preferred over `letI`.
The difference between `let` and `letI` is that `letI` inlines the value.
But this is not relevant for proofs because of proof irrelevance.

Note: This linter can be disabled with `set_option linter.style.haveILetI false`
⚠ [3970/4000] Replayed AutoSamplingTheory.ExampleCases.SmoothedPicardHMC.ActualKernelTransport
warning: AutoSamplingTheory/ExampleCases/SmoothedPicardHMC/ActualKernelTransport.lean:89:4: Try this: 
  letI̵

The goal is a proposition, so `let` is preferred over `letI`.
The difference between `let` and `letI` is that `letI` inlines the value.
But this is not relevant for proofs because of proof irrelevance.

Note: This linter can be disabled with `set_option linter.style.haveILetI false`
warning: AutoSamplingTheory/ExampleCases/SmoothedPicardHMC/ActualKernelTransport.lean:90:4: Try this: 
  letI̵

The goal is a proposition, so `let` is preferred over `letI`.
The difference between `let` and `letI` is that `letI` inlines the value.
But this is not relevant for proofs because of proof irrelevance.

Note: This linter can be disabled with `set_option linter.style.haveILetI false`
⚠ [3971/4000] Replayed AutoSamplingTheory.ExampleCases.SmoothedPicardHMC.PhaseReferenceMoment
info: AutoSamplingTheory/ExampleCases/SmoothedPicardHMC/PhaseReferenceMoment.lean:121:2: Try this:
  [apply] ring_nf
  
  The `ring` tactic failed to close the goal. Use `ring_nf` to obtain a normal form.
    
  Note that `ring` works primarily in *commutative* rings. If you have a noncommutative ring, abelian group or module, consider using `noncomm_ring`, `abel` or `module` instead.
warning: AutoSamplingTheory/ExampleCases/SmoothedPicardHMC/PhaseReferenceMoment.lean:154:2: Try this: 
  letI̵

The goal is a proposition, so `let` is preferred over `letI`.
The difference between `let` and `letI` is that `letI` inlines the value.
But this is not relevant for proofs because of proof irrelevance.

Note: This linter can be disabled with `set_option linter.style.haveILetI false`
⚠ [3972/4000] Replayed AutoSamplingTheory.ExampleCases.SmoothedPicardHMC.InitialPhaseTransport
warning: AutoSamplingTheory/ExampleCases/SmoothedPicardHMC/InitialPhaseTransport.lean:31:8: automatically included section variable(s) unused in theorem `_private.AutoSamplingTheory.ExampleCases.SmoothedPicardHMC.InitialPhaseTransport.0.AutoSamplingTheory.ExampleCases.SmoothedPicardHMC.InitialPhaseTransport.identicalMomentumCoupling_isCoupling`:
  [CompleteSpace E]
consider restructuring your `variable` declarations so that the variables are not in scope or explicitly omit them:
  omit [CompleteSpace E] in theorem ...

Note: This linter can be disabled with `set_option linter.unusedSectionVars false`
warning: AutoSamplingTheory/ExampleCases/SmoothedPicardHMC/InitialPhaseTransport.lean:50:8: automatically included section variable(s) unused in theorem `_private.AutoSamplingTheory.ExampleCases.SmoothedPicardHMC.InitialPhaseTransport.0.AutoSamplingTheory.ExampleCases.SmoothedPicardHMC.InitialPhaseTransport.phaseCost_identical_momentum_le`:
  [CompleteSpace E]
  [FiniteDimensional ℝ E]
  [MeasurableSpace E]
  [BorelSpace E]
consider restructuring your `variable` declarations so that the variables are not in scope or explicitly omit them:
  omit [CompleteSpace E] [FiniteDimensional ℝ E] [MeasurableSpace E] [BorelSpace E] in theorem ...

Note: This linter can be disabled with `set_option linter.unusedSectionVars false`
⚠ [3973/4000] Replayed AutoSamplingTheory.ExampleCases.SmoothedPicardHMC.InitialGibbsPhaseTransport
warning: AutoSamplingTheory/ExampleCases/SmoothedPicardHMC/InitialGibbsPhaseTransport.lean:63:2: Try this: 
  letI̵

The goal is a proposition, so `let` is preferred over `letI`.
The difference between `let` and `letI` is that `letI` inlines the value.
But this is not relevant for proofs because of proof irrelevance.

Note: This linter can be disabled with `set_option linter.style.haveILetI false`
warning: AutoSamplingTheory/ExampleCases/SmoothedPicardHMC/InitialGibbsPhaseTransport.lean:129:2: Try this: 
  letI̵

The goal is a proposition, so `let` is preferred over `letI`.
The difference between `let` and `letI` is that `letI` inlines the value.
But this is not relevant for proofs because of proof irrelevance.

Note: This linter can be disabled with `set_option linter.style.haveILetI false`
⚠ [3980/4386] Replayed Tests.SmoothedPicardHMCActualContraction
warning: Tests/SmoothedPicardHMCActualContraction.lean:17:81: This simp argument is unused:
  potential

Hint: Omit it from the simp argument list.
  [apply] simp [Pi.add_apply, mul_comm]

Note: This linter can be disabled with `set_option linter.unusedSimpArgs false`
warning: Tests/SmoothedPicardHMCActualContraction.lean:17:92: This simp argument is unused:
  Pi.add_apply

Hint: Omit it from the simp argument list.
  [apply] simp [potential, mul_comm]

Note: This linter can be disabled with `set_option linter.unusedSimpArgs false`
info: Tests/SmoothedPicardHMCActualContraction.lean:65:0: @source_synchronous_contraction : ∀ {E : Type u_1} [inst : NormedAddCommGroup E] [inst_1 : InnerProductSpace ℝ E]
  [FiniteDimensional ℝ E] [inst_3 : CompleteSpace E] [inst_4 : MeasurableSpace E] [BorelSpace E] {f : E → ℝ} {κ h : ℝ}
  {J : ℕ},
  1 ≤ κ →
    ContDiff ℝ 2 f →
      (∀ (z v : E),
          1 / (2 * κ) * ‖v‖ ^ 2 ≤ ((fderiv ℝ (fderiv ℝ f) z) v) v ∧ ((fderiv ℝ (fderiv ℝ f) z) v) v ≤ ‖v‖ ^ 2) →
        2 ≤ J →
          0 < h →
            have t := fun i => h / 2 * (1 - Real.cos (↑↑i / (↑J - 1) * Real.pi));
            have ell := fun j => Lagrange.basis Finset.univ t j;
            have Λ := sSup ((fun s => ∑ j, |Polynomial.eval s (ell j)|) '' Icc 0 h);
            have ω := fun i j => ∫ (s : ℝ) in 0..t i, (t i - s) * Polynomial.eval s (ell j);
            have b := fun j => ∫ (s : ℝ) in 0..h, Polynomial.eval s (ell j);
            have c := fun j => ∫ (s : ℝ) in 0..h, (h - s) * Polynomial.eval s (ell j);
            h * Λ ≤ 1 / (65536 * κ) →
              have a := Real.exp (-h / 2);
              have sigma := √(1 - Real.exp (-h));
              have P0 := fun z ζ => a • z.2 + sigma • ζ.1;
              have Y0 := fun z ζ j => z.1 + t j • P0 z ζ;
              have Y1 := fun z ζ i => Y0 z ζ i - ∑ j, ω i j • gradient f (Y0 z ζ j);
              have Φ := fun w =>
                (w.1.1 + h • P0 w.1 w.2 - ∑ j, c j • gradient f (Y1 w.1 w.2 j),
                  a • (P0 w.1 w.2 - ∑ j, b j • gradient f (Y1 w.1 w.2 j)) + sigma • w.2.2);
              ∀ (z z' ζ : E × E),
                √(phaseQuadraticForm κ ((Φ (z, ζ)).1 - (Φ (z', ζ)).1, (Φ (z, ζ)).2 - (Φ (z', ζ)).2)) ≤
                  (1 - h / (65536 * κ)) * √(phaseQuadraticForm κ (z.1 - z'.1, z.2 - z'.2))
info: Tests/SmoothedPicardHMCActualContraction.lean:66:0: 'AutoSamplingTheory.ExampleCases.SmoothedPicardHMC.ActualContraction.source_synchronous_contraction' depends on axioms: [propext,
 Classical.choice,
 Quot.sound]
info: Tests/SmoothedPicardHMCActualContraction.lean:67:0: 'AutoSamplingTheory.ExampleCases.SmoothedPicardHMC.PhaseMetric.ordinary_energy_le_phaseQuadraticForm' depends on axioms: [propext,
 Classical.choice,
 Quot.sound]
info: Tests/SmoothedPicardHMCActualContraction.lean:68:0: 'AutoSamplingTheory.ExampleCases.SmoothedPicardHMC.PhaseMetric.phaseQuadraticForm_le_ordinary_energy' depends on axioms: [propext,
 Classical.choice,
 Quot.sound]
⚠ [3981/4386] Replayed Tests.SmoothedPicardHMCActualIncrement
warning: Tests/SmoothedPicardHMCActualIncrement.lean:17:81: This simp argument is unused:
  potential

Hint: Omit it from the simp argument list.
  [apply] simp [Pi.add_apply, mul_comm]

Note: This linter can be disabled with `set_option linter.unusedSimpArgs false`
warning: Tests/SmoothedPicardHMCActualIncrement.lean:17:92: This simp argument is unused:
  Pi.add_apply

Hint: Omit it from the simp argument list.
  [apply] simp [potential, mul_comm]

Note: This linter can be disabled with `set_option linter.unusedSimpArgs false`
info: Tests/SmoothedPicardHMCActualIncrement.lean:65:0: @source_synchronous_increment : ∀ {E : Type u_1} [inst : NormedAddCommGroup E] [inst_1 : InnerProductSpace ℝ E]
  [FiniteDimensional ℝ E] [inst_3 : CompleteSpace E] [inst_4 : MeasurableSpace E] [BorelSpace E] {f : E → ℝ} {κ h : ℝ}
  {J : ℕ},
  1 ≤ κ →
    ContDiff ℝ 2 f →
      (∀ (z v : E),
          1 / (2 * κ) * ‖v‖ ^ 2 ≤ ((fderiv ℝ (fderiv ℝ f) z) v) v ∧ ((fderiv ℝ (fderiv ℝ f) z) v) v ≤ ‖v‖ ^ 2) →
        2 ≤ J →
          0 < h →
            have t := fun i => h / 2 * (1 - Real.cos (↑↑i / (↑J - 1) * Real.pi));
            have ell := fun j => Lagrange.basis Finset.univ t j;
            have Λ := sSup ((fun s => ∑ j, |Polynomial.eval s (ell j)|) '' Icc 0 h);
            have ω := fun i j => ∫ (s : ℝ) in 0..t i, (t i - s) * Polynomial.eval s (ell j);
            have b := fun j => ∫ (s : ℝ) in 0..h, Polynomial.eval s (ell j);
            have c := fun j => ∫ (s : ℝ) in 0..h, (h - s) * Polynomial.eval s (ell j);
            h * Λ ≤ 1 / (65536 * κ) →
              have a := Real.exp (-h / 2);
              have sigma := √(1 - Real.exp (-h));
              have P0 := fun z ζ => a • z.2 + sigma • ζ.1;
              have Y0 := fun z ζ j => z.1 + t j • P0 z ζ;
              have Y1 := fun z ζ i => Y0 z ζ i - ∑ j, ω i j • gradient f (Y0 z ζ j);
              have Φ := fun w =>
                (w.1.1 + h • P0 w.1 w.2 - ∑ j, c j • gradient f (Y1 w.1 w.2 j),
                  a • (P0 w.1 w.2 - ∑ j, b j • gradient f (Y1 w.1 w.2 j)) + sigma • w.2.2);
              ∀ (z z' ζ : E × E),
                √(phaseQuadraticForm κ
                      ((Φ (z, ζ)).1 - (Φ (z', ζ)).1 - (z.1 - z'.1), (Φ (z, ζ)).2 - (Φ (z', ζ)).2 - (z.2 - z'.2))) ≤
                  12 * h * √(phaseQuadraticForm κ (z.1 - z'.1, z.2 - z'.2))
info: Tests/SmoothedPicardHMCActualIncrement.lean:66:0: 'AutoSamplingTheory.ExampleCases.SmoothedPicardHMC.ActualIncrement.source_synchronous_increment' depends on axioms: [propext,
 Classical.choice,
 Quot.sound]
info: Tests/SmoothedPicardHMCActualIncrement.lean:67:0: 'AutoSamplingTheory.ExampleCases.SmoothedPicardHMC.PhaseMetric.ordinary_energy_le_phaseQuadraticForm' depends on axioms: [propext,
 Classical.choice,
 Quot.sound]
info: Tests/SmoothedPicardHMCActualIncrement.lean:68:0: 'AutoSamplingTheory.ExampleCases.SmoothedPicardHMC.PhaseMetric.phaseQuadraticForm_le_ordinary_energy' depends on axioms: [propext,
 Classical.choice,
 Quot.sound]
⚠ [3982/4386] Replayed Tests.SmoothedPicardHMCActualKernelTransport
warning: Tests/SmoothedPicardHMCActualKernelTransport.lean:17:81: This simp argument is unused:
  potential

Hint: Omit it from the simp argument list.
  [apply] simp [Pi.add_apply, mul_comm]

Note: This linter can be disabled with `set_option linter.unusedSimpArgs false`
warning: Tests/SmoothedPicardHMCActualKernelTransport.lean:17:92: This simp argument is unused:
  Pi.add_apply

Hint: Omit it from the simp argument list.
  [apply] simp [potential, mul_comm]

Note: This linter can be disabled with `set_option linter.unusedSimpArgs false`
info: Tests/SmoothedPicardHMCActualKernelTransport.lean:68:0: 'AutoSamplingTheory.ExampleCases.SmoothedPicardHMC.ActualKernelTransport.source_kernel_transport_contraction' depends on axioms: [propext,
 Classical.choice,
 Quot.sound]
info: Tests/SmoothedPicardHMCActualKernelTransport.lean:69:0: 'AutoSamplingTheory.TechnicalLemmas.Measure.RandomizedMapTransport.transportCost_randomized_map_le' depends on axioms: [propext,
 Classical.choice,
 Quot.sound]
ℹ [3983/4386] Replayed Tests.GaussianConvolutionRegularity
info: Tests/GaussianConvolutionRegularity.lean:36:0: 'AutoSamplingTheory.TechnicalLemmas.Measure.GaussianConvolutionRegularity.gaussian_convolution_potential_c2' depends on axioms: [propext,
 Classical.choice,
 Quot.sound]
info: Tests/GaussianConvolutionRegularity.lean:37:0: 'Tests.GaussianConvolutionRegularity.actual_dirac_potential' depends on axioms: [propext, Classical.choice, Quot.sound]
info: Tests/GaussianConvolutionRegularity.lean:38:0: 'Tests.GaussianConvolutionRegularity.actual_backward_law_and_potential' depends on axioms: [propext,
 Classical.choice,
 Quot.sound]
⚠ [3984/4386] Replayed Tests.GaussianConvolutionDerivatives
warning: Tests/GaussianConvolutionDerivatives.lean:39:2: Try this: 
  haveI̵

The goal is a proposition, so `have` is preferred over `haveI`.
The difference between `have` and `haveI` is that `haveI` inlines the value.
But this is not relevant for proofs because of proof irrelevance.

Note: This linter can be disabled with `set_option linter.style.haveILetI false`
info: Tests/GaussianConvolutionDerivatives.lean:56:0: 'Tests.GaussianConvolutionDerivatives.actual_source_score_covariance' depends on axioms: [propext,
 Classical.choice,
 Quot.sound]
info: Tests/GaussianConvolutionDerivatives.lean:57:0: 'AutoSamplingTheory.TechnicalLemmas.Measure.GaussianConvolutionRegularity.gaussian_convolution_derivatives' depends on axioms: [propext,
 Classical.choice,
 Quot.sound]
⚠ [3985/4386] Replayed Tests.SmoothedPicardHMCSmoothedGibbsPotential
warning: Tests/SmoothedPicardHMCSmoothedGibbsPotential.lean:19:81: This simp argument is unused:
  potential

Hint: Omit it from the simp argument list.
  [apply] simp [Pi.add_apply, mul_comm]

Note: This linter can be disabled with `set_option linter.unusedSimpArgs false`
warning: Tests/SmoothedPicardHMCSmoothedGibbsPotential.lean:19:92: This simp argument is unused:
  Pi.add_apply

Hint: Omit it from the simp argument list.
  [apply] simp [potential, mul_comm]

Note: This linter can be disabled with `set_option linter.unusedSimpArgs false`
info: Tests/SmoothedPicardHMCSmoothedGibbsPotential.lean:67:0: 'AutoSamplingTheory.ExampleCases.SmoothedPicardHMC.SmoothedGibbsPotential.smoothed_gibbs_potential' depends on axioms: [propext,
 Classical.choice,
 Quot.sound]
info: Tests/SmoothedPicardHMCSmoothedGibbsPotential.lean:68:0: 'Tests.SmoothedPicardHMCSmoothedGibbsPotential.actual_source_target_and_backward' depends on axioms: [propext,
 Classical.choice,
 Quot.sound]
ℹ [3986/4386] Replayed Tests.WassersteinLipschitzMoment
info: Tests/WassersteinLipschitzMoment.lean:6:0: AutoSamplingTheory.TechnicalLemmas.Measure.WassersteinLipschitzMoment.of_wassersteinDistance_sq_le.{u_1, u_2}
  {E : Type u_1} {F : Type u_2} [NormedAddCommGroup E] [MeasurableSpace E] [BorelSpace E] [SecondCountableTopology E]
  [NormedAddCommGroup F] {mu nu : Measure E} {g : E → F} {b : NNReal} {r : ℝ} (hg : LipschitzWith b g)
  (hi : Integrable (fun x => ‖g x‖ ^ 2) nu)
  (hw : WassersteinSpace.wassersteinDistance mu nu ^ 2 ≤ ENNReal.ofReal (r ^ 2)) :
  Integrable (fun x => ‖g x‖ ^ 2) mu ∧ ∫ (x : E), ‖g x‖ ^ 2 ∂mu ≤ 2 * ∫ (x : E), ‖g x‖ ^ 2 ∂nu + 2 * ↑b ^ 2 * r ^ 2
info: Tests/WassersteinLipschitzMoment.lean:8:0: 'AutoSamplingTheory.TechnicalLemmas.Measure.WassersteinLipschitzMoment.of_wassersteinDistance_sq_le' depends on axioms: [propext,
 Classical.choice,
 Quot.sound]
ℹ [3987/4386] Replayed Tests.SmoothedPicardHMCPhaseStateMoment
info: Tests/SmoothedPicardHMCPhaseStateMoment.lean:3:0: AutoSamplingTheory.ExampleCases.SmoothedPicardHMC.PhaseStateMoment.phase_state_second_moment_of_wasserstein.{u_1}
  {E : Type u_1} [NormedAddCommGroup E] [InnerProductSpace ℝ E] [FiniteDimensional ℝ E] [MeasurableSpace E]
  [BorelSpace E] (nu reference : MeasureTheory.Measure (E × E)) (xstar : E) {r Mx Mp : ℝ}
  (hX : MeasureTheory.Integrable (fun z => ‖z.1 - xstar‖ ^ 2) reference)
  (hP : MeasureTheory.Integrable (fun z => ‖z.2‖ ^ 2) reference)
  (hXbound : ∫ (z : E × E), ‖z.1 - xstar‖ ^ 2 ∂reference ≤ Mx) (hPbound : ∫ (z : E × E), ‖z.2‖ ^ 2 ∂reference ≤ Mp)
  (hW :
    AutoSamplingTheory.TechnicalLemmas.Measure.WassersteinSpace.wassersteinDistance nu reference ^ 2 ≤
      ENNReal.ofReal (r ^ 2)) :
  MeasureTheory.Integrable (fun z => ‖z.1 - xstar‖ ^ 2 + ‖z.2‖ ^ 2) nu ∧
    ∫ (z : E × E), ‖z.1 - xstar‖ ^ 2 + ‖z.2‖ ^ 2 ∂nu ≤ 2 * (Mx + Mp) + 4 * r ^ 2
info: Tests/SmoothedPicardHMCPhaseStateMoment.lean:4:0: 'AutoSamplingTheory.ExampleCases.SmoothedPicardHMC.PhaseStateMoment.phase_state_second_moment_of_wasserstein' depends on axioms: [propext,
 Classical.choice,
 Quot.sound]
ℹ [3988/4386] Replayed Tests.SmoothedPicardHMCPhaseMetric
info: Tests/SmoothedPicardHMCPhaseMetric.lean:3:0: AutoSamplingTheory.ExampleCases.SmoothedPicardHMC.PhaseMetric.phaseCost.{u_1} {E : Type u_1} [NormedAddCommGroup E]
  [InnerProductSpace ℝ E] (kappa : ℝ) : (E × E) × E × E → ENNReal
info: Tests/SmoothedPicardHMCPhaseMetric.lean:4:0: AutoSamplingTheory.ExampleCases.SmoothedPicardHMC.PhaseMetric.phaseWassersteinSq.{u_1} {E : Type u_1}
  [NormedAddCommGroup E] [InnerProductSpace ℝ E] [MeasurableSpace E] (kappa : ℝ)
  (mu nu : MeasureTheory.Measure (E × E)) : ENNReal
info: Tests/SmoothedPicardHMCPhaseMetric.lean:5:0: AutoSamplingTheory.ExampleCases.SmoothedPicardHMC.PhaseMetric.wassersteinDistance_sq_le_phaseWassersteinSq.{u_1}
  {E : Type u_1} [NormedAddCommGroup E] [InnerProductSpace ℝ E] [MeasurableSpace E] [BorelSpace E]
  [SecondCountableTopology E] {kappa : ℝ} (hkappa : 1 ≤ kappa) (mu nu : MeasureTheory.Measure (E × E)) :
  AutoSamplingTheory.TechnicalLemmas.Measure.WassersteinSpace.wassersteinDistance mu nu ^ 2 ≤
    ENNReal.ofReal 6 * AutoSamplingTheory.ExampleCases.SmoothedPicardHMC.PhaseMetric.phaseWassersteinSq kappa mu nu
info: Tests/SmoothedPicardHMCPhaseMetric.lean:6:0: AutoSamplingTheory.ExampleCases.SmoothedPicardHMC.PhaseMetric.phase_state_second_moment_of_phaseWasserstein.{u_1}
  {E : Type u_1} [NormedAddCommGroup E] [InnerProductSpace ℝ E] [FiniteDimensional ℝ E] [MeasurableSpace E]
  [BorelSpace E] (nu reference : MeasureTheory.Measure (E × E)) (xstar : E) {kappa r Mx Mp : ℝ} (hkappa : 1 ≤ kappa)
  (hX : MeasureTheory.Integrable (fun z => ‖z.1 - xstar‖ ^ 2) reference)
  (hP : MeasureTheory.Integrable (fun z => ‖z.2‖ ^ 2) reference)
  (hXbound : ∫ (z : E × E), ‖z.1 - xstar‖ ^ 2 ∂reference ≤ Mx) (hPbound : ∫ (z : E × E), ‖z.2‖ ^ 2 ∂reference ≤ Mp)
  (hW :
    AutoSamplingTheory.ExampleCases.SmoothedPicardHMC.PhaseMetric.phaseWassersteinSq kappa nu reference ≤
      ENNReal.ofReal (r ^ 2)) :
  MeasureTheory.Integrable (fun z => ‖z.1 - xstar‖ ^ 2 + ‖z.2‖ ^ 2) nu ∧
    ∫ (z : E × E), ‖z.1 - xstar‖ ^ 2 + ‖z.2‖ ^ 2 ∂nu ≤ 2 * (Mx + Mp) + 24 * r ^ 2
info: Tests/SmoothedPicardHMCPhaseMetric.lean:7:0: 'AutoSamplingTheory.ExampleCases.SmoothedPicardHMC.PhaseMetric.wassersteinDistance_sq_le_phaseWassersteinSq' depends on axioms: [propext,
 Classical.choice,
 Quot.sound]
info: Tests/SmoothedPicardHMCPhaseMetric.lean:8:0: 'AutoSamplingTheory.ExampleCases.SmoothedPicardHMC.PhaseMetric.phase_state_second_moment_of_phaseWasserstein' depends on axioms: [propext,
 Classical.choice,
 Quot.sound]
ℹ [3989/4386] Replayed Tests.SmoothedPicardHMCPhaseReferenceMoment
info: Tests/SmoothedPicardHMCPhaseReferenceMoment.lean:3:0: AutoSamplingTheory.ExampleCases.SmoothedPicardHMC.PhaseReferenceMoment.gaussianSmoothing_position_second_moment.{u_1}
  {E : Type u_1} [NormedAddCommGroup E] [InnerProductSpace ℝ E] [CompleteSpace E] [FiniteDimensional ℝ E]
  [MeasurableSpace E] [BorelSpace E] (mu : MeasureTheory.Measure E) [MeasureTheory.IsProbabilityMeasure mu] (xstar : E)
  (sigma : ℝ) (hpos : MeasureTheory.Integrable (fun x => ‖x - xstar‖ ^ 2) mu) :
  have piSigma := AutoSamplingTheory.TechnicalLemmas.Measure.GaussianSmoothing.gaussianSmoothing mu sigma;
  MeasureTheory.Integrable (fun y => ‖y - xstar‖ ^ 2) piSigma ∧
    ∫ (y : E), ‖y - xstar‖ ^ 2 ∂piSigma = ∫ (x : E), ‖x - xstar‖ ^ 2 ∂mu + sigma ^ 2 * ↑(Module.finrank ℝ E)
info: Tests/SmoothedPicardHMCPhaseReferenceMoment.lean:4:0: AutoSamplingTheory.ExampleCases.SmoothedPicardHMC.PhaseReferenceMoment.phaseReference_second_moment.{u_1} {E : Type u_1}
  [NormedAddCommGroup E] [InnerProductSpace ℝ E] [CompleteSpace E] [FiniteDimensional ℝ E] [MeasurableSpace E]
  [BorelSpace E] (mu : MeasureTheory.Measure E) [MeasureTheory.IsProbabilityMeasure mu] (xstar : E) (sigma M : ℝ)
  (hpos : MeasureTheory.Integrable (fun x => ‖x - xstar‖ ^ 2) mu) (hposBound : ∫ (x : E), ‖x - xstar‖ ^ 2 ∂mu ≤ M) :
  have piSigma := AutoSamplingTheory.TechnicalLemmas.Measure.GaussianSmoothing.gaussianSmoothing mu sigma;
  have PiSigma := piSigma.prod (ProbabilityTheory.stdGaussian E);
  MeasureTheory.IsProbabilityMeasure PiSigma ∧
    MeasureTheory.Integrable (fun z => ‖z.1 - xstar‖ ^ 2) PiSigma ∧
      MeasureTheory.Integrable (fun z => ‖z.2‖ ^ 2) PiSigma ∧
        ∫ (z : E × E), ‖z.1 - xstar‖ ^ 2 ∂PiSigma = ∫ (x : E), ‖x - xstar‖ ^ 2 ∂mu + sigma ^ 2 * ↑(Module.finrank ℝ E) ∧
          ∫ (z : E × E), ‖z.2‖ ^ 2 ∂PiSigma = ↑(Module.finrank ℝ E) ∧
            MeasureTheory.Integrable (fun z => ‖z.1 - xstar‖ ^ 2 + ‖z.2‖ ^ 2) PiSigma ∧
              ∫ (z : E × E), ‖z.1 - xstar‖ ^ 2 + ‖z.2‖ ^ 2 ∂PiSigma ≤ M + (sigma ^ 2 + 1) * ↑(Module.finrank ℝ E)
info: Tests/SmoothedPicardHMCPhaseReferenceMoment.lean:5:0: 'AutoSamplingTheory.ExampleCases.SmoothedPicardHMC.PhaseReferenceMoment.gaussianSmoothing_position_second_moment' depends on axioms: [propext,
 Classical.choice,
 Quot.sound]
info: Tests/SmoothedPicardHMCPhaseReferenceMoment.lean:6:0: 'AutoSamplingTheory.ExampleCases.SmoothedPicardHMC.PhaseReferenceMoment.phaseReference_second_moment' depends on axioms: [propext,
 Classical.choice,
 Quot.sound]
ℹ [3990/4386] Replayed Tests.SmoothedPicardHMCInitialPhaseTransport
info: Tests/SmoothedPicardHMCInitialPhaseTransport.lean:3:0: AutoSamplingTheory.ExampleCases.SmoothedPicardHMC.InitialPhaseTransport.phaseWassersteinSq_initial_le_position_moment.{u_1}
  {E : Type u_1} [NormedAddCommGroup E] [InnerProductSpace ℝ E] [CompleteSpace E] [FiniteDimensional ℝ E]
  [MeasurableSpace E] [BorelSpace E] (π : MeasureTheory.Measure E) [MeasureTheory.IsProbabilityMeasure π] (xref : E)
  {κ : ℝ} (hκ : 1 ≤ κ) (hpos : MeasureTheory.Integrable (fun y => ‖xref - y‖ ^ 2) π) :
  AutoSamplingTheory.ExampleCases.SmoothedPicardHMC.PhaseMetric.phaseWassersteinSq κ
      ((MeasureTheory.Measure.dirac xref).prod (ProbabilityTheory.stdGaussian E))
      (π.prod (ProbabilityTheory.stdGaussian E)) ≤
    ENNReal.ofReal (∫ (y : E), ‖xref - y‖ ^ 2 ∂π)
info: Tests/SmoothedPicardHMCInitialPhaseTransport.lean:4:0: 'AutoSamplingTheory.ExampleCases.SmoothedPicardHMC.InitialPhaseTransport.phaseWassersteinSq_initial_le_position_moment' depends on axioms: [propext,
 Classical.choice,
 Quot.sound]
ℹ [3991/4386] Replayed Tests.SmoothedPicardHMCInitialGibbsPhaseTransport
info: Tests/SmoothedPicardHMCInitialGibbsPhaseTransport.lean:3:0: AutoSamplingTheory.ExampleCases.SmoothedPicardHMC.InitialGibbsPhaseTransport.initial_gibbs_phase_transport_q2.{u_1}
  {E : Type u_1} [NormedAddCommGroup E] [InnerProductSpace ℝ E] [CompleteSpace E] [FiniteDimensional ℝ E]
  [MeasurableSpace E] [BorelSpace E] {U : E → ℝ} {α η : NNReal} (hα : 0 < α) (hαone : α ≤ 1) (hU : ContDiff ℝ 2 U)
  (hH : ∀ (x v : E), ↑α * ‖v‖ ^ 2 ≤ ((fderiv ℝ (fderiv ℝ U) x) v) v ∧ ((fderiv ℝ (fderiv ℝ U) x) v) v ≤ ‖v‖ ^ 2)
  (p xref : E) (hp : gradient U p = 0) (href : ‖gradient U xref‖ ^ 2 ≤ ↑α * ↑(Module.finrank ℝ E)) (hη : η ≤ 1) :
  have μ := MeasureTheory.volume.tilted fun x => -U x;
  have πη := AutoSamplingTheory.TechnicalLemmas.Measure.GaussianSmoothing.gaussianSmoothing μ √↑η;
  AutoSamplingTheory.ExampleCases.SmoothedPicardHMC.PhaseMetric.phaseWassersteinSq (1 / ↑α)
      ((MeasureTheory.Measure.dirac xref).prod (ProbabilityTheory.stdGaussian E))
      (πη.prod (ProbabilityTheory.stdGaussian E)) ≤
    ENNReal.ofReal (5 * (1 / ↑α) * ↑(Module.finrank ℝ E))
info: Tests/SmoothedPicardHMCInitialGibbsPhaseTransport.lean:4:0: 'AutoSamplingTheory.ExampleCases.SmoothedPicardHMC.InitialGibbsPhaseTransport.initial_gibbs_phase_transport_q2' depends on axioms: [propext,
 Classical.choice,
 Quot.sound]
ℹ [3992/4386] Replayed Tests.SmoothedPicardHMCInitialGibbsPhaseTransportUnconditional
info: Tests/SmoothedPicardHMCInitialGibbsPhaseTransportUnconditional.lean:3:0: AutoSamplingTheory.TechnicalLemmas.Analysis.StrongConvexMinimizer.exists_isMinOn_and_gradient_eq_zero.{u_1}
  {E : Type u_1} [NormedAddCommGroup E] [InnerProductSpace ℝ E] [FiniteDimensional ℝ E] {V : E → ℝ} {m : ℝ} (hm : 0 < m)
  (hV : Differentiable ℝ V) (hsc : StrongConvexOn Set.univ m V) : ∃ p, IsMinOn V Set.univ p ∧ gradient V p = 0
info: Tests/SmoothedPicardHMCInitialGibbsPhaseTransportUnconditional.lean:4:0: 'AutoSamplingTheory.TechnicalLemmas.Analysis.StrongConvexMinimizer.exists_isMinOn_and_gradient_eq_zero' depends on axioms: [propext,
 Classical.choice,
 Quot.sound]
info: Tests/SmoothedPicardHMCInitialGibbsPhaseTransportUnconditional.lean:5:0: AutoSamplingTheory.ExampleCases.SmoothedPicardHMC.InitialGibbsPhaseTransportUnconditional.initial_gibbs_phase_transport_q2_of_hessian_bounds.{u_1}
  {E : Type u_1} [NormedAddCommGroup E] [InnerProductSpace ℝ E] [CompleteSpace E] [FiniteDimensional ℝ E]
  [MeasurableSpace E] [BorelSpace E] {U : E → ℝ} {α η : NNReal} (hα : 0 < α) (hαone : α ≤ 1) (hU : ContDiff ℝ 2 U)
  (hH : ∀ (x v : E), ↑α * ‖v‖ ^ 2 ≤ ((fderiv ℝ (fderiv ℝ U) x) v) v ∧ ((fderiv ℝ (fderiv ℝ U) x) v) v ≤ ‖v‖ ^ 2)
  (xref : E) (href : ‖gradient U xref‖ ^ 2 ≤ ↑α * ↑(Module.finrank ℝ E)) (hη : η ≤ 1) :
  have μ := MeasureTheory.volume.tilted fun x => -U x;
  have πη := AutoSamplingTheory.TechnicalLemmas.Measure.GaussianSmoothing.gaussianSmoothing μ √↑η;
  AutoSamplingTheory.ExampleCases.SmoothedPicardHMC.PhaseMetric.phaseWassersteinSq (1 / ↑α)
      ((MeasureTheory.Measure.dirac xref).prod (ProbabilityTheory.stdGaussian E))
      (πη.prod (ProbabilityTheory.stdGaussian E)) ≤
    ENNReal.ofReal (5 * (1 / ↑α) * ↑(Module.finrank ℝ E))
info: Tests/SmoothedPicardHMCInitialGibbsPhaseTransportUnconditional.lean:6:0: 'AutoSamplingTheory.ExampleCases.SmoothedPicardHMC.InitialGibbsPhaseTransportUnconditional.initial_gibbs_phase_transport_q2_of_hessian_bounds' depends on axioms: [propext,
 Classical.choice,
 Quot.sound]
ℹ [3993/4386] Replayed Tests.Shared.QuadraticRegularizationOracle
info: Tests/Shared/QuadraticRegularizationOracle.lean:76:0: 'AutoSamplingTheory.TechnicalLemmas.Analysis.QuadraticRegularizationOracle.simulate_regularized' depends on axioms: [propext,
 Classical.choice,
 Quot.sound]
ℹ [3994/4386] Replayed Tests.Shared.QuadraticRegularizationFirstOrder
info: Tests/Shared/QuadraticRegularizationFirstOrder.lean:59:0: 'AutoSamplingTheory.TechnicalLemmas.Analysis.QuadraticRegularizationFirstOrder.curvature_gradient_and_smoothness' depends on axioms: [propext,
 Classical.choice,
 Quot.sound]
ℹ [3995/4386] Replayed Tests.Shared.QuadraticRegularizationTransfer
info: Tests/Shared/QuadraticRegularizationTransfer.lean:50:0: 'AutoSamplingTheory.TechnicalLemmas.Analysis.QuadraticRegularizationTransfer.exists_minimizer_radius_and_accuracy' depends on axioms: [propext,
 Classical.choice,
 Quot.sound]
ℹ [3996/4386] Replayed Tests.Shared.RestartLogComplexity
info: Tests/Shared/RestartLogComplexity.lean:89:0: 'AutoSamplingTheory.TechnicalLemmas.Analysis.RestartLogComplexity.logarithmic_accuracy_and_cost' depends on axioms: [propext,
 Classical.choice,
 Quot.sound]
ℹ [3997/4386] Replayed Tests.Shared.RestartReduction
info: Tests/Shared/RestartReduction.lean:69:0: 'AutoSamplingTheory.TechnicalLemmas.Analysis.RestartReduction.radius_accuracy_and_cost' depends on axioms: [propext,
 Classical.choice,
 Quot.sound]
ℹ [3998/4386] Replayed Tests.Shared.GradientDescentComplexity
info: Tests/Shared/GradientDescentComplexity.lean:48:0: 'AutoSamplingTheory.TechnicalLemmas.Analysis.GradientDescentComplexity.distance_le_of_log_bound' depends on axioms: [propext,
 Classical.choice,
 Quot.sound]
ℹ [3999/4386] Replayed Tests.Shared.GradientDescentRates
info: Tests/Shared/GradientDescentRates.lean:49:0: 'AutoSamplingTheory.TechnicalLemmas.Analysis.GradientDescentRates.convex_value_le' depends on axioms: [propext,
 Classical.choice,
 Quot.sound]
info: Tests/Shared/GradientDescentRates.lean:50:0: 'AutoSamplingTheory.TechnicalLemmas.Analysis.GradientDescentRates.strongly_convex_value_le' depends on axioms: [propext,
 Classical.choice,
 Quot.sound]
ℹ [4002/4386] Replayed Tests.Shared.GradientFlowLastIterate
info: Tests/Shared/GradientFlowLastIterate.lean:37:0: 'AutoSamplingTheory.TechnicalLemmas.Analysis.GradientFlowLastIterate.lyapunov_and_rates' depends on axioms: [propext,
 Classical.choice,
 Quot.sound]
ℹ [4004/4386] Replayed Tests.Shared.GradientFlowStationarity
info: Tests/Shared/GradientFlowStationarity.lean:40:0: 'AutoSamplingTheory.TechnicalLemmas.Analysis.GradientFlowStationarity.exists_min_norm_le' depends on axioms: [propext,
 Classical.choice,
 Quot.sound]
ℹ [4006/4386] Replayed Tests.Shared.GradientFlowValue
info: Tests/Shared/GradientFlowValue.lean:46:0: 'AutoSamplingTheory.TechnicalLemmas.Analysis.GradientFlowValue.value_le' depends on axioms: [propext,
 Classical.choice,
 Quot.sound]
⚠ [4008/4386] Replayed Tests.Shared.GradientFlowContraction
warning: Tests/Shared/GradientFlowContraction.lean:56:2: try 'simp' instead of 'simpa'

Note: This linter can be disabled with `set_option linter.unnecessarySimpa false`
info: Tests/Shared/GradientFlowContraction.lean:58:0: 'AutoSamplingTheory.TechnicalLemmas.Analysis.GradientFlowContraction.norm_sub_le' depends on axioms: [propext,
 Classical.choice,
 Quot.sound]
info: Tests/Shared/GradientFlowContraction.lean:58:0: 'norm_sub_le' depends on axioms: [propext, Classical.choice, Quot.sound]
ℹ [4010/4386] Replayed Tests.Shared.GradientFlowPL
info: Tests/Shared/GradientFlowPL.lean:46:0: 'AutoSamplingTheory.TechnicalLemmas.Analysis.GradientFlowPL.dissipation_and_decay' depends on axioms: [propext,
 Classical.choice,
 Quot.sound]
ℹ [4012/4386] Replayed Tests.Shared.StrongConvexPLPullback
info: Tests/Shared/StrongConvexPLPullback.lean:77:0: 'AutoSamplingTheory.TechnicalLemmas.Analysis.StrongConvexPLPullback.exists_minimizer_and_pl' depends on axioms: [propext,
 Classical.choice,
 Quot.sound]
ℹ [4017/4386] Replayed Tests.Shared.ConvexGradientGapSharpness
info: Tests/Shared/ConvexGradientGapSharpness.lean:7:0: 'AutoSamplingTheory.TechnicalLemmas.Analysis.ConvexGradientGapSharpness.quadratic_gap_lower_bound' depends on axioms: [propext,
 Classical.choice,
 Quot.sound]
ℹ [4018/4386] Replayed Tests.Shared.GradientDescentSharpness
info: Tests/Shared/GradientDescentSharpness.lean:44:0: 'AutoSamplingTheory.TechnicalLemmas.Analysis.GradientDescentSharpness.exists_quadratic_worst_case' depends on axioms: [propext,
 Classical.choice,
 Quot.sound]
ℹ [4019/4386] Replayed Tests.Shared.QuadraticGradientDescent
info: Tests/Shared/QuadraticGradientDescent.lean:47:0: 'AutoSamplingTheory.TechnicalLemmas.Analysis.QuadraticGradientDescent.quadratic_gradient_iterate' depends on axioms: [propext,
 Classical.choice,
 Quot.sound]
info: Tests/Shared/QuadraticGradientDescent.lean:48:0: 'AutoSamplingTheory.TechnicalLemmas.Analysis.QuadraticGradientDescent.quadratic_eigenmode' depends on axioms: [propext,
 Classical.choice,
 Quot.sound]
⚠ [4020/4386] Replayed Tests.Shared.GradientDescentOptimalStep
warning: Tests/Shared/GradientDescentOptimalStep.lean:39:4: try 'simp' instead of 'simpa'

Note: This linter can be disabled with `set_option linter.unnecessarySimpa false`
warning: Tests/Shared/GradientDescentOptimalStep.lean:52:2: try 'simp' instead of 'simpa'

Note: This linter can be disabled with `set_option linter.unnecessarySimpa false`
info: Tests/Shared/GradientDescentOptimalStep.lean:54:0: 'AutoSamplingTheory.TechnicalLemmas.Analysis.GradientDescentOptimalStep.gradient_step_endpoint_bound' depends on axioms: [propext,
 Classical.choice,
 Quot.sound]
info: Tests/Shared/GradientDescentOptimalStep.lean:55:0: 'AutoSamplingTheory.TechnicalLemmas.Analysis.GradientDescentOptimalStep.optimal_gradient_step' depends on axioms: [propext,
 Classical.choice,
 Quot.sound]
ℹ [4022/4386] Replayed Tests.Shared.GradientDescentStationarity
info: Tests/Shared/GradientDescentStationarity.lean:48:0: 'AutoSamplingTheory.TechnicalLemmas.Analysis.GradientDescentStationarity.gradient_descent_sum_sq_bound' depends on axioms: [propext,
 Classical.choice,
 Quot.sound]
info: Tests/Shared/GradientDescentStationarity.lean:49:0: 'AutoSamplingTheory.TechnicalLemmas.Analysis.GradientDescentStationarity.exists_gradient_descent_norm_le' depends on axioms: [propext,
 Classical.choice,
 Quot.sound]
ℹ [4024/4386] Replayed Tests.Shared.GradientDescentPL
info: Tests/Shared/GradientDescentPL.lean:34:0: 'AutoSamplingTheory.TechnicalLemmas.Analysis.GradientDescentBasic.gradient_step_descent_of_quadratic_upper_bound' depends on axioms: [propext,
 Classical.choice,
 Quot.sound]
info: Tests/Shared/GradientDescentPL.lean:35:0: 'AutoSamplingTheory.TechnicalLemmas.Analysis.GradientDescentPL.gradient_descent_pl_value_bound' depends on axioms: [propext,
 Classical.choice,
 Quot.sound]
⚠ [4026/4386] Replayed AutoSamplingTheory.TechnicalLemmas.Measure.GaussianSqrtDensityDomain
warning: AutoSamplingTheory/TechnicalLemmas/Measure/GaussianSqrtDensityDomain.lean:182:61: Used `tac1 <;> tac2` where `(tac1; tac2)` would suffice

Note: This linter can be disabled with `set_option linter.unnecessarySeqFocus false`
⚠ [4075/4386] Replayed AutoSamplingTheory.ExampleCases.ProximalBPS.ConditionalGradientEnergy
warning: AutoSamplingTheory/ExampleCases/ProximalBPS/ConditionalGradientEnergy.lean:35:2: Try this: 
  letI̵

The goal is a proposition, so `let` is preferred over `letI`.
The difference between `let` and `letI` is that `letI` inlines the value.
But this is not relevant for proofs because of proof irrelevance.

Note: This linter can be disabled with `set_option linter.style.haveILetI false`
warning: AutoSamplingTheory/ExampleCases/ProximalBPS/ConditionalGradientEnergy.lean:109:2: Try this: 
  letI̵

The goal is a proposition, so `let` is preferred over `letI`.
The difference between `let` and `letI` is that `letI` inlines the value.
But this is not relevant for proofs because of proof irrelevance.

Note: This linter can be disabled with `set_option linter.style.haveILetI false`
warning: AutoSamplingTheory/ExampleCases/ProximalBPS/ConditionalGradientEnergy.lean:110:2: Try this: 
  letI̵

The goal is a proposition, so `let` is preferred over `letI`.
The difference between `let` and `letI` is that `letI` inlines the value.
But this is not relevant for proofs because of proof irrelevance.

Note: This linter can be disabled with `set_option linter.style.haveILetI false`
warning: AutoSamplingTheory/ExampleCases/ProximalBPS/ConditionalGradientEnergy.lean:112:2: Try this: 
  letI̵

The goal is a proposition, so `let` is preferred over `letI`.
The difference between `let` and `letI` is that `letI` inlines the value.
But this is not relevant for proofs because of proof irrelevance.

Note: This linter can be disabled with `set_option linter.style.haveILetI false`
warning: AutoSamplingTheory/ExampleCases/ProximalBPS/ConditionalGradientEnergy.lean:115:2: Try this: 
  letI̵

The goal is a proposition, so `let` is preferred over `letI`.
The difference between `let` and `letI` is that `letI` inlines the value.
But this is not relevant for proofs because of proof irrelevance.

Note: This linter can be disabled with `set_option linter.style.haveILetI false`
warning: AutoSamplingTheory/ExampleCases/ProximalBPS/ConditionalGradientEnergy.lean:116:2: Try this: 
  letI̵

The goal is a proposition, so `let` is preferred over `letI`.
The difference between `let` and `letI` is that `letI` inlines the value.
But this is not relevant for proofs because of proof irrelevance.

Note: This linter can be disabled with `set_option linter.style.haveILetI false`
warning: AutoSamplingTheory/ExampleCases/ProximalBPS/ConditionalGradientEnergy.lean:174:4: Used `tac1 <;> tac2` where `(tac1; tac2)` would suffice

Note: This linter can be disabled with `set_option linter.unnecessarySeqFocus false`
⚠ [4082/4386] Replayed AutoSamplingTheory.ExampleCases.ProximalBPS.SourceMeanGradientDomain
warning: AutoSamplingTheory/ExampleCases/ProximalBPS/SourceMeanGradientDomain.lean:67:2: Try this: 
  letI̵

The goal is a proposition, so `let` is preferred over `letI`.
The difference between `let` and `letI` is that `letI` inlines the value.
But this is not relevant for proofs because of proof irrelevance.

Note: This linter can be disabled with `set_option linter.style.haveILetI false`
warning: AutoSamplingTheory/ExampleCases/ProximalBPS/SourceMeanGradientDomain.lean:68:2: Try this: 
  letI̵

The goal is a proposition, so `let` is preferred over `letI`.
The difference between `let` and `letI` is that `letI` inlines the value.
But this is not relevant for proofs because of proof irrelevance.

Note: This linter can be disabled with `set_option linter.style.haveILetI false`
⚠ [4086/4386] Replayed AutoSamplingTheory.ExampleCases.ProximalBPS.MacroscopicRange
warning: AutoSamplingTheory/ExampleCases/ProximalBPS/MacroscopicRange.lean:56:2: Try this: 
  letI̵

The goal is a proposition, so `let` is preferred over `letI`.
The difference between `let` and `letI` is that `letI` inlines the value.
But this is not relevant for proofs because of proof irrelevance.

Note: This linter can be disabled with `set_option linter.style.haveILetI false`
warning: AutoSamplingTheory/ExampleCases/ProximalBPS/MacroscopicRange.lean:58:2: Try this: 
  letI̵

The goal is a proposition, so `let` is preferred over `letI`.
The difference between `let` and `letI` is that `letI` inlines the value.
But this is not relevant for proofs because of proof irrelevance.

Note: This linter can be disabled with `set_option linter.style.haveILetI false`
warning: AutoSamplingTheory/ExampleCases/ProximalBPS/MacroscopicRange.lean:59:2: Try this: 
  letI̵

The goal is a proposition, so `let` is preferred over `letI`.
The difference between `let` and `letI` is that `letI` inlines the value.
But this is not relevant for proofs because of proof irrelevance.

Note: This linter can be disabled with `set_option linter.style.haveILetI false`
warning: AutoSamplingTheory/ExampleCases/ProximalBPS/MacroscopicRange.lean:21:24: Variable name `hαβ` is not explicitly referenced.

Hint: The binding can be removed (if unused) or named `_` (if used implicitly). Alternatively, prefix the name with `_` to silence this warning:
  [apply] _hαβ

Note: This linter can be disabled with `set_option linter.unusedVariables false`
warning: AutoSamplingTheory/ExampleCases/ProximalBPS/MacroscopicRange.lean:25:18: Variable name `hβη` is not explicitly referenced.

Hint: The binding can be removed (if unused) or named `_` (if used implicitly). Alternatively, prefix the name with `_` to silence this warning:
  [apply] _hβη

Note: This linter can be disabled with `set_option linter.unusedVariables false`
warning: AutoSamplingTheory/ExampleCases/ProximalBPS/MacroscopicRange.lean:66:4: Unused tactic linter: `change P.range = S` does nothing

Note: This linter can be disabled with `set_option linter.unusedTactic false`
⚠ [4088/4386] Replayed AutoSamplingTheory.ExampleCases.ProximalBPS.CenteredDefectOperator
warning: AutoSamplingTheory/ExampleCases/ProximalBPS/CenteredDefectOperator.lean:74:2: Try this: 
  letI̵

The goal is a proposition, so `let` is preferred over `letI`.
The difference between `let` and `letI` is that `letI` inlines the value.
But this is not relevant for proofs because of proof irrelevance.

Note: This linter can be disabled with `set_option linter.style.haveILetI false`
warning: AutoSamplingTheory/ExampleCases/ProximalBPS/CenteredDefectOperator.lean:75:2: Try this: 
  letI̵

The goal is a proposition, so `let` is preferred over `letI`.
The difference between `let` and `letI` is that `letI` inlines the value.
But this is not relevant for proofs because of proof irrelevance.

Note: This linter can be disabled with `set_option linter.style.haveILetI false`
warning: AutoSamplingTheory/ExampleCases/ProximalBPS/CenteredDefectOperator.lean:76:2: Try this: 
  letI̵

The goal is a proposition, so `let` is preferred over `letI`.
The difference between `let` and `letI` is that `letI` inlines the value.
But this is not relevant for proofs because of proof irrelevance.

Note: This linter can be disabled with `set_option linter.style.haveILetI false`
warning: AutoSamplingTheory/ExampleCases/ProximalBPS/CenteredDefectOperator.lean:77:2: Try this: 
  letI̵

The goal is a proposition, so `let` is preferred over `letI`.
The difference between `let` and `letI` is that `letI` inlines the value.
But this is not relevant for proofs because of proof irrelevance.

Note: This linter can be disabled with `set_option linter.style.haveILetI false`
warning: AutoSamplingTheory/ExampleCases/ProximalBPS/CenteredDefectOperator.lean:78:2: Try this: 
  letI̵

The goal is a proposition, so `let` is preferred over `letI`.
The difference between `let` and `letI` is that `letI` inlines the value.
But this is not relevant for proofs because of proof irrelevance.

Note: This linter can be disabled with `set_option linter.style.haveILetI false`
warning: AutoSamplingTheory/ExampleCases/ProximalBPS/CenteredDefectOperator.lean:137:15: `ContinuousLinearMap.sub_apply` has been deprecated: Use `sub_apply` instead

Note: The updated constant is in a different namespace. Dot notation may need to be changed (e.g., from `x.sub_apply` to `sub_apply x`).
warning: AutoSamplingTheory/ExampleCases/ProximalBPS/CenteredDefectOperator.lean:137:46: `ContinuousLinearMap.one_apply` has been deprecated: Use `one_apply_eq_self` instead

Note: The updated constant is in a different namespace. Dot notation may need to be changed (e.g., from `x.one_apply` to `one_apply_eq_self x`).
warning: AutoSamplingTheory/ExampleCases/ProximalBPS/CenteredDefectOperator.lean:138:6: `ContinuousLinearMap.mul_apply` has been deprecated: Use `mul_apply_eq_comp` instead

Note: The updated constant is in a different namespace. Dot notation may need to be changed (e.g., from `x.mul_apply` to `mul_apply_eq_comp x`).
warning: AutoSamplingTheory/ExampleCases/ProximalBPS/CenteredDefectOperator.lean:148:15: `ContinuousLinearMap.sub_apply` has been deprecated: Use `sub_apply` instead

Note: The updated constant is in a different namespace. Dot notation may need to be changed (e.g., from `x.sub_apply` to `sub_apply x`).
warning: AutoSamplingTheory/ExampleCases/ProximalBPS/CenteredDefectOperator.lean:148:46: `ContinuousLinearMap.one_apply` has been deprecated: Use `one_apply_eq_self` instead

Note: The updated constant is in a different namespace. Dot notation may need to be changed (e.g., from `x.one_apply` to `one_apply_eq_self x`).
warning: AutoSamplingTheory/ExampleCases/ProximalBPS/CenteredDefectOperator.lean:149:6: `ContinuousLinearMap.mul_apply` has been deprecated: Use `mul_apply_eq_comp` instead

Note: The updated constant is in a different namespace. Dot notation may need to be changed (e.g., from `x.mul_apply` to `mul_apply_eq_comp x`).
warning: AutoSamplingTheory/ExampleCases/ProximalBPS/CenteredDefectOperator.lean:165:17: `ContinuousLinearMap.sub_apply` has been deprecated: Use `sub_apply` instead

Note: The updated constant is in a different namespace. Dot notation may need to be changed (e.g., from `x.sub_apply` to `sub_apply x`).
warning: AutoSamplingTheory/ExampleCases/ProximalBPS/CenteredDefectOperator.lean:165:47: `ContinuousLinearMap.one_apply` has been deprecated: Use `one_apply_eq_self` instead

Note: The updated constant is in a different namespace. Dot notation may need to be changed (e.g., from `x.one_apply` to `one_apply_eq_self x`).
warning: AutoSamplingTheory/ExampleCases/ProximalBPS/CenteredDefectOperator.lean:166:8: `ContinuousLinearMap.mul_apply` has been deprecated: Use `mul_apply_eq_comp` instead

Note: The updated constant is in a different namespace. Dot notation may need to be changed (e.g., from `x.mul_apply` to `mul_apply_eq_comp x`).
info: AutoSamplingTheory/ExampleCases/ProximalBPS/CenteredDefectOperator.lean:173:0: 'AutoSamplingTheory.ExampleCases.ProximalBPS.CenteredDefectOperator.actual_centered_selfadjoint_defect' depends on axioms: [propext,
 Classical.choice,
 Quot.sound]
ℹ [4089/4386] Replayed AutoSamplingTheory.TechnicalLemmas.Measure.L2RealComplexOperator
info: AutoSamplingTheory/TechnicalLemmas/Measure/L2RealComplexOperator.lean:232:0: 'AutoSamplingTheory.TechnicalLemmas.Measure.L2RealComplexOperator.exists_positive_complex_lift' depends on axioms: [propext,
 Classical.choice,
 Quot.sound]
ℹ [4090/4386] Replayed AutoSamplingTheory.ExampleCases.ProximalBPS.DefectComplexLift
info: AutoSamplingTheory/ExampleCases/ProximalBPS/DefectComplexLift.lean:70:0: 'AutoSamplingTheory.ExampleCases.ProximalBPS.DefectComplexLift.actual_positive_defect_complex_lift' depends on axioms: [propext,
 Classical.choice,
 Quot.sound]
⚠ [4108/4386] Replayed AutoSamplingTheory.TechnicalLemmas.Measure.L2RealSquareRoot
warning: AutoSamplingTheory/TechnicalLemmas/Measure/L2RealSquareRoot.lean:100:2: Try this: 
  letI̵

The goal is a proposition, so `let` is preferred over `letI`.
The difference between `let` and `letI` is that `letI` inlines the value.
But this is not relevant for proofs because of proof irrelevance.

Note: This linter can be disabled with `set_option linter.style.haveILetI false`
warning: AutoSamplingTheory/TechnicalLemmas/Measure/L2RealSquareRoot.lean:102:2: Try this: 
  letI̵

The goal is a proposition, so `let` is preferred over `letI`.
The difference between `let` and `letI` is that `letI` inlines the value.
But this is not relevant for proofs because of proof irrelevance.

Note: This linter can be disabled with `set_option linter.style.haveILetI false`
warning: AutoSamplingTheory/TechnicalLemmas/Measure/L2RealSquareRoot.lean:105:2: Try this: 
  letI̵

The goal is a proposition, so `let` is preferred over `letI`.
The difference between `let` and `letI` is that `letI` inlines the value.
But this is not relevant for proofs because of proof irrelevance.

Note: This linter can be disabled with `set_option linter.style.haveILetI false`
info: AutoSamplingTheory/TechnicalLemmas/Measure/L2RealSquareRoot.lean:175:0: 'AutoSamplingTheory.TechnicalLemmas.Measure.L2RealSquareRoot.exists_positive_real_square_root' depends on axioms: [propext,
 Classical.choice,
 Quot.sound]
⚠ [4109/4386] Replayed AutoSamplingTheory.ExampleCases.ProximalBPS.RealDefectRoot
warning: AutoSamplingTheory/ExampleCases/ProximalBPS/RealDefectRoot.lean:58:15: `ContinuousLinearMap.sub_apply` has been deprecated: Use `sub_apply` instead

Note: The updated constant is in a different namespace. Dot notation may need to be changed (e.g., from `x.sub_apply` to `sub_apply x`).
warning: AutoSamplingTheory/ExampleCases/ProximalBPS/RealDefectRoot.lean:58:46: `ContinuousLinearMap.one_apply` has been deprecated: Use `one_apply_eq_self` instead

Note: The updated constant is in a different namespace. Dot notation may need to be changed (e.g., from `x.one_apply` to `one_apply_eq_self x`).
warning: AutoSamplingTheory/ExampleCases/ProximalBPS/RealDefectRoot.lean:59:6: `ContinuousLinearMap.mul_apply` has been deprecated: Use `mul_apply_eq_comp` instead

Note: The updated constant is in a different namespace. Dot notation may need to be changed (e.g., from `x.mul_apply` to `mul_apply_eq_comp x`).
info: AutoSamplingTheory/ExampleCases/ProximalBPS/RealDefectRoot.lean:66:0: 'AutoSamplingTheory.ExampleCases.ProximalBPS.RealDefectRoot.actual_positive_real_defect_root' depends on axioms: [propext,
 Classical.choice,
 Quot.sound]
⚠ [4110/4386] Replayed AutoSamplingTheory.TechnicalLemmas.Measure.L2RealSquareRootUnique
warning: AutoSamplingTheory/TechnicalLemmas/Measure/L2RealSquareRootUnique.lean:19:2: Try this: 
  letI̵

The goal is a proposition, so `let` is preferred over `letI`.
The difference between `let` and `letI` is that `letI` inlines the value.
But this is not relevant for proofs because of proof irrelevance.

Note: This linter can be disabled with `set_option linter.style.haveILetI false`
warning: AutoSamplingTheory/TechnicalLemmas/Measure/L2RealSquareRootUnique.lean:21:2: Try this: 
  letI̵

The goal is a proposition, so `let` is preferred over `letI`.
The difference between `let` and `letI` is that `letI` inlines the value.
But this is not relevant for proofs because of proof irrelevance.

Note: This linter can be disabled with `set_option linter.style.haveILetI false`
warning: AutoSamplingTheory/TechnicalLemmas/Measure/L2RealSquareRootUnique.lean:24:2: Try this: 
  letI̵

The goal is a proposition, so `let` is preferred over `letI`.
The difference between `let` and `letI` is that `letI` inlines the value.
But this is not relevant for proofs because of proof irrelevance.

Note: This linter can be disabled with `set_option linter.style.haveILetI false`
info: AutoSamplingTheory/TechnicalLemmas/Measure/L2RealSquareRootUnique.lean:63:0: 'AutoSamplingTheory.TechnicalLemmas.Measure.L2RealSquareRootUnique.positive_square_roots_unique' depends on axioms: [propext,
 Classical.choice,
 Quot.sound]
ℹ [4111/4386] Replayed AutoSamplingTheory.ExampleCases.ProximalBPS.RealDefectRootUnique
info: AutoSamplingTheory/ExampleCases/ProximalBPS/RealDefectRootUnique.lean:54:0: 'AutoSamplingTheory.ExampleCases.ProximalBPS.RealDefectRootUnique.actual_unique_positive_real_defect_root' depends on axioms: [propext,
 Classical.choice,
 Quot.sound]
⚠ [4112/4386] Replayed AutoSamplingTheory.ExampleCases.ProximalBPS.MacroscopicDefectRoot
warning: AutoSamplingTheory/ExampleCases/ProximalBPS/MacroscopicDefectRoot.lean:81:2: Try this: 
  letI̵

The goal is a proposition, so `let` is preferred over `letI`.
The difference between `let` and `letI` is that `letI` inlines the value.
But this is not relevant for proofs because of proof irrelevance.

Note: This linter can be disabled with `set_option linter.style.haveILetI false`
warning: AutoSamplingTheory/ExampleCases/ProximalBPS/MacroscopicDefectRoot.lean:82:2: Try this: 
  letI̵

The goal is a proposition, so `let` is preferred over `letI`.
The difference between `let` and `letI` is that `letI` inlines the value.
But this is not relevant for proofs because of proof irrelevance.

Note: This linter can be disabled with `set_option linter.style.haveILetI false`
warning: AutoSamplingTheory/ExampleCases/ProximalBPS/MacroscopicDefectRoot.lean:85:2: Try this: 
  letI̵

The goal is a proposition, so `let` is preferred over `letI`.
The difference between `let` and `letI` is that `letI` inlines the value.
But this is not relevant for proofs because of proof irrelevance.

Note: This linter can be disabled with `set_option linter.style.haveILetI false`
warning: AutoSamplingTheory/ExampleCases/ProximalBPS/MacroscopicDefectRoot.lean:86:2: Try this: 
  letI̵

The goal is a proposition, so `let` is preferred over `letI`.
The difference between `let` and `letI` is that `letI` inlines the value.
But this is not relevant for proofs because of proof irrelevance.

Note: This linter can be disabled with `set_option linter.style.haveILetI false`
warning: AutoSamplingTheory/ExampleCases/ProximalBPS/MacroscopicDefectRoot.lean:94:2: Try this: 
  letI̵

The goal is a proposition, so `let` is preferred over `letI`.
The difference between `let` and `letI` is that `letI` inlines the value.
But this is not relevant for proofs because of proof irrelevance.

Note: This linter can be disabled with `set_option linter.style.haveILetI false`
warning: AutoSamplingTheory/ExampleCases/ProximalBPS/MacroscopicDefectRoot.lean:95:2: Try this: 
  letI̵

The goal is a proposition, so `let` is preferred over `letI`.
The difference between `let` and `letI` is that `letI` inlines the value.
But this is not relevant for proofs because of proof irrelevance.

Note: This linter can be disabled with `set_option linter.style.haveILetI false`
warning: AutoSamplingTheory/ExampleCases/ProximalBPS/MacroscopicDefectRoot.lean:96:2: Try this: 
  letI̵

The goal is a proposition, so `let` is preferred over `letI`.
The difference between `let` and `letI` is that `letI` inlines the value.
But this is not relevant for proofs because of proof irrelevance.

Note: This linter can be disabled with `set_option linter.style.haveILetI false`
warning: AutoSamplingTheory/ExampleCases/ProximalBPS/MacroscopicDefectRoot.lean:206:57: This simp argument is unused:
  e.apply_symm_apply

Hint: Omit it from the simp argument list.
  [apply] simp only [LinearIsometryEquiv.conjStarAlgEquiv_apply_apply, LinearIsometryEquiv.symm_symm,
    e.symm_apply_apply]

Note: This linter can be disabled with `set_option linter.unusedSimpArgs false`
warning: AutoSamplingTheory/ExampleCases/ProximalBPS/MacroscopicDefectRoot.lean:218:40: This simp argument is unused:
  e.symm_apply_apply

Hint: Omit it from the simp argument list.
  [apply] simp only [G0, LinearIsometryEquiv.conjStarAlgEquiv_apply_apply, LinearIsometryEquiv.symm_symm,
    e.apply_symm_apply]

Note: This linter can be disabled with `set_option linter.unusedSimpArgs false`
warning: AutoSamplingTheory/ExampleCases/ProximalBPS/MacroscopicDefectRoot.lean:105:4: Unused tactic linter: `change P.range = HP` does nothing

Note: This linter can be disabled with `set_option linter.unusedTactic false`
info: AutoSamplingTheory/ExampleCases/ProximalBPS/MacroscopicDefectRoot.lean:231:0: 'AutoSamplingTheory.ExampleCases.ProximalBPS.MacroscopicDefectRoot.actual_unique_positive_macroscopic_defect_root' depends on axioms: [propext,
 Classical.choice,
 Quot.sound]
⚠ [4114/4386] Replayed AutoSamplingTheory.TechnicalLemmas.FunctionalInequalities.GaussianMarginalPoincare
warning: AutoSamplingTheory/TechnicalLemmas/FunctionalInequalities/GaussianMarginalPoincare.lean:51:2: Try this: 
  letI̵

The goal is a proposition, so `let` is preferred over `letI`.
The difference between `let` and `letI` is that `letI` inlines the value.
But this is not relevant for proofs because of proof irrelevance.

Note: This linter can be disabled with `set_option linter.style.haveILetI false`
warning: AutoSamplingTheory/TechnicalLemmas/FunctionalInequalities/GaussianMarginalPoincare.lean:66:2: Try this: 
  letI̵

The goal is a proposition, so `let` is preferred over `letI`.
The difference between `let` and `letI` is that `letI` inlines the value.
But this is not relevant for proofs because of proof irrelevance.

Note: This linter can be disabled with `set_option linter.style.haveILetI false`
warning: AutoSamplingTheory/TechnicalLemmas/FunctionalInequalities/GaussianMarginalPoincare.lean:68:2: Try this: 
  letI̵

The goal is a proposition, so `let` is preferred over `letI`.
The difference between `let` and `letI` is that `letI` inlines the value.
But this is not relevant for proofs because of proof irrelevance.

Note: This linter can be disabled with `set_option linter.style.haveILetI false`
warning: AutoSamplingTheory/TechnicalLemmas/FunctionalInequalities/GaussianMarginalPoincare.lean:69:2: Try this: 
  letI̵

The goal is a proposition, so `let` is preferred over `letI`.
The difference between `let` and `letI` is that `letI` inlines the value.
But this is not relevant for proofs because of proof irrelevance.

Note: This linter can be disabled with `set_option linter.style.haveILetI false`
warning: AutoSamplingTheory/TechnicalLemmas/FunctionalInequalities/GaussianMarginalPoincare.lean:36:18: Variable name `hβη` is not explicitly referenced.

Hint: The binding can be removed (if unused) or named `_` (if used implicitly). Alternatively, prefix the name with `_` to silence this warning:
  [apply] _hβη

Note: This linter can be disabled with `set_option linter.unusedVariables false`
⚠ [4127/4386] Replayed AutoSamplingTheory.TechnicalLemmas.Measure.L2RealSquareOrder
warning: AutoSamplingTheory/TechnicalLemmas/Measure/L2RealSquareOrder.lean:20:2: Try this: 
  letI̵

The goal is a proposition, so `let` is preferred over `letI`.
The difference between `let` and `letI` is that `letI` inlines the value.
But this is not relevant for proofs because of proof irrelevance.

Note: This linter can be disabled with `set_option linter.style.haveILetI false`
warning: AutoSamplingTheory/TechnicalLemmas/Measure/L2RealSquareOrder.lean:22:2: Try this: 
  letI̵

The goal is a proposition, so `let` is preferred over `letI`.
The difference between `let` and `letI` is that `letI` inlines the value.
But this is not relevant for proofs because of proof irrelevance.

Note: This linter can be disabled with `set_option linter.style.haveILetI false`
warning: AutoSamplingTheory/TechnicalLemmas/Measure/L2RealSquareOrder.lean:24:2: Try this: 
  letI̵

The goal is a proposition, so `let` is preferred over `letI`.
The difference between `let` and `letI` is that `letI` inlines the value.
But this is not relevant for proofs because of proof irrelevance.

Note: This linter can be disabled with `set_option linter.style.haveILetI false`
warning: AutoSamplingTheory/TechnicalLemmas/Measure/L2RealSquareOrder.lean:27:2: Try this: 
  letI̵

The goal is a proposition, so `let` is preferred over `letI`.
The difference between `let` and `letI` is that `letI` inlines the value.
But this is not relevant for proofs because of proof irrelevance.

Note: This linter can be disabled with `set_option linter.style.haveILetI false`
warning: AutoSamplingTheory/TechnicalLemmas/Measure/L2RealSquareOrder.lean:47:15: `ContinuousLinearMap.sub_apply` has been deprecated: Use `sub_apply` instead

Note: The updated constant is in a different namespace. Dot notation may need to be changed (e.g., from `x.sub_apply` to `sub_apply x`).
warning: AutoSamplingTheory/TechnicalLemmas/Measure/L2RealSquareOrder.lean:47:45: `ContinuousLinearMap.mul_apply` has been deprecated: Use `mul_apply_eq_comp` instead

Note: The updated constant is in a different namespace. Dot notation may need to be changed (e.g., from `x.mul_apply` to `mul_apply_eq_comp x`).
warning: AutoSamplingTheory/TechnicalLemmas/Measure/L2RealSquareOrder.lean:61:2: Try this: 
  letI̵

The goal is a proposition, so `let` is preferred over `letI`.
The difference between `let` and `letI` is that `letI` inlines the value.
But this is not relevant for proofs because of proof irrelevance.

Note: This linter can be disabled with `set_option linter.style.haveILetI false`
warning: AutoSamplingTheory/TechnicalLemmas/Measure/L2RealSquareOrder.lean:71:15: `ContinuousLinearMap.sub_apply` has been deprecated: Use `sub_apply` instead

Note: The updated constant is in a different namespace. Dot notation may need to be changed (e.g., from `x.sub_apply` to `sub_apply x`).
⚠ [4128/4386] Replayed AutoSamplingTheory.ExampleCases.ProximalBPS.CenteredRootOrderInverse
warning: AutoSamplingTheory/ExampleCases/ProximalBPS/CenteredRootOrderInverse.lean:94:2: Try this: 
  letI̵

The goal is a proposition, so `let` is preferred over `letI`.
The difference between `let` and `letI` is that `letI` inlines the value.
But this is not relevant for proofs because of proof irrelevance.

Note: This linter can be disabled with `set_option linter.style.haveILetI false`
warning: AutoSamplingTheory/ExampleCases/ProximalBPS/CenteredRootOrderInverse.lean:95:2: Try this: 
  letI̵

The goal is a proposition, so `let` is preferred over `letI`.
The difference between `let` and `letI` is that `letI` inlines the value.
But this is not relevant for proofs because of proof irrelevance.

Note: This linter can be disabled with `set_option linter.style.haveILetI false`
warning: AutoSamplingTheory/ExampleCases/ProximalBPS/CenteredRootOrderInverse.lean:97:2: Try this: 
  letI̵

The goal is a proposition, so `let` is preferred over `letI`.
The difference between `let` and `letI` is that `letI` inlines the value.
But this is not relevant for proofs because of proof irrelevance.

Note: This linter can be disabled with `set_option linter.style.haveILetI false`
warning: AutoSamplingTheory/ExampleCases/ProximalBPS/CenteredRootOrderInverse.lean:98:2: Try this: 
  letI̵

The goal is a proposition, so `let` is preferred over `letI`.
The difference between `let` and `letI` is that `letI` inlines the value.
But this is not relevant for proofs because of proof irrelevance.

Note: This linter can be disabled with `set_option linter.style.haveILetI false`
warning: AutoSamplingTheory/ExampleCases/ProximalBPS/CenteredRootOrderInverse.lean:107:2: Try this: 
  letI̵

The goal is a proposition, so `let` is preferred over `letI`.
The difference between `let` and `letI` is that `letI` inlines the value.
But this is not relevant for proofs because of proof irrelevance.

Note: This linter can be disabled with `set_option linter.style.haveILetI false`
warning: AutoSamplingTheory/ExampleCases/ProximalBPS/CenteredRootOrderInverse.lean:108:2: Try this: 
  letI̵

The goal is a proposition, so `let` is preferred over `letI`.
The difference between `let` and `letI` is that `letI` inlines the value.
But this is not relevant for proofs because of proof irrelevance.

Note: This linter can be disabled with `set_option linter.style.haveILetI false`
warning: AutoSamplingTheory/ExampleCases/ProximalBPS/CenteredRootOrderInverse.lean:109:2: Try this: 
  letI̵

The goal is a proposition, so `let` is preferred over `letI`.
The difference between `let` and `letI` is that `letI` inlines the value.
But this is not relevant for proofs because of proof irrelevance.

Note: This linter can be disabled with `set_option linter.style.haveILetI false`
warning: AutoSamplingTheory/ExampleCases/ProximalBPS/CenteredRootOrderInverse.lean:243:8: `ContinuousLinearMap.sub_apply` has been deprecated: Use `sub_apply` instead

Note: The updated constant is in a different namespace. Dot notation may need to be changed (e.g., from `x.sub_apply` to `sub_apply x`).
warning: AutoSamplingTheory/ExampleCases/ProximalBPS/CenteredRootOrderInverse.lean:244:6: `ContinuousLinearMap.smul_apply` has been deprecated: Use `smul_apply` instead

Note: The updated constant is in a different namespace. Dot notation may need to be changed (e.g., from `x.smul_apply` to `smul_apply x`).
warning: AutoSamplingTheory/ExampleCases/ProximalBPS/CenteredRootOrderInverse.lean:253:2: Try this: 
  letI̵

The goal is a proposition, so `let` is preferred over `letI`.
The difference between `let` and `letI` is that `letI` inlines the value.
But this is not relevant for proofs because of proof irrelevance.

Note: This linter can be disabled with `set_option linter.style.haveILetI false`
warning: AutoSamplingTheory/ExampleCases/ProximalBPS/CenteredRootOrderInverse.lean:254:2: Try this: 
  letI̵

The goal is a proposition, so `let` is preferred over `letI`.
The difference between `let` and `letI` is that `letI` inlines the value.
But this is not relevant for proofs because of proof irrelevance.

Note: This linter can be disabled with `set_option linter.style.haveILetI false`
warning: AutoSamplingTheory/ExampleCases/ProximalBPS/CenteredRootOrderInverse.lean:282:15: `ContinuousLinearMap.sub_apply` has been deprecated: Use `sub_apply` instead

Note: The updated constant is in a different namespace. Dot notation may need to be changed (e.g., from `x.sub_apply` to `sub_apply x`).
warning: AutoSamplingTheory/ExampleCases/ProximalBPS/CenteredRootOrderInverse.lean:282:45: `ContinuousLinearMap.smul_apply` has been deprecated: Use `smul_apply` instead

Note: The updated constant is in a different namespace. Dot notation may need to be changed (e.g., from `x.smul_apply` to `smul_apply x`).
warning: AutoSamplingTheory/ExampleCases/ProximalBPS/CenteredRootOrderInverse.lean:283:6: `ContinuousLinearMap.one_apply` has been deprecated: Use `one_apply_eq_self` instead

Note: The updated constant is in a different namespace. Dot notation may need to be changed (e.g., from `x.one_apply` to `one_apply_eq_self x`).
warning: AutoSamplingTheory/ExampleCases/ProximalBPS/CenteredRootOrderInverse.lean:296:15: `ContinuousLinearMap.sub_apply` has been deprecated: Use `sub_apply` instead

Note: The updated constant is in a different namespace. Dot notation may need to be changed (e.g., from `x.sub_apply` to `sub_apply x`).
warning: AutoSamplingTheory/ExampleCases/ProximalBPS/CenteredRootOrderInverse.lean:296:45: `ContinuousLinearMap.smul_apply` has been deprecated: Use `smul_apply` instead

Note: The updated constant is in a different namespace. Dot notation may need to be changed (e.g., from `x.smul_apply` to `smul_apply x`).
warning: AutoSamplingTheory/ExampleCases/ProximalBPS/CenteredRootOrderInverse.lean:297:6: `ContinuousLinearMap.one_apply` has been deprecated: Use `one_apply_eq_self` instead

Note: The updated constant is in a different namespace. Dot notation may need to be changed (e.g., from `x.one_apply` to `one_apply_eq_self x`).
warning: AutoSamplingTheory/ExampleCases/ProximalBPS/CenteredRootOrderInverse.lean:221:10: This simp argument is unused:
  real_inner_self_eq_norm_sq

Hint: Omit it from the simp argument list.
  [apply] simp

Note: This linter can be disabled with `set_option linter.unusedSimpArgs false`
⚠ [4129/4386] Replayed AutoSamplingTheory.ExampleCases.ProximalBPS.PolarIsometry
warning: AutoSamplingTheory/ExampleCases/ProximalBPS/PolarIsometry.lean:99:2: Try this: 
  letI̵

The goal is a proposition, so `let` is preferred over `letI`.
The difference between `let` and `letI` is that `letI` inlines the value.
But this is not relevant for proofs because of proof irrelevance.

Note: This linter can be disabled with `set_option linter.style.haveILetI false`
warning: AutoSamplingTheory/ExampleCases/ProximalBPS/PolarIsometry.lean:100:2: Try this: 
  letI̵

The goal is a proposition, so `let` is preferred over `letI`.
The difference between `let` and `letI` is that `letI` inlines the value.
But this is not relevant for proofs because of proof irrelevance.

Note: This linter can be disabled with `set_option linter.style.haveILetI false`
warning: AutoSamplingTheory/ExampleCases/ProximalBPS/PolarIsometry.lean:102:2: Try this: 
  letI̵

The goal is a proposition, so `let` is preferred over `letI`.
The difference between `let` and `letI` is that `letI` inlines the value.
But this is not relevant for proofs because of proof irrelevance.

Note: This linter can be disabled with `set_option linter.style.haveILetI false`
warning: AutoSamplingTheory/ExampleCases/ProximalBPS/PolarIsometry.lean:103:2: Try this: 
  letI̵

The goal is a proposition, so `let` is preferred over `letI`.
The difference between `let` and `letI` is that `letI` inlines the value.
But this is not relevant for proofs because of proof irrelevance.

Note: This linter can be disabled with `set_option linter.style.haveILetI false`
warning: AutoSamplingTheory/ExampleCases/ProximalBPS/PolarIsometry.lean:120:2: Try this: 
  letI̵

The goal is a proposition, so `let` is preferred over `letI`.
The difference between `let` and `letI` is that `letI` inlines the value.
But this is not relevant for proofs because of proof irrelevance.

Note: This linter can be disabled with `set_option linter.style.haveILetI false`
warning: AutoSamplingTheory/ExampleCases/ProximalBPS/PolarIsometry.lean:121:2: Try this: 
  letI̵

The goal is a proposition, so `let` is preferred over `letI`.
The difference between `let` and `letI` is that `letI` inlines the value.
But this is not relevant for proofs because of proof irrelevance.

Note: This linter can be disabled with `set_option linter.style.haveILetI false`
warning: AutoSamplingTheory/ExampleCases/ProximalBPS/PolarIsometry.lean:122:2: Try this: 
  letI̵

The goal is a proposition, so `let` is preferred over `letI`.
The difference between `let` and `letI` is that `letI` inlines the value.
But this is not relevant for proofs because of proof irrelevance.

Note: This linter can be disabled with `set_option linter.style.haveILetI false`
warning: AutoSamplingTheory/ExampleCases/ProximalBPS/PolarIsometry.lean:124:2: Try this: 
  letI̵

The goal is a proposition, so `let` is preferred over `letI`.
The difference between `let` and `letI` is that `letI` inlines the value.
But this is not relevant for proofs because of proof irrelevance.

Note: This linter can be disabled with `set_option linter.style.haveILetI false`
warning: AutoSamplingTheory/ExampleCases/ProximalBPS/PolarIsometry.lean:125:2: Try this: 
  letI̵

The goal is a proposition, so `let` is preferred over `letI`.
The difference between `let` and `letI` is that `letI` inlines the value.
But this is not relevant for proofs because of proof irrelevance.

Note: This linter can be disabled with `set_option linter.style.haveILetI false`
warning: AutoSamplingTheory/ExampleCases/ProximalBPS/PolarIsometry.lean:126:2: Try this: 
  letI̵

The goal is a proposition, so `let` is preferred over `letI`.
The difference between `let` and `letI` is that `letI` inlines the value.
But this is not relevant for proofs because of proof irrelevance.

Note: This linter can be disabled with `set_option linter.style.haveILetI false`
⚠ [4130/4386] Replayed AutoSamplingTheory.ExampleCases.ProximalBPS.AmbientAdjointCorrector
warning: AutoSamplingTheory/ExampleCases/ProximalBPS/AmbientAdjointCorrector.lean:14:5: Variable name `hα` is not explicitly referenced.

Hint: The binding can be removed (if unused) or named `_` (if used implicitly). Alternatively, prefix the name with `_` to silence this warning:
  [apply] _hα

Note: This linter can be disabled with `set_option linter.unusedVariables false`
warning: AutoSamplingTheory/ExampleCases/ProximalBPS/AmbientAdjointCorrector.lean:14:24: Variable name `hαβ` is not explicitly referenced.

Hint: The binding can be removed (if unused) or named `_` (if used implicitly). Alternatively, prefix the name with `_` to silence this warning:
  [apply] _hαβ

Note: This linter can be disabled with `set_option linter.unusedVariables false`
warning: AutoSamplingTheory/ExampleCases/ProximalBPS/AmbientAdjointCorrector.lean:14:38: Variable name `hV` is not explicitly referenced.

Hint: The binding can be removed (if unused) or named `_` (if used implicitly). Alternatively, prefix the name with `_` to silence this warning:
  [apply] _hV

Note: This linter can be disabled with `set_option linter.unusedVariables false`
warning: AutoSamplingTheory/ExampleCases/ProximalBPS/AmbientAdjointCorrector.lean:15:5: Variable name `hH` is not explicitly referenced.

Hint: The binding can be removed (if unused) or named `_` (if used implicitly). Alternatively, prefix the name with `_` to silence this warning:
  [apply] _hH

Note: This linter can be disabled with `set_option linter.unusedVariables false`
warning: AutoSamplingTheory/ExampleCases/ProximalBPS/AmbientAdjointCorrector.lean:18:5: Variable name `hη` is not explicitly referenced.

Hint: The binding can be removed (if unused) or named `_` (if used implicitly). Alternatively, prefix the name with `_` to silence this warning:
  [apply] _hη

Note: This linter can be disabled with `set_option linter.unusedVariables false`
warning: AutoSamplingTheory/ExampleCases/ProximalBPS/AmbientAdjointCorrector.lean:18:18: Variable name `hβη` is not explicitly referenced.

Hint: The binding can be removed (if unused) or named `_` (if used implicitly). Alternatively, prefix the name with `_` to silence this warning:
  [apply] _hβη

Note: This linter can be disabled with `set_option linter.unusedVariables false`
warning: AutoSamplingTheory/ExampleCases/ProximalBPS/AmbientAdjointCorrector.lean:124:2: Try this: 
  letI̵

The goal is a proposition, so `let` is preferred over `letI`.
The difference between `let` and `letI` is that `letI` inlines the value.
But this is not relevant for proofs because of proof irrelevance.

Note: This linter can be disabled with `set_option linter.style.haveILetI false`
warning: AutoSamplingTheory/ExampleCases/ProximalBPS/AmbientAdjointCorrector.lean:125:2: Try this: 
  letI̵

The goal is a proposition, so `let` is preferred over `letI`.
The difference between `let` and `letI` is that `letI` inlines the value.
But this is not relevant for proofs because of proof irrelevance.

Note: This linter can be disabled with `set_option linter.style.haveILetI false`
warning: AutoSamplingTheory/ExampleCases/ProximalBPS/AmbientAdjointCorrector.lean:127:2: Try this: 
  letI̵

The goal is a proposition, so `let` is preferred over `letI`.
The difference between `let` and `letI` is that `letI` inlines the value.
But this is not relevant for proofs because of proof irrelevance.

Note: This linter can be disabled with `set_option linter.style.haveILetI false`
warning: AutoSamplingTheory/ExampleCases/ProximalBPS/AmbientAdjointCorrector.lean:128:2: Try this: 
  letI̵

The goal is a proposition, so `let` is preferred over `letI`.
The difference between `let` and `letI` is that `letI` inlines the value.
But this is not relevant for proofs because of proof irrelevance.

Note: This linter can be disabled with `set_option linter.style.haveILetI false`
warning: AutoSamplingTheory/ExampleCases/ProximalBPS/AmbientAdjointCorrector.lean:145:2: Try this: 
  letI̵

The goal is a proposition, so `let` is preferred over `letI`.
The difference between `let` and `letI` is that `letI` inlines the value.
But this is not relevant for proofs because of proof irrelevance.

Note: This linter can be disabled with `set_option linter.style.haveILetI false`
warning: AutoSamplingTheory/ExampleCases/ProximalBPS/AmbientAdjointCorrector.lean:146:2: Try this: 
  letI̵

The goal is a proposition, so `let` is preferred over `letI`.
The difference between `let` and `letI` is that `letI` inlines the value.
But this is not relevant for proofs because of proof irrelevance.

Note: This linter can be disabled with `set_option linter.style.haveILetI false`
warning: AutoSamplingTheory/ExampleCases/ProximalBPS/AmbientAdjointCorrector.lean:147:2: Try this: 
  letI̵

The goal is a proposition, so `let` is preferred over `letI`.
The difference between `let` and `letI` is that `letI` inlines the value.
But this is not relevant for proofs because of proof irrelevance.

Note: This linter can be disabled with `set_option linter.style.haveILetI false`
warning: AutoSamplingTheory/ExampleCases/ProximalBPS/AmbientAdjointCorrector.lean:149:2: Try this: 
  letI̵

The goal is a proposition, so `let` is preferred over `letI`.
The difference between `let` and `letI` is that `letI` inlines the value.
But this is not relevant for proofs because of proof irrelevance.

Note: This linter can be disabled with `set_option linter.style.haveILetI false`
warning: AutoSamplingTheory/ExampleCases/ProximalBPS/AmbientAdjointCorrector.lean:150:2: Try this: 
  letI̵

The goal is a proposition, so `let` is preferred over `letI`.
The difference between `let` and `letI` is that `letI` inlines the value.
But this is not relevant for proofs because of proof irrelevance.

Note: This linter can be disabled with `set_option linter.style.haveILetI false`
warning: AutoSamplingTheory/ExampleCases/ProximalBPS/AmbientAdjointCorrector.lean:151:2: Try this: 
  letI̵

The goal is a proposition, so `let` is preferred over `letI`.
The difference between `let` and `letI` is that `letI` inlines the value.
But this is not relevant for proofs because of proof irrelevance.

Note: This linter can be disabled with `set_option linter.style.haveILetI false`
warning: AutoSamplingTheory/ExampleCases/ProximalBPS/AmbientAdjointCorrector.lean:154:2: Try this: 
  letI̵

The goal is a proposition, so `let` is preferred over `letI`.
The difference between `let` and `letI` is that `letI` inlines the value.
But this is not relevant for proofs because of proof irrelevance.

Note: This linter can be disabled with `set_option linter.style.haveILetI false`
warning: AutoSamplingTheory/ExampleCases/ProximalBPS/AmbientAdjointCorrector.lean:155:2: Try this: 
  letI̵

The goal is a proposition, so `let` is preferred over `letI`.
The difference between `let` and `letI` is that `letI` inlines the value.
But this is not relevant for proofs because of proof irrelevance.

Note: This linter can be disabled with `set_option linter.style.haveILetI false`
⚠ [4131/4386] Replayed AutoSamplingTheory.TechnicalLemmas.Measure.L2RealSquareCommute
warning: AutoSamplingTheory/TechnicalLemmas/Measure/L2RealSquareCommute.lean:20:2: Try this: 
  letI̵

The goal is a proposition, so `let` is preferred over `letI`.
The difference between `let` and `letI` is that `letI` inlines the value.
But this is not relevant for proofs because of proof irrelevance.

Note: This linter can be disabled with `set_option linter.style.haveILetI false`
warning: AutoSamplingTheory/TechnicalLemmas/Measure/L2RealSquareCommute.lean:22:2: Try this: 
  letI̵

The goal is a proposition, so `let` is preferred over `letI`.
The difference between `let` and `letI` is that `letI` inlines the value.
But this is not relevant for proofs because of proof irrelevance.

Note: This linter can be disabled with `set_option linter.style.haveILetI false`
warning: AutoSamplingTheory/TechnicalLemmas/Measure/L2RealSquareCommute.lean:25:2: Try this: 
  letI̵

The goal is a proposition, so `let` is preferred over `letI`.
The difference between `let` and `letI` is that `letI` inlines the value.
But this is not relevant for proofs because of proof irrelevance.

Note: This linter can be disabled with `set_option linter.style.haveILetI false`
info: AutoSamplingTheory/TechnicalLemmas/Measure/L2RealSquareCommute.lean:67:0: 'AutoSamplingTheory.TechnicalLemmas.Measure.L2RealSquareCommute.positive_square_commutation' depends on axioms: [propext,
 Classical.choice,
 Quot.sound]
⚠ [4132/4386] Replayed AutoSamplingTheory.ExampleCases.ProximalBPS.ActualRootCommutation
warning: AutoSamplingTheory/ExampleCases/ProximalBPS/ActualRootCommutation.lean:15:5: Variable name `hα` is not explicitly referenced.

Hint: The binding can be removed (if unused) or named `_` (if used implicitly). Alternatively, prefix the name with `_` to silence this warning:
  [apply] _hα

Note: This linter can be disabled with `set_option linter.unusedVariables false`
warning: AutoSamplingTheory/ExampleCases/ProximalBPS/ActualRootCommutation.lean:15:24: Variable name `hαβ` is not explicitly referenced.

Hint: The binding can be removed (if unused) or named `_` (if used implicitly). Alternatively, prefix the name with `_` to silence this warning:
  [apply] _hαβ

Note: This linter can be disabled with `set_option linter.unusedVariables false`
warning: AutoSamplingTheory/ExampleCases/ProximalBPS/ActualRootCommutation.lean:15:38: Variable name `hV` is not explicitly referenced.

Hint: The binding can be removed (if unused) or named `_` (if used implicitly). Alternatively, prefix the name with `_` to silence this warning:
  [apply] _hV

Note: This linter can be disabled with `set_option linter.unusedVariables false`
warning: AutoSamplingTheory/ExampleCases/ProximalBPS/ActualRootCommutation.lean:16:5: Variable name `hH` is not explicitly referenced.

Hint: The binding can be removed (if unused) or named `_` (if used implicitly). Alternatively, prefix the name with `_` to silence this warning:
  [apply] _hH

Note: This linter can be disabled with `set_option linter.unusedVariables false`
warning: AutoSamplingTheory/ExampleCases/ProximalBPS/ActualRootCommutation.lean:19:5: Variable name `hη` is not explicitly referenced.

Hint: The binding can be removed (if unused) or named `_` (if used implicitly). Alternatively, prefix the name with `_` to silence this warning:
  [apply] _hη

Note: This linter can be disabled with `set_option linter.unusedVariables false`
warning: AutoSamplingTheory/ExampleCases/ProximalBPS/ActualRootCommutation.lean:19:18: Variable name `hβη` is not explicitly referenced.

Hint: The binding can be removed (if unused) or named `_` (if used implicitly). Alternatively, prefix the name with `_` to silence this warning:
  [apply] _hβη

Note: This linter can be disabled with `set_option linter.unusedVariables false`
warning: AutoSamplingTheory/ExampleCases/ProximalBPS/ActualRootCommutation.lean:132:2: Try this: 
  letI̵

The goal is a proposition, so `let` is preferred over `letI`.
The difference between `let` and `letI` is that `letI` inlines the value.
But this is not relevant for proofs because of proof irrelevance.

Note: This linter can be disabled with `set_option linter.style.haveILetI false`
warning: AutoSamplingTheory/ExampleCases/ProximalBPS/ActualRootCommutation.lean:133:2: Try this: 
  letI̵

The goal is a proposition, so `let` is preferred over `letI`.
The difference between `let` and `letI` is that `letI` inlines the value.
But this is not relevant for proofs because of proof irrelevance.

Note: This linter can be disabled with `set_option linter.style.haveILetI false`
warning: AutoSamplingTheory/ExampleCases/ProximalBPS/ActualRootCommutation.lean:135:2: Try this: 
  letI̵

The goal is a proposition, so `let` is preferred over `letI`.
The difference between `let` and `letI` is that `letI` inlines the value.
But this is not relevant for proofs because of proof irrelevance.

Note: This linter can be disabled with `set_option linter.style.haveILetI false`
warning: AutoSamplingTheory/ExampleCases/ProximalBPS/ActualRootCommutation.lean:136:2: Try this: 
  letI̵

The goal is a proposition, so `let` is preferred over `letI`.
The difference between `let` and `letI` is that `letI` inlines the value.
But this is not relevant for proofs because of proof irrelevance.

Note: This linter can be disabled with `set_option linter.style.haveILetI false`
warning: AutoSamplingTheory/ExampleCases/ProximalBPS/ActualRootCommutation.lean:152:2: Try this: 
  letI̵

The goal is a proposition, so `let` is preferred over `letI`.
The difference between `let` and `letI` is that `letI` inlines the value.
But this is not relevant for proofs because of proof irrelevance.

Note: This linter can be disabled with `set_option linter.style.haveILetI false`
warning: AutoSamplingTheory/ExampleCases/ProximalBPS/ActualRootCommutation.lean:153:2: Try this: 
  letI̵

The goal is a proposition, so `let` is preferred over `letI`.
The difference between `let` and `letI` is that `letI` inlines the value.
But this is not relevant for proofs because of proof irrelevance.

Note: This linter can be disabled with `set_option linter.style.haveILetI false`
warning: AutoSamplingTheory/ExampleCases/ProximalBPS/ActualRootCommutation.lean:154:2: Try this: 
  letI̵

The goal is a proposition, so `let` is preferred over `letI`.
The difference between `let` and `letI` is that `letI` inlines the value.
But this is not relevant for proofs because of proof irrelevance.

Note: This linter can be disabled with `set_option linter.style.haveILetI false`
warning: AutoSamplingTheory/ExampleCases/ProximalBPS/ActualRootCommutation.lean:156:2: Try this: 
  letI̵

The goal is a proposition, so `let` is preferred over `letI`.
The difference between `let` and `letI` is that `letI` inlines the value.
But this is not relevant for proofs because of proof irrelevance.

Note: This linter can be disabled with `set_option linter.style.haveILetI false`
warning: AutoSamplingTheory/ExampleCases/ProximalBPS/ActualRootCommutation.lean:157:2: Try this: 
  letI̵

The goal is a proposition, so `let` is preferred over `letI`.
The difference between `let` and `letI` is that `letI` inlines the value.
But this is not relevant for proofs because of proof irrelevance.

Note: This linter can be disabled with `set_option linter.style.haveILetI false`
warning: AutoSamplingTheory/ExampleCases/ProximalBPS/ActualRootCommutation.lean:158:2: Try this: 
  letI̵

The goal is a proposition, so `let` is preferred over `letI`.
The difference between `let` and `letI` is that `letI` inlines the value.
But this is not relevant for proofs because of proof irrelevance.

Note: This linter can be disabled with `set_option linter.style.haveILetI false`
info: AutoSamplingTheory/ExampleCases/ProximalBPS/ActualRootCommutation.lean:313:0: 'AutoSamplingTheory.ExampleCases.ProximalBPS.ActualRootCommutation.actual_same_root_inverse_commutation' depends on axioms: [propext,
 Classical.choice,
 Quot.sound]
⚠ [4133/4386] Replayed AutoSamplingTheory.ExampleCases.ProximalBPS.ReflectionIntertwining
warning: AutoSamplingTheory/ExampleCases/ProximalBPS/ReflectionIntertwining.lean:21:5: Variable name `hα` is not explicitly referenced.

Hint: The binding can be removed (if unused) or named `_` (if used implicitly). Alternatively, prefix the name with `_` to silence this warning:
  [apply] _hα

Note: This linter can be disabled with `set_option linter.unusedVariables false`
warning: AutoSamplingTheory/ExampleCases/ProximalBPS/ReflectionIntertwining.lean:21:24: Variable name `hαβ` is not explicitly referenced.

Hint: The binding can be removed (if unused) or named `_` (if used implicitly). Alternatively, prefix the name with `_` to silence this warning:
  [apply] _hαβ

Note: This linter can be disabled with `set_option linter.unusedVariables false`
warning: AutoSamplingTheory/ExampleCases/ProximalBPS/ReflectionIntertwining.lean:21:38: Variable name `hV` is not explicitly referenced.

Hint: The binding can be removed (if unused) or named `_` (if used implicitly). Alternatively, prefix the name with `_` to silence this warning:
  [apply] _hV

Note: This linter can be disabled with `set_option linter.unusedVariables false`
warning: AutoSamplingTheory/ExampleCases/ProximalBPS/ReflectionIntertwining.lean:22:5: Variable name `hH` is not explicitly referenced.

Hint: The binding can be removed (if unused) or named `_` (if used implicitly). Alternatively, prefix the name with `_` to silence this warning:
  [apply] _hH

Note: This linter can be disabled with `set_option linter.unusedVariables false`
warning: AutoSamplingTheory/ExampleCases/ProximalBPS/ReflectionIntertwining.lean:25:5: Variable name `hη` is not explicitly referenced.

Hint: The binding can be removed (if unused) or named `_` (if used implicitly). Alternatively, prefix the name with `_` to silence this warning:
  [apply] _hη

Note: This linter can be disabled with `set_option linter.unusedVariables false`
warning: AutoSamplingTheory/ExampleCases/ProximalBPS/ReflectionIntertwining.lean:25:18: Variable name `hβη` is not explicitly referenced.

Hint: The binding can be removed (if unused) or named `_` (if used implicitly). Alternatively, prefix the name with `_` to silence this warning:
  [apply] _hβη

Note: This linter can be disabled with `set_option linter.unusedVariables false`
warning: AutoSamplingTheory/ExampleCases/ProximalBPS/ReflectionIntertwining.lean:140:2: Try this: 
  letI̵

The goal is a proposition, so `let` is preferred over `letI`.
The difference between `let` and `letI` is that `letI` inlines the value.
But this is not relevant for proofs because of proof irrelevance.

Note: This linter can be disabled with `set_option linter.style.haveILetI false`
warning: AutoSamplingTheory/ExampleCases/ProximalBPS/ReflectionIntertwining.lean:141:2: Try this: 
  letI̵

The goal is a proposition, so `let` is preferred over `letI`.
The difference between `let` and `letI` is that `letI` inlines the value.
But this is not relevant for proofs because of proof irrelevance.

Note: This linter can be disabled with `set_option linter.style.haveILetI false`
warning: AutoSamplingTheory/ExampleCases/ProximalBPS/ReflectionIntertwining.lean:143:2: Try this: 
  letI̵

The goal is a proposition, so `let` is preferred over `letI`.
The difference between `let` and `letI` is that `letI` inlines the value.
But this is not relevant for proofs because of proof irrelevance.

Note: This linter can be disabled with `set_option linter.style.haveILetI false`
warning: AutoSamplingTheory/ExampleCases/ProximalBPS/ReflectionIntertwining.lean:144:2: Try this: 
  letI̵

The goal is a proposition, so `let` is preferred over `letI`.
The difference between `let` and `letI` is that `letI` inlines the value.
But this is not relevant for proofs because of proof irrelevance.

Note: This linter can be disabled with `set_option linter.style.haveILetI false`
warning: AutoSamplingTheory/ExampleCases/ProximalBPS/ReflectionIntertwining.lean:275:2: Try this: 
  letI̵

The goal is a proposition, so `let` is preferred over `letI`.
The difference between `let` and `letI` is that `letI` inlines the value.
But this is not relevant for proofs because of proof irrelevance.

Note: This linter can be disabled with `set_option linter.style.haveILetI false`
warning: AutoSamplingTheory/ExampleCases/ProximalBPS/ReflectionIntertwining.lean:276:2: Try this: 
  letI̵

The goal is a proposition, so `let` is preferred over `letI`.
The difference between `let` and `letI` is that `letI` inlines the value.
But this is not relevant for proofs because of proof irrelevance.

Note: This linter can be disabled with `set_option linter.style.haveILetI false`
warning: AutoSamplingTheory/ExampleCases/ProximalBPS/ReflectionIntertwining.lean:277:2: Try this: 
  letI̵

The goal is a proposition, so `let` is preferred over `letI`.
The difference between `let` and `letI` is that `letI` inlines the value.
But this is not relevant for proofs because of proof irrelevance.

Note: This linter can be disabled with `set_option linter.style.haveILetI false`
warning: AutoSamplingTheory/ExampleCases/ProximalBPS/ReflectionIntertwining.lean:279:2: Try this: 
  letI̵

The goal is a proposition, so `let` is preferred over `letI`.
The difference between `let` and `letI` is that `letI` inlines the value.
But this is not relevant for proofs because of proof irrelevance.

Note: This linter can be disabled with `set_option linter.style.haveILetI false`
warning: AutoSamplingTheory/ExampleCases/ProximalBPS/ReflectionIntertwining.lean:280:2: Try this: 
  letI̵

The goal is a proposition, so `let` is preferred over `letI`.
The difference between `let` and `letI` is that `letI` inlines the value.
But this is not relevant for proofs because of proof irrelevance.

Note: This linter can be disabled with `set_option linter.style.haveILetI false`
warning: AutoSamplingTheory/ExampleCases/ProximalBPS/ReflectionIntertwining.lean:281:2: Try this: 
  letI̵

The goal is a proposition, so `let` is preferred over `letI`.
The difference between `let` and `letI` is that `letI` inlines the value.
But this is not relevant for proofs because of proof irrelevance.

Note: This linter can be disabled with `set_option linter.style.haveILetI false`
warning: AutoSamplingTheory/ExampleCases/ProximalBPS/ReflectionIntertwining.lean:299:2: Try this: 
  letI̵

The goal is a proposition, so `let` is preferred over `letI`.
The difference between `let` and `letI` is that `letI` inlines the value.
But this is not relevant for proofs because of proof irrelevance.

Note: This linter can be disabled with `set_option linter.style.haveILetI false`
info: AutoSamplingTheory/ExampleCases/ProximalBPS/ReflectionIntertwining.lean:446:0: 'AutoSamplingTheory.ExampleCases.ProximalBPS.ReflectionIntertwining.actual_reflection_intertwining' depends on axioms: [propext,
 Classical.choice,
 Quot.sound]
⚠ [4134/4386] Replayed AutoSamplingTheory.ExampleCases.ProximalBPS.ActualProjectedRotation
warning: AutoSamplingTheory/ExampleCases/ProximalBPS/ActualProjectedRotation.lean:22:5: Variable name `hα` is not explicitly referenced.

Hint: The binding can be removed (if unused) or named `_` (if used implicitly). Alternatively, prefix the name with `_` to silence this warning:
  [apply] _hα

Note: This linter can be disabled with `set_option linter.unusedVariables false`
warning: AutoSamplingTheory/ExampleCases/ProximalBPS/ActualProjectedRotation.lean:22:24: Variable name `hαβ` is not explicitly referenced.

Hint: The binding can be removed (if unused) or named `_` (if used implicitly). Alternatively, prefix the name with `_` to silence this warning:
  [apply] _hαβ

Note: This linter can be disabled with `set_option linter.unusedVariables false`
warning: AutoSamplingTheory/ExampleCases/ProximalBPS/ActualProjectedRotation.lean:22:38: Variable name `hV` is not explicitly referenced.

Hint: The binding can be removed (if unused) or named `_` (if used implicitly). Alternatively, prefix the name with `_` to silence this warning:
  [apply] _hV

Note: This linter can be disabled with `set_option linter.unusedVariables false`
warning: AutoSamplingTheory/ExampleCases/ProximalBPS/ActualProjectedRotation.lean:23:5: Variable name `hH` is not explicitly referenced.

Hint: The binding can be removed (if unused) or named `_` (if used implicitly). Alternatively, prefix the name with `_` to silence this warning:
  [apply] _hH

Note: This linter can be disabled with `set_option linter.unusedVariables false`
warning: AutoSamplingTheory/ExampleCases/ProximalBPS/ActualProjectedRotation.lean:26:5: Variable name `hη` is not explicitly referenced.

Hint: The binding can be removed (if unused) or named `_` (if used implicitly). Alternatively, prefix the name with `_` to silence this warning:
  [apply] _hη

Note: This linter can be disabled with `set_option linter.unusedVariables false`
warning: AutoSamplingTheory/ExampleCases/ProximalBPS/ActualProjectedRotation.lean:26:18: Variable name `hβη` is not explicitly referenced.

Hint: The binding can be removed (if unused) or named `_` (if used implicitly). Alternatively, prefix the name with `_` to silence this warning:
  [apply] _hβη

Note: This linter can be disabled with `set_option linter.unusedVariables false`
warning: AutoSamplingTheory/ExampleCases/ProximalBPS/ActualProjectedRotation.lean:151:2: Try this: 
  letI̵

The goal is a proposition, so `let` is preferred over `letI`.
The difference between `let` and `letI` is that `letI` inlines the value.
But this is not relevant for proofs because of proof irrelevance.

Note: This linter can be disabled with `set_option linter.style.haveILetI false`
warning: AutoSamplingTheory/ExampleCases/ProximalBPS/ActualProjectedRotation.lean:152:2: Try this: 
  letI̵

The goal is a proposition, so `let` is preferred over `letI`.
The difference between `let` and `letI` is that `letI` inlines the value.
But this is not relevant for proofs because of proof irrelevance.

Note: This linter can be disabled with `set_option linter.style.haveILetI false`
warning: AutoSamplingTheory/ExampleCases/ProximalBPS/ActualProjectedRotation.lean:154:2: Try this: 
  letI̵

The goal is a proposition, so `let` is preferred over `letI`.
The difference between `let` and `letI` is that `letI` inlines the value.
But this is not relevant for proofs because of proof irrelevance.

Note: This linter can be disabled with `set_option linter.style.haveILetI false`
warning: AutoSamplingTheory/ExampleCases/ProximalBPS/ActualProjectedRotation.lean:155:2: Try this: 
  letI̵

The goal is a proposition, so `let` is preferred over `letI`.
The difference between `let` and `letI` is that `letI` inlines the value.
But this is not relevant for proofs because of proof irrelevance.

Note: This linter can be disabled with `set_option linter.style.haveILetI false`
warning: AutoSamplingTheory/ExampleCases/ProximalBPS/ActualProjectedRotation.lean:289:2: Try this: 
  letI̵

The goal is a proposition, so `let` is preferred over `letI`.
The difference between `let` and `letI` is that `letI` inlines the value.
But this is not relevant for proofs because of proof irrelevance.

Note: This linter can be disabled with `set_option linter.style.haveILetI false`
warning: AutoSamplingTheory/ExampleCases/ProximalBPS/ActualProjectedRotation.lean:290:2: Try this: 
  letI̵

The goal is a proposition, so `let` is preferred over `letI`.
The difference between `let` and `letI` is that `letI` inlines the value.
But this is not relevant for proofs because of proof irrelevance.

Note: This linter can be disabled with `set_option linter.style.haveILetI false`
warning: AutoSamplingTheory/ExampleCases/ProximalBPS/ActualProjectedRotation.lean:291:2: Try this: 
  letI̵

The goal is a proposition, so `let` is preferred over `letI`.
The difference between `let` and `letI` is that `letI` inlines the value.
But this is not relevant for proofs because of proof irrelevance.

Note: This linter can be disabled with `set_option linter.style.haveILetI false`
warning: AutoSamplingTheory/ExampleCases/ProximalBPS/ActualProjectedRotation.lean:293:2: Try this: 
  letI̵

The goal is a proposition, so `let` is preferred over `letI`.
The difference between `let` and `letI` is that `letI` inlines the value.
But this is not relevant for proofs because of proof irrelevance.

Note: This linter can be disabled with `set_option linter.style.haveILetI false`
warning: AutoSamplingTheory/ExampleCases/ProximalBPS/ActualProjectedRotation.lean:294:2: Try this: 
  letI̵

The goal is a proposition, so `let` is preferred over `letI`.
The difference between `let` and `letI` is that `letI` inlines the value.
But this is not relevant for proofs because of proof irrelevance.

Note: This linter can be disabled with `set_option linter.style.haveILetI false`
warning: AutoSamplingTheory/ExampleCases/ProximalBPS/ActualProjectedRotation.lean:295:2: Try this: 
  letI̵

The goal is a proposition, so `let` is preferred over `letI`.
The difference between `let` and `letI` is that `letI` inlines the value.
But this is not relevant for proofs because of proof irrelevance.

Note: This linter can be disabled with `set_option linter.style.haveILetI false`
warning: AutoSamplingTheory/ExampleCases/ProximalBPS/ActualProjectedRotation.lean:314:2: Try this: 
  letI̵

The goal is a proposition, so `let` is preferred over `letI`.
The difference between `let` and `letI` is that `letI` inlines the value.
But this is not relevant for proofs because of proof irrelevance.

Note: This linter can be disabled with `set_option linter.style.haveILetI false`
warning: AutoSamplingTheory/ExampleCases/ProximalBPS/ActualProjectedRotation.lean:315:2: Try this: 
  letI̵

The goal is a proposition, so `let` is preferred over `letI`.
The difference between `let` and `letI` is that `letI` inlines the value.
But this is not relevant for proofs because of proof irrelevance.

Note: This linter can be disabled with `set_option linter.style.haveILetI false`
warning: AutoSamplingTheory/ExampleCases/ProximalBPS/ActualProjectedRotation.lean:369:15: `ContinuousLinearMap.add_apply` has been deprecated: Use `add_apply` instead

Note: The updated constant is in a different namespace. Dot notation may need to be changed (e.g., from `x.add_apply` to `add_apply x`).
warning: AutoSamplingTheory/ExampleCases/ProximalBPS/ActualProjectedRotation.lean:369:45: `ContinuousLinearMap.mul_apply` has been deprecated: Use `mul_apply_eq_comp` instead

Note: The updated constant is in a different namespace. Dot notation may need to be changed (e.g., from `x.mul_apply` to `mul_apply_eq_comp x`).
warning: AutoSamplingTheory/ExampleCases/ProximalBPS/ActualProjectedRotation.lean:370:6: `ContinuousLinearMap.one_apply` has been deprecated: Use `one_apply_eq_self` instead

Note: The updated constant is in a different namespace. Dot notation may need to be changed (e.g., from `x.one_apply` to `one_apply_eq_self x`).
info: AutoSamplingTheory/ExampleCases/ProximalBPS/ActualProjectedRotation.lean:544:0: 'AutoSamplingTheory.ExampleCases.ProximalBPS.ActualProjectedRotation.actual_projected_rotation' depends on axioms: [propext,
 Classical.choice,
 Quot.sound]
⚠ [4135/4386] Replayed AutoSamplingTheory.ExampleCases.ProximalBPS.ActualCorrectorChange
warning: AutoSamplingTheory/ExampleCases/ProximalBPS/ActualCorrectorChange.lean:22:5: Variable name `hα` is not explicitly referenced.

Hint: The binding can be removed (if unused) or named `_` (if used implicitly). Alternatively, prefix the name with `_` to silence this warning:
  [apply] _hα

Note: This linter can be disabled with `set_option linter.unusedVariables false`
warning: AutoSamplingTheory/ExampleCases/ProximalBPS/ActualCorrectorChange.lean:22:24: Variable name `hαβ` is not explicitly referenced.

Hint: The binding can be removed (if unused) or named `_` (if used implicitly). Alternatively, prefix the name with `_` to silence this warning:
  [apply] _hαβ

Note: This linter can be disabled with `set_option linter.unusedVariables false`
warning: AutoSamplingTheory/ExampleCases/ProximalBPS/ActualCorrectorChange.lean:22:38: Variable name `hV` is not explicitly referenced.

Hint: The binding can be removed (if unused) or named `_` (if used implicitly). Alternatively, prefix the name with `_` to silence this warning:
  [apply] _hV

Note: This linter can be disabled with `set_option linter.unusedVariables false`
warning: AutoSamplingTheory/ExampleCases/ProximalBPS/ActualCorrectorChange.lean:23:5: Variable name `hH` is not explicitly referenced.

Hint: The binding can be removed (if unused) or named `_` (if used implicitly). Alternatively, prefix the name with `_` to silence this warning:
  [apply] _hH

Note: This linter can be disabled with `set_option linter.unusedVariables false`
warning: AutoSamplingTheory/ExampleCases/ProximalBPS/ActualCorrectorChange.lean:26:5: Variable name `hη` is not explicitly referenced.

Hint: The binding can be removed (if unused) or named `_` (if used implicitly). Alternatively, prefix the name with `_` to silence this warning:
  [apply] _hη

Note: This linter can be disabled with `set_option linter.unusedVariables false`
warning: AutoSamplingTheory/ExampleCases/ProximalBPS/ActualCorrectorChange.lean:26:18: Variable name `hβη` is not explicitly referenced.

Hint: The binding can be removed (if unused) or named `_` (if used implicitly). Alternatively, prefix the name with `_` to silence this warning:
  [apply] _hβη

Note: This linter can be disabled with `set_option linter.unusedVariables false`
warning: AutoSamplingTheory/ExampleCases/ProximalBPS/ActualCorrectorChange.lean:154:2: Try this: 
  letI̵

The goal is a proposition, so `let` is preferred over `letI`.
The difference between `let` and `letI` is that `letI` inlines the value.
But this is not relevant for proofs because of proof irrelevance.

Note: This linter can be disabled with `set_option linter.style.haveILetI false`
warning: AutoSamplingTheory/ExampleCases/ProximalBPS/ActualCorrectorChange.lean:155:2: Try this: 
  letI̵

The goal is a proposition, so `let` is preferred over `letI`.
The difference between `let` and `letI` is that `letI` inlines the value.
But this is not relevant for proofs because of proof irrelevance.

Note: This linter can be disabled with `set_option linter.style.haveILetI false`
warning: AutoSamplingTheory/ExampleCases/ProximalBPS/ActualCorrectorChange.lean:157:2: Try this: 
  letI̵

The goal is a proposition, so `let` is preferred over `letI`.
The difference between `let` and `letI` is that `letI` inlines the value.
But this is not relevant for proofs because of proof irrelevance.

Note: This linter can be disabled with `set_option linter.style.haveILetI false`
warning: AutoSamplingTheory/ExampleCases/ProximalBPS/ActualCorrectorChange.lean:158:2: Try this: 
  letI̵

The goal is a proposition, so `let` is preferred over `letI`.
The difference between `let` and `letI` is that `letI` inlines the value.
But this is not relevant for proofs because of proof irrelevance.

Note: This linter can be disabled with `set_option linter.style.haveILetI false`
warning: AutoSamplingTheory/ExampleCases/ProximalBPS/ActualCorrectorChange.lean:292:2: Try this: 
  letI̵

The goal is a proposition, so `let` is preferred over `letI`.
The difference between `let` and `letI` is that `letI` inlines the value.
But this is not relevant for proofs because of proof irrelevance.

Note: This linter can be disabled with `set_option linter.style.haveILetI false`
warning: AutoSamplingTheory/ExampleCases/ProximalBPS/ActualCorrectorChange.lean:293:2: Try this: 
  letI̵

The goal is a proposition, so `let` is preferred over `letI`.
The difference between `let` and `letI` is that `letI` inlines the value.
But this is not relevant for proofs because of proof irrelevance.

Note: This linter can be disabled with `set_option linter.style.haveILetI false`
warning: AutoSamplingTheory/ExampleCases/ProximalBPS/ActualCorrectorChange.lean:294:2: Try this: 
  letI̵

The goal is a proposition, so `let` is preferred over `letI`.
The difference between `let` and `letI` is that `letI` inlines the value.
But this is not relevant for proofs because of proof irrelevance.

Note: This linter can be disabled with `set_option linter.style.haveILetI false`
warning: AutoSamplingTheory/ExampleCases/ProximalBPS/ActualCorrectorChange.lean:296:2: Try this: 
  letI̵

The goal is a proposition, so `let` is preferred over `letI`.
The difference between `let` and `letI` is that `letI` inlines the value.
But this is not relevant for proofs because of proof irrelevance.

Note: This linter can be disabled with `set_option linter.style.haveILetI false`
warning: AutoSamplingTheory/ExampleCases/ProximalBPS/ActualCorrectorChange.lean:297:2: Try this: 
  letI̵

The goal is a proposition, so `let` is preferred over `letI`.
The difference between `let` and `letI` is that `letI` inlines the value.
But this is not relevant for proofs because of proof irrelevance.

Note: This linter can be disabled with `set_option linter.style.haveILetI false`
warning: AutoSamplingTheory/ExampleCases/ProximalBPS/ActualCorrectorChange.lean:298:2: Try this: 
  letI̵

The goal is a proposition, so `let` is preferred over `letI`.
The difference between `let` and `letI` is that `letI` inlines the value.
But this is not relevant for proofs because of proof irrelevance.

Note: This linter can be disabled with `set_option linter.style.haveILetI false`
warning: AutoSamplingTheory/ExampleCases/ProximalBPS/ActualCorrectorChange.lean:329:15: `ContinuousLinearMap.add_apply` has been deprecated: Use `add_apply` instead

Note: The updated constant is in a different namespace. Dot notation may need to be changed (e.g., from `x.add_apply` to `add_apply x`).
warning: AutoSamplingTheory/ExampleCases/ProximalBPS/ActualCorrectorChange.lean:329:45: `ContinuousLinearMap.mul_apply` has been deprecated: Use `mul_apply_eq_comp` instead

Note: The updated constant is in a different namespace. Dot notation may need to be changed (e.g., from `x.mul_apply` to `mul_apply_eq_comp x`).
warning: AutoSamplingTheory/ExampleCases/ProximalBPS/ActualCorrectorChange.lean:330:6: `ContinuousLinearMap.one_apply` has been deprecated: Use `one_apply_eq_self` instead

Note: The updated constant is in a different namespace. Dot notation may need to be changed (e.g., from `x.one_apply` to `one_apply_eq_self x`).
warning: AutoSamplingTheory/ExampleCases/ProximalBPS/ActualCorrectorChange.lean:345:16: `ContinuousLinearMap.mul_apply` has been deprecated: Use `mul_apply_eq_comp` instead

Note: The updated constant is in a different namespace. Dot notation may need to be changed (e.g., from `x.mul_apply` to `mul_apply_eq_comp x`).
warning: AutoSamplingTheory/ExampleCases/ProximalBPS/ActualCorrectorChange.lean:345:46: `ContinuousLinearMap.one_apply` has been deprecated: Use `one_apply_eq_self` instead

Note: The updated constant is in a different namespace. Dot notation may need to be changed (e.g., from `x.one_apply` to `one_apply_eq_self x`).
warning: AutoSamplingTheory/ExampleCases/ProximalBPS/ActualCorrectorChange.lean:348:16: `ContinuousLinearMap.mul_apply` has been deprecated: Use `mul_apply_eq_comp` instead

Note: The updated constant is in a different namespace. Dot notation may need to be changed (e.g., from `x.mul_apply` to `mul_apply_eq_comp x`).
warning: AutoSamplingTheory/ExampleCases/ProximalBPS/ActualCorrectorChange.lean:348:46: `ContinuousLinearMap.one_apply` has been deprecated: Use `one_apply_eq_self` instead

Note: The updated constant is in a different namespace. Dot notation may need to be changed (e.g., from `x.one_apply` to `one_apply_eq_self x`).
warning: AutoSamplingTheory/ExampleCases/ProximalBPS/ActualCorrectorChange.lean:364:16: `ContinuousLinearMap.add_apply` has been deprecated: Use `add_apply` instead

Note: The updated constant is in a different namespace. Dot notation may need to be changed (e.g., from `x.add_apply` to `add_apply x`).
warning: AutoSamplingTheory/ExampleCases/ProximalBPS/ActualCorrectorChange.lean:364:46: `ContinuousLinearMap.mul_apply` has been deprecated: Use `mul_apply_eq_comp` instead

Note: The updated constant is in a different namespace. Dot notation may need to be changed (e.g., from `x.mul_apply` to `mul_apply_eq_comp x`).
warning: AutoSamplingTheory/ExampleCases/ProximalBPS/ActualCorrectorChange.lean:365:6: `ContinuousLinearMap.one_apply` has been deprecated: Use `one_apply_eq_self` instead

Note: The updated constant is in a different namespace. Dot notation may need to be changed (e.g., from `x.one_apply` to `one_apply_eq_self x`).
info: AutoSamplingTheory/ExampleCases/ProximalBPS/ActualCorrectorChange.lean:528:0: 'AutoSamplingTheory.ExampleCases.ProximalBPS.ActualCorrectorChange.actual_corrector_change' depends on axioms: [propext,
 Classical.choice,
 Quot.sound]
⚠ [4136/4386] Replayed AutoSamplingTheory.TechnicalLemmas.Analysis.HilbertCorrectorPerturbation
warning: AutoSamplingTheory/TechnicalLemmas/Analysis/HilbertCorrectorPerturbation.lean:29:16: `ContinuousLinearMap.mul_apply` has been deprecated: Use `mul_apply_eq_comp` instead

Note: The updated constant is in a different namespace. Dot notation may need to be changed (e.g., from `x.mul_apply` to `mul_apply_eq_comp x`).
warning: AutoSamplingTheory/TechnicalLemmas/Analysis/HilbertCorrectorPerturbation.lean:29:46: `ContinuousLinearMap.one_apply` has been deprecated: Use `one_apply_eq_self` instead

Note: The updated constant is in a different namespace. Dot notation may need to be changed (e.g., from `x.one_apply` to `one_apply_eq_self x`).
warning: AutoSamplingTheory/TechnicalLemmas/Analysis/HilbertCorrectorPerturbation.lean:32:16: `ContinuousLinearMap.add_apply` has been deprecated: Use `add_apply` instead

Note: The updated constant is in a different namespace. Dot notation may need to be changed (e.g., from `x.add_apply` to `add_apply x`).
warning: AutoSamplingTheory/TechnicalLemmas/Analysis/HilbertCorrectorPerturbation.lean:32:46: `ContinuousLinearMap.mul_apply` has been deprecated: Use `mul_apply_eq_comp` instead

Note: The updated constant is in a different namespace. Dot notation may need to be changed (e.g., from `x.mul_apply` to `mul_apply_eq_comp x`).
warning: AutoSamplingTheory/TechnicalLemmas/Analysis/HilbertCorrectorPerturbation.lean:33:6: `ContinuousLinearMap.one_apply` has been deprecated: Use `one_apply_eq_self` instead

Note: The updated constant is in a different namespace. Dot notation may need to be changed (e.g., from `x.one_apply` to `one_apply_eq_self x`).
warning: AutoSamplingTheory/TechnicalLemmas/Analysis/HilbertCorrectorPerturbation.lean:14:32: Variable name `hAInv` is not explicitly referenced.

Hint: The binding can be removed (if unused) or named `_` (if used implicitly). Alternatively, prefix the name with `_` to silence this warning:
  [apply] _hAInv

Note: This linter can be disabled with `set_option linter.unusedVariables false`
warning: AutoSamplingTheory/TechnicalLemmas/Analysis/HilbertCorrectorPerturbation.lean:15:27: Variable name `hGInv` is not explicitly referenced.

Hint: The binding can be removed (if unused) or named `_` (if used implicitly). Alternatively, prefix the name with `_` to silence this warning:
  [apply] _hGInv

Note: This linter can be disabled with `set_option linter.unusedVariables false`
info: AutoSamplingTheory/TechnicalLemmas/Analysis/HilbertCorrectorPerturbation.lean:54:0: 'AutoSamplingTheory.TechnicalLemmas.Analysis.HilbertCorrectorPerturbation.quadratic_corrector_perturbation' depends on axioms: [propext,
 Classical.choice,
 Quot.sound]
⚠ [4137/4386] Replayed AutoSamplingTheory.ExampleCases.ProximalBPS.ActualCorrectorPerturbation
warning: AutoSamplingTheory/ExampleCases/ProximalBPS/ActualCorrectorPerturbation.lean:24:5: Variable name `hα` is not explicitly referenced.

Hint: The binding can be removed (if unused) or named `_` (if used implicitly). Alternatively, prefix the name with `_` to silence this warning:
  [apply] _hα

Note: This linter can be disabled with `set_option linter.unusedVariables false`
warning: AutoSamplingTheory/ExampleCases/ProximalBPS/ActualCorrectorPerturbation.lean:24:24: Variable name `hαβ` is not explicitly referenced.

Hint: The binding can be removed (if unused) or named `_` (if used implicitly). Alternatively, prefix the name with `_` to silence this warning:
  [apply] _hαβ

Note: This linter can be disabled with `set_option linter.unusedVariables false`
warning: AutoSamplingTheory/ExampleCases/ProximalBPS/ActualCorrectorPerturbation.lean:24:38: Variable name `hV` is not explicitly referenced.

Hint: The binding can be removed (if unused) or named `_` (if used implicitly). Alternatively, prefix the name with `_` to silence this warning:
  [apply] _hV

Note: This linter can be disabled with `set_option linter.unusedVariables false`
warning: AutoSamplingTheory/ExampleCases/ProximalBPS/ActualCorrectorPerturbation.lean:25:5: Variable name `hH` is not explicitly referenced.

Hint: The binding can be removed (if unused) or named `_` (if used implicitly). Alternatively, prefix the name with `_` to silence this warning:
  [apply] _hH

Note: This linter can be disabled with `set_option linter.unusedVariables false`
warning: AutoSamplingTheory/ExampleCases/ProximalBPS/ActualCorrectorPerturbation.lean:28:5: Variable name `hη` is not explicitly referenced.

Hint: The binding can be removed (if unused) or named `_` (if used implicitly). Alternatively, prefix the name with `_` to silence this warning:
  [apply] _hη

Note: This linter can be disabled with `set_option linter.unusedVariables false`
warning: AutoSamplingTheory/ExampleCases/ProximalBPS/ActualCorrectorPerturbation.lean:28:18: Variable name `hβη` is not explicitly referenced.

Hint: The binding can be removed (if unused) or named `_` (if used implicitly). Alternatively, prefix the name with `_` to silence this warning:
  [apply] _hβη

Note: This linter can be disabled with `set_option linter.unusedVariables false`
warning: AutoSamplingTheory/ExampleCases/ProximalBPS/ActualCorrectorPerturbation.lean:159:2: Try this: 
  letI̵

The goal is a proposition, so `let` is preferred over `letI`.
The difference between `let` and `letI` is that `letI` inlines the value.
But this is not relevant for proofs because of proof irrelevance.

Note: This linter can be disabled with `set_option linter.style.haveILetI false`
warning: AutoSamplingTheory/ExampleCases/ProximalBPS/ActualCorrectorPerturbation.lean:160:2: Try this: 
  letI̵

The goal is a proposition, so `let` is preferred over `letI`.
The difference between `let` and `letI` is that `letI` inlines the value.
But this is not relevant for proofs because of proof irrelevance.

Note: This linter can be disabled with `set_option linter.style.haveILetI false`
warning: AutoSamplingTheory/ExampleCases/ProximalBPS/ActualCorrectorPerturbation.lean:162:2: Try this: 
  letI̵

The goal is a proposition, so `let` is preferred over `letI`.
The difference between `let` and `letI` is that `letI` inlines the value.
But this is not relevant for proofs because of proof irrelevance.

Note: This linter can be disabled with `set_option linter.style.haveILetI false`
warning: AutoSamplingTheory/ExampleCases/ProximalBPS/ActualCorrectorPerturbation.lean:163:2: Try this: 
  letI̵

The goal is a proposition, so `let` is preferred over `letI`.
The difference between `let` and `letI` is that `letI` inlines the value.
But this is not relevant for proofs because of proof irrelevance.

Note: This linter can be disabled with `set_option linter.style.haveILetI false`
warning: AutoSamplingTheory/ExampleCases/ProximalBPS/ActualCorrectorPerturbation.lean:297:2: Try this: 
  letI̵

The goal is a proposition, so `let` is preferred over `letI`.
The difference between `let` and `letI` is that `letI` inlines the value.
But this is not relevant for proofs because of proof irrelevance.

Note: This linter can be disabled with `set_option linter.style.haveILetI false`
warning: AutoSamplingTheory/ExampleCases/ProximalBPS/ActualCorrectorPerturbation.lean:298:2: Try this: 
  letI̵

The goal is a proposition, so `let` is preferred over `letI`.
The difference between `let` and `letI` is that `letI` inlines the value.
But this is not relevant for proofs because of proof irrelevance.

Note: This linter can be disabled with `set_option linter.style.haveILetI false`
warning: AutoSamplingTheory/ExampleCases/ProximalBPS/ActualCorrectorPerturbation.lean:299:2: Try this: 
  letI̵

The goal is a proposition, so `let` is preferred over `letI`.
The difference between `let` and `letI` is that `letI` inlines the value.
But this is not relevant for proofs because of proof irrelevance.

Note: This linter can be disabled with `set_option linter.style.haveILetI false`
warning: AutoSamplingTheory/ExampleCases/ProximalBPS/ActualCorrectorPerturbation.lean:301:2: Try this: 
  letI̵

The goal is a proposition, so `let` is preferred over `letI`.
The difference between `let` and `letI` is that `letI` inlines the value.
But this is not relevant for proofs because of proof irrelevance.

Note: This linter can be disabled with `set_option linter.style.haveILetI false`
warning: AutoSamplingTheory/ExampleCases/ProximalBPS/ActualCorrectorPerturbation.lean:302:2: Try this: 
  letI̵

The goal is a proposition, so `let` is preferred over `letI`.
The difference between `let` and `letI` is that `letI` inlines the value.
But this is not relevant for proofs because of proof irrelevance.

Note: This linter can be disabled with `set_option linter.style.haveILetI false`
warning: AutoSamplingTheory/ExampleCases/ProximalBPS/ActualCorrectorPerturbation.lean:303:2: Try this: 
  letI̵

The goal is a proposition, so `let` is preferred over `letI`.
The difference between `let` and `letI` is that `letI` inlines the value.
But this is not relevant for proofs because of proof irrelevance.

Note: This linter can be disabled with `set_option linter.style.haveILetI false`
info: AutoSamplingTheory/ExampleCases/ProximalBPS/ActualCorrectorPerturbation.lean:440:0: 'AutoSamplingTheory.ExampleCases.ProximalBPS.ActualCorrectorPerturbation.actual_corrector_perturbation' depends on axioms: [propext,
 Classical.choice,
 Quot.sound]
⚠ [4138/4386] Replayed AutoSamplingTheory.ExampleCases.ProximalBPS.ActualHarmonicFlow
warning: AutoSamplingTheory/ExampleCases/ProximalBPS/ActualHarmonicFlow.lean:24:5: Variable name `hα` is not explicitly referenced.

Hint: The binding can be removed (if unused) or named `_` (if used implicitly). Alternatively, prefix the name with `_` to silence this warning:
  [apply] _hα

Note: This linter can be disabled with `set_option linter.unusedVariables false`
warning: AutoSamplingTheory/ExampleCases/ProximalBPS/ActualHarmonicFlow.lean:24:24: Variable name `hαβ` is not explicitly referenced.

Hint: The binding can be removed (if unused) or named `_` (if used implicitly). Alternatively, prefix the name with `_` to silence this warning:
  [apply] _hαβ

Note: This linter can be disabled with `set_option linter.unusedVariables false`
warning: AutoSamplingTheory/ExampleCases/ProximalBPS/ActualHarmonicFlow.lean:24:38: Variable name `hV` is not explicitly referenced.

Hint: The binding can be removed (if unused) or named `_` (if used implicitly). Alternatively, prefix the name with `_` to silence this warning:
  [apply] _hV

Note: This linter can be disabled with `set_option linter.unusedVariables false`
warning: AutoSamplingTheory/ExampleCases/ProximalBPS/ActualHarmonicFlow.lean:25:5: Variable name `hH` is not explicitly referenced.

Hint: The binding can be removed (if unused) or named `_` (if used implicitly). Alternatively, prefix the name with `_` to silence this warning:
  [apply] _hH

Note: This linter can be disabled with `set_option linter.unusedVariables false`
warning: AutoSamplingTheory/ExampleCases/ProximalBPS/ActualHarmonicFlow.lean:28:5: Variable name `hη` is not explicitly referenced.

Hint: The binding can be removed (if unused) or named `_` (if used implicitly). Alternatively, prefix the name with `_` to silence this warning:
  [apply] _hη

Note: This linter can be disabled with `set_option linter.unusedVariables false`
warning: AutoSamplingTheory/ExampleCases/ProximalBPS/ActualHarmonicFlow.lean:28:18: Variable name `hβη` is not explicitly referenced.

Hint: The binding can be removed (if unused) or named `_` (if used implicitly). Alternatively, prefix the name with `_` to silence this warning:
  [apply] _hβη

Note: This linter can be disabled with `set_option linter.unusedVariables false`
warning: AutoSamplingTheory/ExampleCases/ProximalBPS/ActualHarmonicFlow.lean:140:51: this tactic is never executed

Note: This linter can be disabled with `set_option linter.unreachableTactic false`
warning: AutoSamplingTheory/ExampleCases/ProximalBPS/ActualHarmonicFlow.lean:140:51: Unused tactic linter: `ring` does nothing

Note: This linter can be disabled with `set_option linter.unusedTactic false`
info: AutoSamplingTheory/ExampleCases/ProximalBPS/ActualHarmonicFlow.lean:178:0: 'AutoSamplingTheory.ExampleCases.ProximalBPS.ActualHarmonicFlow.actual_harmonic_flow_laws' depends on axioms: [propext,
 Classical.choice,
 Quot.sound]
⚠ [4139/4386] Replayed AutoSamplingTheory.TechnicalLemmas.Analysis.HilbertCorrectorBound
warning: AutoSamplingTheory/TechnicalLemmas/Analysis/HilbertCorrectorBound.lean:31:15: `ContinuousLinearMap.add_apply` has been deprecated: Use `add_apply` instead

Note: The updated constant is in a different namespace. Dot notation may need to be changed (e.g., from `x.add_apply` to `add_apply x`).
warning: AutoSamplingTheory/TechnicalLemmas/Analysis/HilbertCorrectorBound.lean:31:46: `ContinuousLinearMap.one_apply` has been deprecated: Use `one_apply_eq_self` instead

Note: The updated constant is in a different namespace. Dot notation may need to be changed (e.g., from `x.one_apply` to `one_apply_eq_self x`).
warning: AutoSamplingTheory/TechnicalLemmas/Analysis/HilbertCorrectorBound.lean:32:6: `ContinuousLinearMap.mul_apply` has been deprecated: Use `mul_apply_eq_comp` instead

Note: The updated constant is in a different namespace. Dot notation may need to be changed (e.g., from `x.mul_apply` to `mul_apply_eq_comp x`).
info: AutoSamplingTheory/TechnicalLemmas/Analysis/HilbertCorrectorBound.lean:86:0: 'AutoSamplingTheory.TechnicalLemmas.Analysis.HilbertCorrectorBound.quadratic_corrector_bound_of_square_identity' depends on axioms: [propext,
 Classical.choice,
 Quot.sound]
⚠ [4140/4386] Replayed AutoSamplingTheory.ExampleCases.ProximalBPS.SharpCorrectorEnergy
warning: AutoSamplingTheory/ExampleCases/ProximalBPS/SharpCorrectorEnergy.lean:22:5: Variable name `hα` is not explicitly referenced.

Hint: The binding can be removed (if unused) or named `_` (if used implicitly). Alternatively, prefix the name with `_` to silence this warning:
  [apply] _hα

Note: This linter can be disabled with `set_option linter.unusedVariables false`
warning: AutoSamplingTheory/ExampleCases/ProximalBPS/SharpCorrectorEnergy.lean:22:24: Variable name `hαβ` is not explicitly referenced.

Hint: The binding can be removed (if unused) or named `_` (if used implicitly). Alternatively, prefix the name with `_` to silence this warning:
  [apply] _hαβ

Note: This linter can be disabled with `set_option linter.unusedVariables false`
warning: AutoSamplingTheory/ExampleCases/ProximalBPS/SharpCorrectorEnergy.lean:22:38: Variable name `hV` is not explicitly referenced.

Hint: The binding can be removed (if unused) or named `_` (if used implicitly). Alternatively, prefix the name with `_` to silence this warning:
  [apply] _hV

Note: This linter can be disabled with `set_option linter.unusedVariables false`
warning: AutoSamplingTheory/ExampleCases/ProximalBPS/SharpCorrectorEnergy.lean:23:5: Variable name `hH` is not explicitly referenced.

Hint: The binding can be removed (if unused) or named `_` (if used implicitly). Alternatively, prefix the name with `_` to silence this warning:
  [apply] _hH

Note: This linter can be disabled with `set_option linter.unusedVariables false`
warning: AutoSamplingTheory/ExampleCases/ProximalBPS/SharpCorrectorEnergy.lean:26:5: Variable name `hη` is not explicitly referenced.

Hint: The binding can be removed (if unused) or named `_` (if used implicitly). Alternatively, prefix the name with `_` to silence this warning:
  [apply] _hη

Note: This linter can be disabled with `set_option linter.unusedVariables false`
warning: AutoSamplingTheory/ExampleCases/ProximalBPS/SharpCorrectorEnergy.lean:26:18: Variable name `hβη` is not explicitly referenced.

Hint: The binding can be removed (if unused) or named `_` (if used implicitly). Alternatively, prefix the name with `_` to silence this warning:
  [apply] _hβη

Note: This linter can be disabled with `set_option linter.unusedVariables false`
warning: AutoSamplingTheory/ExampleCases/ProximalBPS/SharpCorrectorEnergy.lean:144:2: Try this: 
  letI̵

The goal is a proposition, so `let` is preferred over `letI`.
The difference between `let` and `letI` is that `letI` inlines the value.
But this is not relevant for proofs because of proof irrelevance.

Note: This linter can be disabled with `set_option linter.style.haveILetI false`
warning: AutoSamplingTheory/ExampleCases/ProximalBPS/SharpCorrectorEnergy.lean:145:2: Try this: 
  letI̵

The goal is a proposition, so `let` is preferred over `letI`.
The difference between `let` and `letI` is that `letI` inlines the value.
But this is not relevant for proofs because of proof irrelevance.

Note: This linter can be disabled with `set_option linter.style.haveILetI false`
warning: AutoSamplingTheory/ExampleCases/ProximalBPS/SharpCorrectorEnergy.lean:147:2: Try this: 
  letI̵

The goal is a proposition, so `let` is preferred over `letI`.
The difference between `let` and `letI` is that `letI` inlines the value.
But this is not relevant for proofs because of proof irrelevance.

Note: This linter can be disabled with `set_option linter.style.haveILetI false`
warning: AutoSamplingTheory/ExampleCases/ProximalBPS/SharpCorrectorEnergy.lean:148:2: Try this: 
  letI̵

The goal is a proposition, so `let` is preferred over `letI`.
The difference between `let` and `letI` is that `letI` inlines the value.
But this is not relevant for proofs because of proof irrelevance.

Note: This linter can be disabled with `set_option linter.style.haveILetI false`
warning: AutoSamplingTheory/ExampleCases/ProximalBPS/SharpCorrectorEnergy.lean:279:2: Try this: 
  letI̵

The goal is a proposition, so `let` is preferred over `letI`.
The difference between `let` and `letI` is that `letI` inlines the value.
But this is not relevant for proofs because of proof irrelevance.

Note: This linter can be disabled with `set_option linter.style.haveILetI false`
warning: AutoSamplingTheory/ExampleCases/ProximalBPS/SharpCorrectorEnergy.lean:280:2: Try this: 
  letI̵

The goal is a proposition, so `let` is preferred over `letI`.
The difference between `let` and `letI` is that `letI` inlines the value.
But this is not relevant for proofs because of proof irrelevance.

Note: This linter can be disabled with `set_option linter.style.haveILetI false`
warning: AutoSamplingTheory/ExampleCases/ProximalBPS/SharpCorrectorEnergy.lean:281:2: Try this: 
  letI̵

The goal is a proposition, so `let` is preferred over `letI`.
The difference between `let` and `letI` is that `letI` inlines the value.
But this is not relevant for proofs because of proof irrelevance.

Note: This linter can be disabled with `set_option linter.style.haveILetI false`
warning: AutoSamplingTheory/ExampleCases/ProximalBPS/SharpCorrectorEnergy.lean:283:2: Try this: 
  letI̵

The goal is a proposition, so `let` is preferred over `letI`.
The difference between `let` and `letI` is that `letI` inlines the value.
But this is not relevant for proofs because of proof irrelevance.

Note: This linter can be disabled with `set_option linter.style.haveILetI false`
warning: AutoSamplingTheory/ExampleCases/ProximalBPS/SharpCorrectorEnergy.lean:284:2: Try this: 
  letI̵

The goal is a proposition, so `let` is preferred over `letI`.
The difference between `let` and `letI` is that `letI` inlines the value.
But this is not relevant for proofs because of proof irrelevance.

Note: This linter can be disabled with `set_option linter.style.haveILetI false`
warning: AutoSamplingTheory/ExampleCases/ProximalBPS/SharpCorrectorEnergy.lean:285:2: Try this: 
  letI̵

The goal is a proposition, so `let` is preferred over `letI`.
The difference between `let` and `letI` is that `letI` inlines the value.
But this is not relevant for proofs because of proof irrelevance.

Note: This linter can be disabled with `set_option linter.style.haveILetI false`
info: AutoSamplingTheory/ExampleCases/ProximalBPS/SharpCorrectorEnergy.lean:418:0: 'AutoSamplingTheory.ExampleCases.ProximalBPS.SharpCorrectorEnergy.actual_sharp_corrector_bound' depends on axioms: [propext,
 Classical.choice,
 Quot.sound]
⚠ [8972/9403] Replayed AutoSamplingTheory.TechnicalLemmas.Measure.ProbabilityCouplingCompactness
warning: AutoSamplingTheory/TechnicalLemmas/Measure/ProbabilityCouplingCompactness.lean:89:0: automatically included section variable(s) unused in theorem `AutoSamplingTheory.TechnicalLemmas.Measure.ProbabilityCouplingCompactness.isClosed_probabilityCouplingSet`:
  [SecondCountableTopology X]
consider restructuring your `variable` declarations so that the variables are not in scope or explicitly omit them:
  omit [SecondCountableTopology X] in theorem ...

Note: This linter can be disabled with `set_option linter.unusedSectionVars false`
⚠ [9020/9403] Replayed AutoSamplingTheory.SALD
warning: AutoSamplingTheory/SALD.lean:6615:8: Overlapping instance parameters in `generalMovingTargetDiscreteCanonicalBarBWeakConditionalFpNamedLawDerivativeOfDominated`:

⚠️ `[NormedSpace ℝ Vec]` and `[InnerProductSpace ℝ Vec]` can be used to infer conflicting versions of `[SMul ℝ Vec]`.
💡️ Of these, `[NormedSpace ℝ Vec]` may be removed.

When a data-carrying type class has multiple potential instances coming from different instance parameters, then these potential instances are incompatible. This is an example of an "instance diamond", which leads to unexpected unification failures.

Delete or combine some of your instance parameters to avoid this.

Note: This linter can be disabled with `set_option linter.overlappingInstances false`
warning: AutoSamplingTheory/SALD.lean:6795:8: Overlapping instance parameters in `generalMovingTargetDiscreteCanonicalBarBWeakConditionalFpNamedLawDerivativeOfEmIntervalDominated`:

⚠️ `[NormedSpace ℝ Vec]` and `[InnerProductSpace ℝ Vec]` can be used to infer conflicting versions of `[SMul ℝ Vec]`.
💡️ Of these, `[NormedSpace ℝ Vec]` may be removed.

When a data-carrying type class has multiple potential instances coming from different instance parameters, then these potential instances are incompatible. This is an example of an "instance diamond", which leads to unexpected unification failures.

Delete or combine some of your instance parameters to avoid this.

Note: This linter can be disabled with `set_option linter.overlappingInstances false`
warning: AutoSamplingTheory/SALD.lean:6944:8: Overlapping instance parameters in `generalMovingTargetDiscreteCanonicalBarBWeakConditionalFpNamedLawDerivativeOfEmIntervalMeasDominated`:

⚠️ `[NormedSpace ℝ Vec]` and `[InnerProductSpace ℝ Vec]` can be used to infer conflicting versions of `[SMul ℝ Vec]`.
💡️ Of these, `[NormedSpace ℝ Vec]` may be removed.

When a data-carrying type class has multiple potential instances coming from different instance parameters, then these potential instances are incompatible. This is an example of an "instance diamond", which leads to unexpected unification failures.

Delete or combine some of your instance parameters to avoid this.

Note: This linter can be disabled with `set_option linter.overlappingInstances false`
warning: AutoSamplingTheory/SALD.lean:7092:8: Overlapping instance parameters in `generalMovingTargetDiscreteCanonicalBarBWeakConditionalFpNamedLawDerivativeOfEmIntervalMeasIntDominated`:

⚠️ `[NormedSpace ℝ Vec]` and `[InnerProductSpace ℝ Vec]` can be used to infer conflicting versions of `[SMul ℝ Vec]`.
💡️ Of these, `[NormedSpace ℝ Vec]` may be removed.

When a data-carrying type class has multiple potential instances coming from different instance parameters, then these potential instances are incompatible. This is an example of an "instance diamond", which leads to unexpected unification failures.

Delete or combine some of your instance parameters to avoid this.

Note: This linter can be disabled with `set_option linter.overlappingInstances false`
warning: AutoSamplingTheory/SALD.lean:7238:8: Overlapping instance parameters in `generalMovingTargetDiscreteCanonicalBarBWeakConditionalFpNamedLawDerivativeOfEmIntervalMeasIntDerivMeasDominated`:

⚠️ `[NormedSpace ℝ Vec]` and `[InnerProductSpace ℝ Vec]` can be used to infer conflicting versions of `[SMul ℝ Vec]`.
💡️ Of these, `[NormedSpace ℝ Vec]` may be removed.

When a data-carrying type class has multiple potential instances coming from different instance parameters, then these potential instances are incompatible. This is an example of an "instance diamond", which leads to unexpected unification failures.

Delete or combine some of your instance parameters to avoid this.

Note: This linter can be disabled with `set_option linter.overlappingInstances false`
warning: AutoSamplingTheory/SALD.lean:7387:8: Overlapping instance parameters in `generalMovingTargetDiscreteCanonicalBarBWeakConditionalFpNamedLawDerivativeOfEmIntervalMeasIntDerivMeasBoundDominated`:

⚠️ `[NormedSpace ℝ Vec]` and `[InnerProductSpace ℝ Vec]` can be used to infer conflicting versions of `[SMul ℝ Vec]`.
💡️ Of these, `[NormedSpace ℝ Vec]` may be removed.

When a data-carrying type class has multiple potential instances coming from different instance parameters, then these potential instances are incompatible. This is an example of an "instance diamond", which leads to unexpected unification failures.

Delete or combine some of your instance parameters to avoid this.

Note: This linter can be disabled with `set_option linter.overlappingInstances false`
warning: AutoSamplingTheory/SALD.lean:7547:8: Overlapping instance parameters in `generalMovingTargetDiscreteCanonicalBarBWeakConditionalFpNamedLawDerivativeOfEmIntervalMeasIntDerivMeasBoundIntDominated`:

⚠️ `[NormedSpace ℝ Vec]` and `[InnerProductSpace ℝ Vec]` can be used to infer conflicting versions of `[SMul ℝ Vec]`.
💡️ Of these, `[NormedSpace ℝ Vec]` may be removed.

When a data-carrying type class has multiple potential instances coming from different instance parameters, then these potential instances are incompatible. This is an example of an "instance diamond", which leads to unexpected unification failures.

Delete or combine some of your instance parameters to avoid this.

Note: This linter can be disabled with `set_option linter.overlappingInstances false`
warning: AutoSamplingTheory/SALD.lean:7715:8: Overlapping instance parameters in `generalMovingTargetDiscreteCanonicalBarBWeakConditionalFpNamedLawDerivativeOfEmIntervalMeasIntDerivMeasBoundIntPathDominated`:

⚠️ `[NormedSpace ℝ Vec]` and `[InnerProductSpace ℝ Vec]` can be used to infer conflicting versions of `[SMul ℝ Vec]`.
💡️ Of these, `[NormedSpace ℝ Vec]` may be removed.

When a data-carrying type class has multiple potential instances coming from different instance parameters, then these potential instances are incompatible. This is an example of an "instance diamond", which leads to unexpected unification failures.

Delete or combine some of your instance parameters to avoid this.

Note: This linter can be disabled with `set_option linter.overlappingInstances false`
warning: AutoSamplingTheory/SALD.lean:7876:8: Overlapping instance parameters in `generalMovingTargetDiscreteCanonicalBarBWeakConditionalFpNamedLawDerivativeOfEmIntervalMeasIntDerivMeasBoundIntPathValueDominated`:

⚠️ `[NormedSpace ℝ Vec]` and `[InnerProductSpace ℝ Vec]` can be used to infer conflicting versions of `[SMul ℝ Vec]`.
💡️ Of these, `[NormedSpace ℝ Vec]` may be removed.

When a data-carrying type class has multiple potential instances coming from different instance parameters, then these potential instances are incompatible. This is an example of an "instance diamond", which leads to unexpected unification failures.

Delete or combine some of your instance parameters to avoid this.

Note: This linter can be disabled with `set_option linter.overlappingInstances false`
warning: AutoSamplingTheory/SALD.lean:8047:8: Overlapping instance parameters in `generalMovingTargetDiscreteCanonicalBarBWeakConditionalFpNamedLawDerivativeOfEmIntervalMeasIntDerivMeasBoundIntPathValueDriftActionDominated`:

⚠️ `[NormedSpace ℝ Vec]` and `[InnerProductSpace ℝ Vec]` can be used to infer conflicting versions of `[SMul ℝ Vec]`.
💡️ Of these, `[NormedSpace ℝ Vec]` may be removed.

When a data-carrying type class has multiple potential instances coming from different instance parameters, then these potential instances are incompatible. This is an example of an "instance diamond", which leads to unexpected unification failures.

Delete or combine some of your instance parameters to avoid this.

Note: This linter can be disabled with `set_option linter.overlappingInstances false`
warning: AutoSamplingTheory/SALD.lean:8319:8: Overlapping instance parameters in `generalMovingTargetDiscreteCanonicalBarBWeakConditionalFpNamedLawDerivativeOfEmIntervalMeasIntDerivMeasBoundIntPathValueDriftActionPairMeasDominated`:

⚠️ `[NormedSpace ℝ Vec]` and `[InnerProductSpace ℝ Vec]` can be used to infer conflicting versions of `[SMul ℝ Vec]`.
💡️ Of these, `[NormedSpace ℝ Vec]` may be removed.

When a data-carrying type class has multiple potential instances coming from different instance parameters, then these potential instances are incompatible. This is an example of an "instance diamond", which leads to unexpected unification failures.

Delete or combine some of your instance parameters to avoid this.

Note: This linter can be disabled with `set_option linter.overlappingInstances false`
warning: AutoSamplingTheory/SALD.lean:8534:8: Overlapping instance parameters in `generalMovingTargetDiscreteCanonicalBarBWeakConditionalFpNamedLawDerivativeOfEmIntervalMeasIntDerivMeasBoundIntPathValueDriftActionPairMeasNoBoundaryTraceDominated`:

⚠️ `[NormedSpace ℝ Vec]` and `[InnerProductSpace ℝ Vec]` can be used to infer conflicting versions of `[SMul ℝ Vec]`.
💡️ Of these, `[NormedSpace ℝ Vec]` may be removed.

When a data-carrying type class has multiple potential instances coming from different instance parameters, then these potential instances are incompatible. This is an example of an "instance diamond", which leads to unexpected unification failures.

Delete or combine some of your instance parameters to avoid this.

Note: This linter can be disabled with `set_option linter.overlappingInstances false`
warning: AutoSamplingTheory/SALD.lean:8796:8: Overlapping instance parameters in `generalMovingTargetDiscreteCanonicalBarBWeakConditionalFpNamedLawDerivativeOfEmIntervalMeasIntDerivMeasBoundIntPathValueDriftActionPairMeasNoBoundaryTraceCanonicalMeasDominated`:

⚠️ `[NormedSpace ℝ Vec]` and `[InnerProductSpace ℝ Vec]` can be used to infer conflicting versions of `[SMul ℝ Vec]`.
💡️ Of these, `[NormedSpace ℝ Vec]` may be removed.

When a data-carrying type class has multiple potential instances coming from different instance parameters, then these potential instances are incompatible. This is an example of an "instance diamond", which leads to unexpected unification failures.

Delete or combine some of your instance parameters to avoid this.

Note: This linter can be disabled with `set_option linter.overlappingInstances false`
warning: AutoSamplingTheory/SALD.lean:9028:8: Overlapping instance parameters in `generalMovingTargetDiscreteCanonicalBarBWeakConditionalFpNamedLawDerivativeOfEmIntervalMeasIntDerivMeasBoundIntPathValueDriftActionPairMeasNoBoundaryTraceCanonicalMeasDiffusionSourceDominated`:

⚠️ `[NormedSpace ℝ Vec]` and `[InnerProductSpace ℝ Vec]` can be used to infer conflicting versions of `[SMul ℝ Vec]`.
💡️ Of these, `[NormedSpace ℝ Vec]` may be removed.

When a data-carrying type class has multiple potential instances coming from different instance parameters, then these potential instances are incompatible. This is an example of an "instance diamond", which leads to unexpected unification failures.

Delete or combine some of your instance parameters to avoid this.

Note: This linter can be disabled with `set_option linter.overlappingInstances false`
⚠ [9037/9403] Replayed AutoSamplingTheory.TechnicalLemmas.Analysis.PrefixIntegral
warning: AutoSamplingTheory/TechnicalLemmas/Analysis/PrefixIntegral.lean:58:2: Unused tactic linter: `change
  ∫ s, f s ∂((TimeMeasure.upTo T₁).restrict (Iio t)) = ∫ s, f s ∂((TimeMeasure.upTo T₂).restrict (Iio t))` does nothing

Note: This linter can be disabled with `set_option linter.unusedTactic false`
warning: AutoSamplingTheory/TechnicalLemmas/Analysis/PrefixIntegral.lean:89:4: try 'simp' instead of 'simpa'

Note: This linter can be disabled with `set_option linter.unnecessarySimpa false`
⚠ [9057/9403] Replayed AutoSamplingTheory.TechnicalLemmas.InformationTheory.CanonicalKLDissipation
warning: AutoSamplingTheory/TechnicalLemmas/InformationTheory/CanonicalKLDissipation.lean:85:0: automatically included section variable(s) unused in theorem `AutoSamplingTheory.TechnicalLemmas.InformationTheory.CanonicalKLDissipation.kl_hasDerivAt_integral_rhoDot_mul_logRatio`:
  [Fintype ι]
consider restructuring your `variable` declarations so that the variables are not in scope or explicitly omit them:
  omit [Fintype ι] in theorem ...

Note: This linter can be disabled with `set_option linter.unusedSectionVars false`
⚠ [9060/9403] Replayed AutoSamplingTheory.TechnicalLemmas.InformationTheory.GeodesicFisherTransport
warning: AutoSamplingTheory/TechnicalLemmas/InformationTheory/GeodesicFisherTransport.lean:52:49: Variable name `hdistance` is not explicitly referenced.

Hint: The binding can be removed (if unused) or named `_` (if used implicitly). Alternatively, prefix the name with `_` to silence this warning:
  [apply] _hdistance

Note: This linter can be disabled with `set_option linter.unusedVariables false`
⚠ [9067/9403] Replayed AutoSamplingTheory.TechnicalLemmas.Measure.CommonMass
warning: AutoSamplingTheory/TechnicalLemmas/Measure/CommonMass.lean:53:13: This simp argument is unused:
  mul_assoc

Hint: Omit it from the simp argument list.
  [apply] simp [hne]

Note: This linter can be disabled with `set_option linter.unusedSimpArgs false`
warning: AutoSamplingTheory/TechnicalLemmas/Measure/CommonMass.lean:69:5: Variable name `hmass` is not explicitly referenced.

Hint: The binding can be removed (if unused) or named `_` (if used implicitly). Alternatively, prefix the name with `_` to silence this warning:
  [apply] _hmass

Note: This linter can be disabled with `set_option linter.unusedVariables false`
⚠ [9080/9403] Replayed AutoSamplingTheory.TechnicalLemmas.Measure.DisplacementInterpolationCost
warning: AutoSamplingTheory/TechnicalLemmas/Measure/DisplacementInterpolationCost.lean:39:0: automatically included section variable(s) unused in theorem `AutoSamplingTheory.TechnicalLemmas.Measure.DisplacementInterpolationCost.pointMap_sub_pointMap`:
  [FiniteDimensional ℝ E]
  [MeasurableSpace E]
  [BorelSpace E]
consider restructuring your `variable` declarations so that the variables are not in scope or explicitly omit them:
  omit [FiniteDimensional ℝ E] [MeasurableSpace E] [BorelSpace E] in theorem ...

Note: This linter can be disabled with `set_option linter.unusedSectionVars false`
⚠ [9081/9403] Replayed AutoSamplingTheory.TechnicalLemmas.Measure.WassersteinFiniteSecondMoment
warning: AutoSamplingTheory/TechnicalLemmas/Measure/WassersteinFiniteSecondMoment.lean:29:0: automatically included section variable(s) unused in theorem `AutoSamplingTheory.TechnicalLemmas.Measure.WassersteinFiniteSecondMoment.integrable_norm_sq_fst_prod`:
  [BorelSpace E]
consider restructuring your `variable` declarations so that the variables are not in scope or explicitly omit them:
  omit [BorelSpace E] in theorem ...

Note: This linter can be disabled with `set_option linter.unusedSectionVars false`
warning: AutoSamplingTheory/TechnicalLemmas/Measure/WassersteinFiniteSecondMoment.lean:38:0: automatically included section variable(s) unused in theorem `AutoSamplingTheory.TechnicalLemmas.Measure.WassersteinFiniteSecondMoment.integrable_norm_sq_snd_prod`:
  [BorelSpace E]
consider restructuring your `variable` declarations so that the variables are not in scope or explicitly omit them:
  omit [BorelSpace E] in theorem ...

Note: This linter can be disabled with `set_option linter.unusedSectionVars false`
warning: AutoSamplingTheory/TechnicalLemmas/Measure/WassersteinFiniteSecondMoment.lean:107:2: Try this: 
  letI̵

The goal is a proposition, so `let` is preferred over `letI`.
The difference between `let` and `letI` is that `letI` inlines the value.
But this is not relevant for proofs because of proof irrelevance.

Note: This linter can be disabled with `set_option linter.style.haveILetI false`
warning: AutoSamplingTheory/TechnicalLemmas/Measure/WassersteinFiniteSecondMoment.lean:108:2: Try this: 
  letI̵

The goal is a proposition, so `let` is preferred over `letI`.
The difference between `let` and `letI` is that `letI` inlines the value.
But this is not relevant for proofs because of proof irrelevance.

Note: This linter can be disabled with `set_option linter.style.haveILetI false`
⚠ [9084/9403] Replayed AutoSamplingTheory.TechnicalLemmas.Measure.DisplacementInterpolationConstantSpeed
warning: AutoSamplingTheory/TechnicalLemmas/Measure/DisplacementInterpolationConstantSpeed.lean:42:2: Try this: 
  letI̵

The goal is a proposition, so `let` is preferred over `letI`.
The difference between `let` and `letI` is that `letI` inlines the value.
But this is not relevant for proofs because of proof irrelevance.

Note: This linter can be disabled with `set_option linter.style.haveILetI false`
warning: AutoSamplingTheory/TechnicalLemmas/Measure/DisplacementInterpolationConstantSpeed.lean:37:0: automatically included section variable(s) unused in theorem `AutoSamplingTheory.TechnicalLemmas.Measure.DisplacementInterpolationConstantSpeed.isProbabilityMeasure_displacementInterpolation`:
  [SecondCountableTopology E]
  [StandardBorelSpace E]
  [Nonempty E]
consider restructuring your `variable` declarations so that the variables are not in scope or explicitly omit them:
  omit [SecondCountableTopology E] [StandardBorelSpace E] [Nonempty E] in theorem ...

Note: This linter can be disabled with `set_option linter.unusedSectionVars false`
warning: AutoSamplingTheory/TechnicalLemmas/Measure/DisplacementInterpolationConstantSpeed.lean:49:0: automatically included section variable(s) unused in theorem `AutoSamplingTheory.TechnicalLemmas.Measure.DisplacementInterpolationConstantSpeed.wassersteinDistance_interpolation_le`:
  [SecondCountableTopology E]
  [StandardBorelSpace E]
  [Nonempty E]
consider restructuring your `variable` declarations so that the variables are not in scope or explicitly omit them:
  omit [SecondCountableTopology E] [StandardBorelSpace E] [Nonempty E] in theorem ...

Note: This linter can be disabled with `set_option linter.unusedSectionVars false`
warning: AutoSamplingTheory/TechnicalLemmas/Measure/DisplacementInterpolationConstantSpeed.lean:102:2: Try this: 
  letI̵

The goal is a proposition, so `let` is preferred over `letI`.
The difference between `let` and `letI` is that `letI` inlines the value.
But this is not relevant for proofs because of proof irrelevance.

Note: This linter can be disabled with `set_option linter.style.haveILetI false`
warning: AutoSamplingTheory/TechnicalLemmas/Measure/DisplacementInterpolationConstantSpeed.lean:103:2: Try this: 
  letI̵

The goal is a proposition, so `let` is preferred over `letI`.
The difference between `let` and `letI` is that `letI` inlines the value.
But this is not relevant for proofs because of proof irrelevance.

Note: This linter can be disabled with `set_option linter.style.haveILetI false`
warning: AutoSamplingTheory/TechnicalLemmas/Measure/DisplacementInterpolationConstantSpeed.lean:106:2: Try this: 
  letI̵

The goal is a proposition, so `let` is preferred over `letI`.
The difference between `let` and `letI` is that `letI` inlines the value.
But this is not relevant for proofs because of proof irrelevance.

Note: This linter can be disabled with `set_option linter.style.haveILetI false`
warning: AutoSamplingTheory/TechnicalLemmas/Measure/DisplacementInterpolationConstantSpeed.lean:109:2: Try this: 
  letI̵

The goal is a proposition, so `let` is preferred over `letI`.
The difference between `let` and `letI` is that `letI` inlines the value.
But this is not relevant for proofs because of proof irrelevance.

Note: This linter can be disabled with `set_option linter.style.haveILetI false`
⚠ [9085/9403] Replayed AutoSamplingTheory.TechnicalLemmas.Measure.WassersteinSymmetry
warning: AutoSamplingTheory/TechnicalLemmas/Measure/WassersteinSymmetry.lean:32:0: automatically included section variable(s) unused in theorem `AutoSamplingTheory.TechnicalLemmas.Measure.WassersteinSymmetry.measurable_swapPair`:
  [NormedAddCommGroup E]
  [BorelSpace E]
  [SecondCountableTopology E]
consider restructuring your `variable` declarations so that the variables are not in scope or explicitly omit them:
  omit [NormedAddCommGroup E] [BorelSpace E] [SecondCountableTopology E] in theorem ...

Note: This linter can be disabled with `set_option linter.unusedSectionVars false`
⚠ [9087/9403] Replayed AutoSamplingTheory.TechnicalLemmas.Measure.DisplacementPotentialEnergy
warning: AutoSamplingTheory/TechnicalLemmas/Measure/DisplacementPotentialEnergy.lean:34:0: automatically included section variable(s) unused in theorem `AutoSamplingTheory.TechnicalLemmas.Measure.DisplacementPotentialEnergy.potential_pointMap_le`:
  [FiniteDimensional ℝ E]
  [MeasurableSpace E]
  [BorelSpace E]
consider restructuring your `variable` declarations so that the variables are not in scope or explicitly omit them:
  omit [FiniteDimensional ℝ E] [MeasurableSpace E] [BorelSpace E] in theorem ...

Note: This linter can be disabled with `set_option linter.unusedSectionVars false`
⚠ [9088/9403] Replayed AutoSamplingTheory.TechnicalLemmas.Measure.DisplacementRealQuadraticCost
warning: AutoSamplingTheory/TechnicalLemmas/Measure/DisplacementRealQuadraticCost.lean:38:0: automatically included section variable(s) unused in theorem `AutoSamplingTheory.TechnicalLemmas.Measure.DisplacementRealQuadraticCost.ofReal_integral_norm_sq_eq_lintegral_quadraticCost`:
  [InnerProductSpace ℝ E]
  [FiniteDimensional ℝ E]
  [BorelSpace E]
consider restructuring your `variable` declarations so that the variables are not in scope or explicitly omit them:
  omit [InnerProductSpace ℝ E] [FiniteDimensional ℝ E] [BorelSpace E] in theorem ...

Note: This linter can be disabled with `set_option linter.unusedSectionVars false`
⚠ [9089/9403] Replayed AutoSamplingTheory.TechnicalLemmas.Measure.DisplacementJacobianEntropy
warning: AutoSamplingTheory/TechnicalLemmas/Measure/DisplacementJacobianEntropy.lean:163:4: try 'simp' instead of 'simpa'

Note: This linter can be disabled with `set_option linter.unnecessarySimpa false`
⚠ [9094/9403] Replayed AutoSamplingTheory.TechnicalLemmas.Measure.DisplacementDerivativeMatrix
warning: AutoSamplingTheory/TechnicalLemmas/Measure/DisplacementDerivativeMatrix.lean:42:66: This simp argument is unused:
  Matrix.one_apply

Hint: Omit it from the simp argument list.
  [apply] simp [affineDisplacementDerivative, LinearMap.toMatrix_apply, hij]

Note: This linter can be disabled with `set_option linter.unusedSimpArgs false`
⚠ [9099/9403] Replayed AutoSamplingTheory.TechnicalLemmas.Measure.DisplacementPositiveOperator
warning: AutoSamplingTheory/TechnicalLemmas/Measure/DisplacementPositiveOperator.lean:44:0: automatically included section variable(s) unused in theorem `AutoSamplingTheory.TechnicalLemmas.Measure.DisplacementPositiveOperator.toMatrix_posSemidef_of_isPositive`:
  [FiniteDimensional ℝ E]
  [MeasurableSpace E]
  [BorelSpace E]
consider restructuring your `variable` declarations so that the variables are not in scope or explicitly omit them:
  omit [FiniteDimensional ℝ E] [MeasurableSpace E] [BorelSpace E] in theorem ...

Note: This linter can be disabled with `set_option linter.unusedSectionVars false`
⚠ [9108/9403] Replayed AutoSamplingTheory.TechnicalLemmas.Measure.QuadraticOptimalMap
warning: AutoSamplingTheory/TechnicalLemmas/Measure/QuadraticOptimalMap.lean:45:4: try 'simp' instead of 'simpa'

Note: This linter can be disabled with `set_option linter.unnecessarySimpa false`
⚠ [9113/9403] Replayed AutoSamplingTheory.TechnicalLemmas.Measure.DisplacementInterpolationP2ConstantSpeed
warning: AutoSamplingTheory/TechnicalLemmas/Measure/DisplacementInterpolationP2ConstantSpeed.lean:48:2: Try this: 
  letI̵

The goal is a proposition, so `let` is preferred over `letI`.
The difference between `let` and `letI` is that `letI` inlines the value.
But this is not relevant for proofs because of proof irrelevance.

Note: This linter can be disabled with `set_option linter.style.haveILetI false`
warning: AutoSamplingTheory/TechnicalLemmas/Measure/DisplacementInterpolationP2ConstantSpeed.lean:51:2: Try this: 
  letI̵

The goal is a proposition, so `let` is preferred over `letI`.
The difference between `let` and `letI` is that `letI` inlines the value.
But this is not relevant for proofs because of proof irrelevance.

Note: This linter can be disabled with `set_option linter.style.haveILetI false`
⚠ [9119/9403] Replayed AutoSamplingTheory.TechnicalLemmas.Probability.NormalizedFiniteMeasure
warning: AutoSamplingTheory/TechnicalLemmas/Probability/NormalizedFiniteMeasure.lean:27:0: automatically included section variable(s) unused in theorem `AutoSamplingTheory.TechnicalLemmas.Probability.NormalizedFiniteMeasure.compl_null_of_toMeasure_le_restrict`:
  [Nonempty X]
consider restructuring your `variable` declarations so that the variables are not in scope or explicitly omit them:
  omit [Nonempty X] in theorem ...

Note: This linter can be disabled with `set_option linter.unusedSectionVars false`
⚠ [9135/9403] Replayed AutoSamplingTheory.TechnicalLemmas.StochasticProcesses.GaussianFourthMoment
warning: AutoSamplingTheory/TechnicalLemmas/StochasticProcesses/GaussianFourthMoment.lean:84:10: This simp argument is unused:
  deriv_fun_add

Hint: Omit it from the simp argument list.
  [apply] simp only [deriv_div_const, differentiableAt_const, differentiableAt_fun_id, Nat.cast_ofNat,
    DifferentiableAt.fun_pow, deriv_fun_mul, deriv_const', zero_mul, deriv_fun_pow, Nat.add_one_sub_one, pow_one,
    deriv_id'', mul_one, zero_add]

Note: This linter can be disabled with `set_option linter.unusedSimpArgs false`
⚠ [9137/9403] Replayed AutoSamplingTheory.TechnicalLemmas.StochasticProcesses.VectorBrownianFiltration
warning: AutoSamplingTheory/TechnicalLemmas/StochasticProcesses/VectorBrownianFiltration.lean:35:0: automatically included section variable(s) unused in theorem `AutoSamplingTheory.TechnicalLemmas.StochasticProcesses.BrownianMotion.IsStandardBrownianMotion.hasIndepIncrements`:
  [CompleteSpace E]
  [BorelSpace E]
consider restructuring your `variable` declarations so that the variables are not in scope or explicitly omit them:
  omit [CompleteSpace E] [BorelSpace E] in theorem ...

Note: This linter can be disabled with `set_option linter.unusedSectionVars false`
⚠ [9141/9403] Replayed AutoSamplingTheory.TechnicalLemmas.StochasticProcesses.EnergyPathContinuity
warning: AutoSamplingTheory/TechnicalLemmas/StochasticProcesses/EnergyPathContinuity.lean:46:4: try 'simp' instead of 'simpa'

Note: This linter can be disabled with `set_option linter.unnecessarySimpa false`
⚠ [9142/9403] Replayed AutoSamplingTheory.TechnicalLemmas.StochasticProcesses.CompletedEnergy
warning: AutoSamplingTheory/TechnicalLemmas/StochasticProcesses/CompletedEnergy.lean:51:5: Variable name `hUsual` is not explicitly referenced.

Hint: The binding can be removed (if unused) or named `_` (if used implicitly). Alternatively, prefix the name with `_` to silence this warning:
  [apply] _hUsual

Note: This linter can be disabled with `set_option linter.unusedVariables false`
⚠ [9149/9403] Replayed AutoSamplingTheory.TechnicalLemmas.StochasticProcesses.CompletedIntegrand
warning: AutoSamplingTheory/TechnicalLemmas/StochasticProcesses/CompletedIntegrand.lean:68:4: try 'simp' instead of 'simpa'

Note: This linter can be disabled with `set_option linter.unnecessarySimpa false`
⚠ [9150/9403] Replayed AutoSamplingTheory.TechnicalLemmas.StochasticProcesses.EnergyStoppedIntegrand
warning: AutoSamplingTheory/TechnicalLemmas/StochasticProcesses/EnergyStoppedIntegrand.lean:144:4: try 'simp' instead of 'simpa'

Note: This linter can be disabled with `set_option linter.unnecessarySimpa false`
⚠ [9152/9403] Replayed AutoSamplingTheory.TechnicalLemmas.StochasticProcesses.CanonicalRawLocalization
warning: AutoSamplingTheory/TechnicalLemmas/StochasticProcesses/CanonicalRawLocalization.lean:171:4: try 'simp' instead of 'simpa'

Note: This linter can be disabled with `set_option linter.unnecessarySimpa false`
warning: AutoSamplingTheory/TechnicalLemmas/StochasticProcesses/CanonicalRawLocalization.lean:175:4: try 'simp' instead of 'simpa'

Note: This linter can be disabled with `set_option linter.unnecessarySimpa false`
⚠ [9153/9403] Replayed AutoSamplingTheory.TechnicalLemmas.StochasticProcesses.CanonicalRawLocalizationL2
warning: AutoSamplingTheory/TechnicalLemmas/StochasticProcesses/CanonicalRawLocalizationL2.lean:40:2: Unused tactic linter: `change
  (∫⁻ t,
      ENNReal.ofReal
        ((Localization.stoppedIntegrand eta.process (fun w => (canonicalRawLocalizingTime hUsual eta n w : WithTop ℝ≥0))
            t omega) ^
          2) ∂(TimeMeasure.nnrealLebesgue.restrict (Icc (0 : ℝ≥0) T))) ≤
    ENNReal.ofReal (n + 1 : ℝ)` does nothing

Note: This linter can be disabled with `set_option linter.unusedTactic false`
⚠ [9166/9403] Replayed AutoSamplingTheory.TechnicalLemmas.StochasticProcesses.ElementaryStoppingTime
warning: AutoSamplingTheory/TechnicalLemmas/StochasticProcesses/ElementaryStoppingTime.lean:66:6: try 'simp' instead of 'simpa'

Note: This linter can be disabled with `set_option linter.unnecessarySimpa false`
⚠ [9186/9403] Replayed AutoSamplingTheory.TechnicalLemmas.StochasticProcesses.DyadicHorizonExtension
warning: AutoSamplingTheory/TechnicalLemmas/StochasticProcesses/DyadicHorizonExtension.lean:69:45: Variable name `hab` is not explicitly referenced.

Hint: The binding can be removed (if unused) or named `_` (if used implicitly). Alternatively, prefix the name with `_` to silence this warning:
  [apply] _hab

Note: This linter can be disabled with `set_option linter.unusedVariables false`
warning: AutoSamplingTheory/TechnicalLemmas/StochasticProcesses/DyadicHorizonExtension.lean:221:35: This simp argument is unused:
  Fin.val_castSucc

Hint: Omit it from the simp argument list.
  [apply] simp only [regularGridTimes, Fin.val_succ, hjval, extensionLevel]

Note: This linter can be disabled with `set_option linter.unusedSimpArgs false`
warning: AutoSamplingTheory/TechnicalLemmas/StochasticProcesses/DyadicHorizonExtension.lean:221:53: This simp argument is unused:
  Fin.val_succ

Hint: Omit it from the simp argument list.
  [apply] simp only [regularGridTimes, Fin.val_castSucc, hjval, extensionLevel]

Note: This linter can be disabled with `set_option linter.unusedSimpArgs false`
warning: AutoSamplingTheory/TechnicalLemmas/StochasticProcesses/DyadicHorizonExtension.lean:221:67: This simp argument is unused:
  hjval

Hint: Omit it from the simp argument list.
  [apply] simp only [regularGridTimes, Fin.val_castSucc, Fin.val_succ, extensionLevel]

Note: This linter can be disabled with `set_option linter.unusedSimpArgs false`
⚠ [9187/9403] Replayed AutoSamplingTheory.TechnicalLemmas.StochasticProcesses.DyadicHorizonIto
warning: AutoSamplingTheory/TechnicalLemmas/StochasticProcesses/DyadicHorizonIto.lean:137:12: try 'simp' instead of 'simpa'

Note: This linter can be disabled with `set_option linter.unnecessarySimpa false`
⚠ [9201/9403] Replayed AutoSamplingTheory.TechnicalLemmas.StochasticProcesses.ProgressiveDriftIntegral
warning: AutoSamplingTheory/TechnicalLemmas/StochasticProcesses/ProgressiveDriftIntegral.lean:70:2: Try this: 
  letI̵

The goal is a proposition, so `let` is preferred over `letI`.
The difference between `let` and `letI` is that `letI` inlines the value.
But this is not relevant for proofs because of proof irrelevance.

Note: This linter can be disabled with `set_option linter.style.haveILetI false`
⚠ [9209/9403] Replayed AutoSamplingTheory.TechnicalLemmas.StochasticProcesses.MarkovMeasureEvolution
warning: AutoSamplingTheory/TechnicalLemmas/StochasticProcesses/MarkovMeasureEvolution.lean:53:2: Try this: 
  letI̵

The goal is a proposition, so `let` is preferred over `letI`.
The difference between `let` and `letI` is that `letI` inlines the value.
But this is not relevant for proofs because of proof irrelevance.

Note: This linter can be disabled with `set_option linter.style.haveILetI false`
warning: AutoSamplingTheory/TechnicalLemmas/StochasticProcesses/MarkovMeasureEvolution.lean:112:2: Try this: 
  letI̵

The goal is a proposition, so `let` is preferred over `letI`.
The difference between `let` and `letI` is that `letI` inlines the value.
But this is not relevant for proofs because of proof irrelevance.

Note: This linter can be disabled with `set_option linter.style.haveILetI false`
⚠ [9213/9403] Replayed AutoSamplingTheory.TechnicalLemmas.StochasticProcesses.EnergyStoppingBoundaryBridge
warning: AutoSamplingTheory/TechnicalLemmas/StochasticProcesses/EnergyStoppingBoundaryBridge.lean:100:4: try 'simp' instead of 'simpa'

Note: This linter can be disabled with `set_option linter.unnecessarySimpa false`
warning: AutoSamplingTheory/TechnicalLemmas/StochasticProcesses/EnergyStoppingBoundaryBridge.lean:104:4: try 'simp' instead of 'simpa'

Note: This linter can be disabled with `set_option linter.unnecessarySimpa false`
⚠ [9222/9484] Replayed AutoSamplingTheory.TechnicalLemmas.StochasticProcesses.EuclideanBrownianCoordinates
warning: AutoSamplingTheory/TechnicalLemmas/StochasticProcesses/EuclideanBrownianCoordinates.lean:40:0: automatically included section variable(s) unused in theorem `AutoSamplingTheory.TechnicalLemmas.StochasticProcesses.EuclideanBrownianCoordinates.coordinateDual_apply`:
  [DecidableEq kappa]
consider restructuring your `variable` declarations so that the variables are not in scope or explicitly omit them:
  omit [DecidableEq kappa] in theorem ...

Note: This linter can be disabled with `set_option linter.unusedSectionVars false`
warning: AutoSamplingTheory/TechnicalLemmas/StochasticProcesses/EuclideanBrownianCoordinates.lean:125:0: automatically included section variable(s) unused in theorem `AutoSamplingTheory.TechnicalLemmas.StochasticProcesses.EuclideanBrownianCoordinates.IsStandardBrownianMotionWithFiltration.coordinate_stronglyAdapted`:
  [MeasurableSpace Omega]
consider restructuring your `variable` declarations so that the variables are not in scope or explicitly omit them:
  omit [MeasurableSpace Omega] in theorem ...

Note: This linter can be disabled with `set_option linter.unusedSectionVars false`
warning: AutoSamplingTheory/TechnicalLemmas/StochasticProcesses/EuclideanBrownianCoordinates.lean:137:0: automatically included section variable(s) unused in theorem `AutoSamplingTheory.TechnicalLemmas.StochasticProcesses.EuclideanBrownianCoordinates.IsStandardBrownianMotionWithFiltration.coordinate_incrementIndependent`:
  [MeasurableSpace Omega]
consider restructuring your `variable` declarations so that the variables are not in scope or explicitly omit them:
  omit [MeasurableSpace Omega] in theorem ...

Note: This linter can be disabled with `set_option linter.unusedSectionVars false`
warning: AutoSamplingTheory/TechnicalLemmas/StochasticProcesses/EuclideanBrownianCoordinates.lean:170:44: This simp argument is unused:
  Function.comp_def

Hint: Omit it from the simp argument list.
  [apply] simp [scalarIncrement, vectorIncrement, map_sub]

Note: This linter can be disabled with `set_option linter.unusedSimpArgs false`
warning: AutoSamplingTheory/TechnicalLemmas/StochasticProcesses/EuclideanBrownianCoordinates.lean:187:0: automatically included section variable(s) unused in theorem `AutoSamplingTheory.TechnicalLemmas.StochasticProcesses.EuclideanBrownianCoordinates.IsStandardBrownianMotionWithFiltration.coordinate`:
  [MeasurableSpace Omega]
consider restructuring your `variable` declarations so that the variables are not in scope or explicitly omit them:
  omit [MeasurableSpace Omega] in theorem ...

Note: This linter can be disabled with `set_option linter.unusedSectionVars false`
warning: AutoSamplingTheory/TechnicalLemmas/StochasticProcesses/EuclideanBrownianCoordinates.lean:195:30: Variable name `s` is not explicitly referenced.

Hint: The binding can be removed (if unused) or named `_` (if used implicitly). Alternatively, prefix the name with `_` to silence this warning:
  [apply] _s

Note: This linter can be disabled with `set_option linter.unusedVariables false`
warning: AutoSamplingTheory/TechnicalLemmas/StochasticProcesses/EuclideanBrownianCoordinates.lean:195:32: Variable name `t` is not explicitly referenced.

Hint: The binding can be removed (if unused) or named `_` (if used implicitly). Alternatively, prefix the name with `_` to silence this warning:
  [apply] _t

Note: This linter can be disabled with `set_option linter.unusedVariables false`
ℹ [9224/9484] Replayed Tests.HessianStrongConvexity
info: Tests/HessianStrongConvexity.lean:57:0: @strongConvexOn_univ_of_fderiv2_lower : ∀ {E : Type u_1} [inst : NormedAddCommGroup E] [inst_1 : NormedSpace ℝ E]
  {V : E → ℝ} {α : ℝ},
  ContDiff ℝ 2 V → (∀ (x v : E), α * ‖v‖ ^ 2 ≤ ((fderiv ℝ (fderiv ℝ V) x) v) v) → StrongConvexOn Set.univ α V
info: Tests/HessianStrongConvexity.lean:58:0: 'AutoSamplingTheory.TechnicalLemmas.Analysis.HessianStrongConvexity.strongConvexOn_univ_of_fderiv2_lower' depends on axioms: [propext,
 Classical.choice,
 Quot.sound]
ℹ [9225/9484] Replayed Tests.QuadraticRegularization
info: Tests/QuadraticRegularization.lean:84:0: @strongConvexOn_and_lipschitzWith_gradient_add_quadratic : ∀ {E : Type u_1} [inst : NormedAddCommGroup E]
  [inst_1 : InnerProductSpace ℝ E] [inst_2 : CompleteSpace E] {U : E → ℝ} {m L r : ℝ≥0},
  ContDiff ℝ 2 U →
    (∀ (x v : E), ↑m * ‖v‖ ^ 2 ≤ ((fderiv ℝ (fderiv ℝ U) x) v) v ∧ ((fderiv ℝ (fderiv ℝ U) x) v) v ≤ ↑L * ‖v‖ ^ 2) →
      ∀ (u : E),
        have W := fun x => U x + ↑r / 2 * ‖x - u‖ ^ 2;
        StrongConvexOn Set.univ (↑(m + r)) W ∧ LipschitzWith (L + r) (gradient W)
info: Tests/QuadraticRegularization.lean:85:0: 'AutoSamplingTheory.TechnicalLemmas.Analysis.QuadraticRegularization.strongConvexOn_and_lipschitzWith_gradient_add_quadratic' depends on axioms: [propext,
 Classical.choice,
 Quot.sound]
ℹ [9226/9484] Replayed Tests.GibbsAugmentation
info: Tests/GibbsAugmentation.lean:54:0: @normalized_augmentation_density : ∀ {E : Type u_1} [inst : NormedAddCommGroup E] [inst_1 : InnerProductSpace ℝ E]
  [inst_2 : FiniteDimensional ℝ E] [inst_3 : MeasurableSpace E] [inst_4 : BorelSpace E] {V : E → ℝ} {α η : ℝ},
  0 < α →
    ContDiff ℝ 2 V →
      (∀ (x v : E), α * ‖v‖ ^ 2 ≤ ((fderiv ℝ (fderiv ℝ V) x) v) v) →
        0 < η →
          have ZV := ∫ (x : E), Real.exp (-V x);
          have μ := ℙ.tilted fun x => -V x;
          have joint := Measure.map (fun p => (p.1, p.1 + √η • p.2)) (μ.prod (stdGaussian E));
          0 < ZV ∧
            IsProbabilityMeasure joint ∧
              joint =
                (ℙ.prod ℙ).withDensity fun p =>
                  ENNReal.ofReal
                    ((√(2 * Real.pi * η))⁻¹ ^ Module.finrank ℝ E / ZV * Real.exp (-V p.1 - ‖p.2 - p.1‖ ^ 2 / (2 * η)))
info: Tests/GibbsAugmentation.lean:55:0: 'AutoSamplingTheory.ExampleCases.ProximalBPS.GibbsAugmentation.normalized_augmentation_density' depends on axioms: [propext,
 Classical.choice,
 Quot.sound]
ℹ [9227/9484] Replayed Tests.SmoothedPicardRecursiveCondition
info: Tests/SmoothedPicardRecursiveCondition.lean:17:0: 'AutoSamplingTheory.ExampleCases.SmoothedPicardHMC.RecursiveCondition.contraction_bounds' depends on axioms: [propext,
 Classical.choice,
 Quot.sound]
info: Tests/SmoothedPicardRecursiveCondition.lean:18:0: @contraction_bounds : ∀ {k h : ℝ},
  2 ≤ k → 0 < h → h < 1 / 4 → k / 2 ≤ k * (k + h + 1) / (2 * k + h) ∧ k * (k + h + 1) / (2 * k + h) ≤ 4 / 5 * k
ℹ [9228/9484] Replayed Tests.SmoothedPicardRGOClosure
info: Tests/SmoothedPicardRGOClosure.lean:20:0: @quadratic_tilt_tilt : ∀ {E : Type u_1} [inst : NormedAddCommGroup E] [inst_1 : InnerProductSpace ℝ E]
  [inst_2 : MeasurableSpace E] [BorelSpace E] (μ : Measure E) [IsProbabilityMeasure μ] {r s : ℝ},
  0 ≤ r →
    0 < s →
      ∀ (u y : E),
        ((μ.tilted fun x => -(r / 2) * ‖x - u‖ ^ 2).tilted fun x => -(s / 2) * ‖x - y‖ ^ 2) =
          μ.tilted fun x => -((r + s) / 2) * ‖x - (r + s)⁻¹ • (r • u + s • y)‖ ^ 2
info: Tests/SmoothedPicardRGOClosure.lean:21:0: 'AutoSamplingTheory.ExampleCases.SmoothedPicardHMC.RGOClosure.quadratic_tilt_tilt' depends on axioms: [propext,
 Classical.choice,
 Quot.sound]
ℹ [9229/9484] Replayed Tests.StrongConvexGibbsIntegrability
info: Tests/StrongConvexGibbsIntegrability.lean:36:0: @integrable_exp_neg_of_strongConvexOn : ∀ {E : Type u_2} [inst : NormedAddCommGroup E] [inst_1 : InnerProductSpace ℝ E]
  [inst_2 : FiniteDimensional ℝ E] [inst_3 : MeasurableSpace E] [inst_4 : BorelSpace E] {V : E → ℝ} {m : ℝ},
  0 < m → Differentiable ℝ V → StrongConvexOn Set.univ m V → Integrable (fun x => Real.exp (-V x)) volume
info: Tests/StrongConvexGibbsIntegrability.lean:37:0: 'AutoSamplingTheory.TechnicalLemmas.Analysis.StrongConvexGibbsIntegrability.integrable_exp_neg_of_strongConvexOn' depends on axioms: [propext,
 Classical.choice,
 Quot.sound]
ℹ [9230/9484] Replayed Tests.GibbsGradientMoment
info: Tests/GibbsGradientMoment.lean:3:0: AutoSamplingTheory.TechnicalLemmas.Analysis.GibbsGradientMoment.gibbs_gradient_moment.{u_1} {E : Type u_1}
  [NormedAddCommGroup E] [InnerProductSpace ℝ E] [FiniteDimensional ℝ E] [MeasurableSpace E] [BorelSpace E]
  [CompleteSpace E] {U : E → ℝ} {α β : NNReal} (hα : 0 < α) (_hαβ : α ≤ β) (hU : ContDiff ℝ 2 U)
  (hH : ∀ (x v : E), ↑α * ‖v‖ ^ 2 ≤ ((fderiv ℝ (fderiv ℝ U) x) v) v ∧ ((fderiv ℝ (fderiv ℝ U) x) v) v ≤ ↑β * ‖v‖ ^ 2) :
  have μ := MeasureTheory.volume.tilted fun x => -U x;
  have H := fun x => ∑ i, ((fderiv ℝ (fderiv ℝ U) x) ((stdOrthonormalBasis ℝ E) i)) ((stdOrthonormalBasis ℝ E) i);
  MeasureTheory.IsProbabilityMeasure μ ∧
    MeasureTheory.Integrable (fun x => ‖gradient U x‖ ^ 2) μ ∧
      MeasureTheory.Integrable H μ ∧
        ∫ (x : E), ‖gradient U x‖ ^ 2 ∂μ = ∫ (x : E), H x ∂μ ∧
          ∫ (x : E), ‖gradient U x‖ ^ 2 ∂μ ≤ ↑β * ↑(Module.finrank ℝ E)
info: Tests/GibbsGradientMoment.lean:4:0: 'AutoSamplingTheory.TechnicalLemmas.Analysis.GibbsGradientMoment.gibbs_gradient_moment' depends on axioms: [propext,
 Classical.choice,
 Quot.sound]
ℹ [9231/9484] Replayed Tests.GibbsGradientMean
info: Tests/GibbsGradientMean.lean:70:0: 'AutoSamplingTheory.TechnicalLemmas.Analysis.GibbsGradientMean.integrable_gradient_and_integral_eq_zero' depends on axioms: [propext,
 Classical.choice,
 Quot.sound]
info: Tests/GibbsGradientMean.lean:71:0: 'Tests.GibbsGradientMean.translated_gibbs_mean' depends on axioms: [propext, Classical.choice, Quot.sound]
info: Tests/GibbsGradientMean.lean:72:0: 'Tests.GibbsGradientMean.zero_dimension_reversed_bounds' depends on axioms: [propext, Classical.choice, Quot.sound]
ℹ [9232/9484] Replayed Tests.SmoothedScorePosterior
info: Tests/SmoothedScorePosterior.lean:127:0: 'AutoSamplingTheory.ExampleCases.SmoothedPicardHMC.SmoothedScorePosterior.smoothed_score_posterior' depends on axioms: [propext,
 Classical.choice,
 Quot.sound]
info: Tests/SmoothedScorePosterior.lean:128:0: 'Tests.SmoothedScorePosterior.quadratic_eta_two_score' depends on axioms: [propext, Classical.choice, Quot.sound]
⚠ [9233/9484] Replayed Tests.GaussianSqrtDensityDomain
warning: Tests/GaussianSqrtDensityDomain.lean:26:4: try 'simp' instead of 'simpa'

Note: This linter can be disabled with `set_option linter.unnecessarySimpa false`
warning: Tests/GaussianSqrtDensityDomain.lean:28:4: try 'simp' instead of 'simpa'

Note: This linter can be disabled with `set_option linter.unnecessarySimpa false`
info: Tests/GaussianSqrtDensityDomain.lean:38:0: 'AutoSamplingTheory.TechnicalLemmas.Measure.GaussianSqrtDensityDomain.gaussian_sqrt_density_domain' depends on axioms: [propext,
 Classical.choice,
 Quot.sound]
info: Tests/GaussianSqrtDensityDomain.lean:39:0: 'Tests.GaussianSqrtDensityDomain.zero_residual' depends on axioms: [propext, Classical.choice, Quot.sound]
info: Tests/GaussianSqrtDensityDomain.lean:40:0: 'Tests.GaussianSqrtDensityDomain.zero_dimension_zero_residual' depends on axioms: [propext,
 Classical.choice,
 Quot.sound]
ℹ [9234/9484] Replayed Tests.StandardizedRGOSqrtDensity
info: Tests/StandardizedRGOSqrtDensity.lean:108:0: 'AutoSamplingTheory.ExampleCases.SmoothedPicardHMC.StandardizedRGOSqrtDensity.standardized_rgo_sqrt_density_domain' depends on axioms: [propext,
 Classical.choice,
 Quot.sound]
info: Tests/StandardizedRGOSqrtDensity.lean:109:0: 'Tests.StandardizedRGOSqrtDensity.quadratic_eta_two_domains' depends on axioms: [propext, Classical.choice, Quot.sound]
ℹ [9235/9484] Replayed Tests.StandardizedRGORelativeEntropy
info: Tests/StandardizedRGORelativeEntropy.lean:116:0: 'AutoSamplingTheory.ExampleCases.SmoothedPicardHMC.StandardizedRGORelativeEntropy.standardized_rgo_unique_prox_and_finite_entropy' depends on axioms: [propext,
 Classical.choice,
 Quot.sound]
info: Tests/StandardizedRGORelativeEntropy.lean:117:0: 'Tests.StandardizedRGORelativeEntropy.quadratic_eta_two_entropy' depends on axioms: [propext,
 Classical.choice,
 Quot.sound]
info: Tests/StandardizedRGORelativeEntropy.lean:118:0: 'Tests.StandardizedRGORelativeEntropy.zero_dimension_entropy' depends on axioms: [propext, Classical.choice, Quot.sound]
ℹ [9236/9484] Replayed Tests.StandardizedRGOKLFisher
info: Tests/StandardizedRGOKLFisher.lean:97:0: 'AutoSamplingTheory.ExampleCases.SmoothedPicardHMC.StandardizedRGOKLFisher.standardized_rgo_unique_prox_and_kl_le_fisher' depends on axioms: [propext,
 Classical.choice,
 Quot.sound]
info: Tests/StandardizedRGOKLFisher.lean:98:0: 'Tests.StandardizedRGOKLFisher.actual_fixed_posterior' depends on axioms: [propext, Classical.choice, Quot.sound]
info: Tests/StandardizedRGOKLFisher.lean:99:0: 'Tests.StandardizedRGOKLFisher.actual_variable_step_family' depends on axioms: [propext, Classical.choice, Quot.sound]
info: Tests/StandardizedRGOKLFisher.lean:100:0: 'Tests.StandardizedRGOKLFisher.rank_zero_actual_canonical_kl' depends on axioms: [propext, Classical.choice, Quot.sound]
ℹ [9237/9484] Replayed Tests.StandardizedRGOKLDimension
info: Tests/StandardizedRGOKLDimension.lean:95:0: 'AutoSamplingTheory.ExampleCases.SmoothedPicardHMC.StandardizedRGOKLDimension.standardized_rgo_unique_prox_and_kl_le_dimension' depends on axioms: [propext,
 Classical.choice,
 Quot.sound]
info: Tests/StandardizedRGOKLDimension.lean:96:0: 'Tests.StandardizedRGOKLDimension.actual_fixed_posterior' depends on axioms: [propext, Classical.choice, Quot.sound]
info: Tests/StandardizedRGOKLDimension.lean:97:0: 'Tests.StandardizedRGOKLDimension.actual_variable_step_family' depends on axioms: [propext,
 Classical.choice,
 Quot.sound]
info: Tests/StandardizedRGOKLDimension.lean:98:0: 'Tests.StandardizedRGOKLDimension.rank_zero_actual_canonical_kl' depends on axioms: [propext,
 Classical.choice,
 Quot.sound]
⚠ [9238/9484] Replayed Tests.GibbsCovarianceLower
warning: Tests/GibbsCovarianceLower.lean:17:81: This simp argument is unused:
  potential

Hint: Omit it from the simp argument list.
  [apply] simp [Pi.add_apply, mul_comm]

Note: This linter can be disabled with `set_option linter.unusedSimpArgs false`
warning: Tests/GibbsCovarianceLower.lean:17:92: This simp argument is unused:
  Pi.add_apply

Hint: Omit it from the simp argument list.
  [apply] simp [potential, mul_comm]

Note: This linter can be disabled with `set_option linter.unusedSimpArgs false`
info: Tests/GibbsCovarianceLower.lean:58:0: 'AutoSamplingTheory.TechnicalLemmas.Analysis.GibbsGradientMoment.gibbs_gradient_moment' depends on axioms: [propext,
 Classical.choice,
 Quot.sound]
info: Tests/GibbsCovarianceLower.lean:59:0: 'AutoSamplingTheory.TechnicalLemmas.Analysis.GibbsGradientMoment.gibbs_covariance_lower' depends on axioms: [propext,
 Classical.choice,
 Quot.sound]
info: Tests/GibbsCovarianceLower.lean:60:0: 'AutoSamplingTheory.ExampleCases.SmoothedPicardHMC.SmoothedHessianUpper.smoothed_hessian_upper' depends on axioms: [propext,
 Classical.choice,
 Quot.sound]
info: Tests/GibbsCovarianceLower.lean:61:0: 'Tests.GibbsCovarianceLower.actual_nonconstant_source' depends on axioms: [propext, Classical.choice, Quot.sound]
ℹ [9239/9484] Replayed Tests.IsotropicGaussianDensity
info: Tests/IsotropicGaussianDensity.lean:33:0: 'AutoSamplingTheory.TechnicalLemmas.Measure.IsotropicGaussianDensity.map_sqrt_smul_stdGaussian_eq_withDensity' depends on axioms: [propext,
 Classical.choice,
 Quot.sound]
ℹ [9240/9484] Replayed Tests.ProximalBPSGaussianAugmentation
info: Tests/ProximalBPSGaussianAugmentation.lean:29:0: 'AutoSamplingTheory.ExampleCases.ProximalBPS.GaussianAugmentation.augmentation_eq_withDensity' depends on axioms: [propext,
 Classical.choice,
 Quot.sound]
ℹ [9241/9484] Replayed Tests.ProximalBPSGaussianReflection
info: Tests/ProximalBPSGaussianReflection.lean:22:0: 'AutoSamplingTheory.ExampleCases.ProximalBPS.GaussianReflection.reflection_preserves_augmentation' depends on axioms: [propext,
 Classical.choice,
 Quot.sound]
info: Tests/ProximalBPSGaussianReflection.lean:23:0: @reflection_preserves_augmentation : ∀ {E : Type u_1} [inst : NormedAddCommGroup E] [inst_1 : InnerProductSpace ℝ E]
  [inst_2 : FiniteDimensional ℝ E] [inst_3 : MeasurableSpace E] [BorelSpace E] (μ : Measure E) [IsProbabilityMeasure μ]
  (η : ℝ),
  0 < η →
    (Function.Involutive fun p => (p.1, 2 • p.1 - p.2)) ∧
      Measure.map (fun p => (p.1, 2 • p.1 - p.2))
          (Measure.map (fun p => (p.1, p.1 + √η • p.2)) (μ.prod (stdGaussian E))) =
        Measure.map (fun p => (p.1, p.1 + √η • p.2)) (μ.prod (stdGaussian E))
ℹ [9242/9484] Replayed Tests.BrownianMotion
info: Tests/BrownianMotion.lean:5:0: AutoSamplingTheory.TechnicalLemmas.StochasticProcesses.BrownianMotion.projectedIncrementVariance.{u_2} {E : Type u_2}
  [NormedAddCommGroup E] [InnerProductSpace ℝ E] (s t : NNReal) (ell : StrongDual ℝ E) : NNReal
info: Tests/BrownianMotion.lean:6:0: AutoSamplingTheory.TechnicalLemmas.StochasticProcesses.BrownianMotion.IsStandardBrownianMotion.{u_1, u_2}
  {Omega : Type u_1} {E : Type u_2} [MeasurableSpace Omega] [NormedAddCommGroup E] [InnerProductSpace ℝ E]
  [MeasurableSpace E] (B : NNReal → Omega → E) (mu : MeasureTheory.Measure Omega) : Prop
info: Tests/BrownianMotion.lean:7:0: AutoSamplingTheory.TechnicalLemmas.StochasticProcesses.BrownianMotion.IsBrownianMotionWithFiltration.{u_3}
  {Omega : Type u_3} {m : MeasurableSpace Omega} (B : NNReal → Omega → ℝ)
  (filtration : MeasureTheory.Filtration NNReal m) (mu : MeasureTheory.Measure Omega) : Prop
info: Tests/BrownianMotion.lean:8:0: AutoSamplingTheory.TechnicalLemmas.StochasticProcesses.BrownianMotion.IsBrownianMotionWithFiltration.indepFun_increment_of_stronglyMeasurable.{u_3}
  {Ω : Type u_3} {m : MeasurableSpace Ω} {B : NNReal → Ω → ℝ} {filtration : MeasureTheory.Filtration NNReal m}
  {μ : MeasureTheory.Measure Ω}
  (hB : TechnicalLemmas.StochasticProcesses.BrownianMotion.IsBrownianMotionWithFiltration B filtration μ) {s t : NNReal}
  (hst : s ≤ t) {Z : Ω → ℝ} (hZ : MeasureTheory.StronglyMeasurable Z) :
  ProbabilityTheory.IndepFun Z (fun omega => B t omega - B s omega) μ
info: Tests/BrownianMotion.lean:9:0: AutoSamplingTheory.TechnicalLemmas.StochasticProcesses.BrownianMotion.IsBrownianMotionWithFiltration.condExp_increment_eq_zero.{u_3}
  {Ω : Type u_3} {m : MeasurableSpace Ω} {B : NNReal → Ω → ℝ} {filtration : MeasureTheory.Filtration NNReal m}
  {μ : MeasureTheory.Measure Ω}
  (hB : TechnicalLemmas.StochasticProcesses.BrownianMotion.IsBrownianMotionWithFiltration B filtration μ) {s t : NNReal}
  (hst : s ≤ t) : μ[fun omega => B t omega - B s omega | ↑filtration s] =ᵐ[μ] fun x => 0
info: Tests/BrownianMotion.lean:10:0: AutoSamplingTheory.TechnicalLemmas.StochasticProcesses.BrownianMotion.IsBrownianMotionWithFiltration.integral_increment_sq.{u_3}
  {Ω : Type u_3} {m : MeasurableSpace Ω} {B : NNReal → Ω → ℝ} {filtration : MeasureTheory.Filtration NNReal m}
  {μ : MeasureTheory.Measure Ω}
  (hB : TechnicalLemmas.StochasticProcesses.BrownianMotion.IsBrownianMotionWithFiltration B filtration μ) {s t : NNReal}
  (hst : s ≤ t) : ∫ (omega : Ω), (B t omega - B s omega) ^ 2 ∂μ = ↑(t - s)
info: Tests/BrownianMotion.lean:11:0: AutoSamplingTheory.TechnicalLemmas.StochasticProcesses.BrownianMotion.IsBrownianMotionWithFiltration.condExp_increment_sq.{u_3}
  {Ω : Type u_3} {m : MeasurableSpace Ω} {B : NNReal → Ω → ℝ} {filtration : MeasureTheory.Filtration NNReal m}
  {μ : MeasureTheory.Measure Ω}
  (hB : TechnicalLemmas.StochasticProcesses.BrownianMotion.IsBrownianMotionWithFiltration B filtration μ) {s t : NNReal}
  (hst : s ≤ t) : μ[fun omega => (B t omega - B s omega) ^ 2 | ↑filtration s] =ᵐ[μ] fun x => ↑(t - s)
ℹ [9243/9484] Replayed Tests.BrownianQuadraticVariation
info: Tests/BrownianQuadraticVariation.lean:7:0: AutoSamplingTheory.TechnicalLemmas.StochasticProcesses.BrownianQuadraticVariation.increment_memLp_two.{u_1}
  {Omega : Type u_1} {m : MeasurableSpace Omega} {filtration : MeasureTheory.Filtration NNReal m}
  {mu : MeasureTheory.Measure Omega} {B : NNReal → Omega → ℝ}
  (hB :
    AutoSamplingTheory.TechnicalLemmas.StochasticProcesses.BrownianMotion.IsBrownianMotionWithFiltration B filtration
      mu)
  (s t : NNReal) : MeasureTheory.MemLp (fun omega => B t omega - B s omega) 2 mu
info: Tests/BrownianQuadraticVariation.lean:8:0: AutoSamplingTheory.TechnicalLemmas.StochasticProcesses.BrownianQuadraticVariation.increment_sq_integrable.{u_1}
  {Omega : Type u_1} {m : MeasurableSpace Omega} {filtration : MeasureTheory.Filtration NNReal m}
  {mu : MeasureTheory.Measure Omega} {B : NNReal → Omega → ℝ}
  (hB :
    AutoSamplingTheory.TechnicalLemmas.StochasticProcesses.BrownianMotion.IsBrownianMotionWithFiltration B filtration
      mu)
  (s t : NNReal) : MeasureTheory.Integrable (fun omega => (B t omega - B s omega) ^ 2) mu
info: Tests/BrownianQuadraticVariation.lean:9:0: AutoSamplingTheory.TechnicalLemmas.StochasticProcesses.BrownianQuadraticVariation.integral_centered_increment_sq_eq_zero.{u_1}
  {Omega : Type u_1} {m : MeasurableSpace Omega} {filtration : MeasureTheory.Filtration NNReal m}
  {mu : MeasureTheory.Measure Omega} {B : NNReal → Omega → ℝ}
  (hB :
    AutoSamplingTheory.TechnicalLemmas.StochasticProcesses.BrownianMotion.IsBrownianMotionWithFiltration B filtration
      mu)
  {s t : NNReal} (hst : s ≤ t) : ∫ (omega : Omega), (B t omega - B s omega) ^ 2 - ↑(t - s) ∂mu = 0
info: Tests/BrownianQuadraticVariation.lean:10:0: AutoSamplingTheory.TechnicalLemmas.StochasticProcesses.BrownianQuadraticVariation.centeredSquaredIncrement.{u_1}
  {Omega : Type u_1} {n : ℕ} (B : NNReal → Omega → ℝ) (times : Fin (n + 1) → NNReal) (i : Fin n) (omega : Omega) : ℝ
info: Tests/BrownianQuadraticVariation.lean:11:0: AutoSamplingTheory.TechnicalLemmas.StochasticProcesses.BrownianQuadraticVariation.quadraticVariationError.{u_1}
  {Omega : Type u_1} {n : ℕ} (B : NNReal → Omega → ℝ) (times : Fin (n + 1) → NNReal) (omega : Omega) : ℝ
info: Tests/BrownianQuadraticVariation.lean:12:0: AutoSamplingTheory.TechnicalLemmas.StochasticProcesses.BrownianQuadraticVariation.integral_quadraticVariationError_eq_zero.{u_1}
  {Omega : Type u_1} {m : MeasurableSpace Omega} {filtration : MeasureTheory.Filtration NNReal m}
  {mu : MeasureTheory.Measure Omega} {B : NNReal → Omega → ℝ}
  (hB :
    AutoSamplingTheory.TechnicalLemmas.StochasticProcesses.BrownianMotion.IsBrownianMotionWithFiltration B filtration
      mu)
  {n : ℕ} {times : Fin (n + 1) → NNReal} (hmono : Monotone times) :
  ∫ (omega : Omega),
      AutoSamplingTheory.TechnicalLemmas.StochasticProcesses.BrownianQuadraticVariation.quadraticVariationError B times
        omega ∂mu =
    0
info: Tests/BrownianQuadraticVariation.lean:13:0: AutoSamplingTheory.TechnicalLemmas.StochasticProcesses.BrownianQuadraticVariation.integral_quadraticVariationSum_eq_sum_cellLengths.{u_1}
  {Omega : Type u_1} {m : MeasurableSpace Omega} {filtration : MeasureTheory.Filtration NNReal m}
  {mu : MeasureTheory.Measure Omega} {B : NNReal → Omega → ℝ}
  (hB :
    AutoSamplingTheory.TechnicalLemmas.StochasticProcesses.BrownianMotion.IsBrownianMotionWithFiltration B filtration
      mu)
  {n : ℕ} {times : Fin (n + 1) → NNReal} (hmono : Monotone times) :
  ∫ (omega : Omega),
      AutoSamplingTheory.TechnicalLemmas.StochasticProcesses.BrownianQuadraticVariation.quadraticVariationSum B times
        omega ∂mu =
    ∑ i, ↑(times i.succ - times i.castSucc)
ℹ [9244/9484] Replayed Tests.BrownianQuadraticVariationL2
info: Tests/BrownianQuadraticVariationL2.lean:5:0: AutoSamplingTheory.TechnicalLemmas.StochasticProcesses.BrownianQuadraticVariationL2.integral_quadraticVariationError_sq.{u_1}
  {Omega : Type u_1} {m : MeasurableSpace Omega} {mu : MeasureTheory.Measure Omega} {B : NNReal → Omega → ℝ}
  (hB : ProbabilityTheory.IsPreBrownianReal B mu) {n : ℕ} {times : Fin (n + 1) → NNReal} (hmono : Monotone times) :
  ∫ (omega : Omega),
      AutoSamplingTheory.TechnicalLemmas.StochasticProcesses.BrownianQuadraticVariation.quadraticVariationError B times
          omega ^
        2 ∂mu =
    2 * ∑ i, ↑(times i.succ - times i.castSucc) ^ 2
info: Tests/BrownianQuadraticVariationL2.lean:6:0: AutoSamplingTheory.TechnicalLemmas.StochasticProcesses.BrownianQuadraticVariationL2.tendsto_integral_dyadic_quadraticVariationError_sq.{u_1}
  {Omega : Type u_1} {m : MeasurableSpace Omega} {mu : MeasureTheory.Measure Omega} {B : NNReal → Omega → ℝ}
  (hB : ProbabilityTheory.IsPreBrownianReal B mu) (T : NNReal) :
  Filter.Tendsto
    (fun level =>
      ∫ (omega : Omega),
        AutoSamplingTheory.TechnicalLemmas.StochasticProcesses.BrownianQuadraticVariation.quadraticVariationError B
            (AutoSamplingTheory.TechnicalLemmas.StochasticProcesses.SampledElementaryApproximation.regularGridTimes
              (AutoSamplingTheory.TechnicalLemmas.StochasticProcesses.SampledElementaryApproximation.dyadicMesh T level)
              (2 ^ level))
            omega ^
          2 ∂mu)
    Filter.atTop (nhds 0)
ℹ [9245/9484] Replayed Tests.EmpiricalCovariance
info: Tests/EmpiricalCovariance.lean:9:0: AutoSamplingTheory.TechnicalLemmas.Probability.EmpiricalCovariance.empiricalSecondMoment.{u_1, u_2} {E : Type u_1}
  [NormedAddCommGroup E] [InnerProductSpace ℝ E] {κ : Type u_2} [Fintype κ] (sample : κ → E) : E →L[ℝ] E
info: Tests/EmpiricalCovariance.lean:10:0: AutoSamplingTheory.TechnicalLemmas.Probability.EmpiricalCovariance.norm_rankOne_self_eq_sq.{u_1} {E : Type u_1}
  [NormedAddCommGroup E] [InnerProductSpace ℝ E] (x : E) : ‖((InnerProductSpace.rankOne ℝ) x) x‖ = ‖x‖ ^ 2
info: Tests/EmpiricalCovariance.lean:11:0: AutoSamplingTheory.TechnicalLemmas.Probability.EmpiricalCovariance.empiricalSecondMoment_preconcentration.{u_1, u_2}
  {E : Type u_1} [NormedAddCommGroup E] [InnerProductSpace ℝ E] {κ : Type u_2} [Fintype κ] [Nonempty κ]
  (population : E →L[ℝ] E) (sample : κ → E) (B : ℝ) (hB : 0 ≤ B) (hpopulationSymmetric : (↑population).IsSymmetric)
  (hpopulationNorm : ‖population‖ ≤ B ^ 2) (hsampleNorm : ∀ (i : κ), ‖sample i‖ ≤ B) :
  empiricalSecondMoment sample - population =
      (↑(Fintype.card κ))⁻¹ • ∑ i, (((InnerProductSpace.rankOne ℝ) (sample i)) (sample i) - population) ∧
    (∀ (i : κ), (↑(((InnerProductSpace.rankOne ℝ) (sample i)) (sample i) - population)).IsSymmetric) ∧
      ∀ (i : κ), ‖((InnerProductSpace.rankOne ℝ) (sample i)) (sample i) - population‖ ≤ 2 * B ^ 2
info: Tests/EmpiricalCovariance.lean:12:0: AutoSamplingTheory.TechnicalLemmas.Probability.EmpiricalCovariance.unitRankOneCovariance_momentPackage.{u_1, u_3}
  {E : Type u_1} [NormedAddCommGroup E] [InnerProductSpace ℝ E] [CompleteSpace E] {Omega : Type u_3}
  [MeasurableSpace Omega] {mu : Measure Omega} [IsProbabilityMeasure mu] (sample : Omega → E) (population : E →L[ℝ] E)
  (hsampleUnit : ∀ (omega : Omega), ‖sample omega‖ = 1)
  (hRankOneIntegrable : Integrable (fun omega => ((InnerProductSpace.rankOne ℝ) (sample omega)) (sample omega)) mu)
  (hPopulation : ∫ (omega : Omega), ((InnerProductSpace.rankOne ℝ) (sample omega)) (sample omega) ∂mu = population) :
  IsSelfAdjoint population ∧
    ‖population‖ ≤ 1 ∧
      ∫ (omega : Omega), (((InnerProductSpace.rankOne ℝ) (sample omega)) (sample omega) - population) ^ 2 ∂mu =
          population - population ^ 2 ∧
        ‖population - population ^ 2‖ ≤ 2 * ‖population‖
ℹ [9246/9484] Replayed Tests.GaussianFourthMoment
info: Tests/GaussianFourthMoment.lean:7:0: AutoSamplingTheory.TechnicalLemmas.StochasticProcesses.GaussianFourthMoment.integral_pow_four_gaussianReal_zero
  (v : NNReal) : ∫ (x : ℝ), x ^ 4 ∂ProbabilityTheory.gaussianReal 0 v = 3 * ↑v ^ 2
ℹ [9247/9484] Replayed Tests.VectorBrownianFiltration
info: Tests/VectorBrownianFiltration.lean:28:0: AutoSamplingTheory.TechnicalLemmas.StochasticProcesses.BrownianMotion.IsStandardBrownianMotionWithFiltration.{u_3, u_4}
  {Omega : Type u_3} {E : Type u_4} [MeasurableSpace Omega] [NormedAddCommGroup E] [InnerProductSpace ℝ E]
  [CompleteSpace E] [MeasurableSpace E] [BorelSpace E] (B : ℝ≥0 → Omega → E) (filtration : Filtration ℝ≥0 inferInstance)
  (mu : Measure Omega) : Prop
ℹ [9248/9484] Replayed Tests.CarreDuChamp
info: Tests/CarreDuChamp.lean:11:0: AutoSamplingTheory.TechnicalLemmas.StochasticProcesses.CarreDuChamp.carreDuChamp.{u_1} {X : Type u_1}
  (generator : (X → ℝ) →ₗ[ℝ] X → ℝ) (f g : X → ℝ) : X → ℝ
info: Tests/CarreDuChamp.lean:12:0: AutoSamplingTheory.TechnicalLemmas.StochasticProcesses.CarreDuChamp.iteratedCarreDuChamp.{u_1} {X : Type u_1}
  (generator : (X → ℝ) →ₗ[ℝ] X → ℝ) (f g : X → ℝ) : X → ℝ
info: Tests/CarreDuChamp.lean:13:0: AutoSamplingTheory.TechnicalLemmas.StochasticProcesses.CarreDuChamp.SatisfiesBakryEmery.{u_1} {X : Type u_1}
  (generator : (X → ℝ) →ₗ[ℝ] X → ℝ) (alpha : ℝ) : Prop
info: Tests/CarreDuChamp.lean:14:0: AutoSamplingTheory.TechnicalLemmas.StochasticProcesses.CarreDuChamp.carreDuChamp_nonneg_of_markov_jensen_rightGenerator.{u_1}
  {X : Type u_1} (P : NNReal → (X → ℝ) → X → ℝ) (generator : (X → ℝ) →ₗ[ℝ] X → ℝ) (f : X → ℝ) (x : X)
  (hjensen : ∀ (h : NNReal), 0 < h → P h f x ^ 2 ≤ P h (f * f) x)
  (hf : Filter.Tendsto (fun h => (P h f x - f x) / ↑h) (nhdsWithin 0 (Set.Ioi 0)) (nhds (generator f x)))
  (hf2 :
    Filter.Tendsto (fun h => (P h (f * f) x - f x ^ 2) / ↑h) (nhdsWithin 0 (Set.Ioi 0)) (nhds (generator (f * f) x)))
  (hcontinuous : Filter.Tendsto (fun h => P h f x) (nhdsWithin 0 (Set.Ioi 0)) (nhds (f x))) :
  0 ≤ carreDuChamp generator f f x
info: Tests/CarreDuChamp.lean:15:0: AutoSamplingTheory.TechnicalLemmas.StochasticProcesses.CarreDuChamp.fundamental_integration_by_parts.{u_1}
  {X : Type u_1} [MeasurableSpace X] (mu : MeasureTheory.Measure X) (generator : (X → ℝ) →ₗ[ℝ] X → ℝ) (f g : X → ℝ)
  (hLfg : MeasureTheory.Integrable (generator (f * g)) mu)
  (hfLg : MeasureTheory.Integrable (fun x => f x * generator g x) mu)
  (hgLf : MeasureTheory.Integrable (fun x => g x * generator f x) mu)
  (hstationary : ∫ (x : X), generator (f * g) x ∂mu = 0)
  (hsymmetric : ∫ (x : X), f x * generator g x ∂mu = ∫ (x : X), g x * generator f x ∂mu) :
  TechnicalLemmas.FunctionalInequalities.Generator.dirichletForm mu (⇑generator) f g =
      TechnicalLemmas.FunctionalInequalities.Generator.dirichletForm mu (⇑generator) g f ∧
    TechnicalLemmas.FunctionalInequalities.Generator.dirichletForm mu (⇑generator) f g =
      ∫ (x : X), carreDuChamp generator f g x ∂mu
info: Tests/CarreDuChamp.lean:16:0: AutoSamplingTheory.TechnicalLemmas.StochasticProcesses.CarreDuChamp.negativeGenerator_quadratic_nonneg.{u_1}
  {X : Type u_1} [MeasurableSpace X] (mu : MeasureTheory.Measure X) (generator : (X → ℝ) →ₗ[ℝ] X → ℝ) (f : X → ℝ)
  (hLf2 : MeasureTheory.Integrable (generator (f * f)) mu)
  (hfLf : MeasureTheory.Integrable (fun x => f x * generator f x) mu)
  (hstationary : ∫ (x : X), generator (f * f) x ∂mu = 0) (hgamma : ∀ (x : X), 0 ≤ carreDuChamp generator f f x) :
  0 ≤ TechnicalLemmas.FunctionalInequalities.Generator.dirichletForm mu (⇑generator) f f
ℹ [9249/9484] Replayed Tests.CoefficientTruncation
info: Tests/CoefficientTruncation.lean:7:0: AutoSamplingTheory.TechnicalLemmas.StochasticProcesses.CoefficientTruncation.clip (M x : ℝ) : ℝ
info: Tests/CoefficientTruncation.lean:8:0: AutoSamplingTheory.TechnicalLemmas.StochasticProcesses.CoefficientTruncation.clipNat (n : ℕ) (x : ℝ) : ℝ
info: Tests/CoefficientTruncation.lean:9:0: AutoSamplingTheory.TechnicalLemmas.StochasticProcesses.CoefficientTruncation.stronglyMeasurable_clipNat.{u_1}
  {Ω : Type u_1} {m : MeasurableSpace Ω} {f : Ω → ℝ} (hf : MeasureTheory.StronglyMeasurable f) (n : ℕ) :
  MeasureTheory.StronglyMeasurable fun omega => clipNat n (f omega)
info: Tests/CoefficientTruncation.lean:10:0: AutoSamplingTheory.TechnicalLemmas.StochasticProcesses.CoefficientTruncation.aestronglyMeasurable_clipNat.{u_1}
  {Ω : Type u_1} {m : MeasurableSpace Ω} {mu : MeasureTheory.Measure Ω} {f : Ω → ℝ}
  (hf : MeasureTheory.AEStronglyMeasurable f mu) (n : ℕ) :
  MeasureTheory.AEStronglyMeasurable (fun omega => clipNat n (f omega)) mu
info: Tests/CoefficientTruncation.lean:11:0: AutoSamplingTheory.TechnicalLemmas.StochasticProcesses.CoefficientTruncation.abs_clipNat_le_abs (n : ℕ) (x : ℝ) :
  |clipNat n x| ≤ |x|
info: Tests/CoefficientTruncation.lean:12:0: AutoSamplingTheory.TechnicalLemmas.StochasticProcesses.CoefficientTruncation.abs_clipNat_le (n : ℕ) (x : ℝ) :
  |clipNat n x| ≤ ↑n
info: Tests/CoefficientTruncation.lean:13:0: AutoSamplingTheory.TechnicalLemmas.StochasticProcesses.CoefficientTruncation.clipNat_eventually_eq (x : ℝ) :
  ∀ᶠ (n : ℕ) in Filter.atTop, clipNat n x = x
info: Tests/CoefficientTruncation.lean:14:0: AutoSamplingTheory.TechnicalLemmas.StochasticProcesses.CoefficientTruncation.clipNat_memLp.{u_1} {Ω : Type u_1}
  {m : MeasurableSpace Ω} {mu : MeasureTheory.Measure Ω} {f : Ω → ℝ} (hf : MeasureTheory.MemLp f 2 mu) (n : ℕ) :
  MeasureTheory.MemLp (fun omega => clipNat n (f omega)) 2 mu
info: Tests/CoefficientTruncation.lean:15:0: AutoSamplingTheory.TechnicalLemmas.StochasticProcesses.CoefficientTruncation.tendsto_clipNat_toLp.{u_1} {Ω : Type u_1}
  {m : MeasurableSpace Ω} {mu : MeasureTheory.Measure Ω} {f : Ω → ℝ} (hf : MeasureTheory.MemLp f 2 mu) :
  Filter.Tendsto (fun n => MeasureTheory.MemLp.toLp (fun omega => clipNat n (f omega)) ⋯) Filter.atTop
    (nhds (MeasureTheory.MemLp.toLp f hf))
ℹ [9250/9484] Replayed Tests.ContinuousCostWeakLowerSemicontinuity
info: Tests/ContinuousCostWeakLowerSemicontinuity.lean:3:0: AutoSamplingTheory.TechnicalLemmas.Measure.ContinuousCostWeakLowerSemicontinuity.truncatedContinuousNNReal.{u_1}
  {X : Type u_1} [TopologicalSpace X] (c : X → NNReal) (hc : Continuous c) (n : ℕ) : BoundedContinuousFunction X NNReal
info: Tests/ContinuousCostWeakLowerSemicontinuity.lean:4:0: AutoSamplingTheory.TechnicalLemmas.Measure.ContinuousCostWeakLowerSemicontinuity.iSup_coe_min_nat_eq (r : NNReal) :
  ⨆ n, ↑(min r ↑n) = ↑r
info: Tests/ContinuousCostWeakLowerSemicontinuity.lean:5:0: AutoSamplingTheory.TechnicalLemmas.Measure.ContinuousCostWeakLowerSemicontinuity.lintegral_eq_iSup_truncated.{u_1}
  {X : Type u_1} [MeasurableSpace X] [TopologicalSpace X] [OpensMeasurableSpace X] (c : X → NNReal) (hc : Continuous c)
  (mu : MeasureTheory.ProbabilityMeasure X) :
  ∫⁻ (x : X), ↑(c x) ∂↑mu =
    ⨆ n,
      ∫⁻ (x : X),
        ↑((AutoSamplingTheory.TechnicalLemmas.Measure.ContinuousCostWeakLowerSemicontinuity.truncatedContinuousNNReal c
              hc n)
            x) ∂↑mu
info: Tests/ContinuousCostWeakLowerSemicontinuity.lean:6:0: AutoSamplingTheory.TechnicalLemmas.Measure.ContinuousCostWeakLowerSemicontinuity.lowerSemicontinuous_lintegral_continuous_nnreal.{u_1}
  {X : Type u_1} [MeasurableSpace X] [TopologicalSpace X] [OpensMeasurableSpace X] (c : X → NNReal)
  (hc : Continuous c) : LowerSemicontinuous fun mu => ∫⁻ (x : X), ↑(c x) ∂↑mu
info: Tests/ContinuousCostWeakLowerSemicontinuity.lean:7:0: AutoSamplingTheory.TechnicalLemmas.Measure.ContinuousCostWeakLowerSemicontinuity.coe_quadraticCostNNReal.{u_1}
  {E : Type u_1} [NormedAddCommGroup E] (z : E × E) :
  ↑(AutoSamplingTheory.TechnicalLemmas.Measure.ContinuousCostWeakLowerSemicontinuity.quadraticCostNNReal z) =
    AutoSamplingTheory.TechnicalLemmas.Measure.WassersteinSpace.quadraticCost z
info: Tests/ContinuousCostWeakLowerSemicontinuity.lean:8:0: AutoSamplingTheory.TechnicalLemmas.Measure.ContinuousCostWeakLowerSemicontinuity.lowerSemicontinuous_quadraticCostFunctional.{u_1}
  {E : Type u_1} [NormedAddCommGroup E] [MeasurableSpace E] [BorelSpace E] [SecondCountableTopology E] :
  LowerSemicontinuous fun gamma =>
    ∫⁻ (z : E × E), AutoSamplingTheory.TechnicalLemmas.Measure.WassersteinSpace.quadraticCost z ∂↑gamma
ℹ [9251/9484] Replayed Tests.DisplacementInterpolation
info: Tests/DisplacementInterpolation.lean:7:0: AutoSamplingTheory.TechnicalLemmas.Measure.DisplacementInterpolation.IsQuadraticOptimalCoupling.{u_1} {E : Type u_1}
  [NormedAddCommGroup E] [MeasurableSpace E] (γ : MeasureTheory.Measure (E × E)) (μ₀ μ₁ : MeasureTheory.Measure E) :
  Prop
info: Tests/DisplacementInterpolation.lean:8:0: AutoSamplingTheory.TechnicalLemmas.Measure.DisplacementInterpolation.displacementInterpolation.{u_1} {E : Type u_1}
  [NormedAddCommGroup E] [InnerProductSpace ℝ E] [MeasurableSpace E] (γ : MeasureTheory.Measure (E × E)) (t : ℝ) :
  MeasureTheory.Measure E
info: Tests/DisplacementInterpolation.lean:9:0: AutoSamplingTheory.TechnicalLemmas.Measure.DisplacementInterpolation.displacementInterpolation_zero.{u_1} {E : Type u_1}
  [NormedAddCommGroup E] [InnerProductSpace ℝ E] [MeasurableSpace E] {γ : MeasureTheory.Measure (E × E)}
  {μ₀ μ₁ : MeasureTheory.Measure E} (hγ : TechnicalLemmas.Measure.Transport.IsCoupling γ μ₀ μ₁) :
  displacementInterpolation γ 0 = μ₀
info: Tests/DisplacementInterpolation.lean:10:0: AutoSamplingTheory.TechnicalLemmas.Measure.DisplacementInterpolation.displacementInterpolation_one.{u_1} {E : Type u_1}
  [NormedAddCommGroup E] [InnerProductSpace ℝ E] [MeasurableSpace E] {γ : MeasureTheory.Measure (E × E)}
  {μ₀ μ₁ : MeasureTheory.Measure E} (hγ : TechnicalLemmas.Measure.Transport.IsCoupling γ μ₀ μ₁) :
  displacementInterpolation γ 1 = μ₁
info: Tests/DisplacementInterpolation.lean:11:0: AutoSamplingTheory.TechnicalLemmas.Measure.DisplacementInterpolation.IsWassersteinGeodesic.{u_1} {E : Type u_1}
  [NormedAddCommGroup E] [InnerProductSpace ℝ E] [FiniteDimensional ℝ E] [MeasurableSpace E] [BorelSpace E]
  (μ₀ μ₁ : MeasureTheory.Measure E) (curve : ℝ → MeasureTheory.Measure E) : Prop
info: Tests/DisplacementInterpolation.lean:12:0: AutoSamplingTheory.TechnicalLemmas.Measure.DisplacementInterpolation.isWassersteinGeodesic_displacementInterpolation.{u_1}
  {E : Type u_1} [NormedAddCommGroup E] [InnerProductSpace ℝ E] [FiniteDimensional ℝ E] [MeasurableSpace E]
  [BorelSpace E] {γ : MeasureTheory.Measure (E × E)} {μ₀ μ₁ : MeasureTheory.Measure E}
  (hμ₀ : TechnicalLemmas.Measure.WassersteinSpace.IsAbsolutelyContinuousFiniteSecondMoment μ₀)
  (hμ₁ : TechnicalLemmas.Measure.WassersteinSpace.IsAbsolutelyContinuousFiniteSecondMoment μ₁)
  (hγ : IsQuadraticOptimalCoupling γ μ₀ μ₁) : IsWassersteinGeodesic μ₀ μ₁ (displacementInterpolation γ)
info: Tests/DisplacementInterpolation.lean:13:0: AutoSamplingTheory.TechnicalLemmas.Measure.DisplacementInterpolation.endpoints_of_isWassersteinGeodesic.{u_1}
  {E : Type u_1} [NormedAddCommGroup E] [InnerProductSpace ℝ E] [FiniteDimensional ℝ E] [MeasurableSpace E]
  [BorelSpace E] {μ₀ μ₁ : MeasureTheory.Measure E} {curve : ℝ → MeasureTheory.Measure E}
  (hcurve : IsWassersteinGeodesic μ₀ μ₁ curve) : curve 0 = μ₀ ∧ curve 1 = μ₁
ℹ [9252/9484] Replayed Tests.DisplacementInterpolationConstantSpeed
info: Tests/DisplacementInterpolationConstantSpeed.lean:9:0: AutoSamplingTheory.TechnicalLemmas.Measure.DisplacementInterpolationConstantSpeed.isProbabilityMeasure_displacementInterpolation.{u_1}
  {E : Type u_1} [NormedAddCommGroup E] [InnerProductSpace ℝ E] [FiniteDimensional ℝ E] [MeasurableSpace E]
  [BorelSpace E] [SecondCountableTopology E] [StandardBorelSpace E] [Nonempty E] {γ : Measure (E × E)}
  {μ₀ μ₁ : Measure E} [IsProbabilityMeasure μ₀] (hγ : Transport.IsCoupling γ μ₀ μ₁) (t : ℝ) :
  IsProbabilityMeasure (DisplacementInterpolation.displacementInterpolation γ t)
info: Tests/DisplacementInterpolationConstantSpeed.lean:10:0: AutoSamplingTheory.TechnicalLemmas.Measure.DisplacementInterpolationConstantSpeed.wassersteinDistance_interpolation_le.{u_1}
  {E : Type u_1} [NormedAddCommGroup E] [InnerProductSpace ℝ E] [FiniteDimensional ℝ E] [MeasurableSpace E]
  [BorelSpace E] [SecondCountableTopology E] [StandardBorelSpace E] [Nonempty E] {γ : Measure (E × E)}
  {μ₀ μ₁ : Measure E} (hγ : DisplacementInterpolation.IsQuadraticOptimalCoupling γ μ₀ μ₁) {s t : ℝ} (hst : s ≤ t) :
  WassersteinSpace.wassersteinDistance (DisplacementInterpolation.displacementInterpolation γ s)
      (DisplacementInterpolation.displacementInterpolation γ t) ≤
    ENNReal.ofReal (t - s) * WassersteinSpace.wassersteinDistance μ₀ μ₁
info: Tests/DisplacementInterpolationConstantSpeed.lean:11:0: AutoSamplingTheory.TechnicalLemmas.Measure.DisplacementInterpolationConstantSpeed.interpolation_coefficients_sum_one
  {s t : ℝ} (hs0 : 0 ≤ s) (hst : s ≤ t) (ht1 : t ≤ 1) :
  ENNReal.ofReal s + ENNReal.ofReal (t - s) + ENNReal.ofReal (1 - t) = 1
info: Tests/DisplacementInterpolationConstantSpeed.lean:12:0: AutoSamplingTheory.TechnicalLemmas.Measure.DisplacementInterpolationConstantSpeed.wassersteinDistance_interpolation_eq_of_le_of_integrable_norm_sq.{u_1}
  {E : Type u_1} [NormedAddCommGroup E] [InnerProductSpace ℝ E] [FiniteDimensional ℝ E] [MeasurableSpace E]
  [BorelSpace E] [SecondCountableTopology E] [StandardBorelSpace E] [Nonempty E] {γ : Measure (E × E)}
  {μ₀ μ₁ : Measure E} [IsProbabilityMeasure μ₀] [IsProbabilityMeasure μ₁] (hμ₀ : Integrable (fun x => ‖x‖ ^ 2) μ₀)
  (hμ₁ : Integrable (fun x => ‖x‖ ^ 2) μ₁) (hγ : DisplacementInterpolation.IsQuadraticOptimalCoupling γ μ₀ μ₁) {s t : ℝ}
  (hs0 : 0 ≤ s) (hst : s ≤ t) (ht1 : t ≤ 1) :
  WassersteinSpace.wassersteinDistance (DisplacementInterpolation.displacementInterpolation γ s)
      (DisplacementInterpolation.displacementInterpolation γ t) =
    ENNReal.ofReal (t - s) * WassersteinSpace.wassersteinDistance μ₀ μ₁
info: Tests/DisplacementInterpolationConstantSpeed.lean:13:0: AutoSamplingTheory.TechnicalLemmas.Measure.DisplacementInterpolationConstantSpeed.wassersteinDistance_interpolation_eq_of_le.{u_1}
  {E : Type u_1} [NormedAddCommGroup E] [InnerProductSpace ℝ E] [FiniteDimensional ℝ E] [MeasurableSpace E]
  [BorelSpace E] [SecondCountableTopology E] [StandardBorelSpace E] [Nonempty E] {γ : Measure (E × E)}
  {μ₀ μ₁ : Measure E} (hμ₀ : WassersteinSpace.IsAbsolutelyContinuousFiniteSecondMoment μ₀)
  (hμ₁ : WassersteinSpace.IsAbsolutelyContinuousFiniteSecondMoment μ₁)
  (hγ : DisplacementInterpolation.IsQuadraticOptimalCoupling γ μ₀ μ₁) {s t : ℝ} (hs0 : 0 ≤ s) (hst : s ≤ t)
  (ht1 : t ≤ 1) :
  WassersteinSpace.wassersteinDistance (DisplacementInterpolation.displacementInterpolation γ s)
      (DisplacementInterpolation.displacementInterpolation γ t) =
    ENNReal.ofReal (t - s) * WassersteinSpace.wassersteinDistance μ₀ μ₁
info: Tests/DisplacementInterpolationConstantSpeed.lean:14:0: 'AutoSamplingTheory.TechnicalLemmas.Measure.DisplacementInterpolationConstantSpeed.wassersteinDistance_interpolation_eq_of_le_of_integrable_norm_sq' depends on axioms: [propext,
 Classical.choice,
 Quot.sound]
ℹ [9253/9484] Replayed Tests.DisplacementJacobianEntropy
info: Tests/DisplacementJacobianEntropy.lean:4:0: AutoSamplingTheory.TechnicalLemmas.Measure.DisplacementJacobianEntropy.affineIdentityEigenvalue_pos {a t : ℝ}
  (ha : 0 < a) (ht0 : 0 ≤ t) (ht1 : t ≤ 1) : 0 < 1 - t + t * a
info: Tests/DisplacementJacobianEntropy.lean:5:0: AutoSamplingTheory.TechnicalLemmas.Measure.DisplacementJacobianEntropy.log_affineIdentity_ge {a t : ℝ} (ha : 0 < a)
  (ht0 : 0 ≤ t) (ht1 : t ≤ 1) : t * Real.log a ≤ Real.log (1 - t + t * a)
info: Tests/DisplacementJacobianEntropy.lean:6:0: AutoSamplingTheory.TechnicalLemmas.Measure.DisplacementJacobianEntropy.spectrumLogDet_eigenvalues_eq_log_det.{u_1}
  {ι : Type u_1} [Fintype ι] [DecidableEq ι] (A : Matrix ι ι ℝ) (hA : A.PosDef) :
  AutoSamplingTheory.TechnicalLemmas.Measure.DisplacementJacobianEntropy.spectrumLogDet ⋯.eigenvalues = Real.log A.det
info: Tests/DisplacementJacobianEntropy.lean:7:0: AutoSamplingTheory.TechnicalLemmas.Measure.DisplacementJacobianEntropy.neg_spectrumLogDet_eigenvalues_eq_neg_log_det.{u_1}
  {ι : Type u_1} [Fintype ι] [DecidableEq ι] (A : Matrix ι ι ℝ) (hA : A.PosDef) :
  -AutoSamplingTheory.TechnicalLemmas.Measure.DisplacementJacobianEntropy.spectrumLogDet ⋯.eigenvalues = -Real.log A.det
info: Tests/DisplacementJacobianEntropy.lean:8:0: AutoSamplingTheory.TechnicalLemmas.Measure.DisplacementJacobianEntropy.affineIdentityMatrix_posDef.{u_1} {ι : Type u_1}
  [Fintype ι] [DecidableEq ι] (A : Matrix ι ι ℝ) (hA : A.PosDef) (t : ℝ) (ht0 : 0 ≤ t) (ht1 : t ≤ 1) :
  ((1 - t) • 1 + t • A).PosDef
info: Tests/DisplacementJacobianEntropy.lean:9:0: AutoSamplingTheory.TechnicalLemmas.Measure.DisplacementJacobianEntropy.affineIdentityMatrix_posDef_of_posSemidef.{u_1}
  {ι : Type u_1} [Fintype ι] [DecidableEq ι] (A : Matrix ι ι ℝ) (hA : A.PosSemidef) (t : ℝ) (ht0 : 0 ≤ t)
  (ht1 : t < 1) : ((1 - t) • 1 + t • A).PosDef
info: Tests/DisplacementJacobianEntropy.lean:10:0: AutoSamplingTheory.TechnicalLemmas.Measure.DisplacementJacobianEntropy.det_conjStarAlgAut_eq.{u_1} {ι : Type u_1}
  [Fintype ι] [DecidableEq ι] (U : ↥(unitary (Matrix ι ι ℝ))) (B : Matrix ι ι ℝ) :
  (((Unitary.conjStarAlgAut ℝ (Matrix ι ι ℝ)) U) B).det = B.det
info: Tests/DisplacementJacobianEntropy.lean:11:0: AutoSamplingTheory.TechnicalLemmas.Measure.DisplacementJacobianEntropy.affineIdentityMatrix_diagonal.{u_1}
  {ι : Type u_1} [Fintype ι] [DecidableEq ι] (lambda : ι → ℝ) (t : ℝ) :
  (1 - t) • 1 + t • Matrix.diagonal lambda =
    Matrix.diagonal
      (AutoSamplingTheory.TechnicalLemmas.Measure.DisplacementJacobianEntropy.affineIdentitySpectrum t lambda)
info: Tests/DisplacementJacobianEntropy.lean:12:0: AutoSamplingTheory.TechnicalLemmas.Measure.DisplacementJacobianEntropy.det_affineIdentity_diagonal.{u_1} {ι : Type u_1}
  [Fintype ι] [DecidableEq ι] (lambda : ι → ℝ) (t : ℝ) :
  ((1 - t) • 1 + t • Matrix.diagonal lambda).det = ∏ i, (1 - t + t * lambda i)
info: Tests/DisplacementJacobianEntropy.lean:13:0: AutoSamplingTheory.TechnicalLemmas.Measure.DisplacementJacobianEntropy.spectrumLogDet_affineIdentity_ge.{u_1}
  {ι : Type u_1} [Fintype ι] (lambda : ι → ℝ) (t : ℝ) (hlambda : ∀ (i : ι), 0 < lambda i) (ht0 : 0 ≤ t) (ht1 : t ≤ 1) :
  t * AutoSamplingTheory.TechnicalLemmas.Measure.DisplacementJacobianEntropy.spectrumLogDet lambda ≤
    AutoSamplingTheory.TechnicalLemmas.Measure.DisplacementJacobianEntropy.spectrumLogDet
      (AutoSamplingTheory.TechnicalLemmas.Measure.DisplacementJacobianEntropy.affineIdentitySpectrum t lambda)
info: Tests/DisplacementJacobianEntropy.lean:14:0: AutoSamplingTheory.TechnicalLemmas.Measure.DisplacementJacobianEntropy.neg_spectrumLogDet_affineIdentity_le.{u_1}
  {ι : Type u_1} [Fintype ι] (lambda : ι → ℝ) (t : ℝ) (hlambda : ∀ (i : ι), 0 < lambda i) (ht0 : 0 ≤ t) (ht1 : t ≤ 1) :
  -AutoSamplingTheory.TechnicalLemmas.Measure.DisplacementJacobianEntropy.spectrumLogDet
        (AutoSamplingTheory.TechnicalLemmas.Measure.DisplacementJacobianEntropy.affineIdentitySpectrum t lambda) ≤
    t * -AutoSamplingTheory.TechnicalLemmas.Measure.DisplacementJacobianEntropy.spectrumLogDet lambda
info: Tests/DisplacementJacobianEntropy.lean:15:0: AutoSamplingTheory.TechnicalLemmas.Measure.DisplacementJacobianEntropy.integral_neg_spectrumLogDet_affineIdentity_le.{u_1,
    u_2}
  {X : Type u_1} {ι : Type u_2} [MeasurableSpace X] [Fintype ι] (mu : MeasureTheory.Measure X) (lambda : X → ι → ℝ)
  (t : ℝ) (hlambda : ∀ (x : X) (i : ι), 0 < lambda x i) (ht0 : 0 ≤ t) (ht1 : t ≤ 1)
  (hleft :
    MeasureTheory.Integrable
      (fun x =>
        -AutoSamplingTheory.TechnicalLemmas.Measure.DisplacementJacobianEntropy.spectrumLogDet
            (AutoSamplingTheory.TechnicalLemmas.Measure.DisplacementJacobianEntropy.affineIdentitySpectrum t
              (lambda x)))
      mu)
  (hright :
    MeasureTheory.Integrable
      (fun x => -AutoSamplingTheory.TechnicalLemmas.Measure.DisplacementJacobianEntropy.spectrumLogDet (lambda x)) mu) :
  ∫ (x : X),
      -AutoSamplingTheory.TechnicalLemmas.Measure.DisplacementJacobianEntropy.spectrumLogDet
          (AutoSamplingTheory.TechnicalLemmas.Measure.DisplacementJacobianEntropy.affineIdentitySpectrum t
            (lambda x)) ∂mu ≤
    t * ∫ (x : X), -AutoSamplingTheory.TechnicalLemmas.Measure.DisplacementJacobianEntropy.spectrumLogDet (lambda x) ∂mu
ℹ [9254/9484] Replayed Tests.DiscreteDoobL2
info: Tests/DiscreteDoobL2.lean:5:0: AutoSamplingTheory.TechnicalLemmas.StochasticProcesses.DiscreteDoobL2.runningAbsMax.{u_1} {Omega : Type u_1}
  (M : ℕ → Omega → ℝ) (N : ℕ) (omega : Omega) : ℝ
info: Tests/DiscreteDoobL2.lean:6:0: AutoSamplingTheory.TechnicalLemmas.StochasticProcesses.DiscreteDoobL2.sampledFiltration.{u_1, u_2} {Omega : Type u_1}
  {m : MeasurableSpace Omega} {ι : Type u_2} [Preorder ι] (filtration : MeasureTheory.Filtration ι m) (times : ℕ → ι)
  (htimes : Monotone times) : MeasureTheory.Filtration ℕ m
info: Tests/DiscreteDoobL2.lean:7:0: AutoSamplingTheory.TechnicalLemmas.StochasticProcesses.DiscreteDoobL2.Martingale.sampled.{u_1, u_2} {Omega : Type u_1}
  {m : MeasurableSpace Omega} {mu : MeasureTheory.Measure Omega} {ι : Type u_2} [Preorder ι]
  {filtration : MeasureTheory.Filtration ι m} {M : ι → Omega → ℝ} (hM : MeasureTheory.Martingale M filtration mu)
  (times : ℕ → ι) (htimes : Monotone times) :
  MeasureTheory.Martingale (fun k => M (times k)) (DiscreteDoobL2.sampledFiltration filtration times htimes) mu
info: Tests/DiscreteDoobL2.lean:8:0: AutoSamplingTheory.TechnicalLemmas.StochasticProcesses.DiscreteDoobL2.doobL2_finite.{u_1} {Omega : Type u_1}
  {m : MeasurableSpace Omega} {mu : MeasureTheory.Measure Omega} [MeasureTheory.IsFiniteMeasure mu]
  {filtration : MeasureTheory.Filtration ℕ m} {M : ℕ → Omega → ℝ} (hM : MeasureTheory.Martingale M filtration mu)
  (N : ℕ) : MeasureTheory.eLpNorm (DiscreteDoobL2.runningAbsMax M N) 2 mu ≤ 2 * MeasureTheory.eLpNorm (M N) 2 mu
info: Tests/DiscreteDoobL2.lean:9:0: AutoSamplingTheory.TechnicalLemmas.StochasticProcesses.DiscreteDoobL2.doobL2_finite_sq.{u_1} {Omega : Type u_1}
  {m : MeasurableSpace Omega} {mu : MeasureTheory.Measure Omega} [MeasureTheory.IsFiniteMeasure mu]
  {filtration : MeasureTheory.Filtration ℕ m} {M : ℕ → Omega → ℝ} (hM : MeasureTheory.Martingale M filtration mu)
  (N : ℕ) : MeasureTheory.eLpNorm (DiscreteDoobL2.runningAbsMax M N) 2 mu ^ 2 ≤ 4 * MeasureTheory.eLpNorm (M N) 2 mu ^ 2
info: Tests/DiscreteDoobL2.lean:10:0: AutoSamplingTheory.TechnicalLemmas.StochasticProcesses.DiscreteDoobL2.doobL2_sampled.{u_1, u_2} {Omega : Type u_1}
  {m : MeasurableSpace Omega} {mu : MeasureTheory.Measure Omega} [MeasureTheory.IsFiniteMeasure mu] {ι : Type u_2}
  [Preorder ι] {filtration : MeasureTheory.Filtration ι m} {M : ι → Omega → ℝ}
  (hM : MeasureTheory.Martingale M filtration mu) (times : ℕ → ι) (htimes : Monotone times) (N : ℕ) :
  MeasureTheory.eLpNorm (DiscreteDoobL2.runningAbsMax (fun k => M (times k)) N) 2 mu ≤
    2 * MeasureTheory.eLpNorm (M (times N)) 2 mu
ℹ [9255/9484] Replayed Tests.ContinuousDoobL2
info: Tests/ContinuousDoobL2.lean:5:0: AutoSamplingTheory.TechnicalLemmas.StochasticProcesses.ContinuousDoobL2.dyadicMaxEvent.{u_1} {Omega : Type u_1}
  (M : NNReal → Omega → ℝ) (T : NNReal) (a : ℝ) (level : ℕ) : Set Omega
info: Tests/ContinuousDoobL2.lean:6:0: AutoSamplingTheory.TechnicalLemmas.StochasticProcesses.ContinuousDoobL2.dyadicMaxEventAll.{u_1} {Omega : Type u_1}
  (M : NNReal → Omega → ℝ) (T : NNReal) (a : ℝ) : Set Omega
info: Tests/ContinuousDoobL2.lean:7:0: AutoSamplingTheory.TechnicalLemmas.StochasticProcesses.ContinuousDoobL2.measurableSet_dyadicMaxEventAll.{u_1}
  {Omega : Type u_1} {m : MeasurableSpace Omega} {filtration : MeasureTheory.Filtration NNReal m}
  {M : NNReal → Omega → ℝ} (hM : MeasureTheory.StronglyAdapted filtration M) (T : NNReal) (a : ℝ) :
  MeasurableSet (ContinuousDoobL2.dyadicMaxEventAll M T a)
info: Tests/ContinuousDoobL2.lean:8:0: AutoSamplingTheory.TechnicalLemmas.StochasticProcesses.ContinuousDoobL2.monotone_dyadicMaxEvent.{u_1} {Omega : Type u_1}
  (M : NNReal → Omega → ℝ) (T : NNReal) (a : ℝ) : Monotone (ContinuousDoobL2.dyadicMaxEvent M T a)
info: Tests/ContinuousDoobL2.lean:9:0: AutoSamplingTheory.TechnicalLemmas.StochasticProcesses.ContinuousDoobL2.pow_mul_measure_dyadicMaxEventAll_le.{u_1}
  {Omega : Type u_1} {m : MeasurableSpace Omega} {mu : MeasureTheory.Measure Omega} [MeasureTheory.IsFiniteMeasure mu]
  {filtration : MeasureTheory.Filtration NNReal m} {M : NNReal → Omega → ℝ}
  (hM : MeasureTheory.Martingale M filtration mu) (T : NNReal) (a : ℝ) :
  ENNReal.ofReal a ^ 2 * mu (ContinuousDoobL2.dyadicMaxEventAll M T a) ≤ 4 * MeasureTheory.eLpNorm (M T) 2 mu ^ 2
info: Tests/ContinuousDoobL2.lean:10:0: AutoSamplingTheory.TechnicalLemmas.StochasticProcesses.ContinuousDoobL2.measure_dyadicMaxEventAll_le.{u_1}
  {Omega : Type u_1} {m : MeasurableSpace Omega} {mu : MeasureTheory.Measure Omega} [MeasureTheory.IsFiniteMeasure mu]
  {filtration : MeasureTheory.Filtration NNReal m} {M : NNReal → Omega → ℝ}
  (hM : MeasureTheory.Martingale M filtration mu) (T : NNReal) {a : ℝ} (ha : 0 < a) :
  mu (ContinuousDoobL2.dyadicMaxEventAll M T a) ≤ (ENNReal.ofReal a ^ 2)⁻¹ * (4 * MeasureTheory.eLpNorm (M T) 2 mu ^ 2)
info: Tests/ContinuousDoobL2.lean:11:0: AutoSamplingTheory.TechnicalLemmas.StochasticProcesses.ContinuousDoobL2.activeCellIndex {T t : NNReal} (hT : 0 < T)
  (ht : 0 < t) (htT : t ≤ T) (level : ℕ) : Fin (2 ^ level)
info: Tests/ContinuousDoobL2.lean:12:0: AutoSamplingTheory.TechnicalLemmas.StochasticProcesses.ContinuousDoobL2.tendsto_rightApproxTime {T t : NNReal}
  (hT : 0 < T) (ht : 0 < t) (htT : t ≤ T) :
  Filter.Tendsto (ContinuousDoobL2.rightApproxTime hT ht htT) Filter.atTop (nhds t)
info: Tests/ContinuousDoobL2.lean:13:0: AutoSamplingTheory.TechnicalLemmas.StochasticProcesses.ContinuousDoobL2.continuousOn_mem_dyadicMaxEventAll.{u_1}
  {Omega : Type u_1} {M : NNReal → Omega → ℝ} {T t : NNReal} {a : ℝ} {omega : Omega} (hT : 0 < T)
  (hcont : ContinuousOn (fun s => M s omega) (Set.Icc 0 T)) (htIcc : t ∈ Set.Icc 0 T) (ha : a < |M t omega|) :
  omega ∈ ContinuousDoobL2.dyadicMaxEventAll M T a
info: Tests/ContinuousDoobL2.lean:14:0: AutoSamplingTheory.TechnicalLemmas.StochasticProcesses.ContinuousDoobL2.doobL2_continuous.{u_1} {Omega : Type u_1}
  {m : MeasurableSpace Omega} {mu : MeasureTheory.Measure Omega} [MeasureTheory.IsFiniteMeasure mu]
  {filtration : MeasureTheory.Filtration NNReal m} {M : NNReal → Omega → ℝ}
  (hM : MeasureTheory.Martingale M filtration mu) {T : NNReal} (hT : 0 < T)
  (hcont : ∀ᵐ (omega : Omega) ∂mu, ContinuousOn (fun t => M t omega) (Set.Icc 0 T)) (a : ℝ) :
  ENNReal.ofReal a ^ 2 * mu (ContinuousDoobL2.continuousExceedEvent M T a) ≤ 4 * MeasureTheory.eLpNorm (M T) 2 mu ^ 2
ℹ [9256/9484] Replayed Tests.DyadicElementaryRefinement
info: Tests/DyadicElementaryRefinement.lean:5:0: AutoSamplingTheory.TechnicalLemmas.StochasticProcesses.DyadicElementaryRefinement.refinementFactor
  (level targetLevel : ℕ) : ℕ
info: Tests/DyadicElementaryRefinement.lean:6:0: AutoSamplingTheory.TechnicalLemmas.StochasticProcesses.DyadicElementaryRefinement.coarseCell {level targetLevel : ℕ}
  (hle : level ≤ targetLevel) (j : Fin (2 ^ targetLevel)) : Fin (2 ^ level)
info: Tests/DyadicElementaryRefinement.lean:7:0: AutoSamplingTheory.TechnicalLemmas.StochasticProcesses.DyadicElementaryRefinement.dyadicMesh_coarse_eq_factor_mul
  {T : NNReal} {level targetLevel : ℕ} (hle : level ≤ targetLevel) :
  SampledElementaryApproximation.dyadicMesh T level =
    ↑(DyadicElementaryRefinement.refinementFactor level targetLevel) *
      SampledElementaryApproximation.dyadicMesh T targetLevel
info: Tests/DyadicElementaryRefinement.lean:8:0: AutoSamplingTheory.TechnicalLemmas.StochasticProcesses.DyadicElementaryRefinement.coarse_left_endpoint_le_fine_left
  {T : NNReal} {level targetLevel : ℕ} (hle : level ≤ targetLevel) (j : Fin (2 ^ targetLevel)) :
  SampledElementaryApproximation.regularGridTimes (SampledElementaryApproximation.dyadicMesh T level) (2 ^ level)
      (DyadicElementaryRefinement.coarseCell hle j).castSucc ≤
    SampledElementaryApproximation.regularGridTimes (SampledElementaryApproximation.dyadicMesh T targetLevel)
      (2 ^ targetLevel) j.castSucc
info: Tests/DyadicElementaryRefinement.lean:9:0: AutoSamplingTheory.TechnicalLemmas.StochasticProcesses.DyadicElementaryRefinement.refineDyadic.{u_1} {Omega : Type u_1}
  {m : MeasurableSpace Omega} {filtration : MeasureTheory.Filtration NNReal m} {T : NNReal}
  (eta : ProgressiveL2Density.DyadicElementaryProcess filtration T) (targetLevel : ℕ) (hle : eta.level ≤ targetLevel) :
  ProgressiveL2Density.DyadicElementaryProcess filtration T
info: Tests/DyadicElementaryRefinement.lean:10:0: AutoSamplingTheory.TechnicalLemmas.StochasticProcesses.DyadicElementaryRefinement.refineDyadic_value_eq.{u_1}
  {Omega : Type u_1} {m : MeasurableSpace Omega} {filtration : MeasureTheory.Filtration NNReal m} {T : NNReal}
  (eta : ProgressiveL2Density.DyadicElementaryProcess filtration T) (targetLevel : ℕ) (hle : eta.level ≤ targetLevel)
  (t : NNReal) (omega : Omega) :
  (DyadicElementaryRefinement.refineDyadic eta targetLevel hle).process.value t omega = eta.process.value t omega
info: Tests/DyadicElementaryRefinement.lean:11:0: AutoSamplingTheory.TechnicalLemmas.StochasticProcesses.DyadicElementaryRefinement.refineDyadic_toLp_eq.{u_1}
  {Omega : Type u_1} {m : MeasurableSpace Omega} {filtration : MeasureTheory.Filtration NNReal m}
  {mu : MeasureTheory.Measure Omega} {T : NNReal} [MeasureTheory.IsFiniteMeasure mu]
  (eta : ProgressiveL2Density.DyadicElementaryProcess filtration T) (targetLevel : ℕ) (hle : eta.level ≤ targetLevel) :
  (DyadicElementaryRefinement.refineDyadic eta targetLevel hle).toLp mu = eta.toLp mu
info: Tests/DyadicElementaryRefinement.lean:12:0: AutoSamplingTheory.TechnicalLemmas.StochasticProcesses.DyadicElementaryRefinement.sum_brownianIncrements_block
  (q start : ℕ) (F : ℕ → ℝ) : ∑ r, (F (start + ↑r + 1) - F (start + ↑r)) = F (start + q) - F start
info: Tests/DyadicElementaryRefinement.lean:13:0: AutoSamplingTheory.TechnicalLemmas.StochasticProcesses.DyadicElementaryRefinement.refineDyadic_elementaryItoIntegral_eq.{u_1}
  {Omega : Type u_1} {m : MeasurableSpace Omega} {filtration : MeasureTheory.Filtration NNReal m} {T : NNReal}
  (eta : ProgressiveL2Density.DyadicElementaryProcess filtration T) (targetLevel : ℕ) (hle : eta.level ≤ targetLevel)
  (B : NNReal → Omega → ℝ) (S : NNReal) (omega : Omega) :
  ElementaryItoIntegral.elementaryItoIntegral (DyadicElementaryRefinement.refineDyadic eta targetLevel hle).process B S
      omega =
    ElementaryItoIntegral.elementaryItoIntegral eta.process B S omega
info: Tests/DyadicElementaryRefinement.lean:14:0: AutoSamplingTheory.TechnicalLemmas.StochasticProcesses.DyadicElementaryRefinement.refineDyadic_terminalToLp_eq.{u_1}
  {Omega : Type u_1} {m : MeasurableSpace Omega} {filtration : MeasureTheory.Filtration NNReal m}
  {mu : MeasureTheory.Measure Omega} {T : NNReal} {B : NNReal → Omega → ℝ}
  (eta : ProgressiveL2Density.DyadicElementaryProcess filtration T) (targetLevel : ℕ) (hle : eta.level ≤ targetLevel)
  (hB : BrownianMotion.IsBrownianMotionWithFiltration B filtration mu) (S : NNReal) :
  ElementaryItoL2.elementaryItoTerminalToLp (DyadicElementaryRefinement.refineDyadic eta targetLevel hle).process hB S =
    ElementaryItoL2.elementaryItoTerminalToLp eta.process hB S
info: Tests/DyadicElementaryRefinement.lean:15:0: AutoSamplingTheory.TechnicalLemmas.StochasticProcesses.DyadicElementaryRefinement.commonRefinement_times_eq.{u_1}
  {Omega : Type u_1} {m : MeasurableSpace Omega} {filtration : MeasureTheory.Filtration NNReal m} {T : NNReal}
  (eta xi : ProgressiveL2Density.DyadicElementaryProcess filtration T) :
  (DyadicElementaryRefinement.commonRefinementLeft eta xi).process.times =
    (DyadicElementaryRefinement.commonRefinementRight eta xi).process.times
info: Tests/DyadicElementaryRefinement.lean:16:0: AutoSamplingTheory.TechnicalLemmas.StochasticProcesses.DyadicElementaryRefinement.norm_terminal_sub_eq_process_sub.{u_1}
  {Omega : Type u_1} {m : MeasurableSpace Omega} {filtration : MeasureTheory.Filtration NNReal m}
  {mu : MeasureTheory.Measure Omega} {T : NNReal} {B : NNReal → Omega → ℝ}
  (eta xi : ProgressiveL2Density.DyadicElementaryProcess filtration T)
  (hB : BrownianMotion.IsBrownianMotionWithFiltration B filtration mu) :
  ‖DyadicElementaryRefinement.terminalToLp eta hB - DyadicElementaryRefinement.terminalToLp xi hB‖ =
    ‖DyadicElementaryRefinement.processToLp eta hB - DyadicElementaryRefinement.processToLp xi hB‖
ℹ [9257/9484] Replayed Tests.DyadicElementaryStopping
info: Tests/DyadicElementaryStopping.lean:7:0: AutoSamplingTheory.TechnicalLemmas.StochasticProcesses.DyadicElementaryStopping.stopDyadicAtGridIndex.{u_1}
  {Omega : Type u_1} {m : MeasurableSpace Omega} {filtration : MeasureTheory.Filtration NNReal m} {T : NNReal}
  (eta : ProgressiveL2Density.DyadicElementaryProcess filtration T) (targetLevel : ℕ) (hle : eta.level ≤ targetLevel)
  (cutoff : Fin (2 ^ targetLevel + 1)) : ProgressiveL2Density.DyadicElementaryProcess filtration T
info: Tests/DyadicElementaryStopping.lean:8:0: AutoSamplingTheory.TechnicalLemmas.StochasticProcesses.DyadicElementaryStopping.stopDyadicAtGridIndex_elementaryItoIntegral.{u_1}
  {Omega : Type u_1} {m : MeasurableSpace Omega} {filtration : MeasureTheory.Filtration NNReal m} {T : NNReal}
  (eta : ProgressiveL2Density.DyadicElementaryProcess filtration T) (targetLevel : ℕ) (hle : eta.level ≤ targetLevel)
  (cutoff : Fin (2 ^ targetLevel + 1)) (B : NNReal → Omega → ℝ) (omega : Omega) :
  ElementaryItoIntegral.elementaryItoIntegral
      (DyadicElementaryStopping.stopDyadicAtGridIndex eta targetLevel hle cutoff).process B T omega =
    ElementaryItoIntegral.elementaryItoIntegral eta.process B (DyadicElementaryStopping.cutoffTime targetLevel cutoff)
      omega
info: Tests/DyadicElementaryStopping.lean:9:0: AutoSamplingTheory.TechnicalLemmas.StochasticProcesses.DyadicElementaryStopping.stopDyadicAtGridIndex_terminalToLp.{u_1}
  {Omega : Type u_1} {m : MeasurableSpace Omega} {filtration : MeasureTheory.Filtration NNReal m}
  {mu : MeasureTheory.Measure Omega} {T : NNReal} {B : NNReal → Omega → ℝ}
  (eta : ProgressiveL2Density.DyadicElementaryProcess filtration T) (targetLevel : ℕ) (hle : eta.level ≤ targetLevel)
  (cutoff : Fin (2 ^ targetLevel + 1)) (hB : BrownianMotion.IsBrownianMotionWithFiltration B filtration mu) :
  DyadicElementaryRefinement.terminalToLp (DyadicElementaryStopping.stopDyadicAtGridIndex eta targetLevel hle cutoff)
      hB =
    ElementaryItoL2.elementaryItoTerminalToLp eta.process hB (DyadicElementaryStopping.cutoffTime targetLevel cutoff)
info: Tests/DyadicElementaryStopping.lean:10:0: AutoSamplingTheory.TechnicalLemmas.StochasticProcesses.DyadicElementaryStopping.stopDyadicAtGridIndex_value_eq.{u_1}
  {Omega : Type u_1} {m : MeasurableSpace Omega} {filtration : MeasureTheory.Filtration NNReal m} {T : NNReal}
  (eta : ProgressiveL2Density.DyadicElementaryProcess filtration T) (targetLevel : ℕ) (hle : eta.level ≤ targetLevel)
  (cutoff : Fin (2 ^ targetLevel + 1)) (s : NNReal) (omega : Omega) :
  (DyadicElementaryStopping.stopDyadicAtGridIndex eta targetLevel hle cutoff).process.value s omega =
    if s ≤ DyadicElementaryStopping.cutoffTime targetLevel cutoff then eta.process.value s omega else 0
info: Tests/DyadicElementaryStopping.lean:11:0: AutoSamplingTheory.TechnicalLemmas.StochasticProcesses.DyadicElementaryStopping.stopAtRightApprox.{u_1}
  {Omega : Type u_1} {m : MeasurableSpace Omega} {filtration : MeasureTheory.Filtration NNReal m} {T t : NNReal}
  (eta : ProgressiveL2Density.DyadicElementaryProcess filtration T) (hT : 0 < T) (ht : 0 < t) (htT : t ≤ T) (n : ℕ) :
  ProgressiveL2Density.DyadicElementaryProcess filtration T
info: Tests/DyadicElementaryStopping.lean:12:0: AutoSamplingTheory.TechnicalLemmas.StochasticProcesses.DyadicElementaryStopping.stopAtRightApprox_terminalToLp.{u_1}
  {Omega : Type u_1} {m : MeasurableSpace Omega} {filtration : MeasureTheory.Filtration NNReal m}
  {mu : MeasureTheory.Measure Omega} {T : NNReal} {B : NNReal → Omega → ℝ} {t : NNReal}
  (eta : ProgressiveL2Density.DyadicElementaryProcess filtration T) (hT : 0 < T) (ht : 0 < t) (htT : t ≤ T) (n : ℕ)
  (hB : BrownianMotion.IsBrownianMotionWithFiltration B filtration mu) :
  DyadicElementaryRefinement.terminalToLp (DyadicElementaryStopping.stopAtRightApprox eta hT ht htT n) hB =
    ElementaryItoL2.elementaryItoTerminalToLp eta.process hB
      (ContinuousDoobL2.rightApproxTime hT ht htT (DyadicElementaryStopping.stoppingLevel eta n))
info: Tests/DyadicElementaryStopping.lean:13:0: AutoSamplingTheory.TechnicalLemmas.StochasticProcesses.DyadicElementaryStopping.stopAtRightApprox_value_eq.{u_1}
  {Omega : Type u_1} {m : MeasurableSpace Omega} {filtration : MeasureTheory.Filtration NNReal m} {T t : NNReal}
  (eta : ProgressiveL2Density.DyadicElementaryProcess filtration T) (hT : 0 < T) (ht : 0 < t) (htT : t ≤ T) (n : ℕ)
  (s : NNReal) (omega : Omega) :
  (DyadicElementaryStopping.stopAtRightApprox eta hT ht htT n).process.value s omega =
    if s ≤ ContinuousDoobL2.rightApproxTime hT ht htT (DyadicElementaryStopping.stoppingLevel eta n) then
      eta.process.value s omega
    else 0
ℹ [9258/9484] Replayed Tests.DyadicGridStoppingIto
info: Tests/DyadicGridStoppingIto.lean:13:0: AutoSamplingTheory.TechnicalLemmas.StochasticProcesses.DyadicGridStoppingIto.IsGridValuedFor.{u_1} {Omega : Type u_1}
  {m : MeasurableSpace Omega} {filtration : Filtration ℝ≥0 m} {T : ℝ≥0} (eta : DyadicElementaryProcess filtration T)
  (tau : Omega → WithTop ℝ≥0) (cutoff : Omega → Fin (2 ^ eta.level + 1)) : Prop
info: Tests/DyadicGridStoppingIto.lean:14:0: AutoSamplingTheory.TechnicalLemmas.StochasticProcesses.DyadicGridStoppingIto.stopElementary_coeff_eq_gridCutoff.{u_1}
  {Omega : Type u_1} {m : MeasurableSpace Omega} {filtration : Filtration ℝ≥0 m} {T : ℝ≥0}
  (eta : DyadicElementaryProcess filtration T) (tau : Omega → WithTop ℝ≥0) (htau : IsChewiStoppingTime filtration tau)
  (cutoff : Omega → Fin (2 ^ eta.level + 1)) (hgrid : IsGridValuedFor eta tau cutoff) (j : Fin (2 ^ eta.level))
  (omega : Omega) :
  (ElementaryStoppingTime.stopElementary eta.process tau htau).coeff j omega =
    if j.castSucc < cutoff omega then eta.process.coeff j omega else 0
info: Tests/DyadicGridStoppingIto.lean:15:0: AutoSamplingTheory.TechnicalLemmas.StochasticProcesses.DyadicGridStoppingIto.elementaryItoIntegral_stop_gridValued.{u_1}
  {Omega : Type u_1} {m : MeasurableSpace Omega} {filtration : Filtration ℝ≥0 m} {T : ℝ≥0}
  (eta : DyadicElementaryProcess filtration T) (tau : Omega → WithTop ℝ≥0) (htau : IsChewiStoppingTime filtration tau)
  (cutoff : Omega → Fin (2 ^ eta.level + 1)) (hgrid : IsGridValuedFor eta tau cutoff) (B : ℝ≥0 → Omega → ℝ)
  (omega : Omega) :
  elementaryItoIntegral (ElementaryStoppingTime.stopElementary eta.process tau htau) B T omega =
    elementaryItoIntegral eta.process B (eta.process.times (cutoff omega)) omega
ℹ [9259/9484] Replayed Tests.DyadicHorizonExtension
info: Tests/DyadicHorizonExtension.lean:15:0: AutoSamplingTheory.TechnicalLemmas.StochasticProcesses.DyadicHorizonExtension.extensionLevel.{u_1} {Omega : Type u_1}
  {m : MeasurableSpace Omega} {filtration : Filtration ℝ≥0 m} {a : ℕ}
  (q : DyadicElementaryProcess filtration (dyadicHorizon a)) (b : ℕ) : ℕ
info: Tests/DyadicHorizonExtension.lean:16:0: AutoSamplingTheory.TechnicalLemmas.StochasticProcesses.DyadicHorizonExtension.dyadicHorizon_mono {a b : ℕ}
  (hab : a ≤ b) : dyadicHorizon a ≤ dyadicHorizon b
info: Tests/DyadicHorizonExtension.lean:17:0: AutoSamplingTheory.TechnicalLemmas.StochasticProcesses.DyadicHorizonExtension.dyadicMesh_dyadicHorizon_align
  (level a b : ℕ) (hab : a ≤ b) :
  SampledElementaryApproximation.dyadicMesh (dyadicHorizon a) level =
    SampledElementaryApproximation.dyadicMesh (dyadicHorizon b) (level + (b - a))
info: Tests/DyadicHorizonExtension.lean:18:0: AutoSamplingTheory.TechnicalLemmas.StochasticProcesses.DyadicHorizonExtension.oldCellCount_le_extension.{u_1}
  {Omega : Type u_1} {m : MeasurableSpace Omega} {filtration : Filtration ℝ≥0 m} {a b : ℕ} (hab : a ≤ b)
  (q : DyadicElementaryProcess filtration (dyadicHorizon a)) : 2 ^ q.level ≤ 2 ^ extensionLevel q b
info: Tests/DyadicHorizonExtension.lean:19:0: AutoSamplingTheory.TechnicalLemmas.StochasticProcesses.DyadicHorizonExtension.prefixIndex.{u_1} {Omega : Type u_1}
  {m : MeasurableSpace Omega} {filtration : Filtration ℝ≥0 m} {a b : ℕ} (hab : a ≤ b)
  (q : DyadicElementaryProcess filtration (dyadicHorizon a)) (i : Fin (2 ^ q.level)) : Fin (2 ^ extensionLevel q b)
info: Tests/DyadicHorizonExtension.lean:20:0: AutoSamplingTheory.TechnicalLemmas.StochasticProcesses.DyadicHorizonExtension.prefix_time_eq.{u_1} {Omega : Type u_1}
  {m : MeasurableSpace Omega} {filtration : Filtration ℝ≥0 m} {a b : ℕ} (hab : a ≤ b)
  (q : DyadicElementaryProcess filtration (dyadicHorizon a)) (i : Fin (2 ^ q.level + 1)) :
  q.process.times i =
    SampledElementaryApproximation.regularGridTimes
      (SampledElementaryApproximation.dyadicMesh (dyadicHorizon b) (extensionLevel q b)) (2 ^ extensionLevel q b)
      ⟨↑i, ⋯⟩
info: Tests/DyadicHorizonExtension.lean:21:0: AutoSamplingTheory.TechnicalLemmas.StochasticProcesses.DyadicHorizonExtension.extendDyadicHorizon.{u_1}
  {Omega : Type u_1} {m : MeasurableSpace Omega} {filtration : Filtration ℝ≥0 m} {a b : ℕ} (hab : a ≤ b)
  (q : DyadicElementaryProcess filtration (dyadicHorizon a)) : DyadicElementaryProcess filtration (dyadicHorizon b)
info: Tests/DyadicHorizonExtension.lean:22:0: AutoSamplingTheory.TechnicalLemmas.StochasticProcesses.DyadicHorizonExtension.extendDyadicHorizon_coeff_prefix.{u_1}
  {Omega : Type u_1} {m : MeasurableSpace Omega} {filtration : Filtration ℝ≥0 m} {a b : ℕ} (hab : a ≤ b)
  (q : DyadicElementaryProcess filtration (dyadicHorizon a)) (j : Fin (2 ^ extensionLevel q b)) (hj : ↑j < 2 ^ q.level)
  (omega : Omega) : (extendDyadicHorizon hab q).process.coeff j omega = q.process.coeff ⟨↑j, hj⟩ omega
info: Tests/DyadicHorizonExtension.lean:23:0: AutoSamplingTheory.TechnicalLemmas.StochasticProcesses.DyadicHorizonExtension.extendDyadicHorizon_coeff_tail.{u_1}
  {Omega : Type u_1} {m : MeasurableSpace Omega} {filtration : Filtration ℝ≥0 m} {a b : ℕ} (hab : a ≤ b)
  (q : DyadicElementaryProcess filtration (dyadicHorizon a)) (j : Fin (2 ^ extensionLevel q b)) (hj : 2 ^ q.level ≤ ↑j)
  (omega : Omega) : (extendDyadicHorizon hab q).process.coeff j omega = 0
info: Tests/DyadicHorizonExtension.lean:24:0: AutoSamplingTheory.TechnicalLemmas.StochasticProcesses.DyadicHorizonExtension.extendDyadicHorizon_value_eq_of_le.{u_1}
  {Omega : Type u_1} {m : MeasurableSpace Omega} {filtration : Filtration ℝ≥0 m} {a b : ℕ} (hab : a ≤ b)
  (q : DyadicElementaryProcess filtration (dyadicHorizon a)) {t : ℝ≥0} (ht : t ≤ dyadicHorizon a) (omega : Omega) :
  (extendDyadicHorizon hab q).process.value t omega = q.process.value t omega
info: Tests/DyadicHorizonExtension.lean:25:0: AutoSamplingTheory.TechnicalLemmas.StochasticProcesses.DyadicHorizonExtension.extendDyadicHorizon_value_eq_zero_of_old_lt.{u_1}
  {Omega : Type u_1} {m : MeasurableSpace Omega} {filtration : Filtration ℝ≥0 m} {a b : ℕ} (hab : a ≤ b)
  (q : DyadicElementaryProcess filtration (dyadicHorizon a)) {t : ℝ≥0} (ht : dyadicHorizon a < t) (omega : Omega) :
  (extendDyadicHorizon hab q).process.value t omega = 0
info: Tests/DyadicHorizonExtension.lean:26:0: AutoSamplingTheory.TechnicalLemmas.StochasticProcesses.DyadicHorizonExtension.extendDyadicHorizon_value_eq_restrictProcess_of_ne_terminal.{u_1}
  {Omega : Type u_1} {m : MeasurableSpace Omega} {filtration : Filtration ℝ≥0 m} {a b : ℕ} (hab : a ≤ b)
  (q : DyadicElementaryProcess filtration (dyadicHorizon a)) {t : ℝ≥0} (htne : t ≠ dyadicHorizon a) (omega : Omega) :
  (extendDyadicHorizon hab q).process.value t omega =
    ProgressiveL2.ProgressiveL2Integrand.restrictProcess (dyadicHorizon a) q.process.value t omega
info: Tests/DyadicHorizonExtension.lean:27:0: AutoSamplingTheory.TechnicalLemmas.StochasticProcesses.DyadicHorizonExtension.processFunction_extendDyadicHorizon_ae_eq_restrictProcess.{u_1}
  {Omega : Type u_1} {m : MeasurableSpace Omega} {filtration : Filtration ℝ≥0 m} {mu : Measure Omega} {a b : ℕ}
  (hab : a ≤ b) (q : DyadicElementaryProcess filtration (dyadicHorizon a)) :
  ProgressiveL2.processFunction
      (extendDyadicHorizon hab q).process.value =ᵐ[ElementaryItoIntegral.processTimeMeasure mu (dyadicHorizon b)]
    ProgressiveL2.processFunction
      (ProgressiveL2.ProgressiveL2Integrand.restrictProcess (dyadicHorizon a) q.process.value)
info: Tests/DyadicHorizonExtension.lean:28:0: AutoSamplingTheory.TechnicalLemmas.StochasticProcesses.DyadicHorizonExtension.extendDyadicHorizon_toLp_eq_extendByZero.{u_1}
  {Omega : Type u_1} {m : MeasurableSpace Omega} {filtration : Filtration ℝ≥0 m} {mu : Measure Omega}
  [IsFiniteMeasure mu] {a b : ℕ} (hab : a ≤ b) (q : DyadicElementaryProcess filtration (dyadicHorizon a)) :
  (extendDyadicHorizon hab q).toLp mu =
    (ProgressiveL2HorizonExtension.extendByZero (ElementaryItoEmbedding.toProgressiveL2 q.process mu (dyadicHorizon a))
        ⋯).toLp
ℹ [9260/9484] Replayed Tests.DyadicHorizonIto
info: Tests/DyadicHorizonIto.lean:17:0: AutoSamplingTheory.TechnicalLemmas.StochasticProcesses.DyadicHorizonIto.fin_sum_eq_sum_prefix_of_tail_zero {N M : ℕ}
  (hNM : N ≤ M) (F : Fin M → ℝ) (G : Fin N → ℝ) (hprefix : ∀ (i : Fin N), F (Fin.castLE hNM i) = G i)
  (htail : ∀ (j : Fin M), N ≤ ↑j → F j = 0) : ∑ j, F j = ∑ i, G i
info: Tests/DyadicHorizonIto.lean:18:0: AutoSamplingTheory.TechnicalLemmas.StochasticProcesses.DyadicHorizonIto.old_time_le_horizon.{u_1} {Omega : Type u_1}
  {m : MeasurableSpace Omega} {filtration : Filtration ℝ≥0 m} {a : ℕ}
  (q : DyadicElementaryProcess filtration (dyadicHorizon a)) (i : Fin (2 ^ q.level + 1)) :
  q.process.times i ≤ dyadicHorizon a
info: Tests/DyadicHorizonIto.lean:19:0: AutoSamplingTheory.TechnicalLemmas.StochasticProcesses.DyadicHorizonIto.extend_time_castSucc_eq.{u_1} {Omega : Type u_1}
  {m : MeasurableSpace Omega} {filtration : Filtration ℝ≥0 m} {a b : ℕ} (hab : a ≤ b)
  (q : DyadicElementaryProcess filtration (dyadicHorizon a)) (i : Fin (2 ^ q.level)) :
  (DyadicHorizonExtension.extendDyadicHorizon hab q).process.times
      (DyadicHorizonExtension.prefixIndex hab q i).castSucc =
    q.process.times i.castSucc
info: Tests/DyadicHorizonIto.lean:20:0: AutoSamplingTheory.TechnicalLemmas.StochasticProcesses.DyadicHorizonIto.extend_time_succ_eq.{u_1} {Omega : Type u_1}
  {m : MeasurableSpace Omega} {filtration : Filtration ℝ≥0 m} {a b : ℕ} (hab : a ≤ b)
  (q : DyadicElementaryProcess filtration (dyadicHorizon a)) (i : Fin (2 ^ q.level)) :
  (DyadicHorizonExtension.extendDyadicHorizon hab q).process.times (DyadicHorizonExtension.prefixIndex hab q i).succ =
    q.process.times i.succ
info: Tests/DyadicHorizonIto.lean:21:0: AutoSamplingTheory.TechnicalLemmas.StochasticProcesses.DyadicHorizonIto.extendDyadicHorizon_elementaryItoIntegral_eq.{u_1}
  {Omega : Type u_1} {m : MeasurableSpace Omega} {filtration : Filtration ℝ≥0 m} {a b : ℕ} (hab : a ≤ b)
  (q : DyadicElementaryProcess filtration (dyadicHorizon a)) (B : ℝ≥0 → Omega → ℝ) (omega : Omega) :
  ElementaryItoIntegral.elementaryItoIntegral (DyadicHorizonExtension.extendDyadicHorizon hab q).process B
      (dyadicHorizon b) omega =
    ElementaryItoIntegral.elementaryItoIntegral q.process B (dyadicHorizon a) omega
info: Tests/DyadicHorizonIto.lean:22:0: AutoSamplingTheory.TechnicalLemmas.StochasticProcesses.DyadicHorizonIto.extendDyadicHorizon_terminalToLp_eq.{u_1}
  {Omega : Type u_1} {m : MeasurableSpace Omega} {filtration : Filtration ℝ≥0 m} {mu : Measure Omega}
  {B : ℝ≥0 → Omega → ℝ} {a b : ℕ} (hab : a ≤ b) (q : DyadicElementaryProcess filtration (dyadicHorizon a))
  (hB : IsBrownianMotionWithFiltration B filtration mu) :
  DyadicElementaryRefinement.terminalToLp (DyadicHorizonExtension.extendDyadicHorizon hab q) hB =
    DyadicElementaryRefinement.terminalToLp q hB
ℹ [9261/9484] Replayed Tests.ElementaryItoIntegral
info: Tests/ElementaryItoIntegral.lean:9:0: AutoSamplingTheory.TechnicalLemmas.StochasticProcesses.ElementaryItoIntegral.ElementaryAdaptedProcess.{u_1}
  {Omega : Type u_1} {m : MeasurableSpace Omega} (filtration : Filtration ℝ≥0 m) (n : ℕ) : Type u_1
info: Tests/ElementaryItoIntegral.lean:10:0: AutoSamplingTheory.TechnicalLemmas.StochasticProcesses.ElementaryItoIntegral.ElementaryAdaptedProcess.value.{u_1}
  {Omega : Type u_1} {m : MeasurableSpace Omega} {filtration : Filtration ℝ≥0 m} {n : ℕ}
  (eta : ElementaryAdaptedProcess filtration n) (t : ℝ≥0) (omega : Omega) : ℝ
info: Tests/ElementaryItoIntegral.lean:11:0: AutoSamplingTheory.TechnicalLemmas.StochasticProcesses.ElementaryItoIntegral.chewi_display_1_1_2.{u_1}
  {Omega : Type u_1} {m : MeasurableSpace Omega} {filtration : Filtration ℝ≥0 m} {n : ℕ}
  (eta : ElementaryAdaptedProcess filtration n) (t : ℝ≥0) (omega : Omega) :
  eta.value t omega = ∑ i, if eta.times i.castSucc < t ∧ t ≤ eta.times i.succ then eta.coeff i omega else 0
info: Tests/ElementaryItoIntegral.lean:12:0: AutoSamplingTheory.TechnicalLemmas.StochasticProcesses.ElementaryItoIntegral.elementaryItoIntegral.{u_1}
  {Omega : Type u_1} {m : MeasurableSpace Omega} {filtration : Filtration ℝ≥0 m} {n : ℕ}
  (eta : ElementaryAdaptedProcess filtration n) (B : ℝ≥0 → Omega → ℝ) (T : ℝ≥0) (omega : Omega) : ℝ
info: Tests/ElementaryItoIntegral.lean:13:0: AutoSamplingTheory.TechnicalLemmas.StochasticProcesses.ElementaryItoIntegral.chewi_display_1_1_3.{u_1}
  {Omega : Type u_1} {m : MeasurableSpace Omega} {filtration : Filtration ℝ≥0 m} {n : ℕ}
  (eta : ElementaryAdaptedProcess filtration n) (B : ℝ≥0 → Omega → ℝ) (T : ℝ≥0) (omega : Omega) :
  elementaryItoIntegral eta B T omega =
    ∑ i, eta.coeff i omega * (B (min (eta.times i.succ) T) omega - B (min (eta.times i.castSucc) T) omega)
info: Tests/ElementaryItoIntegral.lean:14:0: AutoSamplingTheory.TechnicalLemmas.StochasticProcesses.ElementaryItoIntegral.processTimeMeasure.{u_1} {Omega : Type u_1}
  [MeasurableSpace Omega] (mu : Measure Omega) (T : ℝ≥0) : Measure (Omega × ℝ≥0)
info: Tests/ElementaryItoIntegral.lean:15:0: AutoSamplingTheory.TechnicalLemmas.StochasticProcesses.ElementaryItoIntegral.processL2Energy.{u_1} {Omega : Type u_1}
  [MeasurableSpace Omega] (eta : ℝ≥0 → Omega → ℝ) (mu : Measure Omega) (T : ℝ≥0) : ENNReal
info: Tests/ElementaryItoIntegral.lean:16:0: AutoSamplingTheory.TechnicalLemmas.StochasticProcesses.ElementaryItoIntegral.chewi_display_1_1_7.{u_1}
  {Omega : Type u_1} [MeasurableSpace Omega] (eta : ℝ≥0 → Omega → ℝ) (mu : Measure Omega) (T : ℝ≥0)
  (hη : AEMeasurable (fun z => ENNReal.ofReal (eta z.2 z.1 ^ 2)) (processTimeMeasure mu T)) :
  processL2Energy eta mu T =
    ∫⁻ (omega : Omega),
      ∫⁻ (t : ℝ≥0), ENNReal.ofReal (eta t omega ^ 2) ∂TechnicalLemmas.StochasticProcesses.TimeMeasure.upTo T ∂mu
info: Tests/ElementaryItoIntegral.lean:17:0: AutoSamplingTheory.TechnicalLemmas.StochasticProcesses.ElementaryItoIntegral.IsLocallySquareIntegrableOn.{u_1}
  {Omega : Type u_1} [MeasurableSpace Omega] (eta : ℝ≥0 → Omega → ℝ) (mu : Measure Omega) (T : ℝ≥0) : Prop
info: Tests/ElementaryItoIntegral.lean:18:0: AutoSamplingTheory.TechnicalLemmas.StochasticProcesses.ElementaryItoIntegral.chewi_display_1_1_10.{u_1}
  {Omega : Type u_1} [MeasurableSpace Omega] (eta : ℝ≥0 → Omega → ℝ) (mu : Measure Omega) (T : ℝ≥0) :
  IsLocallySquareIntegrableOn eta mu T ↔
    ∀ᵐ (omega : Omega) ∂mu,
      ∫⁻ (t : ℝ≥0), ENNReal.ofReal (eta t omega ^ 2) ∂TechnicalLemmas.StochasticProcesses.TimeMeasure.upTo T < ⊤
ℹ [9262/9484] Replayed Tests.ElementaryItoAlgebra
info: Tests/ElementaryItoAlgebra.lean:8:0: AutoSamplingTheory.TechnicalLemmas.StochasticProcesses.ElementaryItoAlgebra.zeroLike.{u_1} {Omega : Type u_1}
  {m : MeasurableSpace Omega} {filtration : MeasureTheory.Filtration NNReal m} {n : ℕ}
  (eta : ElementaryAdaptedProcess filtration n) : ElementaryAdaptedProcess filtration n
info: Tests/ElementaryItoAlgebra.lean:9:0: AutoSamplingTheory.TechnicalLemmas.StochasticProcesses.ElementaryItoAlgebra.neg.{u_1} {Omega : Type u_1}
  {m : MeasurableSpace Omega} {filtration : MeasureTheory.Filtration NNReal m} {n : ℕ}
  (eta : ElementaryAdaptedProcess filtration n) : ElementaryAdaptedProcess filtration n
info: Tests/ElementaryItoAlgebra.lean:10:0: AutoSamplingTheory.TechnicalLemmas.StochasticProcesses.ElementaryItoAlgebra.smul.{u_1} {Omega : Type u_1}
  {m : MeasurableSpace Omega} {filtration : MeasureTheory.Filtration NNReal m} {n : ℕ} (c : ℝ)
  (eta : ElementaryAdaptedProcess filtration n) : ElementaryAdaptedProcess filtration n
info: Tests/ElementaryItoAlgebra.lean:11:0: AutoSamplingTheory.TechnicalLemmas.StochasticProcesses.ElementaryItoAlgebra.add.{u_1} {Omega : Type u_1}
  {m : MeasurableSpace Omega} {filtration : MeasureTheory.Filtration NNReal m} {n : ℕ}
  (eta xi : ElementaryAdaptedProcess filtration n) (hgrid : eta.times = xi.times) :
  ElementaryAdaptedProcess filtration n
info: Tests/ElementaryItoAlgebra.lean:12:0: AutoSamplingTheory.TechnicalLemmas.StochasticProcesses.ElementaryItoAlgebra.sub.{u_1} {Omega : Type u_1}
  {m : MeasurableSpace Omega} {filtration : MeasureTheory.Filtration NNReal m} {n : ℕ}
  (eta xi : ElementaryAdaptedProcess filtration n) (hgrid : eta.times = xi.times) :
  ElementaryAdaptedProcess filtration n
info: Tests/ElementaryItoAlgebra.lean:13:0: AutoSamplingTheory.TechnicalLemmas.StochasticProcesses.ElementaryItoAlgebra.add_value.{u_1} {Omega : Type u_1}
  {m : MeasurableSpace Omega} {filtration : MeasureTheory.Filtration NNReal m} {n : ℕ}
  (eta xi : ElementaryAdaptedProcess filtration n) (hgrid : eta.times = xi.times) (t : NNReal) (omega : Omega) :
  (add eta xi hgrid).value t omega = eta.value t omega + xi.value t omega
info: Tests/ElementaryItoAlgebra.lean:14:0: AutoSamplingTheory.TechnicalLemmas.StochasticProcesses.ElementaryItoAlgebra.sub_value.{u_1} {Omega : Type u_1}
  {m : MeasurableSpace Omega} {filtration : MeasureTheory.Filtration NNReal m} {n : ℕ}
  (eta xi : ElementaryAdaptedProcess filtration n) (hgrid : eta.times = xi.times) (t : NNReal) (omega : Omega) :
  (sub eta xi hgrid).value t omega = eta.value t omega - xi.value t omega
info: Tests/ElementaryItoAlgebra.lean:15:0: AutoSamplingTheory.TechnicalLemmas.StochasticProcesses.ElementaryItoAlgebra.elementaryItoIntegral_add.{u_1}
  {Omega : Type u_1} {m : MeasurableSpace Omega} {filtration : MeasureTheory.Filtration NNReal m} {n : ℕ}
  (eta xi : ElementaryAdaptedProcess filtration n) (hgrid : eta.times = xi.times) (B : NNReal → Omega → ℝ) (T : NNReal)
  (omega : Omega) :
  elementaryItoIntegral (add eta xi hgrid) B T omega =
    elementaryItoIntegral eta B T omega + elementaryItoIntegral xi B T omega
info: Tests/ElementaryItoAlgebra.lean:16:0: AutoSamplingTheory.TechnicalLemmas.StochasticProcesses.ElementaryItoAlgebra.elementaryItoIntegral_sub.{u_1}
  {Omega : Type u_1} {m : MeasurableSpace Omega} {filtration : MeasureTheory.Filtration NNReal m} {n : ℕ}
  (eta xi : ElementaryAdaptedProcess filtration n) (hgrid : eta.times = xi.times) (B : NNReal → Omega → ℝ) (T : NNReal)
  (omega : Omega) :
  elementaryItoIntegral (sub eta xi hgrid) B T omega =
    elementaryItoIntegral eta B T omega - elementaryItoIntegral xi B T omega
ℹ [9263/9484] Replayed Tests.ElementaryItoEmbedding
info: Tests/ElementaryItoEmbedding.lean:8:0: AutoSamplingTheory.TechnicalLemmas.StochasticProcesses.ElementaryItoEmbedding.processFunction_stronglyMeasurable.{u_1}
  {Omega : Type u_1} {m : MeasurableSpace Omega} {filtration : MeasureTheory.Filtration NNReal m} {n : ℕ}
  (eta : ElementaryItoIntegral.ElementaryAdaptedProcess filtration n) :
  MeasureTheory.StronglyMeasurable (ProgressiveL2.processFunction eta.value)
info: Tests/ElementaryItoEmbedding.lean:9:0: AutoSamplingTheory.TechnicalLemmas.StochasticProcesses.ElementaryItoEmbedding.value_stronglyProgressive.{u_1}
  {Omega : Type u_1} {m : MeasurableSpace Omega} {filtration : MeasureTheory.Filtration NNReal m} {n : ℕ}
  (eta : ElementaryItoIntegral.ElementaryAdaptedProcess filtration n) :
  MeasureTheory.IsStronglyProgressive filtration eta.value
info: Tests/ElementaryItoEmbedding.lean:10:0: AutoSamplingTheory.TechnicalLemmas.StochasticProcesses.ElementaryItoEmbedding.valueBound.{u_1} {Omega : Type u_1}
  {m : MeasurableSpace Omega} {filtration : MeasureTheory.Filtration NNReal m} {n : ℕ}
  (eta : ElementaryItoIntegral.ElementaryAdaptedProcess filtration n) : ℝ
info: Tests/ElementaryItoEmbedding.lean:11:0: AutoSamplingTheory.TechnicalLemmas.StochasticProcesses.ElementaryItoEmbedding.abs_value_le_valueBound.{u_1}
  {Omega : Type u_1} {m : MeasurableSpace Omega} {filtration : MeasureTheory.Filtration NNReal m} {n : ℕ}
  (eta : ElementaryItoIntegral.ElementaryAdaptedProcess filtration n) (t : NNReal) (omega : Omega) :
  |eta.value t omega| ≤ valueBound eta
info: Tests/ElementaryItoEmbedding.lean:12:0: AutoSamplingTheory.TechnicalLemmas.StochasticProcesses.ElementaryItoEmbedding.value_memLp_two.{u_1} {Omega : Type u_1}
  {m : MeasurableSpace Omega} {filtration : MeasureTheory.Filtration NNReal m} {n : ℕ}
  (eta : ElementaryItoIntegral.ElementaryAdaptedProcess filtration n) (mu : MeasureTheory.Measure Omega)
  [MeasureTheory.IsFiniteMeasure mu] (T : NNReal) :
  MeasureTheory.MemLp (ProgressiveL2.processFunction eta.value) 2 (ElementaryItoIntegral.processTimeMeasure mu T)
info: Tests/ElementaryItoEmbedding.lean:13:0: AutoSamplingTheory.TechnicalLemmas.StochasticProcesses.ElementaryItoEmbedding.toProgressiveL2.{u_1} {Omega : Type u_1}
  {m : MeasurableSpace Omega} {filtration : MeasureTheory.Filtration NNReal m} {n : ℕ}
  (eta : ElementaryItoIntegral.ElementaryAdaptedProcess filtration n) (mu : MeasureTheory.Measure Omega)
  [MeasureTheory.IsFiniteMeasure mu] (T : NNReal) : ProgressiveL2.ProgressiveL2Integrand filtration mu T
info: Tests/ElementaryItoEmbedding.lean:14:0: AutoSamplingTheory.TechnicalLemmas.StochasticProcesses.ElementaryItoEmbedding.toLp_add.{u_1} {Omega : Type u_1}
  {m : MeasurableSpace Omega} {filtration : MeasureTheory.Filtration NNReal m} {n : ℕ}
  (eta xi : ElementaryItoIntegral.ElementaryAdaptedProcess filtration n) (hgrid : eta.times = xi.times)
  (mu : MeasureTheory.Measure Omega) [MeasureTheory.IsFiniteMeasure mu] (T : NNReal) :
  (toProgressiveL2 (ElementaryItoAlgebra.add eta xi hgrid) mu T).toLp =
    (toProgressiveL2 eta mu T).toLp + (toProgressiveL2 xi mu T).toLp
info: Tests/ElementaryItoEmbedding.lean:15:0: AutoSamplingTheory.TechnicalLemmas.StochasticProcesses.ElementaryItoEmbedding.toLp_sub.{u_1} {Omega : Type u_1}
  {m : MeasurableSpace Omega} {filtration : MeasureTheory.Filtration NNReal m} {n : ℕ}
  (eta xi : ElementaryItoIntegral.ElementaryAdaptedProcess filtration n) (hgrid : eta.times = xi.times)
  (mu : MeasureTheory.Measure Omega) [MeasureTheory.IsFiniteMeasure mu] (T : NNReal) :
  (toProgressiveL2 (ElementaryItoAlgebra.sub eta xi hgrid) mu T).toLp =
    (toProgressiveL2 eta mu T).toLp - (toProgressiveL2 xi mu T).toLp
info: Tests/ElementaryItoEmbedding.lean:16:0: AutoSamplingTheory.TechnicalLemmas.StochasticProcesses.ElementaryItoEmbedding.toLp_smul.{u_1} {Omega : Type u_1}
  {m : MeasurableSpace Omega} {filtration : MeasureTheory.Filtration NNReal m} {n : ℕ} (c : ℝ)
  (eta : ElementaryItoIntegral.ElementaryAdaptedProcess filtration n) (mu : MeasureTheory.Measure Omega)
  [MeasureTheory.IsFiniteMeasure mu] (T : NNReal) :
  (toProgressiveL2 (ElementaryItoAlgebra.smul c eta) mu T).toLp = c • (toProgressiveL2 eta mu T).toLp
ℹ [9264/9484] Replayed Tests.ElementaryItoDoobL2
info: Tests/ElementaryItoDoobL2.lean:5:0: AutoSamplingTheory.TechnicalLemmas.StochasticProcesses.ElementaryItoDoobL2.dyadicObservationTime (T : NNReal)
  (level k : ℕ) : NNReal
info: Tests/ElementaryItoDoobL2.lean:6:0: AutoSamplingTheory.TechnicalLemmas.StochasticProcesses.ElementaryItoDoobL2.dyadicObservationTime_monotone (T : NNReal)
  (level : ℕ) : Monotone (ElementaryItoDoobL2.dyadicObservationTime T level)
info: Tests/ElementaryItoDoobL2.lean:7:0: AutoSamplingTheory.TechnicalLemmas.StochasticProcesses.ElementaryItoDoobL2.dyadicObservationTime_terminal (T : NNReal)
  (level : ℕ) : ElementaryItoDoobL2.dyadicObservationTime T level (2 ^ level) = T
info: Tests/ElementaryItoDoobL2.lean:8:0: AutoSamplingTheory.TechnicalLemmas.StochasticProcesses.ElementaryItoDoobL2.dyadicObservationTime_refine (T : NNReal)
  (level k : ℕ) :
  ElementaryItoDoobL2.dyadicObservationTime T (level + 1) (2 * k) = ElementaryItoDoobL2.dyadicObservationTime T level k
info: Tests/ElementaryItoDoobL2.lean:9:0: AutoSamplingTheory.TechnicalLemmas.StochasticProcesses.ElementaryItoDoobL2.runningAbsMax_dyadic_mono_level.{u_1}
  {Omega : Type u_1} (M : NNReal → Omega → ℝ) (T : NNReal) (level : ℕ) (omega : Omega) :
  DiscreteDoobL2.runningAbsMax (fun k => M (ElementaryItoDoobL2.dyadicObservationTime T level k)) (2 ^ level) omega ≤
    DiscreteDoobL2.runningAbsMax (fun k => M (ElementaryItoDoobL2.dyadicObservationTime T (level + 1) k))
      (2 ^ (level + 1)) omega
info: Tests/ElementaryItoDoobL2.lean:10:0: AutoSamplingTheory.TechnicalLemmas.StochasticProcesses.ElementaryItoDoobL2.commonDifference.{u_1} {Omega : Type u_1}
  {m : MeasurableSpace Omega} {filtration : MeasureTheory.Filtration NNReal m} {T : NNReal}
  (eta xi : ProgressiveL2Density.DyadicElementaryProcess filtration T) :
  ElementaryItoIntegral.ElementaryAdaptedProcess filtration (2 ^ DyadicElementaryRefinement.commonDyadicLevel eta xi)
info: Tests/ElementaryItoDoobL2.lean:11:0: AutoSamplingTheory.TechnicalLemmas.StochasticProcesses.ElementaryItoDoobL2.doobL2_elementaryItoProcess.{u_1}
  {Omega : Type u_1} {m : MeasurableSpace Omega} {filtration : MeasureTheory.Filtration NNReal m}
  {mu : MeasureTheory.Measure Omega} {B : NNReal → Omega → ℝ} {n : ℕ}
  (eta : ElementaryItoIntegral.ElementaryAdaptedProcess filtration n)
  (hB : BrownianMotion.IsBrownianMotionWithFiltration B filtration mu) (T : NNReal) (level : ℕ) :
  MeasureTheory.eLpNorm
      (DiscreteDoobL2.runningAbsMax
        (fun k =>
          ElementaryItoProcess.elementaryItoProcess eta B T (ElementaryItoDoobL2.dyadicObservationTime T level k))
        (2 ^ level))
      2 mu ≤
    2 * MeasureTheory.eLpNorm (ElementaryItoIntegral.elementaryItoIntegral eta B T) 2 mu
info: Tests/ElementaryItoDoobL2.lean:12:0: AutoSamplingTheory.TechnicalLemmas.StochasticProcesses.ElementaryItoDoobL2.doobL2_elementaryItoProcess_sub.{u_1}
  {Omega : Type u_1} {m : MeasurableSpace Omega} {filtration : MeasureTheory.Filtration NNReal m}
  {mu : MeasureTheory.Measure Omega} {B : NNReal → Omega → ℝ} {T : NNReal}
  (eta xi : ProgressiveL2Density.DyadicElementaryProcess filtration T)
  (hB : BrownianMotion.IsBrownianMotionWithFiltration B filtration mu) (level : ℕ) :
  MeasureTheory.eLpNorm
      (DiscreteDoobL2.runningAbsMax
        (fun k =>
          ElementaryItoProcess.elementaryItoProcess eta.process B T
              (ElementaryItoDoobL2.dyadicObservationTime T level k) -
            ElementaryItoProcess.elementaryItoProcess xi.process B T
              (ElementaryItoDoobL2.dyadicObservationTime T level k))
        (2 ^ level))
      2 mu ≤
    2 *
      MeasureTheory.eLpNorm
        (fun omega =>
          ElementaryItoIntegral.elementaryItoIntegral eta.process B T omega -
            ElementaryItoIntegral.elementaryItoIntegral xi.process B T omega)
        2 mu
info: Tests/ElementaryItoDoobL2.lean:13:0: AutoSamplingTheory.TechnicalLemmas.StochasticProcesses.ElementaryItoDoobL2.eLpNorm_commonDifference_terminal.{u_1}
  {Omega : Type u_1} {m : MeasurableSpace Omega} {filtration : MeasureTheory.Filtration NNReal m}
  {mu : MeasureTheory.Measure Omega} {B : NNReal → Omega → ℝ} {T : NNReal}
  (eta xi : ProgressiveL2Density.DyadicElementaryProcess filtration T)
  (hB : BrownianMotion.IsBrownianMotionWithFiltration B filtration mu) :
  MeasureTheory.eLpNorm (ElementaryItoIntegral.elementaryItoIntegral (ElementaryItoDoobL2.commonDifference eta xi) B T)
      2 mu =
    ‖DyadicElementaryRefinement.processToLp eta hB - DyadicElementaryRefinement.processToLp xi hB‖ₑ
ℹ [9265/9484] Replayed Tests.ElementaryItoIsometry
info: Tests/ElementaryItoIsometry.lean:8:0: AutoSamplingTheory.TechnicalLemmas.StochasticProcesses.TimeMeasure.upTo_Ioc (T a b : NNReal) (hab : a ≤ b) :
  (TimeMeasure.upTo T) (Set.Ioc a b) = ↑(min b T - min a T)
info: Tests/ElementaryItoIsometry.lean:9:0: AutoSamplingTheory.TechnicalLemmas.StochasticProcesses.ElementaryItoIsometry.brownianIncrement.{u_1} {Ω : Type u_1}
  (B : NNReal → Ω → ℝ) (a b T : NNReal) (omega : Ω) : ℝ
info: Tests/ElementaryItoIsometry.lean:10:0: AutoSamplingTheory.TechnicalLemmas.StochasticProcesses.ElementaryItoIsometry.weightedIncrement.{u_1} {Ω : Type u_1}
  {m : MeasurableSpace Ω} {filtration : MeasureTheory.Filtration NNReal m} {n : ℕ}
  (eta : ElementaryItoIntegral.ElementaryAdaptedProcess filtration n) (B : NNReal → Ω → ℝ) (T : NNReal) (i : Fin n)
  (omega : Ω) : ℝ
info: Tests/ElementaryItoIsometry.lean:11:0: AutoSamplingTheory.TechnicalLemmas.StochasticProcesses.ElementaryItoIsometry.integral_weightedIncrement_sq.{u_1}
  {Ω : Type u_1} {m : MeasurableSpace Ω} {B : NNReal → Ω → ℝ} {filtration : MeasureTheory.Filtration NNReal m}
  {μ : MeasureTheory.Measure Ω} {n : ℕ} (eta : ElementaryItoIntegral.ElementaryAdaptedProcess filtration n)
  (hB : BrownianMotion.IsBrownianMotionWithFiltration B filtration μ) (T : NNReal) (i : Fin n) :
  ∫ (omega : Ω), weightedIncrement eta B T i omega ^ 2 ∂μ =
    (∫ (omega : Ω), eta.coeff i omega ^ 2 ∂μ) * ↑(min (eta.times i.succ) T - min (eta.times i.castSucc) T)
info: Tests/ElementaryItoIsometry.lean:12:0: AutoSamplingTheory.TechnicalLemmas.StochasticProcesses.ElementaryItoIsometry.integral_weightedIncrement_mul_eq_zero.{u_1}
  {Ω : Type u_1} {m : MeasurableSpace Ω} {B : NNReal → Ω → ℝ} {filtration : MeasureTheory.Filtration NNReal m}
  {μ : MeasureTheory.Measure Ω} {n : ℕ} (eta : ElementaryItoIntegral.ElementaryAdaptedProcess filtration n)
  (hB : BrownianMotion.IsBrownianMotionWithFiltration B filtration μ) (T : NNReal) {i j : Fin n} (hij : i ≠ j) :
  ∫ (omega : Ω), weightedIncrement eta B T i omega * weightedIncrement eta B T j omega ∂μ = 0
info: Tests/ElementaryItoIsometry.lean:13:0: AutoSamplingTheory.TechnicalLemmas.StochasticProcesses.ElementaryItoIsometry.chewi_display_1_1_5.{u_1} {Ω : Type u_1}
  {m : MeasurableSpace Ω} {B : NNReal → Ω → ℝ} {filtration : MeasureTheory.Filtration NNReal m}
  {μ : MeasureTheory.Measure Ω} {n : ℕ} (eta : ElementaryItoIntegral.ElementaryAdaptedProcess filtration n)
  (hB : BrownianMotion.IsBrownianMotionWithFiltration B filtration μ) (T : NNReal) :
  ∫ (omega : Ω), ElementaryItoIntegral.elementaryItoIntegral eta B T omega ^ 2 ∂μ =
    ∑ i, ∫ (omega : Ω), weightedIncrement eta B T i omega ^ 2 ∂μ
info: Tests/ElementaryItoIsometry.lean:14:0: AutoSamplingTheory.TechnicalLemmas.StochasticProcesses.ElementaryItoIsometry.processL2Energy_value.{u_1} {Ω : Type u_1}
  {m : MeasurableSpace Ω} {filtration : MeasureTheory.Filtration NNReal m} {n : ℕ}
  (eta : ElementaryItoIntegral.ElementaryAdaptedProcess filtration n) (μ : MeasureTheory.Measure Ω) (T : NNReal)
  [MeasureTheory.IsFiniteMeasure μ] :
  ElementaryItoIntegral.processL2Energy eta.value μ T =
    ENNReal.ofReal
      (∑ i, (∫ (omega : Ω), eta.coeff i omega ^ 2 ∂μ) * ↑(min (eta.times i.succ) T - min (eta.times i.castSucc) T))
info: Tests/ElementaryItoIsometry.lean:15:0: AutoSamplingTheory.TechnicalLemmas.StochasticProcesses.ElementaryItoIsometry.chewi_display_1_1_6.{u_1} {Ω : Type u_1}
  {m : MeasurableSpace Ω} {B : NNReal → Ω → ℝ} {filtration : MeasureTheory.Filtration NNReal m}
  {μ : MeasureTheory.Measure Ω} {n : ℕ} (eta : ElementaryItoIntegral.ElementaryAdaptedProcess filtration n)
  (hB : BrownianMotion.IsBrownianMotionWithFiltration B filtration μ) (T : NNReal) :
  ENNReal.ofReal (∫ (omega : Ω), ElementaryItoIntegral.elementaryItoIntegral eta B T omega ^ 2 ∂μ) =
    ElementaryItoIntegral.processL2Energy eta.value μ T
ℹ [9266/9484] Replayed Tests.ElementaryItoL2
info: Tests/ElementaryItoL2.lean:8:0: AutoSamplingTheory.TechnicalLemmas.StochasticProcesses.ElementaryItoL2.norm_sq_toLp_eq_integral_sq.{u_1}
  {Omega : Type u_1} {m : MeasurableSpace Omega} {mu : MeasureTheory.Measure Omega} {f : Omega → ℝ}
  (hf : MeasureTheory.MemLp f 2 mu) : ‖MeasureTheory.MemLp.toLp f hf‖ ^ 2 = ∫ (omega : Omega), f omega ^ 2 ∂mu
info: Tests/ElementaryItoL2.lean:9:0: AutoSamplingTheory.TechnicalLemmas.StochasticProcesses.ElementaryItoL2.elementaryItoIntegral_memLp_two.{u_1}
  {Omega : Type u_1} {m : MeasurableSpace Omega} {filtration : MeasureTheory.Filtration NNReal m}
  {mu : MeasureTheory.Measure Omega} {B : NNReal → Omega → ℝ} {n : ℕ}
  (eta : ElementaryItoIntegral.ElementaryAdaptedProcess filtration n)
  (hB : BrownianMotion.IsBrownianMotionWithFiltration B filtration mu) (T : NNReal) :
  MeasureTheory.MemLp (ElementaryItoIntegral.elementaryItoIntegral eta B T) 2 mu
info: Tests/ElementaryItoL2.lean:10:0: AutoSamplingTheory.TechnicalLemmas.StochasticProcesses.ElementaryItoL2.elementaryItoTerminalToLp.{u_1}
  {Omega : Type u_1} {m : MeasurableSpace Omega} {filtration : MeasureTheory.Filtration NNReal m}
  {mu : MeasureTheory.Measure Omega} {B : NNReal → Omega → ℝ} {n : ℕ}
  (eta : ElementaryItoIntegral.ElementaryAdaptedProcess filtration n)
  (hB : BrownianMotion.IsBrownianMotionWithFiltration B filtration mu) (T : NNReal) : ↥(MeasureTheory.Lp ℝ 2 mu)
info: Tests/ElementaryItoL2.lean:11:0: AutoSamplingTheory.TechnicalLemmas.StochasticProcesses.ElementaryItoL2.elementaryProcessToLp.{u_1} {Omega : Type u_1}
  {m : MeasurableSpace Omega} {filtration : MeasureTheory.Filtration NNReal m} {mu : MeasureTheory.Measure Omega}
  {B : NNReal → Omega → ℝ} {n : ℕ} (eta : ElementaryItoIntegral.ElementaryAdaptedProcess filtration n)
  (hB : BrownianMotion.IsBrownianMotionWithFiltration B filtration mu) (T : NNReal) :
  ↥(MeasureTheory.Lp ℝ 2 (ElementaryItoIntegral.processTimeMeasure mu T))
info: Tests/ElementaryItoL2.lean:12:0: AutoSamplingTheory.TechnicalLemmas.StochasticProcesses.ElementaryItoL2.norm_sq_elementaryItoTerminalToLp.{u_1}
  {Omega : Type u_1} {m : MeasurableSpace Omega} {filtration : MeasureTheory.Filtration NNReal m}
  {mu : MeasureTheory.Measure Omega} {B : NNReal → Omega → ℝ} {n : ℕ}
  (eta : ElementaryItoIntegral.ElementaryAdaptedProcess filtration n)
  (hB : BrownianMotion.IsBrownianMotionWithFiltration B filtration mu) (T : NNReal) :
  ‖elementaryItoTerminalToLp eta hB T‖ ^ 2 =
    ∫ (omega : Omega), ElementaryItoIntegral.elementaryItoIntegral eta B T omega ^ 2 ∂mu
info: Tests/ElementaryItoL2.lean:13:0: AutoSamplingTheory.TechnicalLemmas.StochasticProcesses.ElementaryItoL2.norm_elementaryItoTerminalToLp.{u_1}
  {Omega : Type u_1} {m : MeasurableSpace Omega} {filtration : MeasureTheory.Filtration NNReal m}
  {mu : MeasureTheory.Measure Omega} {B : NNReal → Omega → ℝ} {n : ℕ}
  (eta : ElementaryItoIntegral.ElementaryAdaptedProcess filtration n)
  (hB : BrownianMotion.IsBrownianMotionWithFiltration B filtration mu) (T : NNReal) :
  ‖elementaryItoTerminalToLp eta hB T‖ = ‖elementaryProcessToLp eta hB T‖
info: Tests/ElementaryItoL2.lean:14:0: AutoSamplingTheory.TechnicalLemmas.StochasticProcesses.ElementaryItoL2.elementaryItoTerminalToLp_add.{u_1}
  {Omega : Type u_1} {m : MeasurableSpace Omega} {filtration : MeasureTheory.Filtration NNReal m}
  {mu : MeasureTheory.Measure Omega} {B : NNReal → Omega → ℝ} {n : ℕ}
  (eta xi : ElementaryItoIntegral.ElementaryAdaptedProcess filtration n) (hgrid : eta.times = xi.times)
  (hB : BrownianMotion.IsBrownianMotionWithFiltration B filtration mu) (T : NNReal) :
  elementaryItoTerminalToLp (ElementaryItoAlgebra.add eta xi hgrid) hB T =
    elementaryItoTerminalToLp eta hB T + elementaryItoTerminalToLp xi hB T
info: Tests/ElementaryItoL2.lean:15:0: AutoSamplingTheory.TechnicalLemmas.StochasticProcesses.ElementaryItoL2.elementaryProcessToLp_add.{u_1}
  {Omega : Type u_1} {m : MeasurableSpace Omega} {filtration : MeasureTheory.Filtration NNReal m}
  {mu : MeasureTheory.Measure Omega} {B : NNReal → Omega → ℝ} {n : ℕ}
  (eta xi : ElementaryItoIntegral.ElementaryAdaptedProcess filtration n) (hgrid : eta.times = xi.times)
  (hB : BrownianMotion.IsBrownianMotionWithFiltration B filtration mu) (T : NNReal) :
  elementaryProcessToLp (ElementaryItoAlgebra.add eta xi hgrid) hB T =
    elementaryProcessToLp eta hB T + elementaryProcessToLp xi hB T
info: Tests/ElementaryItoL2.lean:16:0: AutoSamplingTheory.TechnicalLemmas.StochasticProcesses.ElementaryItoL2.inner_elementaryItoTerminalToLp.{u_1}
  {Omega : Type u_1} {m : MeasurableSpace Omega} {filtration : MeasureTheory.Filtration NNReal m}
  {mu : MeasureTheory.Measure Omega} {B : NNReal → Omega → ℝ} {n : ℕ}
  (eta xi : ElementaryItoIntegral.ElementaryAdaptedProcess filtration n) (hgrid : eta.times = xi.times)
  (hB : BrownianMotion.IsBrownianMotionWithFiltration B filtration mu) (T : NNReal) :
  inner ℝ (elementaryItoTerminalToLp eta hB T) (elementaryItoTerminalToLp xi hB T) =
    inner ℝ (elementaryProcessToLp eta hB T) (elementaryProcessToLp xi hB T)
info: Tests/ElementaryItoL2.lean:17:0: AutoSamplingTheory.TechnicalLemmas.StochasticProcesses.ElementaryItoL2.elementaryItoTerminalToLp_sub.{u_1}
  {Omega : Type u_1} {m : MeasurableSpace Omega} {filtration : MeasureTheory.Filtration NNReal m}
  {mu : MeasureTheory.Measure Omega} {B : NNReal → Omega → ℝ} {n : ℕ}
  (eta xi : ElementaryItoIntegral.ElementaryAdaptedProcess filtration n) (hgrid : eta.times = xi.times)
  (hB : BrownianMotion.IsBrownianMotionWithFiltration B filtration mu) (T : NNReal) :
  elementaryItoTerminalToLp (ElementaryItoAlgebra.sub eta xi hgrid) hB T =
    elementaryItoTerminalToLp eta hB T - elementaryItoTerminalToLp xi hB T
info: Tests/ElementaryItoL2.lean:18:0: AutoSamplingTheory.TechnicalLemmas.StochasticProcesses.ElementaryItoL2.elementaryProcessToLp_sub.{u_1}
  {Omega : Type u_1} {m : MeasurableSpace Omega} {filtration : MeasureTheory.Filtration NNReal m}
  {mu : MeasureTheory.Measure Omega} {B : NNReal → Omega → ℝ} {n : ℕ}
  (eta xi : ElementaryItoIntegral.ElementaryAdaptedProcess filtration n) (hgrid : eta.times = xi.times)
  (hB : BrownianMotion.IsBrownianMotionWithFiltration B filtration mu) (T : NNReal) :
  elementaryProcessToLp (ElementaryItoAlgebra.sub eta xi hgrid) hB T =
    elementaryProcessToLp eta hB T - elementaryProcessToLp xi hB T
info: Tests/ElementaryItoL2.lean:19:0: AutoSamplingTheory.TechnicalLemmas.StochasticProcesses.ElementaryItoL2.norm_elementaryItoTerminalToLp_sub.{u_1}
  {Omega : Type u_1} {m : MeasurableSpace Omega} {filtration : MeasureTheory.Filtration NNReal m}
  {mu : MeasureTheory.Measure Omega} {B : NNReal → Omega → ℝ} {n : ℕ}
  (eta xi : ElementaryItoIntegral.ElementaryAdaptedProcess filtration n) (hgrid : eta.times = xi.times)
  (hB : BrownianMotion.IsBrownianMotionWithFiltration B filtration mu) (T : NNReal) :
  ‖elementaryItoTerminalToLp eta hB T - elementaryItoTerminalToLp xi hB T‖ =
    ‖elementaryProcessToLp eta hB T - elementaryProcessToLp xi hB T‖
ℹ [9267/9484] Replayed Tests.ElementaryItoProcess
info: Tests/ElementaryItoProcess.lean:5:0: AutoSamplingTheory.TechnicalLemmas.StochasticProcesses.ElementaryItoProcess.elementaryItoProcess.{u_1}
  {Omega : Type u_1} {m : MeasurableSpace Omega} {filtration : MeasureTheory.Filtration NNReal m} {n : ℕ}
  (eta : ElementaryItoIntegral.ElementaryAdaptedProcess filtration n) (B : NNReal → Omega → ℝ) (T t : NNReal)
  (omega : Omega) : ℝ
info: Tests/ElementaryItoProcess.lean:6:0: AutoSamplingTheory.TechnicalLemmas.StochasticProcesses.ElementaryItoProcess.elementaryItoProcess_zero.{u_1}
  {Omega : Type u_1} {m : MeasurableSpace Omega} {filtration : MeasureTheory.Filtration NNReal m} {n : ℕ}
  (eta : ElementaryItoIntegral.ElementaryAdaptedProcess filtration n) (B : NNReal → Omega → ℝ) (T : NNReal) :
  ElementaryItoProcess.elementaryItoProcess eta B T 0 = 0
info: Tests/ElementaryItoProcess.lean:7:0: AutoSamplingTheory.TechnicalLemmas.StochasticProcesses.ElementaryItoProcess.elementaryItoProcess_stronglyAdapted.{u_1}
  {Omega : Type u_1} {m : MeasurableSpace Omega} {filtration : MeasureTheory.Filtration NNReal m}
  {mu : MeasureTheory.Measure Omega} {B : NNReal → Omega → ℝ} {n : ℕ}
  (eta : ElementaryItoIntegral.ElementaryAdaptedProcess filtration n)
  (hB : BrownianMotion.IsBrownianMotionWithFiltration B filtration mu) (T : NNReal) :
  MeasureTheory.StronglyAdapted filtration (ElementaryItoProcess.elementaryItoProcess eta B T)
info: Tests/ElementaryItoProcess.lean:8:0: AutoSamplingTheory.TechnicalLemmas.StochasticProcesses.ElementaryItoProcess.elementaryItoProcess_integrable.{u_1}
  {Omega : Type u_1} {m : MeasurableSpace Omega} {filtration : MeasureTheory.Filtration NNReal m}
  {mu : MeasureTheory.Measure Omega} {B : NNReal → Omega → ℝ} {n : ℕ}
  (eta : ElementaryItoIntegral.ElementaryAdaptedProcess filtration n)
  (hB : BrownianMotion.IsBrownianMotionWithFiltration B filtration mu) (T t : NNReal) :
  MeasureTheory.Integrable (ElementaryItoProcess.elementaryItoProcess eta B T t) mu
info: Tests/ElementaryItoProcess.lean:9:0: AutoSamplingTheory.TechnicalLemmas.StochasticProcesses.ElementaryItoProcess.elementaryItoProcess_martingale.{u_1}
  {Omega : Type u_1} {m : MeasurableSpace Omega} {filtration : MeasureTheory.Filtration NNReal m}
  {mu : MeasureTheory.Measure Omega} {B : NNReal → Omega → ℝ} {n : ℕ}
  (eta : ElementaryItoIntegral.ElementaryAdaptedProcess filtration n)
  (hB : BrownianMotion.IsBrownianMotionWithFiltration B filtration mu) (T : NNReal) :
  MeasureTheory.Martingale (ElementaryItoProcess.elementaryItoProcess eta B T) filtration mu
info: Tests/ElementaryItoProcess.lean:10:0: AutoSamplingTheory.TechnicalLemmas.StochasticProcesses.ElementaryItoProcess.elementaryItoProcess_continuous_ae.{u_1}
  {Omega : Type u_1} {m : MeasurableSpace Omega} {filtration : MeasureTheory.Filtration NNReal m}
  {mu : MeasureTheory.Measure Omega} {B : NNReal → Omega → ℝ} {n : ℕ}
  (eta : ElementaryItoIntegral.ElementaryAdaptedProcess filtration n)
  (hB : BrownianMotion.IsBrownianMotionWithFiltration B filtration mu) (T : NNReal) :
  ∀ᵐ (omega : Omega) ∂mu, Continuous fun t => ElementaryItoProcess.elementaryItoProcess eta B T t omega
info: Tests/ElementaryItoProcess.lean:11:0: AutoSamplingTheory.TechnicalLemmas.StochasticProcesses.ElementaryItoProcess.elementaryItoProcess_terminal.{u_1}
  {Omega : Type u_1} {m : MeasurableSpace Omega} {filtration : MeasureTheory.Filtration NNReal m} {n : ℕ}
  (eta : ElementaryItoIntegral.ElementaryAdaptedProcess filtration n) (B : NNReal → Omega → ℝ) (T : NNReal) :
  ElementaryItoProcess.elementaryItoProcess eta B T T = ElementaryItoIntegral.elementaryItoIntegral eta B T
ℹ [9268/9484] Replayed Tests.ElementaryStoppingTime
info: Tests/ElementaryStoppingTime.lean:13:0: AutoSamplingTheory.TechnicalLemmas.StochasticProcesses.ElementaryStoppingTime.activeBefore.{u_1} {Omega : Type u_1}
  (tau : Omega → WithTop ℝ≥0) (t : ℝ≥0) : Set Omega
info: Tests/ElementaryStoppingTime.lean:14:0: AutoSamplingTheory.TechnicalLemmas.StochasticProcesses.ElementaryStoppingTime.measurableSet_activeBefore.{u_1}
  {Omega : Type u_1} {m : MeasurableSpace Omega} {filtration : Filtration ℝ≥0 m} {tau : Omega → WithTop ℝ≥0}
  (htau : IsChewiStoppingTime filtration tau) (t : ℝ≥0) : MeasurableSet (activeBefore tau t)
info: Tests/ElementaryStoppingTime.lean:15:0: AutoSamplingTheory.TechnicalLemmas.StochasticProcesses.ElementaryStoppingTime.stopElementary.{u_1} {Omega : Type u_1}
  {m : MeasurableSpace Omega} {filtration : Filtration ℝ≥0 m} {n : ℕ} (eta : ElementaryAdaptedProcess filtration n)
  (tau : Omega → WithTop ℝ≥0) (htau : IsChewiStoppingTime filtration tau) : ElementaryAdaptedProcess filtration n
info: Tests/ElementaryStoppingTime.lean:16:0: AutoSamplingTheory.TechnicalLemmas.StochasticProcesses.ElementaryStoppingTime.stopElementary_coeff.{u_1}
  {Omega : Type u_1} {m : MeasurableSpace Omega} {filtration : Filtration ℝ≥0 m} {n : ℕ}
  (eta : ElementaryAdaptedProcess filtration n) (tau : Omega → WithTop ℝ≥0) (htau : IsChewiStoppingTime filtration tau)
  (i : Fin n) (omega : Omega) :
  (stopElementary eta tau htau).coeff i omega = if ↑(eta.times i.castSucc) < tau omega then eta.coeff i omega else 0
ℹ [9270/9484] Replayed Tests.FiniteDimensionalNormBridge
info: Tests/FiniteDimensionalNormBridge.lean:30:0: ContinuousLinearMap.le_opNNNorm.{u_1, u_2, u_4, u_5} {𝕜 : Type u_1} {𝕜₂ : Type u_2} {E : Type u_4} {F : Type u_5}
  [NontriviallyNormedField 𝕜] [NontriviallyNormedField 𝕜₂] [SeminormedAddCommGroup E] [SeminormedAddCommGroup F]
  [NormedSpace 𝕜 E] [NormedSpace 𝕜₂ F] {σ₁₂ : 𝕜 →+* 𝕜₂} [RingHomIsometric σ₁₂] (f : E →SL[σ₁₂] F) (x : E) :
  ‖f x‖₊ ≤ ‖f‖₊ * ‖x‖₊
info: Tests/FiniteDimensionalNormBridge.lean:31:0: ContinuousLinearMap.opNNNorm_le_iff.{u_1, u_2, u_4, u_5} {𝕜 : Type u_1} {𝕜₂ : Type u_2} {E : Type u_4} {F : Type u_5}
  [NontriviallyNormedField 𝕜] [NontriviallyNormedField 𝕜₂] [SeminormedAddCommGroup E] [SeminormedAddCommGroup F]
  [NormedSpace 𝕜 E] [NormedSpace 𝕜₂ F] {σ₁₂ : 𝕜 →+* 𝕜₂} [RingHomIsometric σ₁₂] {f : E →SL[σ₁₂] F} {C : ℝ≥0} :
  ‖f‖₊ ≤ C ↔ ∀ (x : E), ‖f x‖₊ ≤ C * ‖x‖₊
info: Tests/FiniteDimensionalNormBridge.lean:33:0: AutoSamplingTheory.TechnicalLemmas.StochasticProcesses.FiniteDimensionalNormBridge.matrixSquareEnergy_nonneg.{u_1, u_2}
  {ι : Type u_1} {κ : Type u_2} [Fintype ι] [Fintype κ] (sigma : ι → κ → ℝ) : 0 ≤ matrixSquareEnergy sigma
info: Tests/FiniteDimensionalNormBridge.lean:34:0: AutoSamplingTheory.TechnicalLemmas.StochasticProcesses.FiniteDimensionalNormBridge.norm_sq_matrixAsEuclidean.{u_1, u_2}
  {ι : Type u_1} {κ : Type u_2} [Fintype ι] [Fintype κ] (sigma : ι → κ → ℝ) :
  ‖matrixAsEuclidean sigma‖ ^ 2 = matrixSquareEnergy sigma
ℹ [9271/9484] Replayed Tests.FiniteDimensionalItoProcess
info: Tests/FiniteDimensionalItoProcess.lean:39:0: AutoSamplingTheory.TechnicalLemmas.StochasticProcesses.FiniteDimensionalItoProcess.ChewiItoData.{u_1} {Omega : Type u_1}
  {m : MeasurableSpace Omega} (d N : ℕ) (filtration : Filtration ℝ≥0 m) (mu : Measure Omega) : Type u_1
info: Tests/FiniteDimensionalItoProcess.lean:40:0: AutoSamplingTheory.TechnicalLemmas.StochasticProcesses.FiniteDimensionalItoProcess.ChewiBrownianCoordinates.{u_1}
  {Omega : Type u_1} {m : MeasurableSpace Omega} (N : ℕ) (filtration : Filtration ℝ≥0 m) (mu : Measure Omega) : Type u_1
ℹ [9272/9484] Replayed Tests.ProgressiveDriftIntegral
info: Tests/ProgressiveDriftIntegral.lean:13:0: AutoSamplingTheory.TechnicalLemmas.StochasticProcesses.ProgressiveDriftIntegral.prefixIntegralProcess.{u_1, u_2}
  {Omega : Type u_1} {E : Type u_2} [NormedAddCommGroup E] [NormedSpace ℝ E] (b : ℝ≥0 → Omega → E) (t : ℝ≥0)
  (omega : Omega) : E
info: Tests/ProgressiveDriftIntegral.lean:14:0: AutoSamplingTheory.TechnicalLemmas.StochasticProcesses.ProgressiveDriftIntegral.prefixIntegralProcess_eq_fixedHorizon.{u_1,
    u_2}
  {Omega : Type u_1} {E : Type u_2} [NormedAddCommGroup E] [NormedSpace ℝ E] (b : ℝ≥0 → Omega → E) {t T : ℝ≥0}
  (ht : t ≤ T) (omega : Omega) :
  prefixIntegralProcess b t omega = ∫ (s : ℝ≥0), if s < t then b (min s T) omega else 0 ∂TimeMeasure.upTo T
info: Tests/ProgressiveDriftIntegral.lean:15:0: AutoSamplingTheory.TechnicalLemmas.StochasticProcesses.ProgressiveDriftIntegral.prefixIntegralProcess_stronglyProgressive.{u_1,
    u_2}
  {Omega : Type u_1} {E : Type u_2} {m : MeasurableSpace Omega} {filtration : Filtration ℝ≥0 m} [NormedAddCommGroup E]
  [NormedSpace ℝ E] (b : ℝ≥0 → Omega → E) (hb : IsStronglyProgressive filtration b) :
  IsStronglyProgressive filtration (prefixIntegralProcess b)
ℹ [9273/9484] Replayed Tests.FiniteTimeGrid
info: Tests/FiniteTimeGrid.lean:6:0: AutoSamplingTheory.TechnicalLemmas.StochasticProcesses.FiniteTimeGrid.strictGrid_existsUnique_cell {n : ℕ} (_hn : 0 < n)
  {times : Fin (n + 1) → ℝ≥0} (hmono : StrictMono times) {t : ℝ≥0} (hleft : times 0 < t)
  (hright : t ≤ times (Fin.last n)) : ∃! i, times i.castSucc < t ∧ t ≤ times i.succ
info: Tests/FiniteTimeGrid.lean:7:0: AutoSamplingTheory.TechnicalLemmas.StochasticProcesses.FiniteTimeGrid.ElementaryAdaptedProcess.value_eq_coeff_of_mem_cell.{u_1}
  {Omega : Type u_1} {m : MeasurableSpace Omega} {filtration : MeasureTheory.Filtration ℝ≥0 m} {n : ℕ}
  (eta : ElementaryItoIntegral.ElementaryAdaptedProcess filtration n) {i : Fin n} {t : ℝ≥0} {omega : Omega}
  (hi : eta.times i.castSucc < t ∧ t ≤ eta.times i.succ) : eta.value t omega = eta.coeff i omega
info: Tests/FiniteTimeGrid.lean:8:0: AutoSamplingTheory.TechnicalLemmas.StochasticProcesses.FiniteTimeGrid.ElementaryAdaptedProcess.value_eq_zero_of_le_first.{u_1}
  {Omega : Type u_1} {m : MeasurableSpace Omega} {filtration : MeasureTheory.Filtration ℝ≥0 m} {n : ℕ}
  (eta : ElementaryItoIntegral.ElementaryAdaptedProcess filtration n) {t : ℝ≥0} (ht : t ≤ eta.times 0) (omega : Omega) :
  eta.value t omega = 0
info: Tests/FiniteTimeGrid.lean:9:0: AutoSamplingTheory.TechnicalLemmas.StochasticProcesses.FiniteTimeGrid.ElementaryAdaptedProcess.value_eq_zero_of_last_lt.{u_1}
  {Omega : Type u_1} {m : MeasurableSpace Omega} {filtration : MeasureTheory.Filtration ℝ≥0 m} {n : ℕ}
  (eta : ElementaryItoIntegral.ElementaryAdaptedProcess filtration n) {t : ℝ≥0} (ht : eta.times (Fin.last n) < t)
  (omega : Omega) : eta.value t omega = 0
info: Tests/FiniteTimeGrid.lean:10:0: AutoSamplingTheory.TechnicalLemmas.StochasticProcesses.FiniteTimeGrid.dyadicMesh_tendsto_zero (T : ℝ≥0) :
  Filter.Tendsto (fun level => ↑(SampledElementaryApproximation.dyadicMesh T level)) Filter.atTop (nhds 0)
info: Tests/FiniteTimeGrid.lean:11:0: AutoSamplingTheory.TechnicalLemmas.StochasticProcesses.FiniteTimeGrid.eventually_two_mul_dyadicMesh_lt (T : ℝ≥0)
  {epsilon : ℝ} (hepsilon : 0 < epsilon) :
  ∀ᶠ (level : ℕ) in Filter.atTop, 2 * ↑(SampledElementaryApproximation.dyadicMesh T level) < epsilon
info: Tests/FiniteTimeGrid.lean:12:0: AutoSamplingTheory.TechnicalLemmas.StochasticProcesses.FiniteTimeGrid.eventually_dyadicMesh_lt (T : ℝ≥0) {epsilon : ℝ}
  (hepsilon : 0 < epsilon) :
  ∀ᶠ (level : ℕ) in Filter.atTop, ↑(SampledElementaryApproximation.dyadicMesh T level) < epsilon
info: Tests/FiniteTimeGrid.lean:13:0: AutoSamplingTheory.TechnicalLemmas.StochasticProcesses.FiniteTimeGrid.dyadic_activeCell {T : ℝ≥0} (hT : 0 < T)
  (level : ℕ) {t : ℝ≥0} (ht : 0 < t) (htT : t ≤ T) :
  ∃! i,
    SampledElementaryApproximation.regularGridTimes (SampledElementaryApproximation.dyadicMesh T level) (2 ^ level)
          i.castSucc <
        t ∧
      t ≤
        SampledElementaryApproximation.regularGridTimes (SampledElementaryApproximation.dyadicMesh T level) (2 ^ level)
          i.succ
info: Tests/FiniteTimeGrid.lean:14:0: AutoSamplingTheory.TechnicalLemmas.StochasticProcesses.FiniteTimeGrid.dyadic_activeCell_left_le {T : ℝ≥0} {level : ℕ}
  {i : Fin (2 ^ level)} {t : ℝ≥0}
  (hi :
    SampledElementaryApproximation.regularGridTimes (SampledElementaryApproximation.dyadicMesh T level) (2 ^ level)
          i.castSucc <
        t ∧
      t ≤
        SampledElementaryApproximation.regularGridTimes (SampledElementaryApproximation.dyadicMesh T level) (2 ^ level)
          i.succ) :
  SampledElementaryApproximation.regularGridTimes (SampledElementaryApproximation.dyadicMesh T level) (2 ^ level)
      i.castSucc ≤
    t
info: Tests/FiniteTimeGrid.lean:15:0: AutoSamplingTheory.TechnicalLemmas.StochasticProcesses.FiniteTimeGrid.dyadic_activeCell_right {T : ℝ≥0} {level : ℕ}
  (i : Fin (2 ^ level)) :
  SampledElementaryApproximation.regularGridTimes (SampledElementaryApproximation.dyadicMesh T level) (2 ^ level)
      i.succ =
    SampledElementaryApproximation.regularGridTimes (SampledElementaryApproximation.dyadicMesh T level) (2 ^ level)
        i.castSucc +
      SampledElementaryApproximation.dyadicMesh T level
info: Tests/FiniteTimeGrid.lean:16:0: AutoSamplingTheory.TechnicalLemmas.StochasticProcesses.FiniteTimeGrid.dyadic_previousCell_subset_leftNeighborhood
  {T : ℝ≥0} {level : ℕ} {i : Fin (2 ^ level)} {t : ℝ≥0}
  (hi :
    SampledElementaryApproximation.regularGridTimes (SampledElementaryApproximation.dyadicMesh T level) (2 ^ level)
          i.castSucc <
        t ∧
      t ≤
        SampledElementaryApproximation.regularGridTimes (SampledElementaryApproximation.dyadicMesh T level) (2 ^ level)
          i.succ)
  (_hi0 : i ≠ 0) :
  Set.Ioc
      (SampledElementaryApproximation.regularGridTimes (SampledElementaryApproximation.dyadicMesh T level) (2 ^ level)
          i.castSucc -
        SampledElementaryApproximation.dyadicMesh T level)
      (SampledElementaryApproximation.regularGridTimes (SampledElementaryApproximation.dyadicMesh T level) (2 ^ level)
        i.castSucc) ⊆
    Set.Ioc
      (t - (SampledElementaryApproximation.dyadicMesh T level + SampledElementaryApproximation.dyadicMesh T level)) t
ℹ [9274/9484] Replayed Tests.GeneratorFunctionalInequalities
info: Tests/GeneratorFunctionalInequalities.lean:5:0: AutoSamplingTheory.TechnicalLemmas.FunctionalInequalities.Generator.dirichletForm.{u_1} {E : Type u_1}
  [MeasurableSpace E] (mu : MeasureTheory.Measure E) (generator : (E → ℝ) → E → ℝ) (f g : E → ℝ) : ℝ
info: Tests/GeneratorFunctionalInequalities.lean:6:0: AutoSamplingTheory.TechnicalLemmas.FunctionalInequalities.Generator.SatisfiesPoincare.{u_1} {E : Type u_1}
  [MeasurableSpace E] (mu : MeasureTheory.Measure E) (generator : (E → ℝ) → E → ℝ) (C : ℝ) : Prop
info: Tests/GeneratorFunctionalInequalities.lean:7:0: AutoSamplingTheory.TechnicalLemmas.FunctionalInequalities.Generator.SatisfiesLogSobolev.{u_1} {E : Type u_1}
  [MeasurableSpace E] (mu : MeasureTheory.Measure E) (generator : (E → ℝ) → E → ℝ) (C : ℝ) : Prop
ℹ [9275/9484] Replayed Tests.GeodesicConvexity
info: Tests/GeodesicConvexity.lean:5:0: AutoSamplingTheory.TechnicalLemmas.Geometry.GeodesicConvexity.IsAlphaGeodesicallyConvex.{u_1} {M : Type u_1}
  [MetricSpace M] (isGeodesic : (ℝ → M) → Prop) (F : M → ℝ) (alpha : ℝ) : Prop
info: Tests/GeodesicConvexity.lean:6:0: AutoSamplingTheory.TechnicalLemmas.Geometry.GeodesicConvexity.firstOrder_geodesicConvexity.{u_1} {M : Type u_1}
  [MetricSpace M] {isGeodesic : (ℝ → M) → Prop} {F : M → ℝ} {alpha : ℝ}
  (hconvex : TechnicalLemmas.Geometry.GeodesicConvexity.IsAlphaGeodesicallyConvex isGeodesic F alpha) {path : ℝ → M}
  (hpath : isGeodesic path) {gradientPairing : ℝ} (hderiv : HasDerivAt (fun t => F (path t)) gradientPairing 0) :
  F (path 1) ≥ F (path 0) + gradientPairing + alpha / 2 * dist (path 0) (path 1) ^ 2
⚠ [9278/9484] Replayed Tests.Shared.ConvexityC1
warning: Tests/Shared/ConvexityC1.lean:10:39: Used `tac1 <;> tac2` where `(tac1; tac2)` would suffice

Note: This linter can be disabled with `set_option linter.unnecessarySeqFocus false`
ℹ [9279/9484] Replayed Tests.Shared.ConvexityC2
info: Tests/Shared/ConvexityC2.lean:59:0: 'AutoSamplingTheory.TechnicalLemmas.Analysis.ConvexityC2.gradient_sub_inner_eq_integral_fderiv2' depends on axioms: [propext,
 Classical.choice,
 Quot.sound]
info: Tests/Shared/ConvexityC2.lean:60:0: 'AutoSamplingTheory.TechnicalLemmas.Analysis.ConvexityC2.gradient_mono_iff_fderiv2_lower' depends on axioms: [propext,
 Classical.choice,
 Quot.sound]
info: Tests/Shared/ConvexityC2.lean:61:0: 'AutoSamplingTheory.TechnicalLemmas.Analysis.ConvexityC2.strongConvexOn_iff_fderiv2_lower' depends on axioms: [propext,
 Classical.choice,
 Quot.sound]
ℹ [9280/9484] Replayed Tests.Shared.SmoothnessEquivalences
info: Tests/Shared/SmoothnessEquivalences.lean:63:0: 'AutoSamplingTheory.TechnicalLemmas.Analysis.SmoothnessEquivalences.upper_model_iff_gradient_upper' depends on axioms: [propext,
 Classical.choice,
 Quot.sound]
info: Tests/Shared/SmoothnessEquivalences.lean:64:0: 'AutoSamplingTheory.TechnicalLemmas.Analysis.SmoothnessEquivalences.upper_model_iff_fderiv2_upper' depends on axioms: [propext,
 Classical.choice,
 Quot.sound]
ℹ [9281/9484] Replayed Tests.Shared.ConvexSmoothGradient
info: Tests/Shared/ConvexSmoothGradient.lean:57:0: 'AutoSamplingTheory.TechnicalLemmas.Analysis.ConvexSmoothGradient.gradient_gap_sq_le_bregman' depends on axioms: [propext,
 Classical.choice,
 Quot.sound]
info: Tests/Shared/ConvexSmoothGradient.lean:58:0: 'AutoSamplingTheory.TechnicalLemmas.Analysis.ConvexSmoothGradient.gradient_cocoercive' depends on axioms: [propext,
 Classical.choice,
 Quot.sound]
info: Tests/Shared/ConvexSmoothGradient.lean:59:0: 'AutoSamplingTheory.TechnicalLemmas.Analysis.ConvexSmoothGradient.gradient_lipschitz' depends on axioms: [propext,
 Classical.choice,
 Quot.sound]
ℹ [9282/9484] Replayed Tests.Shared.GradientDescentContraction
info: Tests/Shared/GradientDescentContraction.lean:40:0: 'AutoSamplingTheory.TechnicalLemmas.Analysis.GradientDescentContraction.gradient_step_contraction' depends on axioms: [propext,
 Classical.choice,
 Quot.sound]
info: Tests/Shared/GradientDescentContraction.lean:41:0: 'AutoSamplingTheory.TechnicalLemmas.Analysis.GradientDescentContraction.gradient_descent_distance_bound' depends on axioms: [propext,
 Classical.choice,
 Quot.sound]
ℹ [9284/9484] Replayed Tests.ItoTerminalCompletion
info: Tests/ItoTerminalCompletion.lean:5:0: AutoSamplingTheory.TechnicalLemmas.StochasticProcesses.ItoTerminalCompletion.integrandToLp.{u_1} {Omega : Type u_1}
  {m : MeasurableSpace Omega} {filtration : MeasureTheory.Filtration NNReal m} {mu : MeasureTheory.Measure Omega}
  {T : NNReal} {B : NNReal → Omega → ℝ} (eta : ProgressiveL2.ProgressiveL2Integrand filtration mu T)
  (hB : BrownianMotion.IsBrownianMotionWithFiltration B filtration mu) :
  ↥(MeasureTheory.Lp ℝ 2 (ElementaryItoIntegral.processTimeMeasure mu T))
info: Tests/ItoTerminalCompletion.lean:6:0: AutoSamplingTheory.TechnicalLemmas.StochasticProcesses.ItoTerminalCompletion.terminalApprox.{u_1} {Omega : Type u_1}
  {m : MeasurableSpace Omega} {filtration : MeasureTheory.Filtration NNReal m} {mu : MeasureTheory.Measure Omega}
  {T : NNReal} {B : NNReal → Omega → ℝ} (eta : ProgressiveL2.ProgressiveL2Integrand filtration mu T) (hT : 0 < T)
  (hB : BrownianMotion.IsBrownianMotionWithFiltration B filtration mu) (n : ℕ) : ↥(MeasureTheory.Lp ℝ 2 mu)
info: Tests/ItoTerminalCompletion.lean:7:0: AutoSamplingTheory.TechnicalLemmas.StochasticProcesses.ItoTerminalCompletion.processApprox.{u_1} {Omega : Type u_1}
  {m : MeasurableSpace Omega} {filtration : MeasureTheory.Filtration NNReal m} {mu : MeasureTheory.Measure Omega}
  {T : NNReal} {B : NNReal → Omega → ℝ} (eta : ProgressiveL2.ProgressiveL2Integrand filtration mu T) (hT : 0 < T)
  (hB : BrownianMotion.IsBrownianMotionWithFiltration B filtration mu) (n : ℕ) :
  ↥(MeasureTheory.Lp ℝ 2 (ElementaryItoIntegral.processTimeMeasure mu T))
info: Tests/ItoTerminalCompletion.lean:8:0: AutoSamplingTheory.TechnicalLemmas.StochasticProcesses.ItoTerminalCompletion.norm_terminalApprox_sub.{u_1}
  {Omega : Type u_1} {m : MeasurableSpace Omega} {filtration : MeasureTheory.Filtration NNReal m}
  {mu : MeasureTheory.Measure Omega} {T : NNReal} {B : NNReal → Omega → ℝ}
  (eta : ProgressiveL2.ProgressiveL2Integrand filtration mu T) (hT : 0 < T)
  (hB : BrownianMotion.IsBrownianMotionWithFiltration B filtration mu) (n k : ℕ) :
  ‖ItoTerminalCompletion.terminalApprox eta hT hB n - ItoTerminalCompletion.terminalApprox eta hT hB k‖ =
    ‖ItoTerminalCompletion.processApprox eta hT hB n - ItoTerminalCompletion.processApprox eta hT hB k‖
info: Tests/ItoTerminalCompletion.lean:9:0: AutoSamplingTheory.TechnicalLemmas.StochasticProcesses.ItoTerminalCompletion.terminalApprox_cauchy.{u_1}
  {Omega : Type u_1} {m : MeasurableSpace Omega} {filtration : MeasureTheory.Filtration NNReal m}
  {mu : MeasureTheory.Measure Omega} {T : NNReal} {B : NNReal → Omega → ℝ}
  (eta : ProgressiveL2.ProgressiveL2Integrand filtration mu T) (hT : 0 < T)
  (hB : BrownianMotion.IsBrownianMotionWithFiltration B filtration mu) :
  CauchySeq (ItoTerminalCompletion.terminalApprox eta hT hB)
info: Tests/ItoTerminalCompletion.lean:10:0: AutoSamplingTheory.TechnicalLemmas.StochasticProcesses.ItoTerminalCompletion.itoIntegralTerminal.{u_1}
  {Omega : Type u_1} {m : MeasurableSpace Omega} {filtration : MeasureTheory.Filtration NNReal m}
  {mu : MeasureTheory.Measure Omega} {T : NNReal} {B : NNReal → Omega → ℝ}
  (eta : ProgressiveL2.ProgressiveL2Integrand filtration mu T) (hT : 0 < T)
  (hB : BrownianMotion.IsBrownianMotionWithFiltration B filtration mu) : ↥(MeasureTheory.Lp ℝ 2 mu)
info: Tests/ItoTerminalCompletion.lean:11:0: AutoSamplingTheory.TechnicalLemmas.StochasticProcesses.ItoTerminalCompletion.tendsto_terminalApprox.{u_1}
  {Omega : Type u_1} {m : MeasurableSpace Omega} {filtration : MeasureTheory.Filtration NNReal m}
  {mu : MeasureTheory.Measure Omega} {T : NNReal} {B : NNReal → Omega → ℝ}
  (eta : ProgressiveL2.ProgressiveL2Integrand filtration mu T) (hT : 0 < T)
  (hB : BrownianMotion.IsBrownianMotionWithFiltration B filtration mu) :
  Filter.Tendsto (ItoTerminalCompletion.terminalApprox eta hT hB) Filter.atTop
    (nhds (ItoTerminalCompletion.itoIntegralTerminal eta hT hB))
info: Tests/ItoTerminalCompletion.lean:12:0: AutoSamplingTheory.TechnicalLemmas.StochasticProcesses.ItoTerminalCompletion.tendsto_terminal_of_tendsto_elementary.{u_1}
  {Omega : Type u_1} {m : MeasurableSpace Omega} {filtration : MeasureTheory.Filtration NNReal m}
  {mu : MeasureTheory.Measure Omega} {T : NNReal} {B : NNReal → Omega → ℝ}
  (eta : ProgressiveL2.ProgressiveL2Integrand filtration mu T) (hT : 0 < T)
  (hB : BrownianMotion.IsBrownianMotionWithFiltration B filtration mu)
  (approx : ℕ → ProgressiveL2Density.DyadicElementaryProcess filtration T)
  (happrox :
    Filter.Tendsto (fun n => DyadicElementaryRefinement.processToLp (approx n) hB) Filter.atTop
      (nhds (ItoTerminalCompletion.integrandToLp eta hB))) :
  Filter.Tendsto (fun n => DyadicElementaryRefinement.terminalToLp (approx n) hB) Filter.atTop
    (nhds (ItoTerminalCompletion.itoIntegralTerminal eta hT hB))
info: Tests/ItoTerminalCompletion.lean:13:0: AutoSamplingTheory.TechnicalLemmas.StochasticProcesses.ItoTerminalCompletion.itoIntegralTerminal_norm.{u_1}
  {Omega : Type u_1} {m : MeasurableSpace Omega} {filtration : MeasureTheory.Filtration NNReal m}
  {mu : MeasureTheory.Measure Omega} {T : NNReal} {B : NNReal → Omega → ℝ}
  (eta : ProgressiveL2.ProgressiveL2Integrand filtration mu T) (hT : 0 < T)
  (hB : BrownianMotion.IsBrownianMotionWithFiltration B filtration mu) :
  ‖ItoTerminalCompletion.itoIntegralTerminal eta hT hB‖ = ‖ItoTerminalCompletion.integrandToLp eta hB‖
info: Tests/ItoTerminalCompletion.lean:14:0: AutoSamplingTheory.TechnicalLemmas.StochasticProcesses.ItoTerminalCompletion.addDyadic.{u_1} {Omega : Type u_1}
  {m : MeasurableSpace Omega} {filtration : MeasureTheory.Filtration NNReal m} {T : NNReal}
  (eta xi : ProgressiveL2Density.DyadicElementaryProcess filtration T) :
  ProgressiveL2Density.DyadicElementaryProcess filtration T
info: Tests/ItoTerminalCompletion.lean:15:0: AutoSamplingTheory.TechnicalLemmas.StochasticProcesses.ItoTerminalCompletion.smulDyadic.{u_1} {Omega : Type u_1}
  {m : MeasurableSpace Omega} {filtration : MeasureTheory.Filtration NNReal m} {T : NNReal} (c : ℝ)
  (eta : ProgressiveL2Density.DyadicElementaryProcess filtration T) :
  ProgressiveL2Density.DyadicElementaryProcess filtration T
info: Tests/ItoTerminalCompletion.lean:16:0: AutoSamplingTheory.TechnicalLemmas.StochasticProcesses.ItoTerminalCompletion.terminalToLp_addDyadic.{u_1}
  {Omega : Type u_1} {m : MeasurableSpace Omega} {filtration : MeasureTheory.Filtration NNReal m}
  {mu : MeasureTheory.Measure Omega} {T : NNReal} {B : NNReal → Omega → ℝ}
  (eta xi : ProgressiveL2Density.DyadicElementaryProcess filtration T)
  (hB : BrownianMotion.IsBrownianMotionWithFiltration B filtration mu) :
  DyadicElementaryRefinement.terminalToLp (ItoTerminalCompletion.addDyadic eta xi) hB =
    DyadicElementaryRefinement.terminalToLp eta hB + DyadicElementaryRefinement.terminalToLp xi hB
info: Tests/ItoTerminalCompletion.lean:17:0: AutoSamplingTheory.TechnicalLemmas.StochasticProcesses.ItoTerminalCompletion.processToLp_addDyadic.{u_1}
  {Omega : Type u_1} {m : MeasurableSpace Omega} {filtration : MeasureTheory.Filtration NNReal m}
  {mu : MeasureTheory.Measure Omega} {T : NNReal} {B : NNReal → Omega → ℝ}
  (eta xi : ProgressiveL2Density.DyadicElementaryProcess filtration T)
  (hB : BrownianMotion.IsBrownianMotionWithFiltration B filtration mu) :
  DyadicElementaryRefinement.processToLp (ItoTerminalCompletion.addDyadic eta xi) hB =
    DyadicElementaryRefinement.processToLp eta hB + DyadicElementaryRefinement.processToLp xi hB
info: Tests/ItoTerminalCompletion.lean:18:0: AutoSamplingTheory.TechnicalLemmas.StochasticProcesses.ItoTerminalCompletion.terminalToLp_smulDyadic.{u_1}
  {Omega : Type u_1} {m : MeasurableSpace Omega} {filtration : MeasureTheory.Filtration NNReal m}
  {mu : MeasureTheory.Measure Omega} {T : NNReal} {B : NNReal → Omega → ℝ} (c : ℝ)
  (eta : ProgressiveL2Density.DyadicElementaryProcess filtration T)
  (hB : BrownianMotion.IsBrownianMotionWithFiltration B filtration mu) :
  DyadicElementaryRefinement.terminalToLp (ItoTerminalCompletion.smulDyadic c eta) hB =
    c • DyadicElementaryRefinement.terminalToLp eta hB
info: Tests/ItoTerminalCompletion.lean:19:0: AutoSamplingTheory.TechnicalLemmas.StochasticProcesses.ItoTerminalCompletion.processToLp_smulDyadic.{u_1}
  {Omega : Type u_1} {m : MeasurableSpace Omega} {filtration : MeasureTheory.Filtration NNReal m}
  {mu : MeasureTheory.Measure Omega} {T : NNReal} {B : NNReal → Omega → ℝ} (c : ℝ)
  (eta : ProgressiveL2Density.DyadicElementaryProcess filtration T)
  (hB : BrownianMotion.IsBrownianMotionWithFiltration B filtration mu) :
  DyadicElementaryRefinement.processToLp (ItoTerminalCompletion.smulDyadic c eta) hB =
    c • DyadicElementaryRefinement.processToLp eta hB
info: Tests/ItoTerminalCompletion.lean:20:0: AutoSamplingTheory.TechnicalLemmas.StochasticProcesses.ItoTerminalCompletion.itoIntegralTerminal_congr_toLp.{u_1}
  {Omega : Type u_1} {m : MeasurableSpace Omega} {filtration : MeasureTheory.Filtration NNReal m}
  {mu : MeasureTheory.Measure Omega} {T : NNReal} {B : NNReal → Omega → ℝ}
  (eta xi : ProgressiveL2.ProgressiveL2Integrand filtration mu T) (hT : 0 < T)
  (hB : BrownianMotion.IsBrownianMotionWithFiltration B filtration mu)
  (hEq : ItoTerminalCompletion.integrandToLp eta hB = ItoTerminalCompletion.integrandToLp xi hB) :
  ItoTerminalCompletion.itoIntegralTerminal eta hT hB = ItoTerminalCompletion.itoIntegralTerminal xi hT hB
info: Tests/ItoTerminalCompletion.lean:21:0: AutoSamplingTheory.TechnicalLemmas.StochasticProcesses.ItoTerminalCompletion.itoIntegralTerminal_add.{u_1}
  {Omega : Type u_1} {m : MeasurableSpace Omega} {filtration : MeasureTheory.Filtration NNReal m}
  {mu : MeasureTheory.Measure Omega} {T : NNReal} {B : NNReal → Omega → ℝ}
  (eta xi : ProgressiveL2.ProgressiveL2Integrand filtration mu T) (hT : 0 < T)
  (hB : BrownianMotion.IsBrownianMotionWithFiltration B filtration mu) :
  ItoTerminalCompletion.itoIntegralTerminal (ProgressiveL2Algebra.add eta xi) hT hB =
    ItoTerminalCompletion.itoIntegralTerminal eta hT hB + ItoTerminalCompletion.itoIntegralTerminal xi hT hB
info: Tests/ItoTerminalCompletion.lean:22:0: AutoSamplingTheory.TechnicalLemmas.StochasticProcesses.ItoTerminalCompletion.itoIntegralTerminal_smul.{u_1}
  {Omega : Type u_1} {m : MeasurableSpace Omega} {filtration : MeasureTheory.Filtration NNReal m}
  {mu : MeasureTheory.Measure Omega} {T : NNReal} {B : NNReal → Omega → ℝ} (c : ℝ)
  (eta : ProgressiveL2.ProgressiveL2Integrand filtration mu T) (hT : 0 < T)
  (hB : BrownianMotion.IsBrownianMotionWithFiltration B filtration mu) :
  ItoTerminalCompletion.itoIntegralTerminal (ProgressiveL2Algebra.smul c eta) hT hB =
    c • ItoTerminalCompletion.itoIntegralTerminal eta hT hB
info: Tests/ItoTerminalCompletion.lean:23:0: AutoSamplingTheory.TechnicalLemmas.StochasticProcesses.ItoTerminalCompletion.itoIntegralTerminal_zero.{u_1}
  {Omega : Type u_1} {m : MeasurableSpace Omega} {filtration : MeasureTheory.Filtration NNReal m}
  {mu : MeasureTheory.Measure Omega} {T : NNReal} {B : NNReal → Omega → ℝ} (hT : 0 < T)
  (hB : BrownianMotion.IsBrownianMotionWithFiltration B filtration mu) :
  ItoTerminalCompletion.itoIntegralTerminal ProgressiveL2Algebra.zero hT hB = 0
info: Tests/ItoTerminalCompletion.lean:24:0: AutoSamplingTheory.TechnicalLemmas.StochasticProcesses.ItoTerminalCompletion.itoIntegralTerminal_neg.{u_1}
  {Omega : Type u_1} {m : MeasurableSpace Omega} {filtration : MeasureTheory.Filtration NNReal m}
  {mu : MeasureTheory.Measure Omega} {T : NNReal} {B : NNReal → Omega → ℝ}
  (eta : ProgressiveL2.ProgressiveL2Integrand filtration mu T) (hT : 0 < T)
  (hB : BrownianMotion.IsBrownianMotionWithFiltration B filtration mu) :
  ItoTerminalCompletion.itoIntegralTerminal (ProgressiveL2Algebra.neg eta) hT hB =
    -ItoTerminalCompletion.itoIntegralTerminal eta hT hB
info: Tests/ItoTerminalCompletion.lean:25:0: AutoSamplingTheory.TechnicalLemmas.StochasticProcesses.ItoTerminalCompletion.itoIntegralTerminal_sub.{u_1}
  {Omega : Type u_1} {m : MeasurableSpace Omega} {filtration : MeasureTheory.Filtration NNReal m}
  {mu : MeasureTheory.Measure Omega} {T : NNReal} {B : NNReal → Omega → ℝ}
  (eta xi : ProgressiveL2.ProgressiveL2Integrand filtration mu T) (hT : 0 < T)
  (hB : BrownianMotion.IsBrownianMotionWithFiltration B filtration mu) :
  ItoTerminalCompletion.itoIntegralTerminal (ProgressiveL2Algebra.sub eta xi) hT hB =
    ItoTerminalCompletion.itoIntegralTerminal eta hT hB - ItoTerminalCompletion.itoIntegralTerminal xi hT hB
info: Tests/ItoTerminalCompletion.lean:26:0: AutoSamplingTheory.TechnicalLemmas.StochasticProcesses.ItoTerminalCompletion.itoIntegralTerminal_elementary.{u_1}
  {Omega : Type u_1} {m : MeasurableSpace Omega} {filtration : MeasureTheory.Filtration NNReal m}
  {mu : MeasureTheory.Measure Omega} {T : NNReal} {B : NNReal → Omega → ℝ}
  (eta : ProgressiveL2Density.DyadicElementaryProcess filtration T)
  (hB : BrownianMotion.IsBrownianMotionWithFiltration B filtration mu) :
  ItoTerminalCompletion.itoIntegralTerminal (ItoTerminalCompletion.elementaryIntegrand eta hB) ⋯ hB =
    DyadicElementaryRefinement.terminalToLp eta hB
info: Tests/ItoTerminalCompletion.lean:27:0: AutoSamplingTheory.TechnicalLemmas.StochasticProcesses.ItoTerminalCompletion.itoIntegralTerminal_isometry_sub.{u_1}
  {Omega : Type u_1} {m : MeasurableSpace Omega} {filtration : MeasureTheory.Filtration NNReal m}
  {mu : MeasureTheory.Measure Omega} {T : NNReal} {B : NNReal → Omega → ℝ}
  (eta xi : ProgressiveL2.ProgressiveL2Integrand filtration mu T) (hT : 0 < T)
  (hB : BrownianMotion.IsBrownianMotionWithFiltration B filtration mu) :
  ‖ItoTerminalCompletion.itoIntegralTerminal eta hT hB - ItoTerminalCompletion.itoIntegralTerminal xi hT hB‖ =
    ‖ItoTerminalCompletion.integrandToLp eta hB - ItoTerminalCompletion.integrandToLp xi hB‖
info: Tests/ItoTerminalCompletion.lean:28:0: AutoSamplingTheory.TechnicalLemmas.StochasticProcesses.ItoTerminalCompletion.itoIntegralTerminal_inner.{u_1}
  {Omega : Type u_1} {m : MeasurableSpace Omega} {filtration : MeasureTheory.Filtration NNReal m}
  {mu : MeasureTheory.Measure Omega} {T : NNReal} {B : NNReal → Omega → ℝ}
  (eta xi : ProgressiveL2.ProgressiveL2Integrand filtration mu T) (hT : 0 < T)
  (hB : BrownianMotion.IsBrownianMotionWithFiltration B filtration mu) :
  inner ℝ (ItoTerminalCompletion.itoIntegralTerminal eta hT hB) (ItoTerminalCompletion.itoIntegralTerminal xi hT hB) =
    inner ℝ (ItoTerminalCompletion.integrandToLp eta hB) (ItoTerminalCompletion.integrandToLp xi hB)
info: Tests/ItoTerminalCompletion.lean:29:0: AutoSamplingTheory.TechnicalLemmas.StochasticProcesses.ItoTerminalCompletion.itoIntegralTerminalOnHorizon.{u_1}
  {Omega : Type u_1} {m : MeasurableSpace Omega} {filtration : MeasureTheory.Filtration NNReal m}
  {mu : MeasureTheory.Measure Omega} {T : NNReal} {B : NNReal → Omega → ℝ}
  (eta : ProgressiveL2.ProgressiveL2Integrand filtration mu T)
  (hB : BrownianMotion.IsBrownianMotionWithFiltration B filtration mu) : ↥(MeasureTheory.Lp ℝ 2 mu)
info: Tests/ItoTerminalCompletion.lean:30:0: AutoSamplingTheory.TechnicalLemmas.StochasticProcesses.ItoTerminalCompletion.itoIntegralTerminal_zero_horizon.{u_1}
  {Omega : Type u_1} {m : MeasurableSpace Omega} {filtration : MeasureTheory.Filtration NNReal m}
  {mu : MeasureTheory.Measure Omega} {T : NNReal} {B : NNReal → Omega → ℝ}
  (eta : ProgressiveL2.ProgressiveL2Integrand filtration mu T) (hzero : T = 0)
  (hB : BrownianMotion.IsBrownianMotionWithFiltration B filtration mu) :
  ItoTerminalCompletion.itoIntegralTerminalOnHorizon eta hB = 0
ℹ [9285/9484] Replayed Tests.ItoHorizonConsistency
info: Tests/ItoHorizonConsistency.lean:18:0: AutoSamplingTheory.TechnicalLemmas.StochasticProcesses.ItoHorizonConsistency.extendedCanonicalApprox.{u_1}
  {Omega : Type u_1} {m : MeasurableSpace Omega} {filtration : Filtration ℝ≥0 m} {mu : Measure Omega}
  [IsFiniteMeasure mu] {a b : ℕ} (hab : a ≤ b) (eta : ProgressiveL2Integrand filtration mu (dyadicHorizon a)) (n : ℕ) :
  ProgressiveL2Density.DyadicElementaryProcess filtration (dyadicHorizon b)
info: Tests/ItoHorizonConsistency.lean:19:0: AutoSamplingTheory.TechnicalLemmas.StochasticProcesses.ItoHorizonConsistency.tendsto_extendedCanonicalApprox_toLp.{u_1}
  {Omega : Type u_1} {m : MeasurableSpace Omega} {filtration : Filtration ℝ≥0 m} {mu : Measure Omega}
  [IsFiniteMeasure mu] {a b : ℕ} (hab : a ≤ b) (eta : ProgressiveL2Integrand filtration mu (dyadicHorizon a)) :
  Filter.Tendsto (fun n => (extendedCanonicalApprox hab eta n).toLp mu) Filter.atTop (nhds (extendByZero eta ⋯).toLp)
info: Tests/ItoHorizonConsistency.lean:20:0: AutoSamplingTheory.TechnicalLemmas.StochasticProcesses.ItoHorizonConsistency.tendsto_extendedCanonicalApprox_processToLp.{u_1}
  {Omega : Type u_1} {m : MeasurableSpace Omega} {filtration : Filtration ℝ≥0 m} {mu : Measure Omega}
  {B : ℝ≥0 → Omega → ℝ} [IsProbabilityMeasure mu] {a b : ℕ} (hab : a ≤ b)
  (eta : ProgressiveL2Integrand filtration mu (dyadicHorizon a)) (hB : IsBrownianMotionWithFiltration B filtration mu) :
  Filter.Tendsto (fun n => DyadicElementaryRefinement.processToLp (extendedCanonicalApprox hab eta n) hB) Filter.atTop
    (nhds (ItoTerminalCompletion.integrandToLp (extendByZero eta ⋯) hB))
info: Tests/ItoHorizonConsistency.lean:21:0: AutoSamplingTheory.TechnicalLemmas.StochasticProcesses.ItoHorizonConsistency.extendedCanonicalApprox_terminal_eq.{u_1}
  {Omega : Type u_1} {m : MeasurableSpace Omega} {filtration : Filtration ℝ≥0 m} {mu : Measure Omega}
  {B : ℝ≥0 → Omega → ℝ} [IsProbabilityMeasure mu] {a b : ℕ} (hab : a ≤ b)
  (eta : ProgressiveL2Integrand filtration mu (dyadicHorizon a)) (hB : IsBrownianMotionWithFiltration B filtration mu)
  (n : ℕ) :
  DyadicElementaryRefinement.terminalToLp (extendedCanonicalApprox hab eta n) hB =
    ItoTerminalCompletion.terminalApprox eta ⋯ hB n
info: Tests/ItoHorizonConsistency.lean:22:0: AutoSamplingTheory.TechnicalLemmas.StochasticProcesses.ItoHorizonConsistency.itoIntegralTerminal_extendByZero_eq.{u_1}
  {Omega : Type u_1} {m : MeasurableSpace Omega} {filtration : Filtration ℝ≥0 m} {mu : Measure Omega}
  {B : ℝ≥0 → Omega → ℝ} [IsProbabilityMeasure mu] {a b : ℕ} (hab : a ≤ b)
  (eta : ProgressiveL2Integrand filtration mu (dyadicHorizon a)) (hB : IsBrownianMotionWithFiltration B filtration mu) :
  ItoTerminalCompletion.itoIntegralTerminal (extendByZero eta ⋯) ⋯ hB =
    ItoTerminalCompletion.itoIntegralTerminal eta ⋯ hB
ℹ [9286/9484] Replayed Tests.ItoHorizonProcessConsistency
info: Tests/ItoHorizonProcessConsistency.lean:17:0: AutoSamplingTheory.TechnicalLemmas.StochasticProcesses.ItoHorizonProcessConsistency.extendByZero_restrictAt_toLp_eq.{u_1}
  {Omega : Type u_1} {m : MeasurableSpace Omega} {filtration : Filtration ℝ≥0 m} {mu : Measure Omega}
  [IsProbabilityMeasure mu] {a b : ℕ} (hab : a ≤ b) (eta : ProgressiveL2Integrand filtration mu (dyadicHorizon a))
  {t : ℝ≥0} (ht : t ≤ dyadicHorizon a) :
  (ProgressiveL2HorizonExtension.extendByZero (eta.restrictAt t) ⋯).toLp =
    ((ProgressiveL2HorizonExtension.extendByZero eta ⋯).restrictAt t).toLp
info: Tests/ItoHorizonProcessConsistency.lean:18:0: AutoSamplingTheory.TechnicalLemmas.StochasticProcesses.ItoHorizonProcessConsistency.itoIntegralTerminal_restrict_cross_horizon_eq.{u_1}
  {Omega : Type u_1} {m : MeasurableSpace Omega} {filtration : Filtration ℝ≥0 m} {mu : Measure Omega}
  {B : ℝ≥0 → Omega → ℝ} [IsProbabilityMeasure mu] {a b : ℕ} (hab : a ≤ b)
  (eta : ProgressiveL2Integrand filtration mu (dyadicHorizon a)) (hB : IsBrownianMotionWithFiltration B filtration mu)
  {t : ℝ≥0} (ht : t ≤ dyadicHorizon a) :
  ItoTerminalCompletion.itoIntegralTerminal ((ProgressiveL2HorizonExtension.extendByZero eta ⋯).restrictAt t) ⋯ hB =
    ItoTerminalCompletion.itoIntegralTerminal (eta.restrictAt t) ⋯ hB
info: Tests/ItoHorizonProcessConsistency.lean:19:0: AutoSamplingTheory.TechnicalLemmas.StochasticProcesses.ItoHorizonProcessConsistency.itoIntegralProcess_extendByZero_ae.{u_1}
  {Omega : Type u_1} {m : MeasurableSpace Omega} {filtration : Filtration ℝ≥0 m} {mu : Measure Omega}
  {B : ℝ≥0 → Omega → ℝ} [IsProbabilityMeasure mu] {a b : ℕ} (hab : a ≤ b)
  (eta : ProgressiveL2Integrand filtration mu (dyadicHorizon a)) (hB : IsBrownianMotionWithFiltration B filtration mu)
  (hUsual : SatisfiesUsualConditions filtration mu) {t : ℝ≥0} (ht : t ≤ dyadicHorizon a) :
  ItoIntegralProcess.itoIntegralProcess (ProgressiveL2HorizonExtension.extendByZero eta ⋯) ⋯ hB hUsual t =ᵐ[mu]
    ItoIntegralProcess.itoIntegralProcess eta ⋯ hB hUsual t
info: Tests/ItoHorizonProcessConsistency.lean:20:0: AutoSamplingTheory.TechnicalLemmas.StochasticProcesses.ItoHorizonProcessConsistency.itoIntegralProcess_extendByZero_pathwise_ae.{u_1}
  {Omega : Type u_1} {m : MeasurableSpace Omega} {filtration : Filtration ℝ≥0 m} {mu : Measure Omega}
  {B : ℝ≥0 → Omega → ℝ} [IsProbabilityMeasure mu] {a b : ℕ} (hab : a ≤ b)
  (eta : ProgressiveL2Integrand filtration mu (dyadicHorizon a)) (hB : IsBrownianMotionWithFiltration B filtration mu)
  (hUsual : SatisfiesUsualConditions filtration mu) :
  ∀ᵐ (omega : Omega) ∂mu,
    ∀ t ∈ Icc 0 (dyadicHorizon a),
      ItoIntegralProcess.itoIntegralProcess (ProgressiveL2HorizonExtension.extendByZero eta ⋯) ⋯ hB hUsual t omega =
        ItoIntegralProcess.itoIntegralProcess eta ⋯ hB hUsual t omega
ℹ [9287/9484] Replayed Tests.ItoIntegralProcess
info: Tests/ItoIntegralProcess.lean:5:0: AutoSamplingTheory.TechnicalLemmas.StochasticProcesses.ItoIntegralProcess.measure_uniformBadEvent_le.{u_1}
  {Omega : Type u_1} {m : MeasurableSpace Omega} {filtration : MeasureTheory.Filtration NNReal m}
  {mu : MeasureTheory.Measure Omega} {T : NNReal} {B : NNReal → Omega → ℝ} [MeasureTheory.IsFiniteMeasure mu]
  (eta : ProgressiveL2.ProgressiveL2Integrand filtration mu T) (hT : 0 < T)
  (hB : BrownianMotion.IsBrownianMotionWithFiltration B filtration mu) (n : ℕ) :
  mu (ItoIntegralProcess.uniformBadEvent eta hT B n) ≤ ItoIntegralProcess.badEventMajorant n
info: Tests/ItoIntegralProcess.lean:6:0: AutoSamplingTheory.TechnicalLemmas.StochasticProcesses.ItoIntegralProcess.tsum_measure_uniformBadEvent_ne_top.{u_1}
  {Omega : Type u_1} {m : MeasurableSpace Omega} {filtration : MeasureTheory.Filtration NNReal m}
  {mu : MeasureTheory.Measure Omega} {T : NNReal} {B : NNReal → Omega → ℝ} [MeasureTheory.IsFiniteMeasure mu]
  (eta : ProgressiveL2.ProgressiveL2Integrand filtration mu T) (hT : 0 < T)
  (hB : BrownianMotion.IsBrownianMotionWithFiltration B filtration mu) :
  ∑' (n : ℕ), mu (ItoIntegralProcess.uniformBadEvent eta hT B n) ≠ ⊤
info: Tests/ItoIntegralProcess.lean:7:0: AutoSamplingTheory.TechnicalLemmas.StochasticProcesses.ItoIntegralProcess.canonicalItoProcess_uniformCauchyOn.{u_1}
  {Omega : Type u_1} {m : MeasurableSpace Omega} {filtration : MeasureTheory.Filtration NNReal m}
  {mu : MeasureTheory.Measure Omega} {T : NNReal} [MeasureTheory.IsFiniteMeasure mu]
  (eta : ProgressiveL2.ProgressiveL2Integrand filtration mu T) (hT : 0 < T) (B : NNReal → Omega → ℝ) {omega : Omega}
  (homega : omega ∈ ItoIntegralProcess.uniformCauchyEvent eta hT B) :
  UniformCauchySeqOn (fun n t => ItoIntegralProcess.canonicalItoProcess eta hT B n t omega) Filter.atTop (Set.Icc 0 T)
info: Tests/ItoIntegralProcess.lean:8:0: AutoSamplingTheory.TechnicalLemmas.StochasticProcesses.ItoIntegralProcess.tendstoUniformlyOn_canonicalPathLimit.{u_1}
  {Omega : Type u_1} {m : MeasurableSpace Omega} {filtration : MeasureTheory.Filtration NNReal m}
  {mu : MeasureTheory.Measure Omega} {T : NNReal} [MeasureTheory.IsFiniteMeasure mu]
  (eta : ProgressiveL2.ProgressiveL2Integrand filtration mu T) (hT : 0 < T) (B : NNReal → Omega → ℝ) {omega : Omega}
  (homega : omega ∈ ItoIntegralProcess.uniformCauchyEvent eta hT B) :
  TendstoUniformlyOn (fun n t => ItoIntegralProcess.canonicalItoProcess eta hT B n t omega)
    (fun t => ItoIntegralProcess.canonicalPathLimit eta hT B t omega) Filter.atTop (Set.Icc 0 T)
info: Tests/ItoIntegralProcess.lean:9:0: AutoSamplingTheory.TechnicalLemmas.StochasticProcesses.ItoIntegralProcess.itoIntegralProcess_continuous_ae.{u_1}
  {Omega : Type u_1} {m : MeasurableSpace Omega} {filtration : MeasureTheory.Filtration NNReal m}
  {mu : MeasureTheory.Measure Omega} {T : NNReal} {B : NNReal → Omega → ℝ} [MeasureTheory.IsFiniteMeasure mu]
  (eta : ProgressiveL2.ProgressiveL2Integrand filtration mu T) (hT : 0 < T)
  (hB : BrownianMotion.IsBrownianMotionWithFiltration B filtration mu)
  (hUsual : ProgressiveL2.SatisfiesUsualConditions filtration mu) :
  ∀ᵐ (omega : Omega) ∂mu,
    ContinuousOn (fun t => ItoIntegralProcess.itoIntegralProcess eta hT hB hUsual t omega) (Set.Icc 0 T)
info: Tests/ItoIntegralProcess.lean:10:0: AutoSamplingTheory.TechnicalLemmas.StochasticProcesses.ItoIntegralProcess.itoIntegralProcess_stronglyAdapted.{u_1}
  {Omega : Type u_1} {m : MeasurableSpace Omega} {filtration : MeasureTheory.Filtration NNReal m}
  {mu : MeasureTheory.Measure Omega} {T : NNReal} {B : NNReal → Omega → ℝ} [MeasureTheory.IsFiniteMeasure mu]
  (eta : ProgressiveL2.ProgressiveL2Integrand filtration mu T) (hT : 0 < T)
  (hB : BrownianMotion.IsBrownianMotionWithFiltration B filtration mu)
  (hUsual : ProgressiveL2.SatisfiesUsualConditions filtration mu) :
  MeasureTheory.StronglyAdapted filtration (ItoIntegralProcess.itoIntegralProcess eta hT hB hUsual)
info: Tests/ItoIntegralProcess.lean:11:0: AutoSamplingTheory.TechnicalLemmas.StochasticProcesses.ItoIntegralProcess.terminalRepresentative_ae_eq_actual.{u_1}
  {Omega : Type u_1} {m : MeasurableSpace Omega} {filtration : MeasureTheory.Filtration NNReal m}
  {mu : MeasureTheory.Measure Omega} {T : NNReal} {B : NNReal → Omega → ℝ} [MeasureTheory.IsFiniteMeasure mu]
  (eta : ProgressiveL2.ProgressiveL2Integrand filtration mu T) (hT : 0 < T)
  (hB : BrownianMotion.IsBrownianMotionWithFiltration B filtration mu)
  (hUsual : ProgressiveL2.SatisfiesUsualConditions filtration mu) :
  ItoIntegralProcess.terminalRepresentative eta hT hB =ᵐ[mu] ItoIntegralProcess.itoIntegralProcess eta hT hB hUsual T
info: Tests/ItoIntegralProcess.lean:12:0: AutoSamplingTheory.TechnicalLemmas.StochasticProcesses.ItoIntegralProcess.itoIntegralTerminal_restrictAt_elementary_ae.{u_1}
  {Omega : Type u_1} {m : MeasurableSpace Omega} {filtration : MeasureTheory.Filtration NNReal m}
  {mu : MeasureTheory.Measure Omega} {T : NNReal} {B : NNReal → Omega → ℝ} [MeasureTheory.IsFiniteMeasure mu]
  (q : ProgressiveL2Density.DyadicElementaryProcess filtration T) (hT : 0 < T)
  (hB : BrownianMotion.IsBrownianMotionWithFiltration B filtration mu) {t : NNReal} (ht : 0 < t) (htT : t ≤ T) :
  (fun omega =>
      ↑↑(ItoTerminalCompletion.itoIntegralTerminal ((ItoTerminalCompletion.elementaryIntegrand q hB).restrictAt t) hT
              hB)
        omega) =ᵐ[mu]
    ElementaryItoProcess.elementaryItoProcess q.process B T t
info: Tests/ItoIntegralProcess.lean:13:0: AutoSamplingTheory.TechnicalLemmas.StochasticProcesses.ItoIntegralProcess.itoIntegralProcess_at_eq_terminal_of_pos.{u_1}
  {Omega : Type u_1} {m : MeasurableSpace Omega} {filtration : MeasureTheory.Filtration NNReal m}
  {mu : MeasureTheory.Measure Omega} {T : NNReal} {B : NNReal → Omega → ℝ} [MeasureTheory.IsFiniteMeasure mu]
  (eta : ProgressiveL2.ProgressiveL2Integrand filtration mu T) (hT : 0 < T)
  (hB : BrownianMotion.IsBrownianMotionWithFiltration B filtration mu)
  (hUsual : ProgressiveL2.SatisfiesUsualConditions filtration mu) {t : NNReal} (ht : 0 < t) (htT : t ≤ T) :
  ItoIntegralProcess.itoIntegralProcess eta hT hB hUsual t =ᵐ[mu] fun omega =>
    ↑↑(ItoTerminalCompletion.itoIntegralTerminal (eta.restrictAt t) hT hB) omega
info: Tests/ItoIntegralProcess.lean:14:0: AutoSamplingTheory.TechnicalLemmas.StochasticProcesses.ItoIntegralProcess.itoIntegralProcess_at_zero.{u_1}
  {Omega : Type u_1} {m : MeasurableSpace Omega} {filtration : MeasureTheory.Filtration NNReal m}
  {mu : MeasureTheory.Measure Omega} {T : NNReal} {B : NNReal → Omega → ℝ} [MeasureTheory.IsFiniteMeasure mu]
  (eta : ProgressiveL2.ProgressiveL2Integrand filtration mu T) (hT : 0 < T)
  (hB : BrownianMotion.IsBrownianMotionWithFiltration B filtration mu)
  (hUsual : ProgressiveL2.SatisfiesUsualConditions filtration mu) :
  ItoIntegralProcess.itoIntegralProcess eta hT hB hUsual 0 = 0
info: Tests/ItoIntegralProcess.lean:15:0: AutoSamplingTheory.TechnicalLemmas.StochasticProcesses.ItoIntegralProcess.itoIntegralProcess_at_eq_terminal.{u_1}
  {Omega : Type u_1} {m : MeasurableSpace Omega} {filtration : MeasureTheory.Filtration NNReal m}
  {mu : MeasureTheory.Measure Omega} {T : NNReal} {B : NNReal → Omega → ℝ} [MeasureTheory.IsFiniteMeasure mu]
  (eta : ProgressiveL2.ProgressiveL2Integrand filtration mu T) (hT : 0 < T)
  (hB : BrownianMotion.IsBrownianMotionWithFiltration B filtration mu)
  (hUsual : ProgressiveL2.SatisfiesUsualConditions filtration mu) {t : NNReal} (htT : t ≤ T) :
  ItoIntegralProcess.itoIntegralProcess eta hT hB hUsual t =ᵐ[mu] fun omega =>
    ↑↑(ItoTerminalCompletion.itoIntegralTerminal (eta.restrictAt t) hT hB) omega
info: Tests/ItoIntegralProcess.lean:16:0: AutoSamplingTheory.TechnicalLemmas.StochasticProcesses.ItoIntegralProcess.itoIntegralProcess_isometry_restrictAt.{u_1}
  {Omega : Type u_1} {m : MeasurableSpace Omega} {filtration : MeasureTheory.Filtration NNReal m}
  {mu : MeasureTheory.Measure Omega} {T : NNReal} {B : NNReal → Omega → ℝ} [MeasureTheory.IsFiniteMeasure mu]
  (eta : ProgressiveL2.ProgressiveL2Integrand filtration mu T) (hT : 0 < T)
  (hB : BrownianMotion.IsBrownianMotionWithFiltration B filtration mu)
  (hUsual : ProgressiveL2.SatisfiesUsualConditions filtration mu) {t : NNReal} (htT : t ≤ T) :
  ∫ (omega : Omega), ItoIntegralProcess.itoIntegralProcess eta hT hB hUsual t omega ^ 2 ∂mu =
    ∫ (z : Omega × NNReal),
      ProgressiveL2.processFunction (eta.restrictAt t).process z ^ 2 ∂ElementaryItoIntegral.processTimeMeasure mu T
info: Tests/ItoIntegralProcess.lean:17:0: AutoSamplingTheory.TechnicalLemmas.StochasticProcesses.ItoIntegralProcess.itoIntegralProcess_zero.{u_1}
  {Omega : Type u_1} {m : MeasurableSpace Omega} {filtration : MeasureTheory.Filtration NNReal m}
  {mu : MeasureTheory.Measure Omega} {T : NNReal} {B : NNReal → Omega → ℝ} [MeasureTheory.IsFiniteMeasure mu]
  (hT : 0 < T) (hB : BrownianMotion.IsBrownianMotionWithFiltration B filtration mu)
  (hUsual : ProgressiveL2.SatisfiesUsualConditions filtration mu) {t : NNReal} (htT : t ≤ T) :
  ItoIntegralProcess.itoIntegralProcess ProgressiveL2Algebra.zero hT hB hUsual t =ᵐ[mu] fun x => 0
info: Tests/ItoIntegralProcess.lean:18:0: AutoSamplingTheory.TechnicalLemmas.StochasticProcesses.ItoIntegralProcess.itoIntegralProcess_add.{u_1}
  {Omega : Type u_1} {m : MeasurableSpace Omega} {filtration : MeasureTheory.Filtration NNReal m}
  {mu : MeasureTheory.Measure Omega} {T : NNReal} {B : NNReal → Omega → ℝ} [MeasureTheory.IsFiniteMeasure mu]
  (eta xi : ProgressiveL2.ProgressiveL2Integrand filtration mu T) (hT : 0 < T)
  (hB : BrownianMotion.IsBrownianMotionWithFiltration B filtration mu)
  (hUsual : ProgressiveL2.SatisfiesUsualConditions filtration mu) {t : NNReal} (htT : t ≤ T) :
  ItoIntegralProcess.itoIntegralProcess (ProgressiveL2Algebra.add eta xi) hT hB hUsual t =ᵐ[mu] fun omega =>
    ItoIntegralProcess.itoIntegralProcess eta hT hB hUsual t omega +
      ItoIntegralProcess.itoIntegralProcess xi hT hB hUsual t omega
info: Tests/ItoIntegralProcess.lean:19:0: AutoSamplingTheory.TechnicalLemmas.StochasticProcesses.ItoIntegralProcess.itoIntegralProcess_smul.{u_1}
  {Omega : Type u_1} {m : MeasurableSpace Omega} {filtration : MeasureTheory.Filtration NNReal m}
  {mu : MeasureTheory.Measure Omega} {T : NNReal} {B : NNReal → Omega → ℝ} [MeasureTheory.IsFiniteMeasure mu] (c : ℝ)
  (eta : ProgressiveL2.ProgressiveL2Integrand filtration mu T) (hT : 0 < T)
  (hB : BrownianMotion.IsBrownianMotionWithFiltration B filtration mu)
  (hUsual : ProgressiveL2.SatisfiesUsualConditions filtration mu) {t : NNReal} (htT : t ≤ T) :
  ItoIntegralProcess.itoIntegralProcess (ProgressiveL2Algebra.smul c eta) hT hB hUsual t =ᵐ[mu] fun omega =>
    c * ItoIntegralProcess.itoIntegralProcess eta hT hB hUsual t omega
info: Tests/ItoIntegralProcess.lean:20:0: AutoSamplingTheory.TechnicalLemmas.StochasticProcesses.ItoIntegralProcess.itoIntegralProcess_unique.{u_1}
  {Omega : Type u_1} {m : MeasurableSpace Omega} {filtration : MeasureTheory.Filtration NNReal m}
  {mu : MeasureTheory.Measure Omega} {T : NNReal} {B : NNReal → Omega → ℝ} [MeasureTheory.IsFiniteMeasure mu]
  (eta : ProgressiveL2.ProgressiveL2Integrand filtration mu T) (hT : 0 < T)
  (hB : BrownianMotion.IsBrownianMotionWithFiltration B filtration mu)
  (hUsual : ProgressiveL2.SatisfiesUsualConditions filtration mu) (J : NNReal → Omega → ℝ)
  (_hJadapted : MeasureTheory.StronglyAdapted filtration J)
  (hJcontinuous : ∀ᵐ (omega : Omega) ∂mu, ContinuousOn (fun t => J t omega) (Set.Icc 0 T))
  (hJterminal :
    ∀ t ≤ T, J t =ᵐ[mu] fun omega => ↑↑(ItoTerminalCompletion.itoIntegralTerminal (eta.restrictAt t) hT hB) omega) :
  ∀ᵐ (omega : Omega) ∂mu, ∀ t ∈ Set.Icc 0 T, J t omega = ItoIntegralProcess.itoIntegralProcess eta hT hB hUsual t omega
info: Tests/ItoIntegralProcess.lean:21:0: AutoSamplingTheory.TechnicalLemmas.StochasticProcesses.ItoIntegralProcess.itoIntegralProcess_martingale.{u_1}
  {Omega : Type u_1} {m : MeasurableSpace Omega} {filtration : MeasureTheory.Filtration NNReal m}
  {mu : MeasureTheory.Measure Omega} {T : NNReal} {B : NNReal → Omega → ℝ} [MeasureTheory.IsFiniteMeasure mu]
  (eta : ProgressiveL2.ProgressiveL2Integrand filtration mu T) (hT : 0 < T)
  (hB : BrownianMotion.IsBrownianMotionWithFiltration B filtration mu)
  (hUsual : ProgressiveL2.SatisfiesUsualConditions filtration mu) :
  MeasureTheory.Martingale (ItoIntegralProcess.itoIntegralProcess eta hT hB hUsual) filtration mu
info: Tests/ItoIntegralProcess.lean:22:0: AutoSamplingTheory.TechnicalLemmas.StochasticProcesses.ItoIntegralProcess.itoIntegralProcess_integrable.{u_1}
  {Omega : Type u_1} {m : MeasurableSpace Omega} {filtration : MeasureTheory.Filtration NNReal m}
  {mu : MeasureTheory.Measure Omega} {T : NNReal} {B : NNReal → Omega → ℝ} [MeasureTheory.IsFiniteMeasure mu]
  (eta : ProgressiveL2.ProgressiveL2Integrand filtration mu T) (hT : 0 < T)
  (hB : BrownianMotion.IsBrownianMotionWithFiltration B filtration mu)
  (hUsual : ProgressiveL2.SatisfiesUsualConditions filtration mu) (t : NNReal) :
  MeasureTheory.Integrable (ItoIntegralProcess.itoIntegralProcess eta hT hB hUsual t) mu
info: Tests/ItoIntegralProcess.lean:23:0: AutoSamplingTheory.TechnicalLemmas.StochasticProcesses.ItoIntegralProcess.itoIntegralProcess_terminal_eq.{u_1}
  {Omega : Type u_1} {m : MeasurableSpace Omega} {filtration : MeasureTheory.Filtration NNReal m}
  {mu : MeasureTheory.Measure Omega} {T : NNReal} {B : NNReal → Omega → ℝ} [MeasureTheory.IsFiniteMeasure mu]
  (eta : ProgressiveL2.ProgressiveL2Integrand filtration mu T) (hT : 0 < T)
  (hB : BrownianMotion.IsBrownianMotionWithFiltration B filtration mu)
  (hUsual : ProgressiveL2.SatisfiesUsualConditions filtration mu) :
  ItoIntegralProcess.itoIntegralProcess eta hT hB hUsual T =ᵐ[mu] ItoIntegralProcess.terminalRepresentative eta hT hB
info: Tests/ItoIntegralProcess.lean:24:0: AutoSamplingTheory.TechnicalLemmas.StochasticProcesses.ItoIntegralProcess.chewi_display_1_1_9.{u_1} {Omega : Type u_1}
  {m : MeasurableSpace Omega} {filtration : MeasureTheory.Filtration NNReal m} {mu : MeasureTheory.Measure Omega}
  {T : NNReal} {B : NNReal → Omega → ℝ} [MeasureTheory.IsFiniteMeasure mu]
  (eta : ProgressiveL2.ProgressiveL2Integrand filtration mu T) (hT : 0 < T)
  (hB : BrownianMotion.IsBrownianMotionWithFiltration B filtration mu)
  (hUsual : ProgressiveL2.SatisfiesUsualConditions filtration mu) {t : NNReal} (htT : t ≤ T) :
  ∫ (omega : Omega), ItoIntegralProcess.itoIntegralProcess eta hT hB hUsual t omega ^ 2 ∂mu =
    ∫ (z : Omega × NNReal),
      ProgressiveL2.processFunction (eta.restrictAt t).process z ^ 2 ∂ElementaryItoIntegral.processTimeMeasure mu T
info: Tests/ItoIntegralProcess.lean:25:0: AutoSamplingTheory.TechnicalLemmas.StochasticProcesses.ItoIntegralProcess.chewi_display_1_1_9_terminal.{u_1}
  {Omega : Type u_1} {m : MeasurableSpace Omega} {filtration : MeasureTheory.Filtration NNReal m}
  {mu : MeasureTheory.Measure Omega} {T : NNReal} {B : NNReal → Omega → ℝ} [MeasureTheory.IsFiniteMeasure mu]
  (eta : ProgressiveL2.ProgressiveL2Integrand filtration mu T) (hT : 0 < T)
  (hB : BrownianMotion.IsBrownianMotionWithFiltration B filtration mu)
  (hUsual : ProgressiveL2.SatisfiesUsualConditions filtration mu) :
  ∫ (omega : Omega), ItoIntegralProcess.itoIntegralProcess eta hT hB hUsual T omega ^ 2 ∂mu =
    ∫ (z : Omega × NNReal),
      ProgressiveL2.processFunction eta.process z ^ 2 ∂ElementaryItoIntegral.processTimeMeasure mu T
info: Tests/ItoIntegralProcess.lean:26:0: AutoSamplingTheory.TechnicalLemmas.StochasticProcesses.ItoIntegralProcess.chewi_theorem_1_1_8.{u_1} {Omega : Type u_1}
  {m : MeasurableSpace Omega} {filtration : MeasureTheory.Filtration NNReal m} {mu : MeasureTheory.Measure Omega}
  {T : NNReal} {B : NNReal → Omega → ℝ} [MeasureTheory.IsFiniteMeasure mu]
  (eta : ProgressiveL2.ProgressiveL2Integrand filtration mu T) (hT : 0 < T)
  (hB : BrownianMotion.IsBrownianMotionWithFiltration B filtration mu)
  (hUsual : ProgressiveL2.SatisfiesUsualConditions filtration mu) :
  ∃ I,
    MeasureTheory.StronglyAdapted filtration I ∧
      MeasureTheory.Martingale I filtration mu ∧
        (∀ᵐ (omega : Omega) ∂mu, ContinuousOn (fun t => I t omega) (Set.Icc 0 T)) ∧
          (∀ t ≤ T,
              I t =ᵐ[mu] fun omega => ↑↑(ItoTerminalCompletion.itoIntegralTerminal (eta.restrictAt t) hT hB) omega) ∧
            (∀ t ≤ T,
                ∫ (omega : Omega), I t omega ^ 2 ∂mu =
                  ∫ (z : Omega × NNReal),
                    ProgressiveL2.processFunction (eta.restrictAt t).process z ^
                      2 ∂ElementaryItoIntegral.processTimeMeasure mu T) ∧
              ∀ (J : NNReal → Omega → ℝ),
                MeasureTheory.StronglyAdapted filtration J →
                  (∀ᵐ (omega : Omega) ∂mu, ContinuousOn (fun t => J t omega) (Set.Icc 0 T)) →
                    (∀ t ≤ T,
                        J t =ᵐ[mu] fun omega =>
                          ↑↑(ItoTerminalCompletion.itoIntegralTerminal (eta.restrictAt t) hT hB) omega) →
                      ∀ᵐ (omega : Omega) ∂mu, ∀ t ∈ Set.Icc 0 T, J t omega = I t omega
ℹ [9288/9484] Replayed Tests.ItoIntegralProcessAfterHorizon
info: Tests/ItoIntegralProcessAfterHorizon.lean:15:0: AutoSamplingTheory.TechnicalLemmas.StochasticProcesses.ItoIntegralProcessAfterHorizon.canonicalItoProcess_eq_terminal_of_le.{u_1}
  {Omega : Type u_1} {m : MeasurableSpace Omega} {filtration : Filtration ℝ≥0 m} {mu : Measure Omega} {T : ℝ≥0}
  [IsFiniteMeasure mu] (eta : ProgressiveL2Integrand filtration mu T) (hT : 0 < T) (B : ℝ≥0 → Omega → ℝ) (n : ℕ)
  {t : ℝ≥0} (hTt : T ≤ t) :
  ItoIntegralProcess.canonicalItoProcess eta hT B n t = ItoIntegralProcess.canonicalItoProcess eta hT B n T
info: Tests/ItoIntegralProcessAfterHorizon.lean:16:0: AutoSamplingTheory.TechnicalLemmas.StochasticProcesses.ItoIntegralProcessAfterHorizon.canonicalPathLimit_eq_terminal_of_le.{u_1}
  {Omega : Type u_1} {m : MeasurableSpace Omega} {filtration : Filtration ℝ≥0 m} {mu : Measure Omega} {T : ℝ≥0}
  [IsFiniteMeasure mu] (eta : ProgressiveL2Integrand filtration mu T) (hT : 0 < T) (B : ℝ≥0 → Omega → ℝ) (omega : Omega)
  {t : ℝ≥0} (hTt : T ≤ t) :
  ItoIntegralProcess.canonicalPathLimit eta hT B t omega = ItoIntegralProcess.canonicalPathLimit eta hT B T omega
info: Tests/ItoIntegralProcessAfterHorizon.lean:17:0: AutoSamplingTheory.TechnicalLemmas.StochasticProcesses.ItoIntegralProcessAfterHorizon.itoIntegralProcess_eq_terminal_of_le.{u_1}
  {Omega : Type u_1} {m : MeasurableSpace Omega} {filtration : Filtration ℝ≥0 m} {mu : Measure Omega} {T : ℝ≥0}
  {B : ℝ≥0 → Omega → ℝ} [IsFiniteMeasure mu] (eta : ProgressiveL2Integrand filtration mu T) (hT : 0 < T)
  (hB : BrownianMotion.IsBrownianMotionWithFiltration B filtration mu) (hUsual : SatisfiesUsualConditions filtration mu)
  {t : ℝ≥0} (hTt : T ≤ t) :
  ItoIntegralProcess.itoIntegralProcess eta hT hB hUsual t = ItoIntegralProcess.itoIntegralProcess eta hT hB hUsual T
info: Tests/ItoIntegralProcessAfterHorizon.lean:18:0: AutoSamplingTheory.TechnicalLemmas.StochasticProcesses.ItoIntegralProcessAfterHorizon.stoppedProcess_eq_terminal_of_le.{u_1,
    u_2}
  {Omega : Type u_1} {T : ℝ≥0} {beta : Type u_2} (u : ℝ≥0 → Omega → beta) (tau : Omega → WithTop ℝ≥0)
  (htauT : ∀ (omega : Omega), tau omega ≤ ↑T) {t : ℝ≥0} (hTt : T ≤ t) : stoppedProcess u tau t = stoppedProcess u tau T
ℹ [9289/9484] Replayed Tests.ItoIntegralProcessCongruence
info: Tests/ItoIntegralProcessCongruence.lean:16:0: AutoSamplingTheory.TechnicalLemmas.StochasticProcesses.ItoIntegralProcessCongruence.itoIntegralProcess_congr_toLp_ae.{u_1}
  {Omega : Type u_1} {m : MeasurableSpace Omega} {filtration : Filtration ℝ≥0 m} {mu : Measure Omega} {T : ℝ≥0}
  {B : ℝ≥0 → Omega → ℝ} [IsFiniteMeasure mu] (eta xi : ProgressiveL2Integrand filtration mu T) (hT : 0 < T)
  (hB : IsBrownianMotionWithFiltration B filtration mu) (hUsual : SatisfiesUsualConditions filtration mu)
  (hEq : eta.toLp = xi.toLp) {t : ℝ≥0} (htT : t ≤ T) :
  ItoIntegralProcess.itoIntegralProcess eta hT hB hUsual t =ᵐ[mu]
    ItoIntegralProcess.itoIntegralProcess xi hT hB hUsual t
info: Tests/ItoIntegralProcessCongruence.lean:17:0: AutoSamplingTheory.TechnicalLemmas.StochasticProcesses.ItoIntegralProcessCongruence.itoIntegralProcess_congr_toLp_pathwise_ae.{u_1}
  {Omega : Type u_1} {m : MeasurableSpace Omega} {filtration : Filtration ℝ≥0 m} {mu : Measure Omega} {T : ℝ≥0}
  {B : ℝ≥0 → Omega → ℝ} [IsFiniteMeasure mu] (eta xi : ProgressiveL2Integrand filtration mu T) (hT : 0 < T)
  (hB : IsBrownianMotionWithFiltration B filtration mu) (hUsual : SatisfiesUsualConditions filtration mu)
  (hEq : eta.toLp = xi.toLp) :
  ∀ᵐ (omega : Omega) ∂mu,
    ∀ t ∈ Icc 0 T,
      ItoIntegralProcess.itoIntegralProcess eta hT hB hUsual t omega =
        ItoIntegralProcess.itoIntegralProcess xi hT hB hUsual t omega
ℹ [9290/9484] Replayed Tests.KantorovichDual
info: Tests/KantorovichDual.lean:5:0: AutoSamplingTheory.TechnicalLemmas.Measure.KantorovichDual.DualFeasible.{u_1, u_2} {E : Type u_1} {F : Type u_2}
  [MeasurableSpace E] [MeasurableSpace F] (cost : E × F → ℝ) (mu : MeasureTheory.Measure E)
  (nu : MeasureTheory.Measure F) (f : E → ℝ) (g : F → ℝ) : Prop
info: Tests/KantorovichDual.lean:6:0: AutoSamplingTheory.TechnicalLemmas.Measure.KantorovichDual.dualTransportValue.{u_1, u_2} {E : Type u_1} {F : Type u_2}
  [MeasurableSpace E] [MeasurableSpace F] (cost : E × F → ℝ) (mu : MeasureTheory.Measure E)
  (nu : MeasureTheory.Measure F) : ℝ
info: Tests/KantorovichDual.lean:7:0: AutoSamplingTheory.TechnicalLemmas.Measure.KantorovichDual.dualTransportValue_eq_sSup.{u_1, u_2} {E : Type u_1}
  {F : Type u_2} [MeasurableSpace E] [MeasurableSpace F] (cost : E × F → ℝ) (mu : MeasureTheory.Measure E)
  (nu : MeasureTheory.Measure F) :
  TechnicalLemmas.Measure.KantorovichDual.dualTransportValue cost mu nu =
    sSup
      {r |
        ∃ f g,
          TechnicalLemmas.Measure.KantorovichDual.DualFeasible cost mu nu f g ∧
            r = ∫ (x : E), f x ∂mu + ∫ (y : F), g y ∂nu}
ℹ [9292/9484] Replayed Tests.KernelTotalVariation
info: Tests/KernelTotalVariation.lean:7:0: AutoSamplingTheory.TechnicalLemmas.Probability.KernelTotalVariation.abs_real_comp_sub_le.{u_1, u_2} {A : Type u_1}
  {B : Type u_2} [MeasurableSpace A] [MeasurableSpace B] (μ ν : Measure A) [IsProbabilityMeasure μ]
  [IsProbabilityMeasure ν] (K : Kernel A B) [IsMarkovKernel K] {δ : ℝ}
  (hδ : ∀ (s : Set A), MeasurableSet s → |μ.real s - ν.real s| ≤ δ) (t : Set B) :
  MeasurableSet t → |(⇑K ∘ₘ μ).real t - (⇑K ∘ₘ ν).real t| ≤ δ
info: Tests/KernelTotalVariation.lean:8:0: 'AutoSamplingTheory.TechnicalLemmas.Probability.KernelTotalVariation.abs_real_comp_sub_le' depends on axioms: [propext,
 Classical.choice,
 Quot.sound]
ℹ [9293/9484] Replayed Tests.KernelHybridTelescope
info: Tests/KernelHybridTelescope.lean:13:0: 'AutoSamplingTheory.TechnicalLemmas.Probability.KernelHybridTelescope.abs_real_comp_sub_le_integral_eventBound' depends on axioms: [propext,
 Classical.choice,
 Quot.sound]
info: Tests/KernelHybridTelescope.lean:14:0: 'AutoSamplingTheory.TechnicalLemmas.Probability.KernelHybridTelescope.abs_real_comp_commonSuffix_sub_le_integral_eventBound' depends on axioms: [propext,
 Classical.choice,
 Quot.sound]
info: Tests/KernelHybridTelescope.lean:15:0: 'AutoSamplingTheory.TechnicalLemmas.Probability.KernelHybridTelescope.abs_sub_zero_le_sum_range_of_adjacent' depends on axioms: [propext,
 Classical.choice,
 Quot.sound]
ℹ [9294/9484] Replayed Tests.LangevinCarreDuChamp
info: Tests/LangevinCarreDuChamp.lean:7:0: AutoSamplingTheory.TechnicalLemmas.StochasticProcesses.LangevinCarreDuChamp.laplacian_mul.{u_1} {E : Type u_1}
  [NormedAddCommGroup E] [InnerProductSpace ℝ E] [FiniteDimensional ℝ E] (f g : E → ℝ) (hf : ContDiff ℝ 2 f)
  (hg : ContDiff ℝ 2 g) (x : E) :
  Laplacian.laplacian (f * g) x =
    f x * Laplacian.laplacian g x + g x * Laplacian.laplacian f x + 2 * inner ℝ (gradient f x) (gradient g x)
info: Tests/LangevinCarreDuChamp.lean:8:0: AutoSamplingTheory.TechnicalLemmas.StochasticProcesses.LangevinCarreDuChamp.gradient_mul.{u_1} {E : Type u_1}
  [NormedAddCommGroup E] [InnerProductSpace ℝ E] [FiniteDimensional ℝ E] (f g : E → ℝ) (hf : Differentiable ℝ f)
  (hg : Differentiable ℝ g) (x : E) : gradient (f * g) x = f x • gradient g x + g x • gradient f x
info: Tests/LangevinCarreDuChamp.lean:9:0: AutoSamplingTheory.TechnicalLemmas.StochasticProcesses.LangevinCarreDuChamp.langevinCarreDuChamp_eq_inner {n : ℕ}
  (V f g : EuclideanSpace ℝ (Fin (n + 1)) → ℝ) (hf : ContDiff ℝ 2 f) (hg : ContDiff ℝ 2 g)
  (x : EuclideanSpace ℝ (Fin (n + 1))) :
  2⁻¹ *
      (TechnicalLemmas.StochasticProcesses.LangevinGenerator.operator V (f * g) x -
          f x * TechnicalLemmas.StochasticProcesses.LangevinGenerator.operator V g x -
        g x * TechnicalLemmas.StochasticProcesses.LangevinGenerator.operator V f x) =
    inner ℝ (gradient f x) (gradient g x)
info: Tests/LangevinCarreDuChamp.lean:10:0: AutoSamplingTheory.TechnicalLemmas.StochasticProcesses.LangevinCarreDuChamp.langevinCarreDuChamp_self_eq_norm_sq {n : ℕ}
  (V f : EuclideanSpace ℝ (Fin (n + 1)) → ℝ) (hf : ContDiff ℝ 2 f) (x : EuclideanSpace ℝ (Fin (n + 1))) :
  2⁻¹ *
      (TechnicalLemmas.StochasticProcesses.LangevinGenerator.operator V (f * f) x -
        2 * f x * TechnicalLemmas.StochasticProcesses.LangevinGenerator.operator V f x) =
    ‖gradient f x‖ ^ 2
ℹ [9295/9484] Replayed Tests.LaggedDyadicApproximation
info: Tests/LaggedDyadicApproximation.lean:5:0: AutoSamplingTheory.TechnicalLemmas.StochasticProcesses.LaggedDyadicApproximation.clippedExtensionAt.{u_1}
  {Omega : Type u_1} {m : MeasurableSpace Omega} {filtration : MeasureTheory.Filtration NNReal m}
  {mu : MeasureTheory.Measure Omega} {T : NNReal} (eta : ProgressiveL2.ProgressiveL2Integrand filtration mu T)
  (truncationLevel : ℕ) (b : NNReal) : NNReal × Omega → ℝ
info: Tests/LaggedDyadicApproximation.lean:6:0: AutoSamplingTheory.TechnicalLemmas.StochasticProcesses.LaggedDyadicApproximation.clippedExtensionAt_stronglyMeasurable.{u_1}
  {Omega : Type u_1} {m : MeasurableSpace Omega} {filtration : MeasureTheory.Filtration NNReal m}
  {mu : MeasureTheory.Measure Omega} {T : NNReal} (eta : ProgressiveL2.ProgressiveL2Integrand filtration mu T)
  (truncationLevel : ℕ) (b : NNReal) :
  MeasureTheory.StronglyMeasurable (LaggedDyadicApproximation.clippedExtensionAt eta truncationLevel b)
info: Tests/LaggedDyadicApproximation.lean:7:0: AutoSamplingTheory.TechnicalLemmas.StochasticProcesses.LaggedDyadicApproximation.clippedExtensionAt_abs_le.{u_1}
  {Omega : Type u_1} {m : MeasurableSpace Omega} {filtration : MeasureTheory.Filtration NNReal m}
  {mu : MeasureTheory.Measure Omega} {T : NNReal} (eta : ProgressiveL2.ProgressiveL2Integrand filtration mu T)
  (truncationLevel : ℕ) (b s : NNReal) (omega : Omega) :
  |LaggedDyadicApproximation.clippedExtensionAt eta truncationLevel b (s, omega)| ≤ ↑truncationLevel
info: Tests/LaggedDyadicApproximation.lean:8:0: AutoSamplingTheory.TechnicalLemmas.StochasticProcesses.LaggedDyadicApproximation.laggedCellAverage.{u_1}
  {Omega : Type u_1} {m : MeasurableSpace Omega} {filtration : MeasureTheory.Filtration NNReal m}
  {mu : MeasureTheory.Measure Omega} {T : NNReal} (eta : ProgressiveL2.ProgressiveL2Integrand filtration mu T)
  (truncationLevel : ℕ) (delta a b : NNReal) (omega : Omega) : ℝ
info: Tests/LaggedDyadicApproximation.lean:9:0: AutoSamplingTheory.TechnicalLemmas.StochasticProcesses.LaggedDyadicApproximation.laggedCellAverage_stronglyMeasurable.{u_1}
  {Omega : Type u_1} {m : MeasurableSpace Omega} {filtration : MeasureTheory.Filtration NNReal m}
  {mu : MeasureTheory.Measure Omega} {T : NNReal} (eta : ProgressiveL2.ProgressiveL2Integrand filtration mu T)
  (truncationLevel : ℕ) (delta a b : NNReal) :
  MeasureTheory.StronglyMeasurable (LaggedDyadicApproximation.laggedCellAverage eta truncationLevel delta a b)
info: Tests/LaggedDyadicApproximation.lean:10:0: AutoSamplingTheory.TechnicalLemmas.StochasticProcesses.LaggedDyadicApproximation.laggedCellAverage_zero.{u_1}
  {Omega : Type u_1} {m : MeasurableSpace Omega} {filtration : MeasureTheory.Filtration NNReal m}
  {mu : MeasureTheory.Measure Omega} {T : NNReal} (eta : ProgressiveL2.ProgressiveL2Integrand filtration mu T)
  (truncationLevel : ℕ) (delta a : NNReal) :
  LaggedDyadicApproximation.laggedCellAverage eta truncationLevel delta a a = 0
info: Tests/LaggedDyadicApproximation.lean:11:0: AutoSamplingTheory.TechnicalLemmas.StochasticProcesses.LaggedDyadicApproximation.laggedCellAverage_abs_le.{u_1}
  {Omega : Type u_1} {m : MeasurableSpace Omega} {filtration : MeasureTheory.Filtration NNReal m}
  {mu : MeasureTheory.Measure Omega} {T : NNReal} (eta : ProgressiveL2.ProgressiveL2Integrand filtration mu T)
  (truncationLevel : ℕ) {delta a b : NNReal} (hdelta : 0 < delta) (hab : a ≤ b) (hbT : b ≤ T) (hcell : b - a = delta)
  (omega : Omega) : |LaggedDyadicApproximation.laggedCellAverage eta truncationLevel delta a b omega| ≤ ↑truncationLevel
info: Tests/LaggedDyadicApproximation.lean:12:0: AutoSamplingTheory.TechnicalLemmas.StochasticProcesses.LaggedDyadicApproximation.dyadicLeftTime (T : NNReal)
  (level i : ℕ) : NNReal
info: Tests/LaggedDyadicApproximation.lean:13:0: AutoSamplingTheory.TechnicalLemmas.StochasticProcesses.LaggedDyadicApproximation.laggedDyadicCoeff.{u_1}
  {Omega : Type u_1} {m : MeasurableSpace Omega} {filtration : MeasureTheory.Filtration NNReal m}
  {mu : MeasureTheory.Measure Omega} {T : NNReal} (eta : ProgressiveL2.ProgressiveL2Integrand filtration mu T)
  (level truncationLevel : ℕ) (i : Fin (2 ^ level)) (omega : Omega) : ℝ
info: Tests/LaggedDyadicApproximation.lean:14:0: AutoSamplingTheory.TechnicalLemmas.StochasticProcesses.LaggedDyadicApproximation.laggedDyadicCoeff_stronglyMeasurable.{u_1}
  {Omega : Type u_1} {m : MeasurableSpace Omega} {filtration : MeasureTheory.Filtration NNReal m}
  {mu : MeasureTheory.Measure Omega} {T : NNReal} (eta : ProgressiveL2.ProgressiveL2Integrand filtration mu T)
  (level truncationLevel : ℕ) (i : Fin (2 ^ level)) :
  MeasureTheory.StronglyMeasurable (LaggedDyadicApproximation.laggedDyadicCoeff eta level truncationLevel i)
info: Tests/LaggedDyadicApproximation.lean:15:0: AutoSamplingTheory.TechnicalLemmas.StochasticProcesses.LaggedDyadicApproximation.laggedDyadicCoeff_abs_le.{u_1}
  {Omega : Type u_1} {m : MeasurableSpace Omega} {filtration : MeasureTheory.Filtration NNReal m}
  {mu : MeasureTheory.Measure Omega} {T : NNReal} (eta : ProgressiveL2.ProgressiveL2Integrand filtration mu T)
  (hT : 0 < T) (level truncationLevel : ℕ) (i : Fin (2 ^ level)) (omega : Omega) :
  |LaggedDyadicApproximation.laggedDyadicCoeff eta level truncationLevel i omega| ≤ ↑truncationLevel
info: Tests/LaggedDyadicApproximation.lean:16:0: AutoSamplingTheory.TechnicalLemmas.StochasticProcesses.LaggedDyadicApproximation.laggedDyadicApprox.{u_1}
  {Omega : Type u_1} {m : MeasurableSpace Omega} {filtration : MeasureTheory.Filtration NNReal m}
  {mu : MeasureTheory.Measure Omega} {T : NNReal} (eta : ProgressiveL2.ProgressiveL2Integrand filtration mu T)
  (hT : 0 < T) (level truncationLevel : ℕ) : ElementaryItoIntegral.ElementaryAdaptedProcess filtration (2 ^ level)
info: Tests/LaggedDyadicApproximation.lean:17:0: AutoSamplingTheory.TechnicalLemmas.StochasticProcesses.LaggedDyadicApproximation.laggedDyadicApprox_times.{u_1}
  {Omega : Type u_1} {m : MeasurableSpace Omega} {filtration : MeasureTheory.Filtration NNReal m}
  {mu : MeasureTheory.Measure Omega} {T : NNReal} (eta : ProgressiveL2.ProgressiveL2Integrand filtration mu T)
  (hT : 0 < T) (level truncationLevel : ℕ) :
  (LaggedDyadicApproximation.laggedDyadicApprox eta hT level truncationLevel).times =
    SampledElementaryApproximation.regularGridTimes (SampledElementaryApproximation.dyadicMesh T level) (2 ^ level)
info: Tests/LaggedDyadicApproximation.lean:18:0: AutoSamplingTheory.TechnicalLemmas.StochasticProcesses.LaggedDyadicApproximation.laggedDyadicApprox_coeff.{u_1}
  {Omega : Type u_1} {m : MeasurableSpace Omega} {filtration : MeasureTheory.Filtration NNReal m}
  {mu : MeasureTheory.Measure Omega} {T : NNReal} (eta : ProgressiveL2.ProgressiveL2Integrand filtration mu T)
  (hT : 0 < T) (level truncationLevel : ℕ) (i : Fin (2 ^ level)) (omega : Omega) :
  (LaggedDyadicApproximation.laggedDyadicApprox eta hT level truncationLevel).coeff i omega =
    LaggedDyadicApproximation.laggedDyadicCoeff eta level truncationLevel i omega
info: Tests/LaggedDyadicApproximation.lean:19:0: AutoSamplingTheory.TechnicalLemmas.StochasticProcesses.LaggedDyadicApproximation.laggedDyadicApprox_last_time.{u_1}
  {Omega : Type u_1} {m : MeasurableSpace Omega} {filtration : MeasureTheory.Filtration NNReal m}
  {mu : MeasureTheory.Measure Omega} {T : NNReal} (eta : ProgressiveL2.ProgressiveL2Integrand filtration mu T)
  (hT : 0 < T) (level truncationLevel : ℕ) :
  (LaggedDyadicApproximation.laggedDyadicApprox eta hT level truncationLevel).times (Fin.last (2 ^ level)) = T
info: Tests/LaggedDyadicApproximation.lean:20:0: AutoSamplingTheory.TechnicalLemmas.StochasticProcesses.LaggedDyadicApproximation.laggedDyadicApprox_isElementaryAdapted.{u_1}
  {Omega : Type u_1} {m : MeasurableSpace Omega} {filtration : MeasureTheory.Filtration NNReal m}
  {mu : MeasureTheory.Measure Omega} {T : NNReal} (eta : ProgressiveL2.ProgressiveL2Integrand filtration mu T)
  (hT : 0 < T) (level truncationLevel : ℕ) :
  (∀ (i : Fin (2 ^ level)),
      MeasureTheory.StronglyMeasurable
        ((LaggedDyadicApproximation.laggedDyadicApprox eta hT level truncationLevel).coeff i)) ∧
    ∀ (i : Fin (2 ^ level)) (omega : Omega),
      |(LaggedDyadicApproximation.laggedDyadicApprox eta hT level truncationLevel).coeff i omega| ≤ ↑truncationLevel
ℹ [9296/9484] Replayed Tests.LeftLebesgueAverage
info: Tests/LeftLebesgueAverage.lean:6:0: AutoSamplingTheory.TechnicalLemmas.Analysis.LeftLebesgueAverage.leftAverageError (f : ℝ → ℝ) (t : ℝ) (h : ℝ≥0) : ℝ
info: Tests/LeftLebesgueAverage.lean:7:0: AutoSamplingTheory.TechnicalLemmas.Analysis.LeftLebesgueAverage.ae_tendsto_leftAverageError {f : ℝ → ℝ}
  (hf : LocallyIntegrable f volume) :
  ∀ᵐ (t : ℝ), Tendsto (fun h => LeftLebesgueAverage.leftAverageError f t h) (𝓝[>] 0) (𝓝 0)
info: Tests/LeftLebesgueAverage.lean:8:0: AutoSamplingTheory.TechnicalLemmas.Analysis.LeftLebesgueAverage.ae_tendsto_leftAverageError_two_mul {f : ℝ → ℝ}
  (hf : LocallyIntegrable f volume) {mesh : ℕ → ℝ} (hmesh : Tendsto mesh atTop (𝓝 0))
  (hmeshPos : ∀ (n : ℕ), 0 < mesh n) :
  ∀ᵐ (t : ℝ), Tendsto (fun n => LeftLebesgueAverage.leftAverageError f t ⟨2 * mesh n, ⋯⟩) atTop (𝓝 0)
info: Tests/LeftLebesgueAverage.lean:9:0: AutoSamplingTheory.TechnicalLemmas.Analysis.LeftLebesgueAverage.abs_normalized_setIntegral_sub_le_two_mul_leftAverageError
  {f : ℝ → ℝ} (hf : LocallyIntegrable f volume) {a b t delta : ℝ} (hdelta : 0 < delta) (hab : b - a = delta)
  (hsubset : Set.Ioc a b ⊆ Set.Icc (t - 2 * delta) t) :
  |(delta⁻¹ * ∫ (s : ℝ) in Set.Ioc a b, f s) - f t| ≤ 2 * ⨍ (s : ℝ) in Set.Icc (t - 2 * delta) t, |f s - f t|
ℹ [9297/9484] Replayed Tests.Localization
info: Tests/Localization.lean:5:0: AutoSamplingTheory.TechnicalLemmas.StochasticProcesses.Localization.stoppedIntegrand.{u_1} {Omega : Type u_1}
  (eta : NNReal → Omega → ℝ) (tau : Omega → WithTop NNReal) : NNReal → Omega → ℝ
info: Tests/Localization.lean:6:0: AutoSamplingTheory.TechnicalLemmas.StochasticProcesses.Localization.IsLocalizingSequence.{u_1} {Omega : Type u_1}
  {m : MeasurableSpace Omega} (eta : NNReal → Omega → ℝ) (filtration : MeasureTheory.Filtration NNReal m)
  (mu : MeasureTheory.Measure Omega) (T : NNReal) (tau : ℕ → Omega → WithTop NNReal) : Prop
info: Tests/Localization.lean:7:0: AutoSamplingTheory.TechnicalLemmas.StochasticProcesses.Localization.IsLocalMartingale.{u_1} {Omega : Type u_1}
  {m : MeasurableSpace Omega} (process : NNReal → Omega → ℝ) (filtration : MeasureTheory.Filtration NNReal m)
  (mu : MeasureTheory.Measure Omega) : Prop
ℹ [9298/9484] Replayed Tests.MarkovSemigroup
info: Tests/MarkovSemigroup.lean:12:0: AutoSamplingTheory.TechnicalLemmas.StochasticProcesses.MarkovSemigroup.chewi_lemma_1_2_2.{u_1} {E : Type u_1}
  [MeasurableSpace E] {K : ℝ≥0 → Kernel E E} (hK : TransitionKernelContract K) :
  markovOperator hK 0 = id ∧
    ∀ (s t : ℝ≥0),
      markovOperator hK s ∘ markovOperator hK t = markovOperator hK (s + t) ∧
        markovOperator hK t ∘ markovOperator hK s = markovOperator hK (s + t)
info: Tests/MarkovSemigroup.lean:13:0: AutoSamplingTheory.TechnicalLemmas.StochasticProcesses.MarkovSemigroup.markovOperator.{u_1} {E : Type u_1}
  [MeasurableSpace E] {K : ℝ≥0 → Kernel E E} (_hK : TransitionKernelContract K) (t : ℝ≥0) :
  MeasurableENNReal E → MeasurableENNReal E
ℹ [9299/9484] Replayed Tests.MarkovMeasureEvolution
info: Tests/MarkovMeasureEvolution.lean:12:0: AutoSamplingTheory.TechnicalLemmas.StochasticProcesses.MarkovSemigroup.evolveMeasure.{u_1} {E : Type u_1}
  [MeasurableSpace E] {K : ℝ≥0 → Kernel E E} (_hK : TransitionKernelContract K) (t : ℝ≥0) (mu : Measure E) : Measure E
info: Tests/MarkovMeasureEvolution.lean:13:0: AutoSamplingTheory.TechnicalLemmas.StochasticProcesses.MarkovSemigroup.evolveMeasure_add.{u_1} {E : Type u_1}
  [MeasurableSpace E] {K : ℝ≥0 → Kernel E E} (hK : TransitionKernelContract K) (mu : Measure E) (s t : ℝ≥0) :
  evolveMeasure hK (s + t) mu = evolveMeasure hK t (evolveMeasure hK s mu)
info: Tests/MarkovMeasureEvolution.lean:14:0: AutoSamplingTheory.TechnicalLemmas.StochasticProcesses.MarkovSemigroup.isProbabilityMeasure_evolveMeasure.{u_1}
  {E : Type u_1} [MeasurableSpace E] {K : ℝ≥0 → Kernel E E} (hK : TransitionKernelContract K) (mu : Measure E)
  [IsProbabilityMeasure mu] (t : ℝ≥0) : IsProbabilityMeasure (evolveMeasure hK t mu)
info: Tests/MarkovMeasureEvolution.lean:15:0: AutoSamplingTheory.TechnicalLemmas.StochasticProcesses.MarkovSemigroup.lintegral_markovOperator_eq_lintegral_evolveMeasure.{u_1}
  {E : Type u_1} [MeasurableSpace E] {K : ℝ≥0 → Kernel E E} (hK : TransitionKernelContract K) (mu : Measure E) (t : ℝ≥0)
  (f : MeasurableENNReal E) : ∫⁻ (x : E), ↑(markovOperator hK t f) x ∂mu = ∫⁻ (y : E), ↑f y ∂evolveMeasure hK t mu
info: Tests/MarkovMeasureEvolution.lean:16:0: AutoSamplingTheory.TechnicalLemmas.StochasticProcesses.MarkovSemigroup.IsStationary.{u_1} {E : Type u_1}
  [MeasurableSpace E] {K : ℝ≥0 → Kernel E E} (hK : TransitionKernelContract K) (pi : Measure E) : Prop
info: Tests/MarkovMeasureEvolution.lean:17:0: AutoSamplingTheory.TechnicalLemmas.StochasticProcesses.MarkovSemigroup.isStationary_iff_kernel_invariant.{u_1}
  {E : Type u_1} [MeasurableSpace E] {K : ℝ≥0 → Kernel E E} (hK : TransitionKernelContract K) (pi : Measure E) :
  IsStationary hK pi ↔ ∀ (t : ℝ≥0), (K t).Invariant pi
info: Tests/MarkovMeasureEvolution.lean:18:0: AutoSamplingTheory.TechnicalLemmas.StochasticProcesses.MarkovSemigroup.isStationary_of_kernel_reversible.{u_1}
  {E : Type u_1} [MeasurableSpace E] {K : ℝ≥0 → Kernel E E} (hK : TransitionKernelContract K) (pi : Measure E)
  (hrev : ∀ (t : ℝ≥0), (K t).IsReversible pi) : IsStationary hK pi
info: Tests/MarkovMeasureEvolution.lean:19:0: AutoSamplingTheory.TechnicalLemmas.StochasticProcesses.MarkovSemigroup.IsStationary.lintegral_markovOperator_eq.{u_1}
  {E : Type u_1} [MeasurableSpace E] {K : ℝ≥0 → Kernel E E} {hK : TransitionKernelContract K} {pi : Measure E}
  (hpi : IsStationary hK pi) (t : ℝ≥0) (f : MeasurableENNReal E) :
  ∫⁻ (x : E), ↑(markovOperator hK t f) x ∂pi = ∫⁻ (x : E), ↑f x ∂pi
info: Tests/MarkovMeasureEvolution.lean:20:0: AutoSamplingTheory.TechnicalLemmas.StochasticProcesses.MarkovSemigroup.isStationary_of_lintegral_markovOperator_eq.{u_1}
  {E : Type u_1} [MeasurableSpace E] {K : ℝ≥0 → Kernel E E} (hK : TransitionKernelContract K) (pi : Measure E)
  (hinv : ∀ (t : ℝ≥0) (f : MeasurableENNReal E), ∫⁻ (x : E), ↑(markovOperator hK t f) x ∂pi = ∫⁻ (x : E), ↑f x ∂pi) :
  IsStationary hK pi
info: Tests/MarkovMeasureEvolution.lean:21:0: AutoSamplingTheory.TechnicalLemmas.StochasticProcesses.MarkovSemigroup.isStationary_iff_lintegral_markovOperator_eq.{u_1}
  {E : Type u_1} [MeasurableSpace E] {K : ℝ≥0 → Kernel E E} (hK : TransitionKernelContract K) (pi : Measure E) :
  IsStationary hK pi ↔
    ∀ (t : ℝ≥0) (f : MeasurableENNReal E), ∫⁻ (x : E), ↑(markovOperator hK t f) x ∂pi = ∫⁻ (x : E), ↑f x ∂pi
info: Tests/MarkovMeasureEvolution.lean:22:0: AutoSamplingTheory.TechnicalLemmas.StochasticProcesses.MarkovSemigroup.IsStationary.evolveMeasure_eq.{u_1}
  {E : Type u_1} [MeasurableSpace E] {K : ℝ≥0 → Kernel E E} {hK : TransitionKernelContract K} {pi : Measure E}
  (hpi : IsStationary hK pi) (t : ℝ≥0) : evolveMeasure hK t pi = pi
info: Tests/MarkovMeasureEvolution.lean:23:0: AutoSamplingTheory.TechnicalLemmas.StochasticProcesses.MarkovSemigroup.IsStationary.after.{u_1} {E : Type u_1}
  [MeasurableSpace E] {K : ℝ≥0 → Kernel E E} {hK : TransitionKernelContract K} {pi : Measure E}
  (hpi : IsStationary hK pi) (s : ℝ≥0) : IsStationary hK (evolveMeasure hK s pi)
ℹ [9300/9484] Replayed Tests.Martingale
info: Tests/Martingale.lean:9:0: AutoSamplingTheory.TechnicalLemmas.StochasticProcesses.Martingale.IsChewiMartingale.{u_1} {Ω : Type u_1}
  {m : MeasurableSpace Ω} (process : ℝ≥0 → Ω → ℝ) (filtration : Filtration ℝ≥0 m) (μ : Measure Ω) : Prop
ℹ [9301/9484] Replayed Tests.MetricCurve
info: Tests/MetricCurve.lean:5:0: AutoSamplingTheory.TechnicalLemmas.Geometry.MetricCurve.HasMetricDerivativeAt.{u_1} {M : Type u_1} [PseudoMetricSpace M]
  (curve : ℝ → M) (speed t : ℝ) : Prop
info: Tests/MetricCurve.lean:6:0: AutoSamplingTheory.TechnicalLemmas.Geometry.MetricCurve.IsAbsolutelyContinuousMetricCurve.{u_1} {M : Type u_1}
  [PseudoMetricSpace M] (curve : ℝ → M) : Prop
ℹ [9302/9484] Replayed Tests.OperatorGenerator
info: Tests/OperatorGenerator.lean:12:0: AutoSamplingTheory.TechnicalLemmas.StochasticProcesses.OperatorGenerator.HasRightGeneratorAt.{u_1} {M : Type u_1}
  [NormedAddCommGroup M] [NormedSpace ℝ M] (S : ContinuousLinearSemigroup M) (f g : M) : Prop
info: Tests/OperatorGenerator.lean:13:0: AutoSamplingTheory.TechnicalLemmas.StochasticProcesses.OperatorGenerator.kolmogorov_backward_right.{u_1} {M : Type u_1}
  [NormedAddCommGroup M] [NormedSpace ℝ M] (S : ContinuousLinearSemigroup M) {f g : M} (hfg : HasRightGeneratorAt S f g)
  (t : ℝ≥0) :
  HasRightGeneratorAt S ((S.op t) f) ((S.op t) g) ∧
    Tendsto (fun h => rightOrbitDifferenceQuotient S t h f) (𝓝[>] 0) (𝓝 ((S.op t) g))
ℹ [9303/9484] Replayed Tests.LaggedDyadicConvergence
info: Tests/LaggedDyadicConvergence.lean:5:0: AutoSamplingTheory.TechnicalLemmas.StochasticProcesses.LaggedDyadicConvergence.abs_laggedDyadicApprox_sub_le.{u_1}
  {Omega : Type u_1} {m : MeasurableSpace Omega} {filtration : MeasureTheory.Filtration NNReal m}
  {mu : MeasureTheory.Measure Omega} {T : NNReal} (eta : ProgressiveL2.ProgressiveL2Integrand filtration mu T)
  (hT : 0 < T) (M level : ℕ) (omega : Omega) {t : NNReal} (ht : 0 < t) (htT : t ≤ T)
  (hmesh : 2 * ↑(SampledElementaryApproximation.dyadicMesh T level) < ↑t) :
  |(LaggedDyadicApproximation.laggedDyadicApprox eta hT level M).value t omega -
        (ProgressiveL2Truncation.clipped eta M).process t omega| ≤
    2 *
      Analysis.LeftLebesgueAverage.leftAverageError (TimeMeasureRealBridge.realClippedSection eta M omega) ↑t
        ⟨2 * ↑(SampledElementaryApproximation.dyadicMesh T level), ⋯⟩
info: Tests/LaggedDyadicConvergence.lean:6:0: AutoSamplingTheory.TechnicalLemmas.StochasticProcesses.LaggedDyadicConvergence.clippedHorizonFunction.{u_1}
  {Omega : Type u_1} {m : MeasurableSpace Omega} {filtration : MeasureTheory.Filtration NNReal m}
  {mu : MeasureTheory.Measure Omega} {T : NNReal} (eta : ProgressiveL2.ProgressiveL2Integrand filtration mu T) (M : ℕ) :
  Omega × NNReal → ℝ
info: Tests/LaggedDyadicConvergence.lean:7:0: AutoSamplingTheory.TechnicalLemmas.StochasticProcesses.LaggedDyadicConvergence.laggedDyadicApprox_tendsto_ae.{u_1}
  {Omega : Type u_1} {m : MeasurableSpace Omega} {filtration : MeasureTheory.Filtration NNReal m}
  {mu : MeasureTheory.Measure Omega} {T : NNReal} [MeasureTheory.IsFiniteMeasure mu]
  (eta : ProgressiveL2.ProgressiveL2Integrand filtration mu T) (hT : 0 < T) (M : ℕ) :
  ∀ᵐ (z : Omega × NNReal) ∂ElementaryItoIntegral.processTimeMeasure mu T,
    Filter.Tendsto (fun level => (LaggedDyadicApproximation.laggedDyadicApprox eta hT level M).value z.2 z.1)
      Filter.atTop (nhds ((ProgressiveL2Truncation.clipped eta M).process z.2 z.1))
info: Tests/LaggedDyadicConvergence.lean:8:0: AutoSamplingTheory.TechnicalLemmas.StochasticProcesses.LaggedDyadicConvergence.laggedDyadicApprox_abs_le.{u_1}
  {Omega : Type u_1} {m : MeasurableSpace Omega} {filtration : MeasureTheory.Filtration NNReal m}
  {mu : MeasureTheory.Measure Omega} {T : NNReal} (eta : ProgressiveL2.ProgressiveL2Integrand filtration mu T)
  (hT : 0 < T) (M level : ℕ) (t : NNReal) (omega : Omega) :
  |(LaggedDyadicApproximation.laggedDyadicApprox eta hT level M).value t omega| ≤ ↑M
info: Tests/LaggedDyadicConvergence.lean:9:0: AutoSamplingTheory.TechnicalLemmas.StochasticProcesses.LaggedDyadicConvergence.abs_laggedDyadic_error_le_two_mul.{u_1}
  {Omega : Type u_1} {m : MeasurableSpace Omega} {filtration : MeasureTheory.Filtration NNReal m}
  {mu : MeasureTheory.Measure Omega} {T : NNReal} (eta : ProgressiveL2.ProgressiveL2Integrand filtration mu T)
  (hT : 0 < T) (M level : ℕ) (t : NNReal) (omega : Omega) :
  |(LaggedDyadicApproximation.laggedDyadicApprox eta hT level M).value t omega -
        (ProgressiveL2Truncation.clipped eta M).process t omega| ≤
    2 * ↑M
info: Tests/LaggedDyadicConvergence.lean:10:0: AutoSamplingTheory.TechnicalLemmas.StochasticProcesses.LaggedDyadicConvergence.tendsto_integral_sq_laggedDyadicApprox_sub.{u_1}
  {Omega : Type u_1} {m : MeasurableSpace Omega} {filtration : MeasureTheory.Filtration NNReal m}
  {mu : MeasureTheory.Measure Omega} {T : NNReal} [MeasureTheory.IsFiniteMeasure mu]
  (eta : ProgressiveL2.ProgressiveL2Integrand filtration mu T) (hT : 0 < T) (M : ℕ) :
  Filter.Tendsto
    (fun level =>
      ∫ (z : Omega × NNReal),
        ((LaggedDyadicApproximation.laggedDyadicApprox eta hT level M).value z.2 z.1 -
            (ProgressiveL2Truncation.clipped eta M).process z.2 z.1) ^
          2 ∂ElementaryItoIntegral.processTimeMeasure mu T)
    Filter.atTop (nhds 0)
info: Tests/LaggedDyadicConvergence.lean:11:0: AutoSamplingTheory.TechnicalLemmas.StochasticProcesses.LaggedDyadicConvergence.tendsto_laggedDyadicApprox_toLp_clipped.{u_1}
  {Omega : Type u_1} {m : MeasurableSpace Omega} {filtration : MeasureTheory.Filtration NNReal m}
  {mu : MeasureTheory.Measure Omega} {T : NNReal} [MeasureTheory.IsFiniteMeasure mu]
  (eta : ProgressiveL2.ProgressiveL2Integrand filtration mu T) (hT : 0 < T) (M : ℕ) :
  Filter.Tendsto
    (fun level =>
      (ElementaryItoEmbedding.toProgressiveL2 (LaggedDyadicApproximation.laggedDyadicApprox eta hT level M) mu T).toLp)
    Filter.atTop (nhds (ProgressiveL2Truncation.clipped eta M).toLp)
ℹ [9305/9484] Replayed Tests.ProbabilityCouplingCompactness
info: Tests/ProbabilityCouplingCompactness.lean:3:0: AutoSamplingTheory.TechnicalLemmas.Measure.ProbabilityCouplingCompactness.IsProbabilityCoupling.{u_1, u_2}
  {X : Type u_1} {Y : Type u_2} [MeasurableSpace X] [MeasurableSpace Y]
  (gamma : MeasureTheory.ProbabilityMeasure (X × Y)) (mu : MeasureTheory.ProbabilityMeasure X)
  (nu : MeasureTheory.ProbabilityMeasure Y) : Prop
info: Tests/ProbabilityCouplingCompactness.lean:4:0: AutoSamplingTheory.TechnicalLemmas.Measure.ProbabilityCouplingCompactness.isProbabilityCoupling_iff_isCoupling_toMeasure.{u_1,
    u_2}
  {X : Type u_1} {Y : Type u_2} [MeasurableSpace X] [MeasurableSpace Y]
  {gamma : MeasureTheory.ProbabilityMeasure (X × Y)} {mu : MeasureTheory.ProbabilityMeasure X}
  {nu : MeasureTheory.ProbabilityMeasure Y} :
  AutoSamplingTheory.TechnicalLemmas.Measure.ProbabilityCouplingCompactness.IsProbabilityCoupling gamma mu nu ↔
    AutoSamplingTheory.TechnicalLemmas.Measure.Transport.IsCoupling ↑gamma ↑mu ↑nu
info: Tests/ProbabilityCouplingCompactness.lean:5:0: AutoSamplingTheory.TechnicalLemmas.Measure.ProbabilityCouplingCompactness.isClosed_probabilityCouplingSet.{u_1, u_2}
  {X : Type u_1} {Y : Type u_2} [MeasurableSpace X] [MetricSpace X] [SecondCountableTopology X] [BorelSpace X]
  [MeasurableSpace Y] [MetricSpace Y] [SecondCountableTopology Y] [BorelSpace Y]
  (mu : MeasureTheory.ProbabilityMeasure X) (nu : MeasureTheory.ProbabilityMeasure Y) :
  IsClosed (AutoSamplingTheory.TechnicalLemmas.Measure.ProbabilityCouplingCompactness.probabilityCouplingSet mu nu)
info: Tests/ProbabilityCouplingCompactness.lean:6:0: AutoSamplingTheory.TechnicalLemmas.Measure.ProbabilityCouplingCompactness.isTightMeasureSet_couplingSet.{u_1, u_2}
  {X : Type u_1} {Y : Type u_2} [MeasurableSpace X] [MetricSpace X] [CompleteSpace X] [SecondCountableTopology X]
  [BorelSpace X] [MeasurableSpace Y] [MetricSpace Y] [CompleteSpace Y] [SecondCountableTopology Y] [BorelSpace Y]
  (mu : MeasureTheory.Measure X) (nu : MeasureTheory.Measure Y) [MeasureTheory.IsProbabilityMeasure mu]
  [MeasureTheory.IsProbabilityMeasure nu] :
  MeasureTheory.IsTightMeasureSet (AutoSamplingTheory.TechnicalLemmas.Measure.Transport.couplingSet mu nu)
info: Tests/ProbabilityCouplingCompactness.lean:7:0: AutoSamplingTheory.TechnicalLemmas.Measure.ProbabilityCouplingCompactness.isCompact_probabilityCouplingSet.{u_1, u_2}
  {X : Type u_1} {Y : Type u_2} [MeasurableSpace X] [MetricSpace X] [CompleteSpace X] [SecondCountableTopology X]
  [BorelSpace X] [MeasurableSpace Y] [MetricSpace Y] [CompleteSpace Y] [SecondCountableTopology Y] [BorelSpace Y]
  (mu : MeasureTheory.ProbabilityMeasure X) (nu : MeasureTheory.ProbabilityMeasure Y) :
  IsCompact (AutoSamplingTheory.TechnicalLemmas.Measure.ProbabilityCouplingCompactness.probabilityCouplingSet mu nu)
ℹ [9306/9484] Replayed Tests.ProgressiveL2
info: Tests/ProgressiveL2.lean:8:0: AutoSamplingTheory.TechnicalLemmas.StochasticProcesses.ProgressiveL2.SatisfiesUsualConditions.{u_1} {Omega : Type u_1}
  {m : MeasurableSpace Omega} (filtration : MeasureTheory.Filtration NNReal m) (mu : MeasureTheory.Measure Omega) : Prop
info: Tests/ProgressiveL2.lean:9:0: AutoSamplingTheory.TechnicalLemmas.StochasticProcesses.ProgressiveL2.processFunction.{u_1} {Omega : Type u_1}
  (eta : NNReal → Omega → ℝ) : Omega × NNReal → ℝ
info: Tests/ProgressiveL2.lean:10:0: AutoSamplingTheory.TechnicalLemmas.StochasticProcesses.ProgressiveL2.ProgressiveL2Integrand.{u_1} {Omega : Type u_1}
  {m : MeasurableSpace Omega} (filtration : MeasureTheory.Filtration NNReal m) (mu : MeasureTheory.Measure Omega)
  (T : NNReal) : Type u_1
info: Tests/ProgressiveL2.lean:11:0: AutoSamplingTheory.TechnicalLemmas.StochasticProcesses.ProgressiveL2.ProgressiveL2Integrand.toLp.{u_1}
  {Omega : Type u_1} {m : MeasurableSpace Omega} {filtration : MeasureTheory.Filtration NNReal m}
  {mu : MeasureTheory.Measure Omega} {T : NNReal} (eta : ProgressiveL2Integrand filtration mu T) :
  ↥(MeasureTheory.Lp ℝ 2 (ElementaryItoIntegral.processTimeMeasure mu T))
info: Tests/ProgressiveL2.lean:12:0: AutoSamplingTheory.TechnicalLemmas.StochasticProcesses.ProgressiveL2.ProgressiveL2Integrand.restrictAt.{u_1}
  {Omega : Type u_1} {m : MeasurableSpace Omega} {filtration : MeasureTheory.Filtration NNReal m}
  {mu : MeasureTheory.Measure Omega} {T : NNReal} (eta : ProgressiveL2Integrand filtration mu T) (t : NNReal) :
  ProgressiveL2Integrand filtration mu T
info: Tests/ProgressiveL2.lean:13:0: AutoSamplingTheory.TechnicalLemmas.StochasticProcesses.ProgressiveL2.ProgressiveL2Integrand.restrictAt_zero_process.{u_1}
  {Omega : Type u_1} {m : MeasurableSpace Omega} {filtration : MeasureTheory.Filtration NNReal m}
  {mu : MeasureTheory.Measure Omega} {T : NNReal} (eta : ProgressiveL2Integrand filtration mu T) :
  (eta.restrictAt 0).process = 0
info: Tests/ProgressiveL2.lean:14:0: AutoSamplingTheory.TechnicalLemmas.StochasticProcesses.ProgressiveL2.ProgressiveL2Integrand.restrictAt_zero_toLp.{u_1}
  {Omega : Type u_1} {m : MeasurableSpace Omega} {filtration : MeasureTheory.Filtration NNReal m}
  {mu : MeasureTheory.Measure Omega} {T : NNReal} (eta : ProgressiveL2Integrand filtration mu T) :
  (eta.restrictAt 0).toLp = 0
info: Tests/ProgressiveL2.lean:15:0: AutoSamplingTheory.TechnicalLemmas.StochasticProcesses.ProgressiveL2.ProgressiveL2Integrand.restrictAt_nested_process.{u_1}
  {Omega : Type u_1} {m : MeasurableSpace Omega} {filtration : MeasureTheory.Filtration NNReal m}
  {mu : MeasureTheory.Measure Omega} {T : NNReal} (eta : ProgressiveL2Integrand filtration mu T) {s t : NNReal}
  (hst : s ≤ t) : ((eta.restrictAt t).restrictAt s).process = (eta.restrictAt s).process
info: Tests/ProgressiveL2.lean:16:0: AutoSamplingTheory.TechnicalLemmas.StochasticProcesses.ProgressiveL2.ProgressiveL2Integrand.norm_restrictAt_le.{u_1}
  {Omega : Type u_1} {m : MeasurableSpace Omega} {filtration : MeasureTheory.Filtration NNReal m}
  {mu : MeasureTheory.Measure Omega} {T : NNReal} (eta : ProgressiveL2Integrand filtration mu T) (t : NNReal) :
  ‖(eta.restrictAt t).toLp‖ ≤ ‖eta.toLp‖
info: Tests/ProgressiveL2.lean:17:0: AutoSamplingTheory.TechnicalLemmas.StochasticProcesses.ProgressiveL2Algebra.toLp_restrictAt_sub.{u_1} {Omega : Type u_1}
  {m : MeasurableSpace Omega} {filtration : MeasureTheory.Filtration NNReal m} {mu : MeasureTheory.Measure Omega}
  {T : NNReal} (eta xi : ProgressiveL2Integrand filtration mu T) (t : NNReal) :
  ((ProgressiveL2Algebra.sub eta xi).restrictAt t).toLp = (eta.restrictAt t).toLp - (xi.restrictAt t).toLp
info: Tests/ProgressiveL2.lean:18:0: AutoSamplingTheory.TechnicalLemmas.StochasticProcesses.ProgressiveL2Algebra.toLp_restrictAt_add.{u_1} {Omega : Type u_1}
  {m : MeasurableSpace Omega} {filtration : MeasureTheory.Filtration NNReal m} {mu : MeasureTheory.Measure Omega}
  {T : NNReal} (eta xi : ProgressiveL2Integrand filtration mu T) (t : NNReal) :
  ((ProgressiveL2Algebra.add eta xi).restrictAt t).toLp = (eta.restrictAt t).toLp + (xi.restrictAt t).toLp
info: Tests/ProgressiveL2.lean:19:0: AutoSamplingTheory.TechnicalLemmas.StochasticProcesses.ProgressiveL2Algebra.toLp_restrictAt_smul.{u_1}
  {Omega : Type u_1} {m : MeasurableSpace Omega} {filtration : MeasureTheory.Filtration NNReal m}
  {mu : MeasureTheory.Measure Omega} {T : NNReal} (c : ℝ) (eta : ProgressiveL2Integrand filtration mu T) (t : NNReal) :
  ((ProgressiveL2Algebra.smul c eta).restrictAt t).toLp = c • (eta.restrictAt t).toLp
info: Tests/ProgressiveL2.lean:20:0: AutoSamplingTheory.TechnicalLemmas.StochasticProcesses.ProgressiveL2Algebra.toLp_restrictAt_zero.{u_1}
  {Omega : Type u_1} {m : MeasurableSpace Omega} {filtration : MeasureTheory.Filtration NNReal m}
  {mu : MeasureTheory.Measure Omega} {T : NNReal} (t : NNReal) : (ProgressiveL2Algebra.zero.restrictAt t).toLp = 0
info: Tests/ProgressiveL2.lean:21:0: AutoSamplingTheory.TechnicalLemmas.StochasticProcesses.ProgressiveL2Algebra.norm_restrictAt_sub_le.{u_1}
  {Omega : Type u_1} {m : MeasurableSpace Omega} {filtration : MeasureTheory.Filtration NNReal m}
  {mu : MeasureTheory.Measure Omega} {T : NNReal} (eta xi : ProgressiveL2Integrand filtration mu T) (t : NNReal) :
  ‖(eta.restrictAt t).toLp - (xi.restrictAt t).toLp‖ ≤ ‖eta.toLp - xi.toLp‖
info: Tests/ProgressiveL2.lean:22:0: AutoSamplingTheory.TechnicalLemmas.StochasticProcesses.ProgressiveL2Algebra.restrictAt_toLp_eq_of_toLp_eq.{u_1}
  {Omega : Type u_1} {m : MeasurableSpace Omega} {filtration : MeasureTheory.Filtration NNReal m}
  {mu : MeasureTheory.Measure Omega} {T : NNReal} (eta xi : ProgressiveL2Integrand filtration mu T)
  (hEq : eta.toLp = xi.toLp) (t : NNReal) : (eta.restrictAt t).toLp = (xi.restrictAt t).toLp
ℹ [9307/9484] Replayed Tests.ProgressiveL2Density
info: Tests/ProgressiveL2Density.lean:5:0: AutoSamplingTheory.TechnicalLemmas.StochasticProcesses.ProgressiveL2Density.fastTolerance (n : ℕ) : ℝ
info: Tests/ProgressiveL2Density.lean:6:0: AutoSamplingTheory.TechnicalLemmas.StochasticProcesses.ProgressiveL2Density.summable_fastTolerance :
  Summable ProgressiveL2Density.fastTolerance
info: Tests/ProgressiveL2Density.lean:7:0: AutoSamplingTheory.TechnicalLemmas.StochasticProcesses.ProgressiveL2Density.strictSelection (P : ℕ → ℕ → Prop)
  (hP : ∀ (n : ℕ), ∀ᶠ (k : ℕ) in Filter.atTop, P n k) : ℕ → ℕ
info: Tests/ProgressiveL2Density.lean:8:0: AutoSamplingTheory.TechnicalLemmas.StochasticProcesses.ProgressiveL2Density.strictMono_strictSelection
  (P : ℕ → ℕ → Prop) (hP : ∀ (n : ℕ), ∀ᶠ (k : ℕ) in Filter.atTop, P n k) :
  StrictMono (ProgressiveL2Density.strictSelection P hP)
info: Tests/ProgressiveL2Density.lean:9:0: AutoSamplingTheory.TechnicalLemmas.StochasticProcesses.ProgressiveL2Density.truncationIndex.{u_1} {Omega : Type u_1}
  {m : MeasurableSpace Omega} {filtration : MeasureTheory.Filtration NNReal m} {mu : MeasureTheory.Measure Omega}
  {T : NNReal} (eta : ProgressiveL2.ProgressiveL2Integrand filtration mu T) : ℕ → ℕ
info: Tests/ProgressiveL2Density.lean:10:0: AutoSamplingTheory.TechnicalLemmas.StochasticProcesses.ProgressiveL2Density.dyadicLevel.{u_1} {Omega : Type u_1}
  {m : MeasurableSpace Omega} {filtration : MeasureTheory.Filtration NNReal m} {mu : MeasureTheory.Measure Omega}
  {T : NNReal} [MeasureTheory.IsFiniteMeasure mu] (eta : ProgressiveL2.ProgressiveL2Integrand filtration mu T)
  (hT : 0 < T) : ℕ → ℕ
info: Tests/ProgressiveL2Density.lean:11:0: AutoSamplingTheory.TechnicalLemmas.StochasticProcesses.ProgressiveL2Density.DyadicElementaryProcess.{u_1}
  {Omega : Type u_1} {m : MeasurableSpace Omega} (filtration : MeasureTheory.Filtration NNReal m) (T : NNReal) :
  Type u_1
info: Tests/ProgressiveL2Density.lean:12:0: AutoSamplingTheory.TechnicalLemmas.StochasticProcesses.ProgressiveL2Density.canonicalElementaryApprox.{u_1}
  {Omega : Type u_1} {m : MeasurableSpace Omega} {filtration : MeasureTheory.Filtration NNReal m}
  {mu : MeasureTheory.Measure Omega} {T : NNReal} [MeasureTheory.IsFiniteMeasure mu]
  (eta : ProgressiveL2.ProgressiveL2Integrand filtration mu T) (hT : 0 < T) (n : ℕ) :
  ProgressiveL2Density.DyadicElementaryProcess filtration T
info: Tests/ProgressiveL2Density.lean:13:0: AutoSamplingTheory.TechnicalLemmas.StochasticProcesses.ProgressiveL2Density.progressiveL2_elementary_dense.{u_1}
  {Omega : Type u_1} {m : MeasurableSpace Omega} {filtration : MeasureTheory.Filtration NNReal m}
  {mu : MeasureTheory.Measure Omega} {T : NNReal} [MeasureTheory.IsFiniteMeasure mu]
  (eta : ProgressiveL2.ProgressiveL2Integrand filtration mu T) (hT : 0 < T) :
  ∃ approx,
    (StrictMono fun n => (approx n).level) ∧ Filter.Tendsto (fun n => (approx n).toLp mu) Filter.atTop (nhds eta.toLp)
ℹ [9308/9484] Replayed Tests.ProgressiveL2Algebra
info: Tests/ProgressiveL2Algebra.lean:7:0: AutoSamplingTheory.TechnicalLemmas.StochasticProcesses.ProgressiveL2Algebra.zero.{u_1} {Omega : Type u_1}
  {m : MeasurableSpace Omega} {filtration : MeasureTheory.Filtration NNReal m} {mu : MeasureTheory.Measure Omega}
  {T : NNReal} : TechnicalLemmas.StochasticProcesses.ProgressiveL2.ProgressiveL2Integrand filtration mu T
info: Tests/ProgressiveL2Algebra.lean:8:0: AutoSamplingTheory.TechnicalLemmas.StochasticProcesses.ProgressiveL2Algebra.add.{u_1} {Omega : Type u_1}
  {m : MeasurableSpace Omega} {filtration : MeasureTheory.Filtration NNReal m} {mu : MeasureTheory.Measure Omega}
  {T : NNReal} (eta xi : TechnicalLemmas.StochasticProcesses.ProgressiveL2.ProgressiveL2Integrand filtration mu T) :
  TechnicalLemmas.StochasticProcesses.ProgressiveL2.ProgressiveL2Integrand filtration mu T
info: Tests/ProgressiveL2Algebra.lean:9:0: AutoSamplingTheory.TechnicalLemmas.StochasticProcesses.ProgressiveL2Algebra.neg.{u_1} {Omega : Type u_1}
  {m : MeasurableSpace Omega} {filtration : MeasureTheory.Filtration NNReal m} {mu : MeasureTheory.Measure Omega}
  {T : NNReal} (eta : TechnicalLemmas.StochasticProcesses.ProgressiveL2.ProgressiveL2Integrand filtration mu T) :
  TechnicalLemmas.StochasticProcesses.ProgressiveL2.ProgressiveL2Integrand filtration mu T
info: Tests/ProgressiveL2Algebra.lean:10:0: AutoSamplingTheory.TechnicalLemmas.StochasticProcesses.ProgressiveL2Algebra.sub.{u_1} {Omega : Type u_1}
  {m : MeasurableSpace Omega} {filtration : MeasureTheory.Filtration NNReal m} {mu : MeasureTheory.Measure Omega}
  {T : NNReal} (eta xi : TechnicalLemmas.StochasticProcesses.ProgressiveL2.ProgressiveL2Integrand filtration mu T) :
  TechnicalLemmas.StochasticProcesses.ProgressiveL2.ProgressiveL2Integrand filtration mu T
info: Tests/ProgressiveL2Algebra.lean:11:0: AutoSamplingTheory.TechnicalLemmas.StochasticProcesses.ProgressiveL2Algebra.smul.{u_1} {Omega : Type u_1}
  {m : MeasurableSpace Omega} {filtration : MeasureTheory.Filtration NNReal m} {mu : MeasureTheory.Measure Omega}
  {T : NNReal} (c : ℝ)
  (eta : TechnicalLemmas.StochasticProcesses.ProgressiveL2.ProgressiveL2Integrand filtration mu T) :
  TechnicalLemmas.StochasticProcesses.ProgressiveL2.ProgressiveL2Integrand filtration mu T
info: Tests/ProgressiveL2Algebra.lean:12:0: AutoSamplingTheory.TechnicalLemmas.StochasticProcesses.ProgressiveL2Algebra.toLp_zero.{u_1} {Omega : Type u_1}
  {m : MeasurableSpace Omega} {filtration : MeasureTheory.Filtration NNReal m} {mu : MeasureTheory.Measure Omega}
  {T : NNReal} : zero.toLp = 0
info: Tests/ProgressiveL2Algebra.lean:13:0: AutoSamplingTheory.TechnicalLemmas.StochasticProcesses.ProgressiveL2Algebra.toLp_add.{u_1} {Omega : Type u_1}
  {m : MeasurableSpace Omega} {filtration : MeasureTheory.Filtration NNReal m} {mu : MeasureTheory.Measure Omega}
  {T : NNReal} (eta xi : TechnicalLemmas.StochasticProcesses.ProgressiveL2.ProgressiveL2Integrand filtration mu T) :
  (add eta xi).toLp = eta.toLp + xi.toLp
info: Tests/ProgressiveL2Algebra.lean:14:0: AutoSamplingTheory.TechnicalLemmas.StochasticProcesses.ProgressiveL2Algebra.toLp_neg.{u_1} {Omega : Type u_1}
  {m : MeasurableSpace Omega} {filtration : MeasureTheory.Filtration NNReal m} {mu : MeasureTheory.Measure Omega}
  {T : NNReal} (eta : TechnicalLemmas.StochasticProcesses.ProgressiveL2.ProgressiveL2Integrand filtration mu T) :
  (neg eta).toLp = -eta.toLp
info: Tests/ProgressiveL2Algebra.lean:15:0: AutoSamplingTheory.TechnicalLemmas.StochasticProcesses.ProgressiveL2Algebra.toLp_sub.{u_1} {Omega : Type u_1}
  {m : MeasurableSpace Omega} {filtration : MeasureTheory.Filtration NNReal m} {mu : MeasureTheory.Measure Omega}
  {T : NNReal} (eta xi : TechnicalLemmas.StochasticProcesses.ProgressiveL2.ProgressiveL2Integrand filtration mu T) :
  (sub eta xi).toLp = eta.toLp - xi.toLp
info: Tests/ProgressiveL2Algebra.lean:16:0: AutoSamplingTheory.TechnicalLemmas.StochasticProcesses.ProgressiveL2Algebra.toLp_smul.{u_1} {Omega : Type u_1}
  {m : MeasurableSpace Omega} {filtration : MeasureTheory.Filtration NNReal m} {mu : MeasureTheory.Measure Omega}
  {T : NNReal} (c : ℝ)
  (eta : TechnicalLemmas.StochasticProcesses.ProgressiveL2.ProgressiveL2Integrand filtration mu T) :
  (smul c eta).toLp = c • eta.toLp
ℹ [9309/9484] Replayed Tests.ProgressiveL2HorizonExtension
info: Tests/ProgressiveL2HorizonExtension.lean:15:0: AutoSamplingTheory.TechnicalLemmas.StochasticProcesses.ProgressiveL2HorizonExtension.horizonPrefix.{u_1}
  {Omega : Type u_1} (T : ℝ≥0) : Set (Omega × ℝ≥0)
info: Tests/ProgressiveL2HorizonExtension.lean:16:0: AutoSamplingTheory.TechnicalLemmas.StochasticProcesses.ProgressiveL2HorizonExtension.measurableSet_horizonPrefix.{u_1}
  {Omega : Type u_1} {m : MeasurableSpace Omega} (T : ℝ≥0) : MeasurableSet (horizonPrefix T)
info: Tests/ProgressiveL2HorizonExtension.lean:17:0: AutoSamplingTheory.TechnicalLemmas.StochasticProcesses.ProgressiveL2HorizonExtension.restrict_processTimeMeasure_horizonPrefix.{u_1}
  {Omega : Type u_1} {m : MeasurableSpace Omega} {mu : Measure Omega} {T₁ T₂ : ℝ≥0} [SFinite mu] (hT : T₁ ≤ T₂) :
  (ElementaryItoIntegral.processTimeMeasure mu T₂).restrict (horizonPrefix T₁) =
    ElementaryItoIntegral.processTimeMeasure mu T₁
info: Tests/ProgressiveL2HorizonExtension.lean:18:0: AutoSamplingTheory.TechnicalLemmas.StochasticProcesses.ProgressiveL2HorizonExtension.processFunction_restrictProcess_eq_indicator.{u_1}
  {Omega : Type u_1} (eta : ℝ≥0 → Omega → ℝ) (T : ℝ≥0) :
  processFunction (ProgressiveL2Integrand.restrictProcess T eta) = (horizonPrefix T).indicator (processFunction eta)
info: Tests/ProgressiveL2HorizonExtension.lean:19:0: AutoSamplingTheory.TechnicalLemmas.StochasticProcesses.ProgressiveL2HorizonExtension.extendByZero.{u_1}
  {Omega : Type u_1} {m : MeasurableSpace Omega} {filtration : Filtration ℝ≥0 m} {mu : Measure Omega} {T₁ T₂ : ℝ≥0}
  [SFinite mu] (eta : ProgressiveL2Integrand filtration mu T₁) (hT : T₁ ≤ T₂) : ProgressiveL2Integrand filtration mu T₂
info: Tests/ProgressiveL2HorizonExtension.lean:20:0: AutoSamplingTheory.TechnicalLemmas.StochasticProcesses.ProgressiveL2HorizonExtension.norm_extendByZero_eq.{u_1}
  {Omega : Type u_1} {m : MeasurableSpace Omega} {filtration : Filtration ℝ≥0 m} {mu : Measure Omega} {T₁ T₂ : ℝ≥0}
  [SFinite mu] (eta : ProgressiveL2Integrand filtration mu T₁) (hT : T₁ ≤ T₂) :
  ‖(extendByZero eta hT).toLp‖ = ‖eta.toLp‖
info: Tests/ProgressiveL2HorizonExtension.lean:21:0: AutoSamplingTheory.TechnicalLemmas.StochasticProcesses.ProgressiveL2HorizonExtension.extendByZero_sub_toLp.{u_1}
  {Omega : Type u_1} {m : MeasurableSpace Omega} {filtration : Filtration ℝ≥0 m} {mu : Measure Omega} {T₁ T₂ : ℝ≥0}
  [SFinite mu] (eta xi : ProgressiveL2Integrand filtration mu T₁) (hT : T₁ ≤ T₂) :
  (extendByZero (ProgressiveL2Algebra.sub eta xi) hT).toLp =
    (ProgressiveL2Algebra.sub (extendByZero eta hT) (extendByZero xi hT)).toLp
info: Tests/ProgressiveL2HorizonExtension.lean:22:0: AutoSamplingTheory.TechnicalLemmas.StochasticProcesses.ProgressiveL2HorizonExtension.norm_extendByZero_sub_extendByZero_eq.{u_1}
  {Omega : Type u_1} {m : MeasurableSpace Omega} {filtration : Filtration ℝ≥0 m} {mu : Measure Omega} {T₁ T₂ : ℝ≥0}
  [SFinite mu] (eta xi : ProgressiveL2Integrand filtration mu T₁) (hT : T₁ ≤ T₂) :
  ‖(extendByZero eta hT).toLp - (extendByZero xi hT).toLp‖ = ‖eta.toLp - xi.toLp‖
ℹ [9310/9484] Replayed Tests.ProgressiveL2Truncation
info: Tests/ProgressiveL2Truncation.lean:7:0: AutoSamplingTheory.TechnicalLemmas.StochasticProcesses.ProgressiveL2Truncation.clipProcess.{u_1} {Omega : Type u_1}
  (n : ℕ) (eta : NNReal → Omega → ℝ) : NNReal → Omega → ℝ
info: Tests/ProgressiveL2Truncation.lean:8:0: AutoSamplingTheory.TechnicalLemmas.StochasticProcesses.ProgressiveL2Truncation.clipProcess_stronglyProgressive.{u_1}
  {Omega : Type u_1} {m : MeasurableSpace Omega} {filtration : MeasureTheory.Filtration NNReal m}
  {mu : MeasureTheory.Measure Omega} {T : NNReal}
  (eta : TechnicalLemmas.StochasticProcesses.ProgressiveL2.ProgressiveL2Integrand filtration mu T) (n : ℕ) :
  MeasureTheory.IsStronglyProgressive filtration (clipProcess n eta.process)
info: Tests/ProgressiveL2Truncation.lean:9:0: AutoSamplingTheory.TechnicalLemmas.StochasticProcesses.ProgressiveL2Truncation.clipProcess_memLp.{u_1}
  {Omega : Type u_1} {m : MeasurableSpace Omega} {filtration : MeasureTheory.Filtration NNReal m}
  {mu : MeasureTheory.Measure Omega} {T : NNReal}
  (eta : TechnicalLemmas.StochasticProcesses.ProgressiveL2.ProgressiveL2Integrand filtration mu T) (n : ℕ) :
  MeasureTheory.MemLp (TechnicalLemmas.StochasticProcesses.ProgressiveL2.processFunction (clipProcess n eta.process)) 2
    (TechnicalLemmas.StochasticProcesses.ElementaryItoIntegral.processTimeMeasure mu T)
info: Tests/ProgressiveL2Truncation.lean:10:0: AutoSamplingTheory.TechnicalLemmas.StochasticProcesses.ProgressiveL2Truncation.clipped.{u_1} {Omega : Type u_1}
  {m : MeasurableSpace Omega} {filtration : MeasureTheory.Filtration NNReal m} {mu : MeasureTheory.Measure Omega}
  {T : NNReal} (eta : TechnicalLemmas.StochasticProcesses.ProgressiveL2.ProgressiveL2Integrand filtration mu T)
  (n : ℕ) : TechnicalLemmas.StochasticProcesses.ProgressiveL2.ProgressiveL2Integrand filtration mu T
info: Tests/ProgressiveL2Truncation.lean:11:0: AutoSamplingTheory.TechnicalLemmas.StochasticProcesses.ProgressiveL2Truncation.clipped_abs_le.{u_1} {Omega : Type u_1}
  {m : MeasurableSpace Omega} {filtration : MeasureTheory.Filtration NNReal m} {mu : MeasureTheory.Measure Omega}
  {T : NNReal} (eta : TechnicalLemmas.StochasticProcesses.ProgressiveL2.ProgressiveL2Integrand filtration mu T) (n : ℕ)
  (t : NNReal) (omega : Omega) : |(clipped eta n).process t omega| ≤ ↑n
info: Tests/ProgressiveL2Truncation.lean:12:0: AutoSamplingTheory.TechnicalLemmas.StochasticProcesses.ProgressiveL2Truncation.tendsto_clipped_toLp.{u_1}
  {Omega : Type u_1} {m : MeasurableSpace Omega} {filtration : MeasureTheory.Filtration NNReal m}
  {mu : MeasureTheory.Measure Omega} {T : NNReal}
  (eta : TechnicalLemmas.StochasticProcesses.ProgressiveL2.ProgressiveL2Integrand filtration mu T) :
  Filter.Tendsto (fun n => (clipped eta n).toLp) Filter.atTop (nhds eta.toLp)
ℹ [9311/9484] Replayed Tests.ProgressiveL2Stopping
info: Tests/ProgressiveL2Stopping.lean:15:0: AutoSamplingTheory.TechnicalLemmas.StochasticProcesses.ProgressiveL2Stopping.measurableSet_stoppingSet.{u_1}
  {Omega : Type u_1} {m : MeasurableSpace Omega} {filtration : Filtration ℝ≥0 m} (tau : Omega → WithTop ℝ≥0)
  (htau : IsChewiStoppingTime filtration tau) : MeasurableSet (RandomStoppingL2Contraction.stoppingSet tau)
info: Tests/ProgressiveL2Stopping.lean:16:0: AutoSamplingTheory.TechnicalLemmas.StochasticProcesses.ProgressiveL2Stopping.stoppedIntegrand_stronglyProgressive.{u_1}
  {Omega : Type u_1} {m : MeasurableSpace Omega} {filtration : Filtration ℝ≥0 m} {mu : Measure Omega} {T : ℝ≥0}
  (eta : ProgressiveL2Integrand filtration mu T) (tau : Omega → WithTop ℝ≥0)
  (htau : IsChewiStoppingTime filtration tau) :
  IsStronglyProgressive filtration (Localization.stoppedIntegrand eta.process tau)
info: Tests/ProgressiveL2Stopping.lean:17:0: AutoSamplingTheory.TechnicalLemmas.StochasticProcesses.ProgressiveL2Stopping.stoppedIntegrand_memLp.{u_1}
  {Omega : Type u_1} {m : MeasurableSpace Omega} {filtration : Filtration ℝ≥0 m} {mu : Measure Omega} {T : ℝ≥0}
  (eta : ProgressiveL2Integrand filtration mu T) (tau : Omega → WithTop ℝ≥0)
  (htau : IsChewiStoppingTime filtration tau) :
  MemLp (processFunction (Localization.stoppedIntegrand eta.process tau)) 2
    (ElementaryItoIntegral.processTimeMeasure mu T)
info: Tests/ProgressiveL2Stopping.lean:18:0: AutoSamplingTheory.TechnicalLemmas.StochasticProcesses.ProgressiveL2Stopping.stop.{u_1} {Omega : Type u_1}
  {m : MeasurableSpace Omega} {filtration : Filtration ℝ≥0 m} {mu : Measure Omega} {T : ℝ≥0}
  (eta : ProgressiveL2Integrand filtration mu T) (tau : Omega → WithTop ℝ≥0)
  (htau : IsChewiStoppingTime filtration tau) : ProgressiveL2Integrand filtration mu T
info: Tests/ProgressiveL2Stopping.lean:19:0: AutoSamplingTheory.TechnicalLemmas.StochasticProcesses.ProgressiveL2Stopping.norm_stop_sub_stop_le.{u_1}
  {Omega : Type u_1} {m : MeasurableSpace Omega} {filtration : Filtration ℝ≥0 m} {mu : Measure Omega} {T : ℝ≥0}
  (eta xi : ProgressiveL2Integrand filtration mu T) (tau : Omega → WithTop ℝ≥0)
  (htau : IsChewiStoppingTime filtration tau) :
  ‖(stop eta tau htau).toLp - (stop xi tau htau).toLp‖ ≤ ‖eta.toLp - xi.toLp‖
info: Tests/ProgressiveL2Stopping.lean:20:0: AutoSamplingTheory.TechnicalLemmas.StochasticProcesses.ProgressiveL2Stopping.tendsto_stop_toLp_of_tendsto.{u_1}
  {Omega : Type u_1} {m : MeasurableSpace Omega} {filtration : Filtration ℝ≥0 m} {mu : Measure Omega} {T : ℝ≥0}
  (eta : ProgressiveL2Integrand filtration mu T) (approx : ℕ → ProgressiveL2Integrand filtration mu T)
  (tau : Omega → WithTop ℝ≥0) (htau : IsChewiStoppingTime filtration tau)
  (happrox : Filter.Tendsto (fun n => (approx n).toLp) Filter.atTop (nhds eta.toLp)) :
  Filter.Tendsto (fun n => (stop (approx n) tau htau).toLp) Filter.atTop (nhds (stop eta tau htau).toLp)
ℹ [9312/9484] Replayed Tests.QuadraticOptimalMapUniqueness
info: Tests/QuadraticOptimalMapUniqueness.lean:3:0: AutoSamplingTheory.TechnicalLemmas.Measure.QuadraticOptimalMapUniqueness.HasUniqueQuadraticOptimalCoupling.{u_1}
  {E : Type u_1} [NormedAddCommGroup E] [MeasurableSpace E] (mu nu : MeasureTheory.Measure E) : Prop
info: Tests/QuadraticOptimalMapUniqueness.lean:4:0: AutoSamplingTheory.TechnicalLemmas.Measure.QuadraticOptimalMapUniqueness.ae_eq_of_quadraticOptimalMap_of_uniqueCoupling.{u_1}
  {E : Type u_1} [NormedAddCommGroup E] [MeasurableSpace E] [MeasurableEq E] {T S : E → E}
  {mu nu : MeasureTheory.Measure E}
  (hT : AutoSamplingTheory.TechnicalLemmas.Measure.QuadraticOptimalMap.IsQuadraticOptimalMap T mu nu)
  (hS : AutoSamplingTheory.TechnicalLemmas.Measure.QuadraticOptimalMap.IsQuadraticOptimalMap S mu nu)
  (hUnique :
    AutoSamplingTheory.TechnicalLemmas.Measure.QuadraticOptimalMapUniqueness.HasUniqueQuadraticOptimalCoupling mu nu) :
  T =ᵐ[mu] S
info: Tests/QuadraticOptimalMapUniqueness.lean:5:0: AutoSamplingTheory.TechnicalLemmas.Measure.QuadraticOptimalMapUniqueness.ae_eq_of_quadraticOptimalMap_of_forall_optimal_eq.{u_1}
  {E : Type u_1} [NormedAddCommGroup E] [MeasurableSpace E] [MeasurableEq E] {T S : E → E}
  {mu nu : MeasureTheory.Measure E}
  (hT : AutoSamplingTheory.TechnicalLemmas.Measure.QuadraticOptimalMap.IsQuadraticOptimalMap T mu nu)
  (hS : AutoSamplingTheory.TechnicalLemmas.Measure.QuadraticOptimalMap.IsQuadraticOptimalMap S mu nu)
  (hUnique :
    ∀ ⦃gamma₀ gamma₁ : MeasureTheory.Measure (E × E)⦄,
      AutoSamplingTheory.TechnicalLemmas.Measure.DisplacementInterpolation.IsQuadraticOptimalCoupling gamma₀ mu nu →
        AutoSamplingTheory.TechnicalLemmas.Measure.DisplacementInterpolation.IsQuadraticOptimalCoupling gamma₁ mu nu →
          gamma₀ = gamma₁) :
  T =ᵐ[mu] S
ℹ [9313/9484] Replayed Tests.RelativeFisher
info: Tests/RelativeFisher.lean:3:0: AutoSamplingTheory.TechnicalLemmas.InformationTheory.RelativeFisher.densityEnergy.{u_1} {ι : Type u_1} [Fintype ι]
  (q logRatio : AutoSamplingTheory.TechnicalLemmas.InformationTheory.RelativeFisher.State → ℝ)
  (x : AutoSamplingTheory.TechnicalLemmas.InformationTheory.RelativeFisher.State) : ℝ
info: Tests/RelativeFisher.lean:4:0: AutoSamplingTheory.TechnicalLemmas.InformationTheory.RelativeFisher.information.{u_1} {ι : Type u_1} [Fintype ι]
  (base : MeasureTheory.Measure AutoSamplingTheory.TechnicalLemmas.InformationTheory.RelativeFisher.State)
  (q logRatio : AutoSamplingTheory.TechnicalLemmas.InformationTheory.RelativeFisher.State → ℝ) : ℝ
info: Tests/RelativeFisher.lean:5:0: AutoSamplingTheory.TechnicalLemmas.InformationTheory.RelativeFisher.densityEnergy_nonneg.{u_1} {ι : Type u_1}
  [Fintype ι] {q logRatio : AutoSamplingTheory.TechnicalLemmas.InformationTheory.RelativeFisher.State → ℝ}
  {x : AutoSamplingTheory.TechnicalLemmas.InformationTheory.RelativeFisher.State} (hq : 0 ≤ q x) :
  0 ≤ AutoSamplingTheory.TechnicalLemmas.InformationTheory.RelativeFisher.densityEnergy q logRatio x
info: Tests/RelativeFisher.lean:6:0: AutoSamplingTheory.TechnicalLemmas.InformationTheory.RelativeFisher.densityEnergy_eq_zero_of_gradient_eq_zero.{u_1}
  {ι : Type u_1} [Fintype ι]
  {q logRatio : AutoSamplingTheory.TechnicalLemmas.InformationTheory.RelativeFisher.State → ℝ}
  {x : AutoSamplingTheory.TechnicalLemmas.InformationTheory.RelativeFisher.State} (hgrad : gradient logRatio x = 0) :
  AutoSamplingTheory.TechnicalLemmas.InformationTheory.RelativeFisher.densityEnergy q logRatio x = 0
info: Tests/RelativeFisher.lean:7:0: AutoSamplingTheory.TechnicalLemmas.InformationTheory.RelativeFisher.information_eq_zero_of_gradient_ae_eq_zero.{u_1}
  {ι : Type u_1} [Fintype ι]
  (base : MeasureTheory.Measure AutoSamplingTheory.TechnicalLemmas.InformationTheory.RelativeFisher.State)
  (q logRatio : AutoSamplingTheory.TechnicalLemmas.InformationTheory.RelativeFisher.State → ℝ)
  (hgrad :
    ∀ᵐ (x : AutoSamplingTheory.TechnicalLemmas.InformationTheory.RelativeFisher.State) ∂base, gradient logRatio x = 0) :
  AutoSamplingTheory.TechnicalLemmas.InformationTheory.RelativeFisher.information base q logRatio = 0
info: Tests/RelativeFisher.lean:8:0: AutoSamplingTheory.TechnicalLemmas.InformationTheory.RelativeFisher.information_congr_gradient_ae.{u_1} {ι : Type u_1}
  [Fintype ι] (base : MeasureTheory.Measure AutoSamplingTheory.TechnicalLemmas.InformationTheory.RelativeFisher.State)
  (q r s : AutoSamplingTheory.TechnicalLemmas.InformationTheory.RelativeFisher.State → ℝ)
  (hgrad :
    ∀ᵐ (x : AutoSamplingTheory.TechnicalLemmas.InformationTheory.RelativeFisher.State) ∂base,
      gradient r x = gradient s x) :
  AutoSamplingTheory.TechnicalLemmas.InformationTheory.RelativeFisher.information base q r =
    AutoSamplingTheory.TechnicalLemmas.InformationTheory.RelativeFisher.information base q s
ℹ [9314/9484] Replayed Tests.StoppingGraphNull
info: Tests/StoppingGraphNull.lean:14:0: AutoSamplingTheory.TechnicalLemmas.StochasticProcesses.StoppingGraphNull.stoppingGraph.{u_1} {Omega : Type u_1}
  (tau : Omega → WithTop ℝ≥0) : Set (Omega × ℝ≥0)
info: Tests/StoppingGraphNull.lean:15:0: AutoSamplingTheory.TechnicalLemmas.StochasticProcesses.StoppingGraphNull.measurableSet_stoppingGraph.{u_1}
  {Omega : Type u_1} {m : MeasurableSpace Omega} {filtration : Filtration ℝ≥0 m} (tau : Omega → WithTop ℝ≥0)
  (htau : IsChewiStoppingTime filtration tau) : MeasurableSet (stoppingGraph tau)
info: Tests/StoppingGraphNull.lean:16:0: AutoSamplingTheory.TechnicalLemmas.StochasticProcesses.StoppingGraphNull.timeSection_stoppingGraph_zero.{u_1}
  {Omega : Type u_1} (tau : Omega → WithTop ℝ≥0) (T : ℝ≥0) (omega : Omega) :
  (TimeMeasure.upTo T) (Prod.mk omega ⁻¹' stoppingGraph tau) = 0
info: Tests/StoppingGraphNull.lean:17:0: AutoSamplingTheory.TechnicalLemmas.StochasticProcesses.StoppingGraphNull.processTimeMeasure_stoppingGraph_zero.{u_1}
  {Omega : Type u_1} {m : MeasurableSpace Omega} {filtration : Filtration ℝ≥0 m} {mu : Measure Omega}
  (tau : Omega → WithTop ℝ≥0) (htau : IsChewiStoppingTime filtration tau) (T : ℝ≥0) :
  (ElementaryItoIntegral.processTimeMeasure mu T) (stoppingGraph tau) = 0
info: Tests/StoppingGraphNull.lean:18:0: AutoSamplingTheory.TechnicalLemmas.StochasticProcesses.StoppingGraphNull.ae_notMem_stoppingGraph.{u_1}
  {Omega : Type u_1} {m : MeasurableSpace Omega} {filtration : Filtration ℝ≥0 m} {mu : Measure Omega}
  (tau : Omega → WithTop ℝ≥0) (htau : IsChewiStoppingTime filtration tau) (T : ℝ≥0) :
  ∀ᵐ (z : Omega × ℝ≥0) ∂ElementaryItoIntegral.processTimeMeasure mu T, z ∉ stoppingGraph tau
info: Tests/StoppingGraphNull.lean:19:0: AutoSamplingTheory.TechnicalLemmas.StochasticProcesses.StoppingGraphNull.ae_time_ne_stoppingTime.{u_1}
  {Omega : Type u_1} {m : MeasurableSpace Omega} {filtration : Filtration ℝ≥0 m} {mu : Measure Omega}
  (tau : Omega → WithTop ℝ≥0) (htau : IsChewiStoppingTime filtration tau) (T : ℝ≥0) :
  ∀ᵐ (z : Omega × ℝ≥0) ∂ElementaryItoIntegral.processTimeMeasure mu T, ↑z.2 ≠ tau z.1
ℹ [9315/9484] Replayed Tests.GlobalLocalProgressiveL2
info: Tests/GlobalLocalProgressiveL2.lean:13:0: AutoSamplingTheory.TechnicalLemmas.StochasticProcesses.GlobalLocalProgressiveL2.GlobalLocalProgressiveL2Integrand.{u_1}
  {Omega : Type u_1} {m : MeasurableSpace Omega} (filtration : Filtration ℝ≥0 m) (mu : Measure Omega) : Type u_1
info: Tests/GlobalLocalProgressiveL2.lean:14:0: AutoSamplingTheory.TechnicalLemmas.StochasticProcesses.GlobalLocalProgressiveL2.GlobalLocalProgressiveL2Integrand.onHorizon.{u_1}
  {Omega : Type u_1} {m : MeasurableSpace Omega} {filtration : Filtration ℝ≥0 m} {mu : Measure Omega}
  (eta : GlobalLocalProgressiveL2Integrand filtration mu) (T : ℝ≥0) : LocalProgressiveL2Integrand filtration mu T
info: Tests/GlobalLocalProgressiveL2.lean:15:0: AutoSamplingTheory.TechnicalLemmas.StochasticProcesses.GlobalLocalProgressiveL2.GlobalLocalProgressiveL2Integrand.onHorizon_process.{u_1}
  {Omega : Type u_1} {m : MeasurableSpace Omega} {filtration : Filtration ℝ≥0 m} {mu : Measure Omega}
  (eta : GlobalLocalProgressiveL2Integrand filtration mu) (T : ℝ≥0) : (eta.onHorizon T).process = eta.process
info: Tests/GlobalLocalProgressiveL2.lean:16:0: AutoSamplingTheory.TechnicalLemmas.StochasticProcesses.GlobalLocalProgressiveL2.GlobalLocalProgressiveL2Integrand.chewi_global_condition_1_1_10.{u_1}
  {Omega : Type u_1} {m : MeasurableSpace Omega} {filtration : Filtration ℝ≥0 m} {mu : Measure Omega}
  (eta : GlobalLocalProgressiveL2Integrand filtration mu) (T : ℝ≥0) : IsLocallySquareIntegrableOn eta.process mu T
ℹ [9316/9484] Replayed Tests.GlobalCanonicalLocalizerLimit
info: Tests/GlobalCanonicalLocalizerLimit.lean:14:0: AutoSamplingTheory.TechnicalLemmas.StochasticProcesses.GlobalCanonicalLocalizerLimit.eventually_lt_globalLocalizingTime_of_good.{u_1}
  {Omega : Type u_1} {m : MeasurableSpace Omega} {filtration : Filtration ℝ≥0 m} {mu : Measure Omega}
  (hUsual : SatisfiesUsualConditions filtration mu) (eta : GlobalLocalProgressiveL2Integrand filtration mu)
  {omega : Omega} (homega : omega ∉ globalBadSet eta) (r : ℝ≥0) :
  ∀ᶠ (n : ℕ) in atTop, r < globalLocalizingTime hUsual eta n omega
info: Tests/GlobalCanonicalLocalizerLimit.lean:15:0: AutoSamplingTheory.TechnicalLemmas.StochasticProcesses.GlobalCanonicalLocalizerLimit.tendsto_globalLocalizingTime_top_of_good.{u_1}
  {Omega : Type u_1} {m : MeasurableSpace Omega} {filtration : Filtration ℝ≥0 m} {mu : Measure Omega}
  (hUsual : SatisfiesUsualConditions filtration mu) (eta : GlobalLocalProgressiveL2Integrand filtration mu)
  {omega : Omega} (homega : omega ∉ globalBadSet eta) :
  Tendsto (fun n => ↑(globalLocalizingTime hUsual eta n omega)) atTop (𝓝 ⊤)
info: Tests/GlobalCanonicalLocalizerLimit.lean:16:0: AutoSamplingTheory.TechnicalLemmas.StochasticProcesses.GlobalCanonicalLocalizerLimit.globalLocalizingTime_tendsto_top_ae.{u_1}
  {Omega : Type u_1} {m : MeasurableSpace Omega} {filtration : Filtration ℝ≥0 m} {mu : Measure Omega}
  (hUsual : SatisfiesUsualConditions filtration mu) (eta : GlobalLocalProgressiveL2Integrand filtration mu) :
  ∀ᵐ (omega : Omega) ∂mu, Tendsto (fun n => ↑(globalLocalizingTime hUsual eta n omega)) atTop (𝓝 ⊤)
ℹ [9317/9484] Replayed Tests.DyadicGlobalHorizon
info: Tests/DyadicGlobalHorizon.lean:12:0: AutoSamplingTheory.TechnicalLemmas.StochasticProcesses.DyadicGlobalHorizon.dyadicGlobalIndex (k : ℕ) : ℕ
info: Tests/DyadicGlobalHorizon.lean:13:0: AutoSamplingTheory.TechnicalLemmas.StochasticProcesses.DyadicGlobalHorizon.dyadicHorizon (k : ℕ) : ℝ≥0
info: Tests/DyadicGlobalHorizon.lean:14:0: AutoSamplingTheory.TechnicalLemmas.StochasticProcesses.DyadicGlobalHorizon.dyadicGlobalIndex_add_one (k : ℕ) :
  dyadicGlobalIndex k + 1 = 2 ^ k
info: Tests/DyadicGlobalHorizon.lean:15:0: AutoSamplingTheory.TechnicalLemmas.StochasticProcesses.DyadicGlobalHorizon.integerHorizon_dyadicGlobalIndex (k : ℕ) :
  GlobalCanonicalLocalizer.integerHorizon (dyadicGlobalIndex k) = dyadicHorizon k
info: Tests/DyadicGlobalHorizon.lean:16:0: AutoSamplingTheory.TechnicalLemmas.StochasticProcesses.DyadicGlobalHorizon.dyadicGlobalIndex_mono :
  Monotone dyadicGlobalIndex
info: Tests/DyadicGlobalHorizon.lean:17:0: AutoSamplingTheory.TechnicalLemmas.StochasticProcesses.DyadicGlobalHorizon.tendsto_dyadicGlobalIndex_atTop :
  Filter.Tendsto dyadicGlobalIndex Filter.atTop Filter.atTop
info: Tests/DyadicGlobalHorizon.lean:18:0: AutoSamplingTheory.TechnicalLemmas.StochasticProcesses.DyadicGlobalHorizon.dyadicGlobalLocalizingTime.{u_1}
  {Omega : Type u_1} {m : MeasurableSpace Omega} {filtration : Filtration ℝ≥0 m} {mu : Measure Omega}
  (hUsual : SatisfiesUsualConditions filtration mu) (eta : GlobalLocalProgressiveL2Integrand filtration mu) (k : ℕ)
  (omega : Omega) : ℝ≥0
info: Tests/DyadicGlobalHorizon.lean:19:0: AutoSamplingTheory.TechnicalLemmas.StochasticProcesses.DyadicGlobalHorizon.dyadicGlobalLocalizingTime_isChewiStoppingTime.{u_1}
  {Omega : Type u_1} {m : MeasurableSpace Omega} {filtration : Filtration ℝ≥0 m} {mu : Measure Omega}
  (hUsual : SatisfiesUsualConditions filtration mu) (eta : GlobalLocalProgressiveL2Integrand filtration mu) (k : ℕ) :
  StoppingTime.IsChewiStoppingTime filtration fun omega => ↑(dyadicGlobalLocalizingTime hUsual eta k omega)
info: Tests/DyadicGlobalHorizon.lean:20:0: AutoSamplingTheory.TechnicalLemmas.StochasticProcesses.DyadicGlobalHorizon.dyadicGlobalLocalizingTime_mono.{u_1}
  {Omega : Type u_1} {m : MeasurableSpace Omega} {filtration : Filtration ℝ≥0 m} {mu : Measure Omega}
  (hUsual : SatisfiesUsualConditions filtration mu) (eta : GlobalLocalProgressiveL2Integrand filtration mu) :
  Monotone fun k => dyadicGlobalLocalizingTime hUsual eta k
info: Tests/DyadicGlobalHorizon.lean:21:0: AutoSamplingTheory.TechnicalLemmas.StochasticProcesses.DyadicGlobalHorizon.dyadicGlobalLocalizingTime_le_horizon.{u_1}
  {Omega : Type u_1} {m : MeasurableSpace Omega} {filtration : Filtration ℝ≥0 m} {mu : Measure Omega}
  (hUsual : SatisfiesUsualConditions filtration mu) (eta : GlobalLocalProgressiveL2Integrand filtration mu) (k : ℕ)
  (omega : Omega) : dyadicGlobalLocalizingTime hUsual eta k omega ≤ dyadicHorizon k
info: Tests/DyadicGlobalHorizon.lean:22:0: AutoSamplingTheory.TechnicalLemmas.StochasticProcesses.DyadicGlobalHorizon.dyadicGlobalLocalizingTime_tendsto_top_ae.{u_1}
  {Omega : Type u_1} {m : MeasurableSpace Omega} {filtration : Filtration ℝ≥0 m} {mu : Measure Omega}
  (hUsual : SatisfiesUsualConditions filtration mu) (eta : GlobalLocalProgressiveL2Integrand filtration mu) :
  ∀ᵐ (omega : Omega) ∂mu, Filter.Tendsto (fun k => ↑(dyadicGlobalLocalizingTime hUsual eta k omega)) Filter.atTop (𝓝 ⊤)
ℹ [9318/9484] Replayed Tests.GlobalStoppedProgressiveL2
info: Tests/GlobalStoppedProgressiveL2.lean:18:0: AutoSamplingTheory.TechnicalLemmas.StochasticProcesses.GlobalStoppedProgressiveL2.globalStoppedIntegrand.{u_1}
  {Omega : Type u_1} {m : MeasurableSpace Omega} {filtration : Filtration ℝ≥0 m} {mu : Measure Omega}
  (hUsual : SatisfiesUsualConditions filtration mu) (eta : GlobalLocalProgressiveL2Integrand filtration mu) (k : ℕ) :
  ℝ≥0 → Omega → ℝ
info: Tests/GlobalStoppedProgressiveL2.lean:19:0: AutoSamplingTheory.TechnicalLemmas.StochasticProcesses.GlobalStoppedProgressiveL2.globalStoppedIntegrand_stronglyProgressive.{u_1}
  {Omega : Type u_1} {m : MeasurableSpace Omega} {filtration : Filtration ℝ≥0 m} {mu : Measure Omega}
  (hUsual : SatisfiesUsualConditions filtration mu) (eta : GlobalLocalProgressiveL2Integrand filtration mu) (k : ℕ) :
  IsStronglyProgressive filtration (globalStoppedIntegrand hUsual eta k)
info: Tests/GlobalStoppedProgressiveL2.lean:20:0: AutoSamplingTheory.TechnicalLemmas.StochasticProcesses.GlobalStoppedProgressiveL2.dyadicGlobalLocalizingTime_eq_canonicalRaw_of_good.{u_1}
  {Omega : Type u_1} {m : MeasurableSpace Omega} {filtration : Filtration ℝ≥0 m} {mu : Measure Omega}
  (hUsual : SatisfiesUsualConditions filtration mu) (eta : GlobalLocalProgressiveL2Integrand filtration mu) (k : ℕ)
  {omega : Omega} (homega : omega ∉ GlobalCanonicalLocalizer.globalBadSet eta) :
  dyadicGlobalLocalizingTime hUsual eta k omega =
    CanonicalRawLocalization.canonicalRawLocalizingTime hUsual (eta.onHorizon (dyadicHorizon k)) (dyadicGlobalIndex k)
      omega
info: Tests/GlobalStoppedProgressiveL2.lean:21:0: AutoSamplingTheory.TechnicalLemmas.StochasticProcesses.GlobalStoppedProgressiveL2.globalStoppedTimeLintegral_le.{u_1}
  {Omega : Type u_1} {m : MeasurableSpace Omega} {filtration : Filtration ℝ≥0 m} {mu : Measure Omega}
  (hUsual : SatisfiesUsualConditions filtration mu) (eta : GlobalLocalProgressiveL2Integrand filtration mu) (k : ℕ)
  (omega : Omega) :
  ∫⁻ (t : ℝ≥0), ENNReal.ofReal (globalStoppedIntegrand hUsual eta k t omega ^ 2) ∂TimeMeasure.upTo (dyadicHorizon k) ≤
    ENNReal.ofReal (↑(dyadicGlobalIndex k) + 1)
info: Tests/GlobalStoppedProgressiveL2.lean:22:0: AutoSamplingTheory.TechnicalLemmas.StochasticProcesses.GlobalStoppedProgressiveL2.globalStoppedProcessFunction_aestronglyMeasurable.{u_1}
  {Omega : Type u_1} {m : MeasurableSpace Omega} {filtration : Filtration ℝ≥0 m} {mu : Measure Omega}
  (hUsual : SatisfiesUsualConditions filtration mu) (eta : GlobalLocalProgressiveL2Integrand filtration mu) (k : ℕ) :
  AEStronglyMeasurable (processFunction (globalStoppedIntegrand hUsual eta k))
    (ElementaryItoIntegral.processTimeMeasure mu (dyadicHorizon k))
info: Tests/GlobalStoppedProgressiveL2.lean:23:0: AutoSamplingTheory.TechnicalLemmas.StochasticProcesses.GlobalStoppedProgressiveL2.globalStoppedProcessFunction_sq_integrable.{u_1}
  {Omega : Type u_1} {m : MeasurableSpace Omega} {filtration : Filtration ℝ≥0 m} {mu : Measure Omega}
  [IsProbabilityMeasure mu] (hUsual : SatisfiesUsualConditions filtration mu)
  (eta : GlobalLocalProgressiveL2Integrand filtration mu) (k : ℕ) :
  Integrable (fun z => processFunction (globalStoppedIntegrand hUsual eta k) z ^ 2)
    (ElementaryItoIntegral.processTimeMeasure mu (dyadicHorizon k))
info: Tests/GlobalStoppedProgressiveL2.lean:24:0: AutoSamplingTheory.TechnicalLemmas.StochasticProcesses.GlobalStoppedProgressiveL2.globalStoppedProgressiveL2.{u_1}
  {Omega : Type u_1} {m : MeasurableSpace Omega} {filtration : Filtration ℝ≥0 m} {mu : Measure Omega}
  [IsProbabilityMeasure mu] (hUsual : SatisfiesUsualConditions filtration mu)
  (eta : GlobalLocalProgressiveL2Integrand filtration mu) (k : ℕ) :
  ProgressiveL2Integrand filtration mu (dyadicHorizon k)
info: Tests/GlobalStoppedProgressiveL2.lean:25:0: AutoSamplingTheory.TechnicalLemmas.StochasticProcesses.GlobalStoppedProgressiveL2.globalStoppedProgressiveL2_process.{u_1}
  {Omega : Type u_1} {m : MeasurableSpace Omega} {filtration : Filtration ℝ≥0 m} {mu : Measure Omega}
  [IsProbabilityMeasure mu] (hUsual : SatisfiesUsualConditions filtration mu)
  (eta : GlobalLocalProgressiveL2Integrand filtration mu) (k : ℕ) :
  (globalStoppedProgressiveL2 hUsual eta k).process = globalStoppedIntegrand hUsual eta k
ℹ [9319/9484] Replayed Tests.GlobalStoppedL2Overlap
info: Tests/GlobalStoppedL2Overlap.lean:17:0: AutoSamplingTheory.TechnicalLemmas.StochasticProcesses.GlobalStoppedL2Overlap.dyadicGlobalLocalizingTime_coe_le.{u_1}
  {Omega : Type u_1} {m : MeasurableSpace Omega} {filtration : Filtration ℝ≥0 m} {mu : Measure Omega}
  (hUsual : SatisfiesUsualConditions filtration mu) (eta : GlobalLocalProgressiveL2Integrand filtration mu) {k ell : ℕ}
  (hkell : k ≤ ell) (omega : Omega) :
  ↑(dyadicGlobalLocalizingTime hUsual eta k omega) ≤ ↑(dyadicGlobalLocalizingTime hUsual eta ell omega)
info: Tests/GlobalStoppedL2Overlap.lean:18:0: AutoSamplingTheory.TechnicalLemmas.StochasticProcesses.GlobalStoppedL2Overlap.stopped_globalStoppedIntegrand_eq.{u_1}
  {Omega : Type u_1} {m : MeasurableSpace Omega} {filtration : Filtration ℝ≥0 m} {mu : Measure Omega}
  (hUsual : SatisfiesUsualConditions filtration mu) (eta : GlobalLocalProgressiveL2Integrand filtration mu) {k ell : ℕ}
  (hkell : k ≤ ell) :
  (Localization.stoppedIntegrand (globalStoppedIntegrand hUsual eta ell) fun omega =>
      ↑(dyadicGlobalLocalizingTime hUsual eta k omega)) =
    globalStoppedIntegrand hUsual eta k
info: Tests/GlobalStoppedL2Overlap.lean:19:0: AutoSamplingTheory.TechnicalLemmas.StochasticProcesses.GlobalStoppedL2Overlap.stop_globalStoppedProgressiveL2_process.{u_1}
  {Omega : Type u_1} {m : MeasurableSpace Omega} {filtration : Filtration ℝ≥0 m} {mu : Measure Omega}
  [IsProbabilityMeasure mu] (hUsual : SatisfiesUsualConditions filtration mu)
  (eta : GlobalLocalProgressiveL2Integrand filtration mu) {k ell : ℕ} (hkell : k ≤ ell) :
  (ProgressiveL2Stopping.stop (globalStoppedProgressiveL2 hUsual eta ell)
        (fun omega => ↑(dyadicGlobalLocalizingTime hUsual eta k omega)) ⋯).process =
    globalStoppedIntegrand hUsual eta k
info: Tests/GlobalStoppedL2Overlap.lean:20:0: AutoSamplingTheory.TechnicalLemmas.StochasticProcesses.GlobalStoppedL2Overlap.stop_globalStopped_toLp_eq_extendByZero.{u_1}
  {Omega : Type u_1} {m : MeasurableSpace Omega} {filtration : Filtration ℝ≥0 m} {mu : Measure Omega}
  [IsProbabilityMeasure mu] (hUsual : SatisfiesUsualConditions filtration mu)
  (eta : GlobalLocalProgressiveL2Integrand filtration mu) {k ell : ℕ} (hkell : k ≤ ell) :
  (ProgressiveL2Stopping.stop (globalStoppedProgressiveL2 hUsual eta ell)
        (fun omega => ↑(dyadicGlobalLocalizingTime hUsual eta k omega)) ⋯).toLp =
    (ProgressiveL2HorizonExtension.extendByZero (globalStoppedProgressiveL2 hUsual eta k) ⋯).toLp
ℹ [9320/9484] Replayed Tests.GlobalStoppedItoMartingale
info: Tests/GlobalStoppedItoMartingale.lean:18:0: AutoSamplingTheory.TechnicalLemmas.StochasticProcesses.GlobalStoppedItoMartingale.globalStoppedItoProcess.{u_1}
  {Omega : Type u_1} {m : MeasurableSpace Omega} {filtration : Filtration ℝ≥0 m} {mu : Measure Omega}
  {B : ℝ≥0 → Omega → ℝ} [IsProbabilityMeasure mu] (hUsual : SatisfiesUsualConditions filtration mu)
  (eta : GlobalLocalProgressiveL2Integrand filtration mu) (hB : IsBrownianMotionWithFiltration B filtration mu)
  (k : ℕ) : ℝ≥0 → Omega → ℝ
info: Tests/GlobalStoppedItoMartingale.lean:19:0: AutoSamplingTheory.TechnicalLemmas.StochasticProcesses.GlobalStoppedItoMartingale.globalStoppedItoProcess_stronglyAdapted.{u_1}
  {Omega : Type u_1} {m : MeasurableSpace Omega} {filtration : Filtration ℝ≥0 m} {mu : Measure Omega}
  {B : ℝ≥0 → Omega → ℝ} [IsProbabilityMeasure mu] (hUsual : SatisfiesUsualConditions filtration mu)
  (eta : GlobalLocalProgressiveL2Integrand filtration mu) (hB : IsBrownianMotionWithFiltration B filtration mu)
  (k : ℕ) : StronglyAdapted filtration (globalStoppedItoProcess hUsual eta hB k)
info: Tests/GlobalStoppedItoMartingale.lean:20:0: AutoSamplingTheory.TechnicalLemmas.StochasticProcesses.GlobalStoppedItoMartingale.globalStoppedItoProcess_martingale.{u_1}
  {Omega : Type u_1} {m : MeasurableSpace Omega} {filtration : Filtration ℝ≥0 m} {mu : Measure Omega}
  {B : ℝ≥0 → Omega → ℝ} [IsProbabilityMeasure mu] (hUsual : SatisfiesUsualConditions filtration mu)
  (eta : GlobalLocalProgressiveL2Integrand filtration mu) (hB : IsBrownianMotionWithFiltration B filtration mu)
  (k : ℕ) : Martingale (globalStoppedItoProcess hUsual eta hB k) filtration mu
info: Tests/GlobalStoppedItoMartingale.lean:21:0: AutoSamplingTheory.TechnicalLemmas.StochasticProcesses.GlobalStoppedItoMartingale.globalStoppedItoProcess_continuous.{u_1}
  {Omega : Type u_1} {m : MeasurableSpace Omega} {filtration : Filtration ℝ≥0 m} {mu : Measure Omega}
  {B : ℝ≥0 → Omega → ℝ} [IsProbabilityMeasure mu] (hUsual : SatisfiesUsualConditions filtration mu)
  (eta : GlobalLocalProgressiveL2Integrand filtration mu) (hB : IsBrownianMotionWithFiltration B filtration mu) (k : ℕ)
  (omega : Omega) : Continuous fun t => globalStoppedItoProcess hUsual eta hB k t omega
info: Tests/GlobalStoppedItoMartingale.lean:22:0: AutoSamplingTheory.TechnicalLemmas.StochasticProcesses.GlobalStoppedItoMartingale.globalStoppedItoProcess_zero.{u_1}
  {Omega : Type u_1} {m : MeasurableSpace Omega} {filtration : Filtration ℝ≥0 m} {mu : Measure Omega}
  {B : ℝ≥0 → Omega → ℝ} [IsProbabilityMeasure mu] (hUsual : SatisfiesUsualConditions filtration mu)
  (eta : GlobalLocalProgressiveL2Integrand filtration mu) (hB : IsBrownianMotionWithFiltration B filtration mu)
  (k : ℕ) : globalStoppedItoProcess hUsual eta hB k 0 = 0
info: Tests/GlobalStoppedItoMartingale.lean:23:0: AutoSamplingTheory.TechnicalLemmas.StochasticProcesses.GlobalStoppedItoMartingale.globalStoppedItoProcess_overlap_pathwise_ae.{u_1}
  {Omega : Type u_1} {m : MeasurableSpace Omega} {filtration : Filtration ℝ≥0 m} {mu : Measure Omega}
  {B : ℝ≥0 → Omega → ℝ} [IsProbabilityMeasure mu] (hUsual : SatisfiesUsualConditions filtration mu)
  (eta : GlobalLocalProgressiveL2Integrand filtration mu) (hB : IsBrownianMotionWithFiltration B filtration mu)
  {k ell : ℕ} (hkell : k ≤ ell) :
  ∀ᵐ (omega : Omega) ∂mu,
    ∀ t ∈ Icc 0 (dyadicHorizon k),
      globalStoppedItoProcess hUsual eta hB k t omega =
        stoppedProcess (globalStoppedItoProcess hUsual eta hB ell)
          (fun w => ↑(dyadicGlobalLocalizingTime hUsual eta k w)) t omega
info: Tests/GlobalStoppedItoMartingale.lean:24:0: AutoSamplingTheory.TechnicalLemmas.StochasticProcesses.GlobalStoppedItoMartingale.globalStoppedItoProcess_eq_of_le_localizer_ae.{u_1}
  {Omega : Type u_1} {m : MeasurableSpace Omega} {filtration : Filtration ℝ≥0 m} {mu : Measure Omega}
  {B : ℝ≥0 → Omega → ℝ} [IsProbabilityMeasure mu] (hUsual : SatisfiesUsualConditions filtration mu)
  (eta : GlobalLocalProgressiveL2Integrand filtration mu) (hB : IsBrownianMotionWithFiltration B filtration mu)
  {k ell : ℕ} (hkell : k ≤ ell) :
  ∀ᵐ (omega : Omega) ∂mu,
    ∀ t ≤ dyadicGlobalLocalizingTime hUsual eta k omega,
      globalStoppedItoProcess hUsual eta hB k t omega = globalStoppedItoProcess hUsual eta hB ell t omega
info: Tests/GlobalStoppedItoMartingale.lean:25:0: AutoSamplingTheory.TechnicalLemmas.StochasticProcesses.GlobalStoppedItoMartingale.stopped_globalStoppedItoProcess_martingale.{u_1}
  {Omega : Type u_1} {m : MeasurableSpace Omega} {filtration : Filtration ℝ≥0 m} {mu : Measure Omega}
  {B : ℝ≥0 → Omega → ℝ} [IsProbabilityMeasure mu] (hUsual : SatisfiesUsualConditions filtration mu)
  (eta : GlobalLocalProgressiveL2Integrand filtration mu) (hB : IsBrownianMotionWithFiltration B filtration mu)
  (k : ℕ) :
  Martingale
    (stoppedProcess (globalStoppedItoProcess hUsual eta hB k) fun w => ↑(dyadicGlobalLocalizingTime hUsual eta k w))
    filtration mu
ℹ [9321/9484] Replayed Tests.GlobalItoProcessGluing
info: Tests/GlobalItoProcessGluing.lean:17:0: AutoSamplingTheory.TechnicalLemmas.StochasticProcesses.GlobalItoProcessGluing.globalItoGluingGoodSet.{u_1}
  {Omega : Type u_1} {m : MeasurableSpace Omega} {filtration : Filtration ℝ≥0 m} {mu : Measure Omega}
  {B : ℝ≥0 → Omega → ℝ} [IsProbabilityMeasure mu] (hUsual : SatisfiesUsualConditions filtration mu)
  (eta : GlobalLocalProgressiveL2Integrand filtration mu) (hB : IsBrownianMotionWithFiltration B filtration mu) :
  Set Omega
info: Tests/GlobalItoProcessGluing.lean:18:0: AutoSamplingTheory.TechnicalLemmas.StochasticProcesses.GlobalItoProcessGluing.globalItoGluingGoodSet_ae.{u_1}
  {Omega : Type u_1} {m : MeasurableSpace Omega} {filtration : Filtration ℝ≥0 m} {mu : Measure Omega}
  {B : ℝ≥0 → Omega → ℝ} [IsProbabilityMeasure mu] (hUsual : SatisfiesUsualConditions filtration mu)
  (eta : GlobalLocalProgressiveL2Integrand filtration mu) (hB : IsBrownianMotionWithFiltration B filtration mu) :
  ∀ᵐ (omega : Omega) ∂mu, omega ∈ globalItoGluingGoodSet hUsual eta hB
info: Tests/GlobalItoProcessGluing.lean:19:0: AutoSamplingTheory.TechnicalLemmas.StochasticProcesses.GlobalItoProcessGluing.rawGlobalItoProcess.{u_1}
  {Omega : Type u_1} {m : MeasurableSpace Omega} {filtration : Filtration ℝ≥0 m} {mu : Measure Omega}
  {B : ℝ≥0 → Omega → ℝ} [IsProbabilityMeasure mu] (hUsual : SatisfiesUsualConditions filtration mu)
  (eta : GlobalLocalProgressiveL2Integrand filtration mu) (hB : IsBrownianMotionWithFiltration B filtration mu)
  (t : ℝ≥0) (omega : Omega) : ℝ
info: Tests/GlobalItoProcessGluing.lean:20:0: AutoSamplingTheory.TechnicalLemmas.StochasticProcesses.GlobalItoProcessGluing.globalItoProcess.{u_1} {Omega : Type u_1}
  {m : MeasurableSpace Omega} {filtration : Filtration ℝ≥0 m} {mu : Measure Omega} {B : ℝ≥0 → Omega → ℝ}
  [IsProbabilityMeasure mu] (hUsual : SatisfiesUsualConditions filtration mu)
  (eta : GlobalLocalProgressiveL2Integrand filtration mu) (hB : IsBrownianMotionWithFiltration B filtration mu) :
  ℝ≥0 → Omega → ℝ
info: Tests/GlobalItoProcessGluing.lean:21:0: AutoSamplingTheory.TechnicalLemmas.StochasticProcesses.GlobalItoProcessGluing.globalItoProcess_stronglyAdapted.{u_1}
  {Omega : Type u_1} {m : MeasurableSpace Omega} {filtration : Filtration ℝ≥0 m} {mu : Measure Omega}
  {B : ℝ≥0 → Omega → ℝ} [IsProbabilityMeasure mu] (hUsual : SatisfiesUsualConditions filtration mu)
  (eta : GlobalLocalProgressiveL2Integrand filtration mu) (hB : IsBrownianMotionWithFiltration B filtration mu) :
  StronglyAdapted filtration (globalItoProcess hUsual eta hB)
info: Tests/GlobalItoProcessGluing.lean:22:0: AutoSamplingTheory.TechnicalLemmas.StochasticProcesses.GlobalItoProcessGluing.globalItoProcess_continuous.{u_1}
  {Omega : Type u_1} {m : MeasurableSpace Omega} {filtration : Filtration ℝ≥0 m} {mu : Measure Omega}
  {B : ℝ≥0 → Omega → ℝ} [IsProbabilityMeasure mu] (hUsual : SatisfiesUsualConditions filtration mu)
  (eta : GlobalLocalProgressiveL2Integrand filtration mu) (hB : IsBrownianMotionWithFiltration B filtration mu)
  (omega : Omega) : Continuous fun t => globalItoProcess hUsual eta hB t omega
info: Tests/GlobalItoProcessGluing.lean:23:0: AutoSamplingTheory.TechnicalLemmas.StochasticProcesses.GlobalItoProcessGluing.globalItoProcess_zero.{u_1}
  {Omega : Type u_1} {m : MeasurableSpace Omega} {filtration : Filtration ℝ≥0 m} {mu : Measure Omega}
  {B : ℝ≥0 → Omega → ℝ} [IsProbabilityMeasure mu] (hUsual : SatisfiesUsualConditions filtration mu)
  (eta : GlobalLocalProgressiveL2Integrand filtration mu) (hB : IsBrownianMotionWithFiltration B filtration mu) :
  globalItoProcess hUsual eta hB 0 = 0
info: Tests/GlobalItoProcessGluing.lean:24:0: AutoSamplingTheory.TechnicalLemmas.StochasticProcesses.GlobalItoProcessGluing.stopped_globalItoProcess_martingale.{u_1}
  {Omega : Type u_1} {m : MeasurableSpace Omega} {filtration : Filtration ℝ≥0 m} {mu : Measure Omega}
  {B : ℝ≥0 → Omega → ℝ} [IsProbabilityMeasure mu] (hUsual : SatisfiesUsualConditions filtration mu)
  (eta : GlobalLocalProgressiveL2Integrand filtration mu) (hB : IsBrownianMotionWithFiltration B filtration mu)
  (k : ℕ) :
  Martingale
    (stoppedProcess (globalItoProcess hUsual eta hB) fun w =>
      ↑(DyadicGlobalHorizon.dyadicGlobalLocalizingTime hUsual eta k w))
    filtration mu
info: Tests/GlobalItoProcessGluing.lean:25:0: AutoSamplingTheory.TechnicalLemmas.StochasticProcesses.GlobalItoProcessGluing.globalItoProcess_isLocalMartingale.{u_1}
  {Omega : Type u_1} {m : MeasurableSpace Omega} {filtration : Filtration ℝ≥0 m} {mu : Measure Omega}
  {B : ℝ≥0 → Omega → ℝ} [IsProbabilityMeasure mu] (hUsual : SatisfiesUsualConditions filtration mu)
  (eta : GlobalLocalProgressiveL2Integrand filtration mu) (hB : IsBrownianMotionWithFiltration B filtration mu) :
  Localization.IsLocalMartingale (globalItoProcess hUsual eta hB) filtration mu
ℹ [9322/9484] Replayed Tests.ChewiProposition1_1_16
info: Tests/ChewiProposition1_1_16.lean:18:0: AutoSamplingTheory.TechnicalLemmas.StochasticProcesses.ChewiProposition1_1_16.chewi_proposition_1_1_16.{u_1}
  {Omega : Type u_1} {m : MeasurableSpace Omega} {filtration : Filtration ℝ≥0 m} {mu : Measure Omega}
  {B : ℝ≥0 → Omega → ℝ} [IsProbabilityMeasure mu] (hUsual : SatisfiesUsualConditions filtration mu)
  (eta : GlobalLocalProgressiveL2Integrand filtration mu) (hB : IsBrownianMotionWithFiltration B filtration mu) :
  StronglyAdapted filtration (globalItoProcess hUsual eta hB) ∧
    (∀ (omega : Omega), Continuous fun t => globalItoProcess hUsual eta hB t omega) ∧
      Localization.IsLocalMartingale (globalItoProcess hUsual eta hB) filtration mu
info: Tests/ChewiProposition1_1_16.lean:19:0: AutoSamplingTheory.TechnicalLemmas.StochasticProcesses.ChewiProposition1_1_16.chewi_proposition_1_1_16_stopped_integral_representation.{u_1}
  {Omega : Type u_1} {m : MeasurableSpace Omega} {filtration : Filtration ℝ≥0 m} {mu : Measure Omega}
  {B : ℝ≥0 → Omega → ℝ} [IsProbabilityMeasure mu] (hUsual : SatisfiesUsualConditions filtration mu)
  (eta : GlobalLocalProgressiveL2Integrand filtration mu) (hB : IsBrownianMotionWithFiltration B filtration mu) (k : ℕ)
  {t : ℝ≥0} (ht : t ≤ DyadicGlobalHorizon.dyadicHorizon k) :
  stoppedProcess (globalItoProcess hUsual eta hB)
      (fun omega => ↑(DyadicGlobalHorizon.dyadicGlobalLocalizingTime hUsual eta k omega)) t =ᵐ[mu]
    ItoIntegralProcess.itoIntegralProcess (GlobalStoppedProgressiveL2.globalStoppedProgressiveL2 hUsual eta k) ⋯ hB
      hUsual t
info: Tests/ChewiProposition1_1_16.lean:20:0: AutoSamplingTheory.TechnicalLemmas.StochasticProcesses.ChewiProposition1_1_16.chewi_proposition_1_1_16_localizers.{u_1}
  {Omega : Type u_1} {m : MeasurableSpace Omega} {filtration : Filtration ℝ≥0 m} {mu : Measure Omega}
  {B : ℝ≥0 → Omega → ℝ} [IsProbabilityMeasure mu] (hUsual : SatisfiesUsualConditions filtration mu)
  (eta : GlobalLocalProgressiveL2Integrand filtration mu) (hB : IsBrownianMotionWithFiltration B filtration mu) :
  (∀ (k : ℕ),
      StoppingTime.IsChewiStoppingTime filtration fun omega =>
        ↑(DyadicGlobalHorizon.dyadicGlobalLocalizingTime hUsual eta k omega)) ∧
    (Monotone fun k omega => ↑(DyadicGlobalHorizon.dyadicGlobalLocalizingTime hUsual eta k omega)) ∧
      (∀ᵐ (omega : Omega) ∂mu,
          Filter.Tendsto (fun k => ↑(DyadicGlobalHorizon.dyadicGlobalLocalizingTime hUsual eta k omega)) Filter.atTop
            (nhds ⊤)) ∧
        ∀ (k : ℕ),
          Martingale
            (stoppedProcess (globalItoProcess hUsual eta hB) fun omega =>
              ↑(DyadicGlobalHorizon.dyadicGlobalLocalizingTime hUsual eta k omega))
            filtration mu
ℹ [9323/9484] Replayed Tests.RandomStoppingDyadicApprox
info: Tests/RandomStoppingDyadicApprox.lean:15:0: AutoSamplingTheory.TechnicalLemmas.StochasticProcesses.RandomStoppingDyadicApprox.IsBoundedNNRealStoppingTime.{u_1}
  {Omega : Type u_1} {m : MeasurableSpace Omega} {filtration : Filtration ℝ≥0 m} {T : ℝ≥0} (tau : Omega → ℝ≥0) : Prop
info: Tests/RandomStoppingDyadicApprox.lean:16:0: AutoSamplingTheory.TechnicalLemmas.StochasticProcesses.RandomStoppingDyadicApprox.stopRefined_coeff_eq_rightCutoff.{u_1}
  {Omega : Type u_1} {m : MeasurableSpace Omega} {filtration : Filtration ℝ≥0 m} {T : ℝ≥0}
  (eta : DyadicElementaryProcess filtration T) (tau : Omega → ℝ≥0)
  (htau : IsChewiStoppingTime filtration fun omega => ↑(tau omega)) (htauT : ∀ (omega : Omega), tau omega ≤ T) (n : ℕ)
  (omega : Omega) (homega : 0 < tau omega) (j : Fin (2 ^ stoppingLevel eta n)) :
  (stopElementary (refineDyadic eta (stoppingLevel eta n) ⋯).process (fun w => ↑(tau w)) htau).coeff j omega =
    (stopAtRightApprox eta ⋯ homega ⋯ n).process.coeff j omega
info: Tests/RandomStoppingDyadicApprox.lean:17:0: AutoSamplingTheory.TechnicalLemmas.StochasticProcesses.RandomStoppingDyadicApprox.stopRefined_elementaryItoIntegral_eq_rightApprox.{u_1}
  {Omega : Type u_1} {m : MeasurableSpace Omega} {filtration : Filtration ℝ≥0 m} {T : ℝ≥0}
  (eta : DyadicElementaryProcess filtration T) (tau : Omega → ℝ≥0)
  (htau : IsChewiStoppingTime filtration fun omega => ↑(tau omega)) (htauT : ∀ (omega : Omega), tau omega ≤ T) (n : ℕ)
  (B : ℝ≥0 → Omega → ℝ) (omega : Omega) (homega : 0 < tau omega) :
  elementaryItoIntegral (stopElementary (refineDyadic eta (stoppingLevel eta n) ⋯).process (fun w => ↑(tau w)) htau) B T
      omega =
    elementaryItoIntegral eta.process B (rightApproxTime ⋯ homega ⋯ (stoppingLevel eta n)) omega
info: Tests/RandomStoppingDyadicApprox.lean:18:0: AutoSamplingTheory.TechnicalLemmas.StochasticProcesses.RandomStoppingDyadicApprox.tendsto_rightApproxTime_stoppingValue.{u_1}
  {Omega : Type u_1} {m : MeasurableSpace Omega} {filtration : Filtration ℝ≥0 m} {T : ℝ≥0}
  (eta : DyadicElementaryProcess filtration T) (tau : Omega → ℝ≥0) (htauT : ∀ (omega : Omega), tau omega ≤ T)
  (omega : Omega) (homega : 0 < tau omega) :
  Tendsto (fun n => rightApproxTime ⋯ homega ⋯ (stoppingLevel eta n)) atTop (𝓝 (tau omega))
info: Tests/RandomStoppingDyadicApprox.lean:19:0: AutoSamplingTheory.TechnicalLemmas.StochasticProcesses.RandomStoppingDyadicApprox.tendsto_rightApproxTime_stoppingValue_nhdsWithin.{u_1}
  {Omega : Type u_1} {m : MeasurableSpace Omega} {filtration : Filtration ℝ≥0 m} {T : ℝ≥0}
  (eta : DyadicElementaryProcess filtration T) (tau : Omega → ℝ≥0) (htauT : ∀ (omega : Omega), tau omega ≤ T)
  (omega : Omega) (homega : 0 < tau omega) :
  Tendsto (fun n => rightApproxTime ⋯ homega ⋯ (stoppingLevel eta n)) atTop (𝓝[Set.Icc 0 T] tau omega)
info: Tests/RandomStoppingDyadicApprox.lean:20:0: AutoSamplingTheory.TechnicalLemmas.StochasticProcesses.RandomStoppingDyadicApprox.tendsto_continuousOn_rightApproxTime_stoppingValue.{u_1}
  {Omega : Type u_1} {m : MeasurableSpace Omega} {filtration : Filtration ℝ≥0 m} {T : ℝ≥0}
  (eta : DyadicElementaryProcess filtration T) (tau : Omega → ℝ≥0) (htauT : ∀ (omega : Omega), tau omega ≤ T)
  (M : ℝ≥0 → Omega → ℝ) (omega : Omega) (homega : 0 < tau omega)
  (hcont : ContinuousOn (fun t => M t omega) (Set.Icc 0 T)) :
  Tendsto (fun n => M (rightApproxTime ⋯ homega ⋯ (stoppingLevel eta n)) omega) atTop (𝓝 (M (tau omega) omega))
ℹ [9324/9484] Replayed Tests.RandomStoppingBoundary
info: Tests/RandomStoppingBoundary.lean:15:0: AutoSamplingTheory.TechnicalLemmas.StochasticProcesses.RandomStoppingBoundary.stopRefined_coeff_eq_zero_of_stoppingValue_eq_zero.{u_1}
  {Omega : Type u_1} {m : MeasurableSpace Omega} {filtration : Filtration ℝ≥0 m} {T : ℝ≥0}
  (eta : DyadicElementaryProcess filtration T) (tau : Omega → ℝ≥0)
  (htau : IsChewiStoppingTime filtration fun omega => ↑(tau omega)) (n : ℕ) (omega : Omega) (homega : tau omega = 0)
  (j : Fin (2 ^ DyadicElementaryStopping.stoppingLevel eta n)) :
  (stopElementary (refineDyadic eta (DyadicElementaryStopping.stoppingLevel eta n) ⋯).process (fun w => ↑(tau w))
          htau).coeff
      j omega =
    0
info: Tests/RandomStoppingBoundary.lean:16:0: AutoSamplingTheory.TechnicalLemmas.StochasticProcesses.RandomStoppingBoundary.stopRefined_elementaryItoIntegral_eq_zero_of_stoppingValue_eq_zero.{u_1}
  {Omega : Type u_1} {m : MeasurableSpace Omega} {filtration : Filtration ℝ≥0 m} {T : ℝ≥0}
  (eta : DyadicElementaryProcess filtration T) (tau : Omega → ℝ≥0)
  (htau : IsChewiStoppingTime filtration fun omega => ↑(tau omega)) (n : ℕ) (B : ℝ≥0 → Omega → ℝ) (omega : Omega)
  (homega : tau omega = 0) :
  elementaryItoIntegral
      (stopElementary (refineDyadic eta (DyadicElementaryStopping.stoppingLevel eta n) ⋯).process (fun w => ↑(tau w))
        htau)
      B T omega =
    0
info: Tests/RandomStoppingBoundary.lean:17:0: AutoSamplingTheory.TechnicalLemmas.StochasticProcesses.RandomStoppingBoundary.tendsto_stopRefined_elementaryItoIntegral.{u_1}
  {Omega : Type u_1} {m : MeasurableSpace Omega} {filtration : Filtration ℝ≥0 m} {T : ℝ≥0}
  (eta : DyadicElementaryProcess filtration T) (tau : Omega → ℝ≥0)
  (htau : IsChewiStoppingTime filtration fun omega => ↑(tau omega)) (htauT : ∀ (omega : Omega), tau omega ≤ T)
  (B : ℝ≥0 → Omega → ℝ) (omega : Omega)
  (hcont : ContinuousOn (fun t => elementaryItoIntegral eta.process B t omega) (Set.Icc 0 T)) :
  Tendsto
    (fun n =>
      elementaryItoIntegral
        (stopElementary (refineDyadic eta (DyadicElementaryStopping.stoppingLevel eta n) ⋯).process (fun w => ↑(tau w))
          htau)
        B T omega)
    atTop (𝓝 (elementaryItoIntegral eta.process B (tau omega) omega))
ℹ [9325/9484] Replayed Tests.BoundedStoppedItoMean
info: Tests/BoundedStoppedItoMean.lean:16:0: AutoSamplingTheory.TechnicalLemmas.StochasticProcesses.BoundedStoppedItoMean.itoIntegralProcess_at_boundedStopping_integrable.{u_1}
  {Omega : Type u_1} {m : MeasurableSpace Omega} {filtration : Filtration ℝ≥0 m} {mu : Measure Omega} {T : ℝ≥0}
  {B : ℝ≥0 → Omega → ℝ} [IsFiniteMeasure mu] (eta : ProgressiveL2Integrand filtration mu T) (hT : 0 < T)
  (tau : Omega → ℝ≥0) (htau : IsChewiStoppingTime filtration fun omega => ↑(tau omega))
  (htauT : ∀ (omega : Omega), tau omega ≤ T) (hB : IsBrownianMotionWithFiltration B filtration mu)
  (hUsual : SatisfiesUsualConditions filtration mu) :
  Integrable (fun omega => itoIntegralProcess eta hT hB hUsual (tau omega) omega) mu
info: Tests/BoundedStoppedItoMean.lean:17:0: AutoSamplingTheory.TechnicalLemmas.StochasticProcesses.BoundedStoppedItoMean.integral_itoIntegralProcess_at_boundedStopping_eq_zero.{u_1}
  {Omega : Type u_1} {m : MeasurableSpace Omega} {filtration : Filtration ℝ≥0 m} {mu : Measure Omega} {T : ℝ≥0}
  {B : ℝ≥0 → Omega → ℝ} [IsFiniteMeasure mu] (eta : ProgressiveL2Integrand filtration mu T) (hT : 0 < T)
  (tau : Omega → ℝ≥0) (htau : IsChewiStoppingTime filtration fun omega => ↑(tau omega))
  (htauT : ∀ (omega : Omega), tau omega ≤ T) (hB : IsBrownianMotionWithFiltration B filtration mu)
  (hUsual : SatisfiesUsualConditions filtration mu) :
  ∫ (omega : Omega), itoIntegralProcess eta hT hB hUsual (tau omega) omega ∂mu = 0
ℹ [9326/9484] Replayed Tests.RandomStoppingProcessApprox
info: Tests/RandomStoppingProcessApprox.lean:14:0: AutoSamplingTheory.TechnicalLemmas.StochasticProcesses.RandomStoppingProcessApprox.stopRefinedDyadic.{u_1}
  {Omega : Type u_1} {m : MeasurableSpace Omega} {filtration : Filtration ℝ≥0 m} {T : ℝ≥0}
  (eta : DyadicElementaryProcess filtration T) (tau : Omega → ℝ≥0)
  (htau : IsChewiStoppingTime filtration fun omega => ↑(tau omega)) (n : ℕ) : DyadicElementaryProcess filtration T
info: Tests/RandomStoppingProcessApprox.lean:15:0: AutoSamplingTheory.TechnicalLemmas.StochasticProcesses.RandomStoppingProcessApprox.stopRefinedDyadic_value_eq_rightApprox.{u_1}
  {Omega : Type u_1} {m : MeasurableSpace Omega} {filtration : Filtration ℝ≥0 m} {T : ℝ≥0}
  (eta : DyadicElementaryProcess filtration T) (tau : Omega → ℝ≥0)
  (htau : IsChewiStoppingTime filtration fun omega => ↑(tau omega)) (htauT : ∀ (omega : Omega), tau omega ≤ T) (n : ℕ)
  (omega : Omega) (homega : 0 < tau omega) (s : ℝ≥0) :
  (stopRefinedDyadic eta tau htau n).process.value s omega = (stopAtRightApprox eta ⋯ homega ⋯ n).process.value s omega
info: Tests/RandomStoppingProcessApprox.lean:16:0: AutoSamplingTheory.TechnicalLemmas.StochasticProcesses.RandomStoppingProcessApprox.stopRefinedDyadic_value_eq_zero_of_stoppingValue_eq_zero.{u_1}
  {Omega : Type u_1} {m : MeasurableSpace Omega} {filtration : Filtration ℝ≥0 m} {T : ℝ≥0}
  (eta : DyadicElementaryProcess filtration T) (tau : Omega → ℝ≥0)
  (htau : IsChewiStoppingTime filtration fun omega => ↑(tau omega)) (n : ℕ) (omega : Omega) (homega : tau omega = 0)
  (s : ℝ≥0) : (stopRefinedDyadic eta tau htau n).process.value s omega = 0
ℹ [9327/9484] Replayed Tests.RandomStoppingIntegrandLimit
info: Tests/RandomStoppingIntegrandLimit.lean:13:0: AutoSamplingTheory.TechnicalLemmas.StochasticProcesses.RandomStoppingIntegrandLimit.tendsto_stopRefinedDyadic_value_stoppedIntegrand.{u_1}
  {Omega : Type u_1} {m : MeasurableSpace Omega} {filtration : Filtration ℝ≥0 m} {T : ℝ≥0}
  (eta : DyadicElementaryProcess filtration T) (tau : Omega → ℝ≥0)
  (htau : IsChewiStoppingTime filtration fun omega => ↑(tau omega)) (htauT : ∀ (omega : Omega), tau omega ≤ T) (s : ℝ≥0)
  (omega : Omega) :
  Tendsto (fun n => (RandomStoppingProcessApprox.stopRefinedDyadic eta tau htau n).process.value s omega) atTop
    (𝓝 (Localization.stoppedIntegrand eta.process.value (fun w => ↑(tau w)) s omega))
ℹ [9328/9484] Replayed Tests.RandomStoppingProgressiveL2
info: Tests/RandomStoppingProgressiveL2.lean:15:0: AutoSamplingTheory.TechnicalLemmas.StochasticProcesses.RandomStoppingProgressiveL2.stoppedIntegrand_stronglyProgressive.{u_1}
  {Omega : Type u_1} {m : MeasurableSpace Omega} {filtration : Filtration ℝ≥0 m} {T : ℝ≥0}
  (eta : DyadicElementaryProcess filtration T) (tau : Omega → ℝ≥0)
  (htau : IsChewiStoppingTime filtration fun omega => ↑(tau omega)) (htauT : ∀ (omega : Omega), tau omega ≤ T) :
  IsStronglyProgressive filtration (Localization.stoppedIntegrand eta.process.value fun w => ↑(tau w))
info: Tests/RandomStoppingProgressiveL2.lean:16:0: AutoSamplingTheory.TechnicalLemmas.StochasticProcesses.RandomStoppingProgressiveL2.stoppedProcessFunction_stronglyMeasurable.{u_1}
  {Omega : Type u_1} {m : MeasurableSpace Omega} {filtration : Filtration ℝ≥0 m} {T : ℝ≥0}
  (eta : DyadicElementaryProcess filtration T) (tau : Omega → ℝ≥0)
  (htau : IsChewiStoppingTime filtration fun omega => ↑(tau omega)) (htauT : ∀ (omega : Omega), tau omega ≤ T) :
  StronglyMeasurable (ProgressiveL2.processFunction (Localization.stoppedIntegrand eta.process.value fun w => ↑(tau w)))
info: Tests/RandomStoppingProgressiveL2.lean:17:0: AutoSamplingTheory.TechnicalLemmas.StochasticProcesses.RandomStoppingProgressiveL2.abs_stoppedIntegrand_le_valueBound.{u_1}
  {Omega : Type u_1} {m : MeasurableSpace Omega} {filtration : Filtration ℝ≥0 m} {T : ℝ≥0}
  (eta : DyadicElementaryProcess filtration T) (tau : Omega → ℝ≥0) (s : ℝ≥0) (omega : Omega) :
  |Localization.stoppedIntegrand eta.process.value (fun w => ↑(tau w)) s omega| ≤
    ElementaryItoEmbedding.valueBound eta.process
info: Tests/RandomStoppingProgressiveL2.lean:18:0: AutoSamplingTheory.TechnicalLemmas.StochasticProcesses.RandomStoppingProgressiveL2.abs_stopRefinedDyadic_value_le_valueBound.{u_1}
  {Omega : Type u_1} {m : MeasurableSpace Omega} {filtration : Filtration ℝ≥0 m} {T : ℝ≥0}
  (eta : DyadicElementaryProcess filtration T) (tau : Omega → ℝ≥0)
  (htau : IsChewiStoppingTime filtration fun omega => ↑(tau omega)) (htauT : ∀ (omega : Omega), tau omega ≤ T) (n : ℕ)
  (s : ℝ≥0) (omega : Omega) :
  |(RandomStoppingProcessApprox.stopRefinedDyadic eta tau htau n).process.value s omega| ≤
    ElementaryItoEmbedding.valueBound eta.process
info: Tests/RandomStoppingProgressiveL2.lean:19:0: AutoSamplingTheory.TechnicalLemmas.StochasticProcesses.RandomStoppingProgressiveL2.stoppedIntegrand_memLp_two.{u_1}
  {Omega : Type u_1} {m : MeasurableSpace Omega} {filtration : Filtration ℝ≥0 m} {mu : Measure Omega} {T : ℝ≥0}
  [IsFiniteMeasure mu] (eta : DyadicElementaryProcess filtration T) (tau : Omega → ℝ≥0)
  (htau : IsChewiStoppingTime filtration fun omega => ↑(tau omega)) (htauT : ∀ (omega : Omega), tau omega ≤ T) :
  MemLp (ProgressiveL2.processFunction (Localization.stoppedIntegrand eta.process.value fun w => ↑(tau w))) 2
    (ElementaryItoIntegral.processTimeMeasure mu T)
info: Tests/RandomStoppingProgressiveL2.lean:20:0: AutoSamplingTheory.TechnicalLemmas.StochasticProcesses.RandomStoppingProgressiveL2.stoppedProgressiveL2.{u_1}
  {Omega : Type u_1} {m : MeasurableSpace Omega} {filtration : Filtration ℝ≥0 m} {mu : Measure Omega} {T : ℝ≥0}
  [IsFiniteMeasure mu] (eta : DyadicElementaryProcess filtration T) (tau : Omega → ℝ≥0)
  (htau : IsChewiStoppingTime filtration fun omega => ↑(tau omega)) (htauT : ∀ (omega : Omega), tau omega ≤ T) :
  ProgressiveL2.ProgressiveL2Integrand filtration mu T
info: Tests/RandomStoppingProgressiveL2.lean:21:0: AutoSamplingTheory.TechnicalLemmas.StochasticProcesses.RandomStoppingProgressiveL2.stoppedProgressiveL2_process.{u_1}
  {Omega : Type u_1} {m : MeasurableSpace Omega} {filtration : Filtration ℝ≥0 m} {mu : Measure Omega} {T : ℝ≥0}
  [IsFiniteMeasure mu] (eta : DyadicElementaryProcess filtration T) (tau : Omega → ℝ≥0)
  (htau : IsChewiStoppingTime filtration fun omega => ↑(tau omega)) (htauT : ∀ (omega : Omega), tau omega ≤ T) :
  (stoppedProgressiveL2 eta tau htau htauT).process = Localization.stoppedIntegrand eta.process.value fun w => ↑(tau w)
ℹ [9329/9484] Replayed Tests.RandomStoppingL2Convergence
info: Tests/RandomStoppingL2Convergence.lean:14:0: AutoSamplingTheory.TechnicalLemmas.StochasticProcesses.RandomStoppingL2Convergence.valueBound_nonneg.{u_1}
  {Omega : Type u_1} {m : MeasurableSpace Omega} {filtration : Filtration ℝ≥0 m} {T : ℝ≥0}
  (eta : DyadicElementaryProcess filtration T) : 0 ≤ ElementaryItoEmbedding.valueBound eta.process
info: Tests/RandomStoppingL2Convergence.lean:15:0: AutoSamplingTheory.TechnicalLemmas.StochasticProcesses.RandomStoppingL2Convergence.abs_stopRefinedDyadic_sub_stoppedIntegrand_le.{u_1}
  {Omega : Type u_1} {m : MeasurableSpace Omega} {filtration : Filtration ℝ≥0 m} {T : ℝ≥0}
  (eta : DyadicElementaryProcess filtration T) (tau : Omega → ℝ≥0)
  (htau : IsChewiStoppingTime filtration fun omega => ↑(tau omega)) (htauT : ∀ (omega : Omega), tau omega ≤ T) (n : ℕ)
  (s : ℝ≥0) (omega : Omega) :
  |(RandomStoppingProcessApprox.stopRefinedDyadic eta tau htau n).process.value s omega -
        Localization.stoppedIntegrand eta.process.value (fun w => ↑(tau w)) s omega| ≤
    2 * ElementaryItoEmbedding.valueBound eta.process
info: Tests/RandomStoppingL2Convergence.lean:16:0: AutoSamplingTheory.TechnicalLemmas.StochasticProcesses.RandomStoppingL2Convergence.tendsto_integral_sq_stopRefinedDyadic_sub.{u_1}
  {Omega : Type u_1} {m : MeasurableSpace Omega} {filtration : Filtration ℝ≥0 m} {mu : Measure Omega} {T : ℝ≥0}
  [IsFiniteMeasure mu] (eta : DyadicElementaryProcess filtration T) (tau : Omega → ℝ≥0)
  (htau : IsChewiStoppingTime filtration fun omega => ↑(tau omega)) (htauT : ∀ (omega : Omega), tau omega ≤ T) :
  Tendsto
    (fun n =>
      ∫ (z : Omega × ℝ≥0),
        ((RandomStoppingProcessApprox.stopRefinedDyadic eta tau htau n).process.value z.2 z.1 -
            Localization.stoppedIntegrand eta.process.value (fun w => ↑(tau w)) z.2 z.1) ^
          2 ∂ElementaryItoIntegral.processTimeMeasure mu T)
    atTop (𝓝 0)
info: Tests/RandomStoppingL2Convergence.lean:17:0: AutoSamplingTheory.TechnicalLemmas.StochasticProcesses.RandomStoppingL2Convergence.tendsto_stopRefinedDyadic_toLp.{u_1}
  {Omega : Type u_1} {m : MeasurableSpace Omega} {filtration : Filtration ℝ≥0 m} {mu : Measure Omega} {T : ℝ≥0}
  [IsFiniteMeasure mu] (eta : DyadicElementaryProcess filtration T) (tau : Omega → ℝ≥0)
  (htau : IsChewiStoppingTime filtration fun omega => ↑(tau omega)) (htauT : ∀ (omega : Omega), tau omega ≤ T) :
  Tendsto (fun n => (RandomStoppingProcessApprox.stopRefinedDyadic eta tau htau n).toLp mu) atTop
    (𝓝 (stoppedProgressiveL2 eta tau htau htauT).toLp)
ℹ [9330/9484] Replayed Tests.RandomStoppingItoTerminal
info: Tests/RandomStoppingItoTerminal.lean:16:0: AutoSamplingTheory.TechnicalLemmas.StochasticProcesses.RandomStoppingItoTerminal.tendsto_stopRefinedDyadic_terminalToLp.{u_1}
  {Omega : Type u_1} {m : MeasurableSpace Omega} {filtration : Filtration ℝ≥0 m} {mu : Measure Omega} {T : ℝ≥0}
  {B : ℝ≥0 → Omega → ℝ} [IsFiniteMeasure mu] (eta : DyadicElementaryProcess filtration T) (tau : Omega → ℝ≥0)
  (htau : IsChewiStoppingTime filtration fun omega => ↑(tau omega)) (htauT : ∀ (omega : Omega), tau omega ≤ T)
  (hT : 0 < T) (hB : IsBrownianMotionWithFiltration B filtration mu) :
  Filter.Tendsto
    (fun n => DyadicElementaryRefinement.terminalToLp (RandomStoppingProcessApprox.stopRefinedDyadic eta tau htau n) hB)
    Filter.atTop
    (nhds
      (ItoTerminalCompletion.itoIntegralTerminal (RandomStoppingProgressiveL2.stoppedProgressiveL2 eta tau htau htauT)
        hT hB))
info: Tests/RandomStoppingItoTerminal.lean:17:0: AutoSamplingTheory.TechnicalLemmas.StochasticProcesses.RandomStoppingItoTerminal.itoIntegralTerminal_stopped_elementary_ae.{u_1}
  {Omega : Type u_1} {m : MeasurableSpace Omega} {filtration : Filtration ℝ≥0 m} {mu : Measure Omega} {T : ℝ≥0}
  {B : ℝ≥0 → Omega → ℝ} [IsFiniteMeasure mu] (eta : DyadicElementaryProcess filtration T) (tau : Omega → ℝ≥0)
  (htau : IsChewiStoppingTime filtration fun omega => ↑(tau omega)) (htauT : ∀ (omega : Omega), tau omega ≤ T)
  (hT : 0 < T) (hB : IsBrownianMotionWithFiltration B filtration mu) :
  (fun omega =>
      ↑↑(ItoTerminalCompletion.itoIntegralTerminal (RandomStoppingProgressiveL2.stoppedProgressiveL2 eta tau htau htauT)
              hT hB)
        omega) =ᵐ[mu]
    fun omega => ElementaryItoIntegral.elementaryItoIntegral eta.process B (tau omega) omega
ℹ [9331/9484] Replayed Tests.RandomStoppingL2Contraction
info: Tests/RandomStoppingL2Contraction.lean:15:0: AutoSamplingTheory.TechnicalLemmas.StochasticProcesses.RandomStoppingL2Contraction.stoppingSet.{u_1} {Omega : Type u_1}
  (tau : Omega → WithTop ℝ≥0) : Set (Omega × ℝ≥0)
info: Tests/RandomStoppingL2Contraction.lean:16:0: AutoSamplingTheory.TechnicalLemmas.StochasticProcesses.RandomStoppingL2Contraction.processFunction_stoppedIntegrand_eq_indicator.{u_1}
  {Omega : Type u_1} (eta : ℝ≥0 → Omega → ℝ) (tau : Omega → WithTop ℝ≥0) :
  processFunction (Localization.stoppedIntegrand eta tau) = (stoppingSet tau).indicator (processFunction eta)
info: Tests/RandomStoppingL2Contraction.lean:17:0: AutoSamplingTheory.TechnicalLemmas.StochasticProcesses.RandomStoppingL2Contraction.norm_stopped_sub_le.{u_1}
  {Omega : Type u_1} {m : MeasurableSpace Omega} {filtration : Filtration ℝ≥0 m} {mu : Measure Omega} {T : ℝ≥0}
  (eta xi etaStop xiStop : ProgressiveL2Integrand filtration mu T) (tau : Omega → WithTop ℝ≥0)
  (hetaStop :
    processFunction etaStop.process =ᵐ[ElementaryItoIntegral.processTimeMeasure mu T]
      processFunction (Localization.stoppedIntegrand eta.process tau))
  (hxiStop :
    processFunction xiStop.process =ᵐ[ElementaryItoIntegral.processTimeMeasure mu T]
      processFunction (Localization.stoppedIntegrand xi.process tau)) :
  ‖etaStop.toLp - xiStop.toLp‖ ≤ ‖eta.toLp - xi.toLp‖
info: Tests/RandomStoppingL2Contraction.lean:18:0: AutoSamplingTheory.TechnicalLemmas.StochasticProcesses.RandomStoppingL2Contraction.norm_stoppedElementary_sub_target_le.{u_1}
  {Omega : Type u_1} {m : MeasurableSpace Omega} {filtration : Filtration ℝ≥0 m} {mu : Measure Omega} {T : ℝ≥0}
  [IsFiniteMeasure mu] (eta target : ProgressiveL2Integrand filtration mu T) (q : DyadicElementaryProcess filtration T)
  (tau : Omega → ℝ≥0) (htau : StoppingTime.IsChewiStoppingTime filtration fun omega => ↑(tau omega))
  (htauT : ∀ (omega : Omega), tau omega ≤ T)
  (htarget :
    processFunction target.process =ᵐ[ElementaryItoIntegral.processTimeMeasure mu T]
      processFunction (Localization.stoppedIntegrand eta.process fun w => ↑(tau w))) :
  ‖(RandomStoppingProgressiveL2.stoppedProgressiveL2 q tau htau htauT).toLp - target.toLp‖ ≤ ‖q.toLp mu - eta.toLp‖
info: Tests/RandomStoppingL2Contraction.lean:19:0: AutoSamplingTheory.TechnicalLemmas.StochasticProcesses.RandomStoppingL2Contraction.tendsto_stoppedCanonicalApprox_toLp.{u_1}
  {Omega : Type u_1} {m : MeasurableSpace Omega} {filtration : Filtration ℝ≥0 m} {mu : Measure Omega} {T : ℝ≥0}
  [IsFiniteMeasure mu] (eta target : ProgressiveL2Integrand filtration mu T) (hT : 0 < T) (tau : Omega → ℝ≥0)
  (htau : StoppingTime.IsChewiStoppingTime filtration fun omega => ↑(tau omega))
  (htauT : ∀ (omega : Omega), tau omega ≤ T)
  (htarget :
    processFunction target.process =ᵐ[ElementaryItoIntegral.processTimeMeasure mu T]
      processFunction (Localization.stoppedIntegrand eta.process fun w => ↑(tau w))) :
  Filter.Tendsto
    (fun n =>
      (RandomStoppingProgressiveL2.stoppedProgressiveL2 (canonicalElementaryApprox eta hT n) tau htau htauT).toLp)
    Filter.atTop (nhds target.toLp)
ℹ [9332/9484] Replayed Tests.RandomStoppingGeneralIto
info: Tests/RandomStoppingGeneralIto.lean:16:0: AutoSamplingTheory.TechnicalLemmas.StochasticProcesses.RandomStoppingGeneralIto.tendsto_stoppedCanonical_toLp.{u_1}
  {Omega : Type u_1} {m : MeasurableSpace Omega} {filtration : Filtration ℝ≥0 m} {mu : Measure Omega} {T : ℝ≥0}
  [IsFiniteMeasure mu] (eta : ProgressiveL2Integrand filtration mu T) (hT : 0 < T) (tau : Omega → ℝ≥0)
  (htau : IsChewiStoppingTime filtration fun omega => ↑(tau omega)) (htauT : ∀ (omega : Omega), tau omega ≤ T) :
  Filter.Tendsto
    (fun n =>
      (RandomStoppingProgressiveL2.stoppedProgressiveL2 (ProgressiveL2Density.canonicalElementaryApprox eta hT n) tau
          htau htauT).toLp)
    Filter.atTop (nhds (stop eta (fun omega => ↑(tau omega)) htau).toLp)
info: Tests/RandomStoppingGeneralIto.lean:17:0: AutoSamplingTheory.TechnicalLemmas.StochasticProcesses.RandomStoppingGeneralIto.tendsto_stoppedCanonical_terminal.{u_1}
  {Omega : Type u_1} {m : MeasurableSpace Omega} {filtration : Filtration ℝ≥0 m} {mu : Measure Omega} {T : ℝ≥0}
  {B : ℝ≥0 → Omega → ℝ} [IsFiniteMeasure mu] (eta : ProgressiveL2Integrand filtration mu T) (hT : 0 < T)
  (tau : Omega → ℝ≥0) (htau : IsChewiStoppingTime filtration fun omega => ↑(tau omega))
  (htauT : ∀ (omega : Omega), tau omega ≤ T) (hB : IsBrownianMotionWithFiltration B filtration mu) :
  Filter.Tendsto
    (fun n =>
      ItoTerminalCompletion.itoIntegralTerminal
        (RandomStoppingProgressiveL2.stoppedProgressiveL2 (ProgressiveL2Density.canonicalElementaryApprox eta hT n) tau
          htau htauT)
        hT hB)
    Filter.atTop (nhds (ItoTerminalCompletion.itoIntegralTerminal (stop eta (fun omega => ↑(tau omega)) htau) hT hB))
info: Tests/RandomStoppingGeneralIto.lean:18:0: AutoSamplingTheory.TechnicalLemmas.StochasticProcesses.RandomStoppingGeneralIto.itoIntegralTerminal_stop_ae.{u_1}
  {Omega : Type u_1} {m : MeasurableSpace Omega} {filtration : Filtration ℝ≥0 m} {mu : Measure Omega} {T : ℝ≥0}
  {B : ℝ≥0 → Omega → ℝ} [IsFiniteMeasure mu] (eta : ProgressiveL2Integrand filtration mu T) (hT : 0 < T)
  (tau : Omega → ℝ≥0) (htau : IsChewiStoppingTime filtration fun omega => ↑(tau omega))
  (htauT : ∀ (omega : Omega), tau omega ≤ T) (hB : IsBrownianMotionWithFiltration B filtration mu)
  (hUsual : SatisfiesUsualConditions filtration mu) :
  (fun omega => ↑↑(ItoTerminalCompletion.itoIntegralTerminal (stop eta (fun w => ↑(tau w)) htau) hT hB) omega) =ᵐ[mu]
    fun omega => ItoIntegralProcess.itoIntegralProcess eta hT hB hUsual (tau omega) omega
ℹ [9333/9484] Replayed Tests.RandomStoppingProcessConsistency
info: Tests/RandomStoppingProcessConsistency.lean:18:0: AutoSamplingTheory.TechnicalLemmas.StochasticProcesses.RandomStoppingProcessConsistency.ae_time_ne.{u_1}
  {Omega : Type u_1} {m : MeasurableSpace Omega} {mu : Measure Omega} {T : ℝ≥0} (t : ℝ≥0) :
  ∀ᵐ (z : Omega × ℝ≥0) ∂ElementaryItoIntegral.processTimeMeasure mu T, z.2 ≠ t
info: Tests/RandomStoppingProcessConsistency.lean:19:0: AutoSamplingTheory.TechnicalLemmas.StochasticProcesses.RandomStoppingProcessConsistency.minStoppingValue_isChewiStoppingTime.{u_1}
  {Omega : Type u_1} {m : MeasurableSpace Omega} {filtration : Filtration ℝ≥0 m} (tau : Omega → ℝ≥0)
  (htau : IsChewiStoppingTime filtration fun omega => ↑(tau omega)) (t : ℝ≥0) :
  IsChewiStoppingTime filtration fun omega => min ↑(tau omega) ↑t
info: Tests/RandomStoppingProcessConsistency.lean:20:0: AutoSamplingTheory.TechnicalLemmas.StochasticProcesses.RandomStoppingProcessConsistency.restrictAt_stop_toLp_eq_stop_min.{u_1}
  {Omega : Type u_1} {m : MeasurableSpace Omega} {filtration : Filtration ℝ≥0 m} {mu : Measure Omega} {T : ℝ≥0}
  (eta : ProgressiveL2Integrand filtration mu T) (tau : Omega → ℝ≥0)
  (htau : IsChewiStoppingTime filtration fun omega => ↑(tau omega)) (t : ℝ≥0) :
  ((stop eta (fun omega => ↑(tau omega)) htau).restrictAt t).toLp = (stop eta (fun omega => min ↑(tau omega) ↑t) ⋯).toLp
info: Tests/RandomStoppingProcessConsistency.lean:21:0: AutoSamplingTheory.TechnicalLemmas.StochasticProcesses.RandomStoppingProcessConsistency.itoIntegralProcess_stop_ae.{u_1}
  {Omega : Type u_1} {m : MeasurableSpace Omega} {filtration : Filtration ℝ≥0 m} {mu : Measure Omega} {T : ℝ≥0}
  {B : ℝ≥0 → Omega → ℝ} [IsFiniteMeasure mu] (eta : ProgressiveL2Integrand filtration mu T) (hT : 0 < T)
  (tau : Omega → ℝ≥0) (htau : IsChewiStoppingTime filtration fun omega => ↑(tau omega))
  (htauT : ∀ (omega : Omega), tau omega ≤ T) (hB : IsBrownianMotionWithFiltration B filtration mu)
  (hUsual : SatisfiesUsualConditions filtration mu) {t : ℝ≥0} (htT : t ≤ T) :
  ItoIntegralProcess.itoIntegralProcess (stop eta (fun omega => ↑(tau omega)) htau) hT hB hUsual t =ᵐ[mu] fun omega =>
    ItoIntegralProcess.itoIntegralProcess eta hT hB hUsual (min (tau omega) t) omega
info: Tests/RandomStoppingProcessConsistency.lean:22:0: AutoSamplingTheory.TechnicalLemmas.StochasticProcesses.RandomStoppingProcessConsistency.itoIntegralProcess_stop_eq_stoppedProcess_ae.{u_1}
  {Omega : Type u_1} {m : MeasurableSpace Omega} {filtration : Filtration ℝ≥0 m} {mu : Measure Omega} {T : ℝ≥0}
  {B : ℝ≥0 → Omega → ℝ} [IsFiniteMeasure mu] (eta : ProgressiveL2Integrand filtration mu T) (hT : 0 < T)
  (tau : Omega → ℝ≥0) (htau : IsChewiStoppingTime filtration fun omega => ↑(tau omega))
  (htauT : ∀ (omega : Omega), tau omega ≤ T) (hB : IsBrownianMotionWithFiltration B filtration mu)
  (hUsual : SatisfiesUsualConditions filtration mu) {t : ℝ≥0} (htT : t ≤ T) :
  ItoIntegralProcess.itoIntegralProcess (stop eta (fun omega => ↑(tau omega)) htau) hT hB hUsual t =ᵐ[mu]
    stoppedProcess (ItoIntegralProcess.itoIntegralProcess eta hT hB hUsual) (fun omega => ↑(tau omega)) t
info: Tests/RandomStoppingProcessConsistency.lean:23:0: AutoSamplingTheory.TechnicalLemmas.StochasticProcesses.RandomStoppingProcessConsistency.stoppedProcess_coe_apply.{u_1}
  {Omega : Type u_1} (u : ℝ≥0 → Omega → ℝ) (tau : Omega → ℝ≥0) (t : ℝ≥0) (omega : Omega) :
  stoppedProcess u (fun w => ↑(tau w)) t omega = u (min t (tau omega)) omega
info: Tests/RandomStoppingProcessConsistency.lean:24:0: AutoSamplingTheory.TechnicalLemmas.StochasticProcesses.RandomStoppingProcessConsistency.itoIntegralProcess_stop_eq_stoppedProcess_pathwise_ae.{u_1}
  {Omega : Type u_1} {m : MeasurableSpace Omega} {filtration : Filtration ℝ≥0 m} {mu : Measure Omega} {T : ℝ≥0}
  {B : ℝ≥0 → Omega → ℝ} [IsFiniteMeasure mu] (eta : ProgressiveL2Integrand filtration mu T) (hT : 0 < T)
  (tau : Omega → ℝ≥0) (htau : IsChewiStoppingTime filtration fun omega => ↑(tau omega))
  (htauT : ∀ (omega : Omega), tau omega ≤ T) (hB : IsBrownianMotionWithFiltration B filtration mu)
  (hUsual : SatisfiesUsualConditions filtration mu) :
  ∀ᵐ (omega : Omega) ∂mu,
    ∀ t ∈ Icc 0 T,
      ItoIntegralProcess.itoIntegralProcess (stop eta (fun omega => ↑(tau omega)) htau) hT hB hUsual t omega =
        stoppedProcess (ItoIntegralProcess.itoIntegralProcess eta hT hB hUsual) (fun omega => ↑(tau omega)) t omega
ℹ [9334/9484] Replayed Tests.Reversibility
info: Tests/Reversibility.lean:12:0: AutoSamplingTheory.TechnicalLemmas.StochasticProcesses.Reversibility.IsReversible.{u_1} {H : Type u_1}
  [NormedAddCommGroup H] [InnerProductSpace ℝ H] (S : ContinuousLinearSemigroup H) : Prop
ℹ [9335/9484] Replayed Tests.SampledElementaryApproximation
info: Tests/SampledElementaryApproximation.lean:7:0: AutoSamplingTheory.TechnicalLemmas.StochasticProcesses.SampledElementaryApproximation.regularGridTimes (delta : NNReal)
  (cellCount : ℕ) : Fin (cellCount + 1) → NNReal
info: Tests/SampledElementaryApproximation.lean:8:0: AutoSamplingTheory.TechnicalLemmas.StochasticProcesses.SampledElementaryApproximation.regularGridTimes_strictMono
  {delta : NNReal} (hdelta : 0 < delta) (cellCount : ℕ) : StrictMono (regularGridTimes delta cellCount)
info: Tests/SampledElementaryApproximation.lean:9:0: AutoSamplingTheory.TechnicalLemmas.StochasticProcesses.SampledElementaryApproximation.sampledClipped.{u_1}
  {Omega : Type u_1} {m : MeasurableSpace Omega} {filtration : MeasureTheory.Filtration NNReal m}
  {mu : MeasureTheory.Measure Omega} {T : NNReal}
  (eta : TechnicalLemmas.StochasticProcesses.ProgressiveL2.ProgressiveL2Integrand filtration mu T) (cellCount : ℕ)
  (delta : NNReal) (hdelta : 0 < delta) (truncationLevel : ℕ) :
  TechnicalLemmas.StochasticProcesses.ElementaryItoIntegral.ElementaryAdaptedProcess filtration cellCount
info: Tests/SampledElementaryApproximation.lean:10:0: AutoSamplingTheory.TechnicalLemmas.StochasticProcesses.SampledElementaryApproximation.sampledClipped_coeff_abs_le.{u_1}
  {Omega : Type u_1} {m : MeasurableSpace Omega} {filtration : MeasureTheory.Filtration NNReal m}
  {mu : MeasureTheory.Measure Omega} {T : NNReal}
  (eta : TechnicalLemmas.StochasticProcesses.ProgressiveL2.ProgressiveL2Integrand filtration mu T) (cellCount : ℕ)
  (delta : NNReal) (hdelta : 0 < delta) (truncationLevel : ℕ) (i : Fin cellCount) (omega : Omega) :
  |(sampledClipped eta cellCount delta hdelta truncationLevel).coeff i omega| ≤ ↑truncationLevel
info: Tests/SampledElementaryApproximation.lean:11:0: AutoSamplingTheory.TechnicalLemmas.StochasticProcesses.SampledElementaryApproximation.dyadicMesh (T : NNReal)
  (level : ℕ) : NNReal
info: Tests/SampledElementaryApproximation.lean:12:0: AutoSamplingTheory.TechnicalLemmas.StochasticProcesses.SampledElementaryApproximation.dyadicMesh_pos {T : NNReal}
  (hT : 0 < T) (level : ℕ) : 0 < dyadicMesh T level
info: Tests/SampledElementaryApproximation.lean:13:0: AutoSamplingTheory.TechnicalLemmas.StochasticProcesses.SampledElementaryApproximation.sampledClippedDyadic.{u_1}
  {Omega : Type u_1} {m : MeasurableSpace Omega} {filtration : MeasureTheory.Filtration NNReal m}
  {mu : MeasureTheory.Measure Omega} {T : NNReal}
  (eta : TechnicalLemmas.StochasticProcesses.ProgressiveL2.ProgressiveL2Integrand filtration mu T) (hT : 0 < T)
  (level truncationLevel : ℕ) :
  TechnicalLemmas.StochasticProcesses.ElementaryItoIntegral.ElementaryAdaptedProcess filtration (2 ^ level)
info: Tests/SampledElementaryApproximation.lean:14:0: AutoSamplingTheory.TechnicalLemmas.StochasticProcesses.SampledElementaryApproximation.sampledClippedDyadic_last_time.{u_1}
  {Omega : Type u_1} {m : MeasurableSpace Omega} {filtration : MeasureTheory.Filtration NNReal m}
  {mu : MeasureTheory.Measure Omega} {T : NNReal}
  (eta : TechnicalLemmas.StochasticProcesses.ProgressiveL2.ProgressiveL2Integrand filtration mu T) (hT : 0 < T)
  (level truncationLevel : ℕ) : (sampledClippedDyadic eta hT level truncationLevel).times (Fin.last (2 ^ level)) = T
ℹ [9340/9484] Replayed Tests.StoppingTime
info: Tests/StoppingTime.lean:9:0: AutoSamplingTheory.TechnicalLemmas.StochasticProcesses.StoppingTime.IsChewiStoppingTime.{u_1} {Ω : Type u_1}
  {m : MeasurableSpace Ω} (filtration : Filtration ℝ≥0 m) (τ : Ω → WithTop ℝ≥0) : Prop
info: Tests/StoppingTime.lean:10:0: AutoSamplingTheory.TechnicalLemmas.StochasticProcesses.StoppingTime.IsChewiStoppingTime.min.{u_1} {Ω : Type u_1}
  {m : MeasurableSpace Ω} {filtration : Filtration ℝ≥0 m} {τ σ : Ω → WithTop ℝ≥0}
  (hτ : IsChewiStoppingTime filtration τ) (hσ : IsChewiStoppingTime filtration σ) :
  IsChewiStoppingTime filtration (τ ⊓ σ)
info: Tests/StoppingTime.lean:11:0: AutoSamplingTheory.TechnicalLemmas.StochasticProcesses.StoppingTime.IsChewiStoppingTime.min_const.{u_1} {Ω : Type u_1}
  {m : MeasurableSpace Ω} {filtration : Filtration ℝ≥0 m} {τ : Ω → WithTop ℝ≥0} (hτ : IsChewiStoppingTime filtration τ)
  (T : ℝ≥0) : IsChewiStoppingTime filtration (τ ⊓ fun x => ↑T)
info: Tests/StoppingTime.lean:12:0: AutoSamplingTheory.TechnicalLemmas.StochasticProcesses.StoppingTime.stoppedProcess_stoppedProcess_inf.{u_1, u_2}
  {Ω : Type u_1} {β : Type u_2} (u : ℝ≥0 → Ω → β) (τ σ : Ω → WithTop ℝ≥0) :
  stoppedProcess (stoppedProcess u τ) σ = stoppedProcess u (σ ⊓ τ)
info: Tests/StoppingTime.lean:13:0: AutoSamplingTheory.TechnicalLemmas.StochasticProcesses.StoppingTime.stoppedProcess_stoppedProcess_of_le.{u_1, u_2}
  {Ω : Type u_1} {β : Type u_2} (u : ℝ≥0 → Ω → β) {τ σ : Ω → WithTop ℝ≥0} (hστ : σ ≤ τ) :
  stoppedProcess (stoppedProcess u τ) σ = stoppedProcess u σ
ℹ [9341/9484] Replayed Tests.TimeMeasureRealBridge
info: Tests/TimeMeasureRealBridge.lean:6:0: AutoSamplingTheory.TechnicalLemmas.StochasticProcesses.TimeMeasureRealBridge.realZeroExtension (f : ℝ≥0 → ℝ) : ℝ → ℝ
info: Tests/TimeMeasureRealBridge.lean:7:0: AutoSamplingTheory.TechnicalLemmas.StochasticProcesses.TimeMeasureRealBridge.realZeroExtension_measurable {f : ℝ≥0 → ℝ}
  (hf : Measurable f) : Measurable (TimeMeasureRealBridge.realZeroExtension f)
info: Tests/TimeMeasureRealBridge.lean:8:0: AutoSamplingTheory.TechnicalLemmas.StochasticProcesses.TimeMeasureRealBridge.realZeroExtension_stronglyMeasurable
  {f : ℝ≥0 → ℝ} (hf : StronglyMeasurable f) : StronglyMeasurable (TimeMeasureRealBridge.realZeroExtension f)
info: Tests/TimeMeasureRealBridge.lean:9:0: AutoSamplingTheory.TechnicalLemmas.StochasticProcesses.TimeMeasureRealBridge.realZeroExtension_coe (f : ℝ≥0 → ℝ)
  (t : ℝ≥0) : TimeMeasureRealBridge.realZeroExtension f ↑t = f t
info: Tests/TimeMeasureRealBridge.lean:10:0: AutoSamplingTheory.TechnicalLemmas.StochasticProcesses.TimeMeasureRealBridge.realZeroExtension_eq_zero_of_neg
  (f : ℝ≥0 → ℝ) {r : ℝ} (hr : r < 0) : TimeMeasureRealBridge.realZeroExtension f r = 0
info: Tests/TimeMeasureRealBridge.lean:11:0: AutoSamplingTheory.TechnicalLemmas.StochasticProcesses.TimeMeasureRealBridge.map_restrict_upTo_Ioc {a b T : ℝ≥0}
  (_hab : a ≤ b) (hbT : b ≤ T) :
  Measure.map NNReal.toReal ((TimeMeasure.upTo T).restrict (Ioc a b)) = volume.restrict (Ioc ↑a ↑b)
info: Tests/TimeMeasureRealBridge.lean:12:0: AutoSamplingTheory.TechnicalLemmas.StochasticProcesses.TimeMeasureRealBridge.integral_upTo_restrict_Ioc_eq_real
  (f : ℝ≥0 → ℝ) {a b T : ℝ≥0} (hab : a ≤ b) (hbT : b ≤ T) :
  ∫ (s : ℝ≥0) in Ioc a b, f s ∂TimeMeasure.upTo T = ∫ (r : ℝ) in ↑a..↑b, TimeMeasureRealBridge.realZeroExtension f r
info: Tests/TimeMeasureRealBridge.lean:13:0: AutoSamplingTheory.TechnicalLemmas.StochasticProcesses.TimeMeasureRealBridge.ae_restrict_upTo_Ioc_iff_real
  (p : ℝ≥0 → Prop) {a b T : ℝ≥0} (hab : a ≤ b) (hbT : b ≤ T) :
  (∀ᵐ (s : ℝ≥0) ∂(TimeMeasure.upTo T).restrict (Ioc a b), p s) ↔ ∀ᵐ (r : ℝ) ∂volume.restrict (Ioc ↑a ↑b), p r.toNNReal
info: Tests/TimeMeasureRealBridge.lean:14:0: AutoSamplingTheory.TechnicalLemmas.StochasticProcesses.TimeMeasureRealBridge.ae_prod_restrict_upTo_of_forall_ae.{u_1}
  {Omega : Type u_1} {m : MeasurableSpace Omega} {mu : Measure Omega} {p : Omega × ℝ≥0 → Prop} {a b T : ℝ≥0}
  (hp : MeasurableSet {z | p z})
  (h : ∀ (omega : Omega), ∀ᵐ (s : ℝ≥0) ∂(TimeMeasure.upTo T).restrict (Ioc a b), p (omega, s)) :
  ∀ᵐ (z : Omega × ℝ≥0) ∂mu.prod ((TimeMeasure.upTo T).restrict (Ioc a b)), p z
info: Tests/TimeMeasureRealBridge.lean:15:0: AutoSamplingTheory.TechnicalLemmas.StochasticProcesses.TimeMeasureRealBridge.realClippedSection.{u_1} {Omega : Type u_1}
  {m : MeasurableSpace Omega} {filtration : Filtration ℝ≥0 m} {mu : Measure Omega} {T : ℝ≥0}
  (eta : ProgressiveL2.ProgressiveL2Integrand filtration mu T) (truncationLevel : ℕ) (omega : Omega) : ℝ → ℝ
info: Tests/TimeMeasureRealBridge.lean:16:0: AutoSamplingTheory.TechnicalLemmas.StochasticProcesses.TimeMeasureRealBridge.realClippedSection_coe.{u_1}
  {Omega : Type u_1} {m : MeasurableSpace Omega} {filtration : Filtration ℝ≥0 m} {mu : Measure Omega} {T : ℝ≥0}
  (eta : ProgressiveL2.ProgressiveL2Integrand filtration mu T) (truncationLevel : ℕ) (omega : Omega) {s : ℝ≥0}
  (hsT : s ≤ T) :
  TimeMeasureRealBridge.realClippedSection eta truncationLevel omega ↑s =
    (ProgressiveL2Truncation.clipped eta truncationLevel).process s omega
info: Tests/TimeMeasureRealBridge.lean:17:0: AutoSamplingTheory.TechnicalLemmas.StochasticProcesses.TimeMeasureRealBridge.realClippedSection_eq_zero_of_neg.{u_1}
  {Omega : Type u_1} {m : MeasurableSpace Omega} {filtration : Filtration ℝ≥0 m} {mu : Measure Omega} {T : ℝ≥0}
  (eta : ProgressiveL2.ProgressiveL2Integrand filtration mu T) (truncationLevel : ℕ) (omega : Omega) {r : ℝ}
  (hr : r < 0) : TimeMeasureRealBridge.realClippedSection eta truncationLevel omega r = 0
info: Tests/TimeMeasureRealBridge.lean:18:0: AutoSamplingTheory.TechnicalLemmas.StochasticProcesses.TimeMeasureRealBridge.realClippedSection_eq_zero_of_T_lt.{u_1}
  {Omega : Type u_1} {m : MeasurableSpace Omega} {filtration : Filtration ℝ≥0 m} {mu : Measure Omega} {T : ℝ≥0}
  (eta : ProgressiveL2.ProgressiveL2Integrand filtration mu T) (truncationLevel : ℕ) (omega : Omega) {r : ℝ}
  (hr : ↑T < r) : TimeMeasureRealBridge.realClippedSection eta truncationLevel omega r = 0
info: Tests/TimeMeasureRealBridge.lean:19:0: AutoSamplingTheory.TechnicalLemmas.StochasticProcesses.TimeMeasureRealBridge.realClippedSection_abs_le.{u_1}
  {Omega : Type u_1} {m : MeasurableSpace Omega} {filtration : Filtration ℝ≥0 m} {mu : Measure Omega} {T : ℝ≥0}
  (eta : ProgressiveL2.ProgressiveL2Integrand filtration mu T) (truncationLevel : ℕ) (omega : Omega) (r : ℝ) :
  |TimeMeasureRealBridge.realClippedSection eta truncationLevel omega r| ≤ ↑truncationLevel
info: Tests/TimeMeasureRealBridge.lean:20:0: AutoSamplingTheory.TechnicalLemmas.StochasticProcesses.TimeMeasureRealBridge.realClippedSection_stronglyMeasurable.{u_1}
  {Omega : Type u_1} {m : MeasurableSpace Omega} {filtration : Filtration ℝ≥0 m} {mu : Measure Omega} {T : ℝ≥0}
  (eta : ProgressiveL2.ProgressiveL2Integrand filtration mu T) (truncationLevel : ℕ) (omega : Omega) :
  StronglyMeasurable (TimeMeasureRealBridge.realClippedSection eta truncationLevel omega)
info: Tests/TimeMeasureRealBridge.lean:21:0: AutoSamplingTheory.TechnicalLemmas.StochasticProcesses.TimeMeasureRealBridge.realClippedSection_locallyIntegrable.{u_1}
  {Omega : Type u_1} {m : MeasurableSpace Omega} {filtration : Filtration ℝ≥0 m} {mu : Measure Omega} {T : ℝ≥0}
  (eta : ProgressiveL2.ProgressiveL2Integrand filtration mu T) (truncationLevel : ℕ) (omega : Omega) :
  LocallyIntegrable (TimeMeasureRealBridge.realClippedSection eta truncationLevel omega) volume
info: Tests/TimeMeasureRealBridge.lean:22:0: AutoSamplingTheory.TechnicalLemmas.StochasticProcesses.TimeMeasure.upTo_univ (T : ℝ≥0) : (TimeMeasure.upTo T) univ = ↑T
info: Tests/TimeMeasureRealBridge.lean:23:0: AutoSamplingTheory.TechnicalLemmas.StochasticProcesses.TimeMeasure.upTo_singleton (T t : ℝ≥0) :
  (TimeMeasure.upTo T) {t} = 0
info: Tests/TimeMeasureRealBridge.lean:24:0: AutoSamplingTheory.TechnicalLemmas.StochasticProcesses.TimeMeasure.ae_mem_Ioc_zero_upTo (T : ℝ≥0) :
  ∀ᵐ (t : ℝ≥0) ∂TimeMeasure.upTo T, t ∈ Ioc 0 T
info: Tests/TimeMeasureRealBridge.lean:25:0: AutoSamplingTheory.TechnicalLemmas.StochasticProcesses.TimeMeasure.restrict_upTo_Ioc_zero (T : ℝ≥0) :
  (TimeMeasure.upTo T).restrict (Ioc 0 T) = TimeMeasure.upTo T
ℹ [9342/9484] Replayed Tests.Transport
info: Tests/Transport.lean:9:0: AutoSamplingTheory.TechnicalLemmas.Measure.Transport.transportCost.{u_1, u_2} {α : Type u_1} {β : Type u_2}
  [MeasurableSpace α] [MeasurableSpace β] (c : α × β → ℝ≥0∞) (μ : Measure α) (ν : Measure β) : ℝ≥0∞
info: Tests/Transport.lean:10:0: AutoSamplingTheory.TechnicalLemmas.Measure.Transport.transportCost_eq_sInf.{u_1, u_2} {α : Type u_1} {β : Type u_2}
  [MeasurableSpace α] [MeasurableSpace β] (c : α × β → ℝ≥0∞) (μ : Measure α) (ν : Measure β) :
  transportCost c μ ν = sInf {r | ∃ γ ∈ couplingSet μ ν, r = ∫⁻ (z : α × β), c z ∂γ}
info: Tests/Transport.lean:11:0: AutoSamplingTheory.TechnicalLemmas.Measure.Transport.transportCost_le_lintegral_of_isCoupling.{u_1, u_2} {α : Type u_1}
  {β : Type u_2} [MeasurableSpace α] [MeasurableSpace β] (c : α × β → ℝ≥0∞) (μ : Measure α) (ν : Measure β)
  (γ : Measure (α × β)) (hγ : IsCoupling γ μ ν) : transportCost c μ ν ≤ ∫⁻ (z : α × β), c z ∂γ
info: Tests/Transport.lean:12:0: AutoSamplingTheory.TechnicalLemmas.Measure.Transport.exists_isCoupling_lintegral_lt_of_transportCost_lt.{u_1, u_2}
  {α : Type u_1} {β : Type u_2} [MeasurableSpace α] [MeasurableSpace β] (c : α × β → ℝ≥0∞) (μ : Measure α)
  (ν : Measure β) {r : ℝ≥0∞} (h : transportCost c μ ν < r) : ∃ γ, IsCoupling γ μ ν ∧ ∫⁻ (z : α × β), c z ∂γ < r
ℹ [9343/9484] Replayed Tests.WassersteinSpace
info: Tests/WassersteinSpace.lean:9:0: AutoSamplingTheory.TechnicalLemmas.Measure.WassersteinSpace.IsAbsolutelyContinuousFiniteSecondMoment.{u_1}
  {E : Type u_1} [NormedAddCommGroup E] [InnerProductSpace ℝ E] [FiniteDimensional ℝ E] [MeasurableSpace E]
  [BorelSpace E] (μ : Measure E) : Prop
info: Tests/WassersteinSpace.lean:10:0: AutoSamplingTheory.TechnicalLemmas.Measure.WassersteinSpace.wassersteinDistance.{u_1} {E : Type u_1}
  [NormedAddCommGroup E] [MeasurableSpace E] (μ ν : Measure E) : ℝ≥0∞
info: Tests/WassersteinSpace.lean:11:0: AutoSamplingTheory.TechnicalLemmas.Measure.WassersteinSpace.wassersteinDistance_sq.{u_1} {E : Type u_1}
  [NormedAddCommGroup E] [MeasurableSpace E] (μ ν : Measure E) :
  wassersteinDistance μ ν ^ 2 = TechnicalLemmas.Measure.Transport.transportCost quadraticCost μ ν
info: Tests/WassersteinSpace.lean:12:0: AutoSamplingTheory.TechnicalLemmas.Measure.WassersteinSpace.wassersteinDistance_sq_le_lintegral_of_isCoupling.{u_1}
  {E : Type u_1} [NormedAddCommGroup E] [MeasurableSpace E] (μ ν : Measure E) (γ : Measure (E × E))
  (hγ : TechnicalLemmas.Measure.Transport.IsCoupling γ μ ν) :
  wassersteinDistance μ ν ^ 2 ≤ ∫⁻ (z : E × E), quadraticCost z ∂γ
info: Tests/WassersteinSpace.lean:13:0: AutoSamplingTheory.TechnicalLemmas.Measure.WassersteinSpace.exists_isCoupling_sqrt_lintegral_lt_of_wassersteinDistance_lt.{u_1}
  {E : Type u_1} [NormedAddCommGroup E] [MeasurableSpace E] (μ ν : Measure E) {r : ℝ≥0∞}
  (h : wassersteinDistance μ ν < r) :
  ∃ γ, TechnicalLemmas.Measure.Transport.IsCoupling γ μ ν ∧ (∫⁻ (z : E × E), quadraticCost z ∂γ) ^ (1 / 2) < r
ℹ [9344/9484] Replayed Tests.AccumulatedEnergy
info: Tests/AccumulatedEnergy.lean:7:0: AutoSamplingTheory.TechnicalLemmas.StochasticProcesses.AccumulatedEnergy.accumulatedEnergy.{u_1} {Omega : Type u_1}
  [MeasurableSpace Omega] (eta : NNReal → Omega → ℝ) (T t : NNReal) (omega : Omega) : ENNReal
info: Tests/AccumulatedEnergy.lean:8:0: AutoSamplingTheory.TechnicalLemmas.StochasticProcesses.AccumulatedEnergy.accumulatedEnergy_zero.{u_1} {Omega : Type u_1}
  [MeasurableSpace Omega] (eta : NNReal → Omega → ℝ) (T : NNReal) (omega : Omega) : accumulatedEnergy eta T 0 omega = 0
info: Tests/AccumulatedEnergy.lean:9:0: AutoSamplingTheory.TechnicalLemmas.StochasticProcesses.AccumulatedEnergy.accumulatedEnergy_mono.{u_1} {Omega : Type u_1}
  [MeasurableSpace Omega] (eta : NNReal → Omega → ℝ) (T : NNReal) (omega : Omega) {s t : NNReal} (hst : s ≤ t) :
  accumulatedEnergy eta T s omega ≤ accumulatedEnergy eta T t omega
info: Tests/AccumulatedEnergy.lean:10:0: AutoSamplingTheory.TechnicalLemmas.StochasticProcesses.AccumulatedEnergy.accumulatedEnergy_eq_terminal_of_le.{u_1}
  {Omega : Type u_1} [MeasurableSpace Omega] (eta : NNReal → Omega → ℝ) (T t : NNReal) (omega : Omega) (hTt : T ≤ t) :
  accumulatedEnergy eta T t omega = accumulatedEnergy eta T T omega
info: Tests/AccumulatedEnergy.lean:11:0: AutoSamplingTheory.TechnicalLemmas.StochasticProcesses.AccumulatedEnergy.accumulatedEnergy_le_terminal.{u_1}
  {Omega : Type u_1} [MeasurableSpace Omega] (eta : NNReal → Omega → ℝ) (T t : NNReal) (omega : Omega) (htT : t ≤ T) :
  accumulatedEnergy eta T t omega ≤ accumulatedEnergy eta T T omega
info: Tests/AccumulatedEnergy.lean:12:0: AutoSamplingTheory.TechnicalLemmas.StochasticProcesses.AccumulatedEnergy.accumulatedEnergy_nonneg.{u_1}
  {Omega : Type u_1} [MeasurableSpace Omega] (eta : NNReal → Omega → ℝ) (T t : NNReal) (omega : Omega) :
  0 ≤ accumulatedEnergy eta T t omega
ℹ [9345/9484] Replayed Tests.LocalProgressiveL2
info: Tests/LocalProgressiveL2.lean:7:0: AutoSamplingTheory.TechnicalLemmas.StochasticProcesses.LocalProgressiveL2.LocalProgressiveL2Integrand.{u_1}
  {Omega : Type u_1} {m : MeasurableSpace Omega} (filtration : MeasureTheory.Filtration NNReal m)
  (mu : MeasureTheory.Measure Omega) (T : NNReal) : Type u_1
info: Tests/LocalProgressiveL2.lean:8:0: AutoSamplingTheory.TechnicalLemmas.StochasticProcesses.LocalProgressiveL2.squaredExtensionAt.{u_1} {Omega : Type u_1}
  {m : MeasurableSpace Omega} {filtration : MeasureTheory.Filtration NNReal m} {mu : MeasureTheory.Measure Omega}
  {T : NNReal} (eta : LocalProgressiveL2Integrand filtration mu T) (b : NNReal) : NNReal × Omega → ℝ
info: Tests/LocalProgressiveL2.lean:9:0: AutoSamplingTheory.TechnicalLemmas.StochasticProcesses.LocalProgressiveL2.squaredExtensionAt_stronglyMeasurable.{u_1}
  {Omega : Type u_1} {m : MeasurableSpace Omega} {filtration : MeasureTheory.Filtration NNReal m}
  {mu : MeasureTheory.Measure Omega} {T : NNReal} (eta : LocalProgressiveL2Integrand filtration mu T) (b : NNReal) :
  MeasureTheory.StronglyMeasurable (squaredExtensionAt eta b)
info: Tests/LocalProgressiveL2.lean:10:0: AutoSamplingTheory.TechnicalLemmas.StochasticProcesses.LocalProgressiveL2.squaredExtensionAt_apply_of_le.{u_1}
  {Omega : Type u_1} {m : MeasurableSpace Omega} {filtration : MeasureTheory.Filtration NNReal m}
  {mu : MeasureTheory.Measure Omega} {T : NNReal} (eta : LocalProgressiveL2Integrand filtration mu T) {s b : NNReal}
  (hsb : s ≤ b) (omega : Omega) : squaredExtensionAt eta b (s, omega) = eta.process s omega ^ 2
info: Tests/LocalProgressiveL2.lean:11:0: AutoSamplingTheory.TechnicalLemmas.StochasticProcesses.LocalProgressiveL2.accumulatedEnergyReal.{u_1} {Omega : Type u_1}
  {m : MeasurableSpace Omega} {filtration : MeasureTheory.Filtration NNReal m} {mu : MeasureTheory.Measure Omega}
  {T : NNReal} (eta : LocalProgressiveL2Integrand filtration mu T) (t : NNReal) (omega : Omega) : ℝ
info: Tests/LocalProgressiveL2.lean:12:0: AutoSamplingTheory.TechnicalLemmas.StochasticProcesses.LocalProgressiveL2.accumulatedEnergyReal_stronglyMeasurable.{u_1}
  {Omega : Type u_1} {m : MeasurableSpace Omega} {filtration : MeasureTheory.Filtration NNReal m}
  {mu : MeasureTheory.Measure Omega} {T : NNReal} (eta : LocalProgressiveL2Integrand filtration mu T) (t : NNReal) :
  MeasureTheory.StronglyMeasurable (accumulatedEnergyReal eta t)
info: Tests/LocalProgressiveL2.lean:13:0: AutoSamplingTheory.TechnicalLemmas.StochasticProcesses.LocalProgressiveL2.accumulatedEnergyReal_stronglyMeasurable_ambient.{u_1}
  {Omega : Type u_1} {m : MeasurableSpace Omega} {filtration : MeasureTheory.Filtration NNReal m}
  {mu : MeasureTheory.Measure Omega} {T : NNReal} (eta : LocalProgressiveL2Integrand filtration mu T) (t : NNReal) :
  MeasureTheory.StronglyMeasurable (accumulatedEnergyReal eta t)
ℹ [9346/9484] Replayed Tests.PrefixIntegral
info: Tests/PrefixIntegral.lean:8:0: AutoSamplingTheory.TechnicalLemmas.Analysis.PrefixIntegral.prefixIntegral (f : NNReal → ℝ) (T t : NNReal) : ℝ
info: Tests/PrefixIntegral.lean:9:0: AutoSamplingTheory.TechnicalLemmas.Analysis.PrefixIntegral.prefixIntegral_zero (f : NNReal → ℝ) (T : NNReal) :
  prefixIntegral f T 0 = 0
info: Tests/PrefixIntegral.lean:10:0: AutoSamplingTheory.TechnicalLemmas.Analysis.PrefixIntegral.continuous_prefixIntegral {f : NNReal → ℝ} {T : NNReal}
  (hf : Integrable f (TechnicalLemmas.StochasticProcesses.TimeMeasure.upTo T)) : Continuous (prefixIntegral f T)
ℹ [9347/9484] Replayed Tests.EnergyPathContinuity
info: Tests/EnergyPathContinuity.lean:7:0: AutoSamplingTheory.TechnicalLemmas.StochasticProcesses.EnergyPathContinuity.accumulatedEnergyReal_eq_prefixIntegral.{u_1}
  {Omega : Type u_1} {m : MeasurableSpace Omega} {filtration : MeasureTheory.Filtration NNReal m}
  {mu : MeasureTheory.Measure Omega} {T : NNReal}
  (eta : TechnicalLemmas.StochasticProcesses.LocalProgressiveL2.LocalProgressiveL2Integrand filtration mu T)
  (t : NNReal) (omega : Omega) :
  TechnicalLemmas.StochasticProcesses.LocalProgressiveL2.accumulatedEnergyReal eta t omega =
    TechnicalLemmas.Analysis.PrefixIntegral.prefixIntegral (fun s => eta.process s omega ^ 2) T t
info: Tests/EnergyPathContinuity.lean:8:0: AutoSamplingTheory.TechnicalLemmas.StochasticProcesses.EnergyPathContinuity.sectionSquare_aestronglyMeasurable.{u_1}
  {Omega : Type u_1} {m : MeasurableSpace Omega} {filtration : MeasureTheory.Filtration NNReal m}
  {mu : MeasureTheory.Measure Omega} {T : NNReal}
  (eta : TechnicalLemmas.StochasticProcesses.LocalProgressiveL2.LocalProgressiveL2Integrand filtration mu T)
  (omega : Omega) :
  MeasureTheory.AEStronglyMeasurable (fun s => eta.process s omega ^ 2)
    (TechnicalLemmas.StochasticProcesses.TimeMeasure.upTo T)
info: Tests/EnergyPathContinuity.lean:9:0: AutoSamplingTheory.TechnicalLemmas.StochasticProcesses.EnergyPathContinuity.sectionSquare_integrable_ae.{u_1}
  {Omega : Type u_1} {m : MeasurableSpace Omega} {filtration : MeasureTheory.Filtration NNReal m}
  {mu : MeasureTheory.Measure Omega} {T : NNReal}
  (eta : TechnicalLemmas.StochasticProcesses.LocalProgressiveL2.LocalProgressiveL2Integrand filtration mu T) :
  ∀ᵐ (omega : Omega) ∂mu,
    MeasureTheory.Integrable (fun s => eta.process s omega ^ 2) (TechnicalLemmas.StochasticProcesses.TimeMeasure.upTo T)
info: Tests/EnergyPathContinuity.lean:10:0: AutoSamplingTheory.TechnicalLemmas.StochasticProcesses.EnergyPathContinuity.continuous_accumulatedEnergyReal_of_integrable.{u_1}
  {Omega : Type u_1} {m : MeasurableSpace Omega} {filtration : MeasureTheory.Filtration NNReal m}
  {mu : MeasureTheory.Measure Omega} {T : NNReal}
  (eta : TechnicalLemmas.StochasticProcesses.LocalProgressiveL2.LocalProgressiveL2Integrand filtration mu T)
  (omega : Omega)
  (homega :
    MeasureTheory.Integrable (fun s => eta.process s omega ^ 2)
      (TechnicalLemmas.StochasticProcesses.TimeMeasure.upTo T)) :
  Continuous fun t => TechnicalLemmas.StochasticProcesses.LocalProgressiveL2.accumulatedEnergyReal eta t omega
info: Tests/EnergyPathContinuity.lean:11:0: AutoSamplingTheory.TechnicalLemmas.StochasticProcesses.EnergyPathContinuity.continuous_accumulatedEnergyReal_ae.{u_1}
  {Omega : Type u_1} {m : MeasurableSpace Omega} {filtration : MeasureTheory.Filtration NNReal m}
  {mu : MeasureTheory.Measure Omega} {T : NNReal}
  (eta : TechnicalLemmas.StochasticProcesses.LocalProgressiveL2.LocalProgressiveL2Integrand filtration mu T) :
  ∀ᵐ (omega : Omega) ∂mu,
    Continuous fun t => TechnicalLemmas.StochasticProcesses.LocalProgressiveL2.accumulatedEnergyReal eta t omega
ℹ [9348/9484] Replayed Tests.CompletedEnergy
info: Tests/CompletedEnergy.lean:7:0: AutoSamplingTheory.TechnicalLemmas.StochasticProcesses.CompletedEnergy.badEnergySet.{u_1} {Omega : Type u_1}
  {m : MeasurableSpace Omega} {filtration : MeasureTheory.Filtration NNReal m} {mu : MeasureTheory.Measure Omega}
  {T : NNReal}
  (eta : TechnicalLemmas.StochasticProcesses.LocalProgressiveL2.LocalProgressiveL2Integrand filtration mu T) : Set Omega
info: Tests/CompletedEnergy.lean:8:0: AutoSamplingTheory.TechnicalLemmas.StochasticProcesses.CompletedEnergy.measure_badEnergySet_zero.{u_1}
  {Omega : Type u_1} {m : MeasurableSpace Omega} {filtration : MeasureTheory.Filtration NNReal m}
  {mu : MeasureTheory.Measure Omega} {T : NNReal}
  (eta : TechnicalLemmas.StochasticProcesses.LocalProgressiveL2.LocalProgressiveL2Integrand filtration mu T) :
  mu (badEnergySet eta) = 0
info: Tests/CompletedEnergy.lean:9:0: AutoSamplingTheory.TechnicalLemmas.StochasticProcesses.CompletedEnergy.measurableSet_badEnergySet.{u_1}
  {Omega : Type u_1} {m : MeasurableSpace Omega} {filtration : MeasureTheory.Filtration NNReal m}
  {mu : MeasureTheory.Measure Omega} {T : NNReal}
  (hUsual : TechnicalLemmas.StochasticProcesses.ProgressiveL2.SatisfiesUsualConditions filtration mu)
  (eta : TechnicalLemmas.StochasticProcesses.LocalProgressiveL2.LocalProgressiveL2Integrand filtration mu T)
  (t : NNReal) : MeasurableSet (badEnergySet eta)
info: Tests/CompletedEnergy.lean:10:0: AutoSamplingTheory.TechnicalLemmas.StochasticProcesses.CompletedEnergy.completedEnergy.{u_1} {Omega : Type u_1}
  {m : MeasurableSpace Omega} {filtration : MeasureTheory.Filtration NNReal m} {mu : MeasureTheory.Measure Omega}
  {T : NNReal} (hUsual : TechnicalLemmas.StochasticProcesses.ProgressiveL2.SatisfiesUsualConditions filtration mu)
  (eta : TechnicalLemmas.StochasticProcesses.LocalProgressiveL2.LocalProgressiveL2Integrand filtration mu T)
  (t : NNReal) : Omega → ℝ
info: Tests/CompletedEnergy.lean:11:0: AutoSamplingTheory.TechnicalLemmas.StochasticProcesses.CompletedEnergy.completedEnergy_stronglyMeasurable.{u_1}
  {Omega : Type u_1} {m : MeasurableSpace Omega} {filtration : MeasureTheory.Filtration NNReal m}
  {mu : MeasureTheory.Measure Omega} {T : NNReal}
  (hUsual : TechnicalLemmas.StochasticProcesses.ProgressiveL2.SatisfiesUsualConditions filtration mu)
  (eta : TechnicalLemmas.StochasticProcesses.LocalProgressiveL2.LocalProgressiveL2Integrand filtration mu T)
  (t : NNReal) : MeasureTheory.StronglyMeasurable (completedEnergy hUsual eta t)
info: Tests/CompletedEnergy.lean:12:0: AutoSamplingTheory.TechnicalLemmas.StochasticProcesses.CompletedEnergy.continuous_completedEnergy.{u_1}
  {Omega : Type u_1} {m : MeasurableSpace Omega} {filtration : MeasureTheory.Filtration NNReal m}
  {mu : MeasureTheory.Measure Omega} {T : NNReal}
  (hUsual : TechnicalLemmas.StochasticProcesses.ProgressiveL2.SatisfiesUsualConditions filtration mu)
  (eta : TechnicalLemmas.StochasticProcesses.LocalProgressiveL2.LocalProgressiveL2Integrand filtration mu T)
  (omega : Omega) : Continuous fun t => completedEnergy hUsual eta t omega
info: Tests/CompletedEnergy.lean:13:0: AutoSamplingTheory.TechnicalLemmas.StochasticProcesses.CompletedEnergy.monotone_completedEnergy.{u_1} {Omega : Type u_1}
  {m : MeasurableSpace Omega} {filtration : MeasureTheory.Filtration NNReal m} {mu : MeasureTheory.Measure Omega}
  {T : NNReal} (hUsual : TechnicalLemmas.StochasticProcesses.ProgressiveL2.SatisfiesUsualConditions filtration mu)
  (eta : TechnicalLemmas.StochasticProcesses.LocalProgressiveL2.LocalProgressiveL2Integrand filtration mu T)
  (omega : Omega) : Monotone fun t => completedEnergy hUsual eta t omega
info: Tests/CompletedEnergy.lean:14:0: AutoSamplingTheory.TechnicalLemmas.StochasticProcesses.CompletedEnergy.completedEnergy_zero.{u_1} {Omega : Type u_1}
  {m : MeasurableSpace Omega} {filtration : MeasureTheory.Filtration NNReal m} {mu : MeasureTheory.Measure Omega}
  {T : NNReal} (hUsual : TechnicalLemmas.StochasticProcesses.ProgressiveL2.SatisfiesUsualConditions filtration mu)
  (eta : TechnicalLemmas.StochasticProcesses.LocalProgressiveL2.LocalProgressiveL2Integrand filtration mu T)
  (omega : Omega) : completedEnergy hUsual eta 0 omega = 0
info: Tests/CompletedEnergy.lean:15:0: AutoSamplingTheory.TechnicalLemmas.StochasticProcesses.CompletedEnergy.completedEnergy_nonneg.{u_1} {Omega : Type u_1}
  {m : MeasurableSpace Omega} {filtration : MeasureTheory.Filtration NNReal m} {mu : MeasureTheory.Measure Omega}
  {T : NNReal} (hUsual : TechnicalLemmas.StochasticProcesses.ProgressiveL2.SatisfiesUsualConditions filtration mu)
  (eta : TechnicalLemmas.StochasticProcesses.LocalProgressiveL2.LocalProgressiveL2Integrand filtration mu T)
  (t : NNReal) (omega : Omega) : 0 ≤ completedEnergy hUsual eta t omega
info: Tests/CompletedEnergy.lean:16:0: AutoSamplingTheory.TechnicalLemmas.StochasticProcesses.CompletedEnergy.completedEnergy_eq_terminal_of_le.{u_1}
  {Omega : Type u_1} {m : MeasurableSpace Omega} {filtration : MeasureTheory.Filtration NNReal m}
  {mu : MeasureTheory.Measure Omega} {T : NNReal}
  (hUsual : TechnicalLemmas.StochasticProcesses.ProgressiveL2.SatisfiesUsualConditions filtration mu)
  (eta : TechnicalLemmas.StochasticProcesses.LocalProgressiveL2.LocalProgressiveL2Integrand filtration mu T)
  (omega : Omega) {t : NNReal} (hTt : T ≤ t) : completedEnergy hUsual eta t omega = completedEnergy hUsual eta T omega
info: Tests/CompletedEnergy.lean:17:0: AutoSamplingTheory.TechnicalLemmas.StochasticProcesses.CompletedEnergy.measurableSet_completedEnergy_ge.{u_1}
  {Omega : Type u_1} {m : MeasurableSpace Omega} {filtration : MeasureTheory.Filtration NNReal m}
  {mu : MeasureTheory.Measure Omega} {T : NNReal}
  (hUsual : TechnicalLemmas.StochasticProcesses.ProgressiveL2.SatisfiesUsualConditions filtration mu)
  (eta : TechnicalLemmas.StochasticProcesses.LocalProgressiveL2.LocalProgressiveL2Integrand filtration mu T) (c : ℝ)
  (t : NNReal) : MeasurableSet {omega | c ≤ completedEnergy hUsual eta t omega}
ℹ [9349/9484] Replayed Tests.CanonicalEnergyLocalizer
info: Tests/CanonicalEnergyLocalizer.lean:7:0: AutoSamplingTheory.TechnicalLemmas.StochasticProcesses.CanonicalEnergyLocalizer.energyLevelSet.{u_1} {Omega : Type u_1}
  {m : MeasurableSpace Omega} {filtration : MeasureTheory.Filtration NNReal m} {mu : MeasureTheory.Measure Omega}
  {T : NNReal} (hUsual : TechnicalLemmas.StochasticProcesses.ProgressiveL2.SatisfiesUsualConditions filtration mu)
  (eta : TechnicalLemmas.StochasticProcesses.LocalProgressiveL2.LocalProgressiveL2Integrand filtration mu T) (level : ℝ)
  (omega : Omega) : Set NNReal
info: Tests/CanonicalEnergyLocalizer.lean:8:0: AutoSamplingTheory.TechnicalLemmas.StochasticProcesses.CanonicalEnergyLocalizer.isClosed_energyLevelSet.{u_1}
  {Omega : Type u_1} {m : MeasurableSpace Omega} {filtration : MeasureTheory.Filtration NNReal m}
  {mu : MeasureTheory.Measure Omega} {T : NNReal}
  (hUsual : TechnicalLemmas.StochasticProcesses.ProgressiveL2.SatisfiesUsualConditions filtration mu)
  (eta : TechnicalLemmas.StochasticProcesses.LocalProgressiveL2.LocalProgressiveL2Integrand filtration mu T) (level : ℝ)
  (omega : Omega) : IsClosed (energyLevelSet hUsual eta level omega)
info: Tests/CanonicalEnergyLocalizer.lean:9:0: AutoSamplingTheory.TechnicalLemmas.StochasticProcesses.CanonicalEnergyLocalizer.canonicalEnergyLocalizer.{u_1}
  {Omega : Type u_1} {m : MeasurableSpace Omega} {filtration : MeasureTheory.Filtration NNReal m}
  {mu : MeasureTheory.Measure Omega} {T : NNReal}
  (hUsual : TechnicalLemmas.StochasticProcesses.ProgressiveL2.SatisfiesUsualConditions filtration mu)
  (eta : TechnicalLemmas.StochasticProcesses.LocalProgressiveL2.LocalProgressiveL2Integrand filtration mu T) (level : ℝ)
  (omega : Omega) : NNReal
info: Tests/CanonicalEnergyLocalizer.lean:10:0: AutoSamplingTheory.TechnicalLemmas.StochasticProcesses.CanonicalEnergyLocalizer.canonicalEnergyLocalizer_mem.{u_1}
  {Omega : Type u_1} {m : MeasurableSpace Omega} {filtration : MeasureTheory.Filtration NNReal m}
  {mu : MeasureTheory.Measure Omega} {T : NNReal}
  (hUsual : TechnicalLemmas.StochasticProcesses.ProgressiveL2.SatisfiesUsualConditions filtration mu)
  (eta : TechnicalLemmas.StochasticProcesses.LocalProgressiveL2.LocalProgressiveL2Integrand filtration mu T) (level : ℝ)
  (omega : Omega) (hne : (energyLevelSet hUsual eta level omega).Nonempty) :
  canonicalEnergyLocalizer hUsual eta level omega ∈ energyLevelSet hUsual eta level omega
info: Tests/CanonicalEnergyLocalizer.lean:11:0: AutoSamplingTheory.TechnicalLemmas.StochasticProcesses.CanonicalEnergyLocalizer.canonicalEnergyLocalizer_le_iff.{u_1}
  {Omega : Type u_1} {m : MeasurableSpace Omega} {filtration : MeasureTheory.Filtration NNReal m}
  {mu : MeasureTheory.Measure Omega} {T : NNReal}
  (hUsual : TechnicalLemmas.StochasticProcesses.ProgressiveL2.SatisfiesUsualConditions filtration mu)
  (eta : TechnicalLemmas.StochasticProcesses.LocalProgressiveL2.LocalProgressiveL2Integrand filtration mu T) {level : ℝ}
  (hlevel : 0 ≤ level) (omega : Omega) (t : NNReal) :
  canonicalEnergyLocalizer hUsual eta level omega ≤ t ↔
    T ≤ t ∨ level ≤ TechnicalLemmas.StochasticProcesses.CompletedEnergy.completedEnergy hUsual eta t omega
info: Tests/CanonicalEnergyLocalizer.lean:12:0: AutoSamplingTheory.TechnicalLemmas.StochasticProcesses.CanonicalEnergyLocalizer.measurableSet_canonicalEnergyLocalizer_le.{u_1}
  {Omega : Type u_1} {m : MeasurableSpace Omega} {filtration : MeasureTheory.Filtration NNReal m}
  {mu : MeasureTheory.Measure Omega} {T : NNReal}
  (hUsual : TechnicalLemmas.StochasticProcesses.ProgressiveL2.SatisfiesUsualConditions filtration mu)
  (eta : TechnicalLemmas.StochasticProcesses.LocalProgressiveL2.LocalProgressiveL2Integrand filtration mu T) {level : ℝ}
  (hlevel : 0 ≤ level) (t : NNReal) : MeasurableSet {omega | canonicalEnergyLocalizer hUsual eta level omega ≤ t}
info: Tests/CanonicalEnergyLocalizer.lean:13:0: AutoSamplingTheory.TechnicalLemmas.StochasticProcesses.CanonicalEnergyLocalizer.completedEnergy_at_canonical_le.{u_1}
  {Omega : Type u_1} {m : MeasurableSpace Omega} {filtration : MeasureTheory.Filtration NNReal m}
  {mu : MeasureTheory.Measure Omega} {T : NNReal}
  (hUsual : TechnicalLemmas.StochasticProcesses.ProgressiveL2.SatisfiesUsualConditions filtration mu)
  (eta : TechnicalLemmas.StochasticProcesses.LocalProgressiveL2.LocalProgressiveL2Integrand filtration mu T) {level : ℝ}
  (hlevel : 0 ≤ level) (omega : Omega) :
  TechnicalLemmas.StochasticProcesses.CompletedEnergy.completedEnergy hUsual eta
      (canonicalEnergyLocalizer hUsual eta level omega) omega ≤
    level
info: Tests/CanonicalEnergyLocalizer.lean:14:0: AutoSamplingTheory.TechnicalLemmas.StochasticProcesses.CanonicalEnergyLocalizer.canonicalEnergyLocalizer_mono_level.{u_1}
  {Omega : Type u_1} {m : MeasurableSpace Omega} {filtration : MeasureTheory.Filtration NNReal m}
  {mu : MeasureTheory.Measure Omega} {T : NNReal}
  (hUsual : TechnicalLemmas.StochasticProcesses.ProgressiveL2.SatisfiesUsualConditions filtration mu)
  (eta : TechnicalLemmas.StochasticProcesses.LocalProgressiveL2.LocalProgressiveL2Integrand filtration mu T) {c d : ℝ}
  (hc : 0 ≤ c) (hcd : c ≤ d) (omega : Omega) :
  canonicalEnergyLocalizer hUsual eta c omega ≤ canonicalEnergyLocalizer hUsual eta d omega
info: Tests/CanonicalEnergyLocalizer.lean:15:0: AutoSamplingTheory.TechnicalLemmas.StochasticProcesses.CanonicalEnergyLocalizer.canonicalLocalizingTime.{u_1}
  {Omega : Type u_1} {m : MeasurableSpace Omega} {filtration : MeasureTheory.Filtration NNReal m}
  {mu : MeasureTheory.Measure Omega} {T : NNReal}
  (hUsual : TechnicalLemmas.StochasticProcesses.ProgressiveL2.SatisfiesUsualConditions filtration mu)
  (eta : TechnicalLemmas.StochasticProcesses.LocalProgressiveL2.LocalProgressiveL2Integrand filtration mu T) (n : ℕ)
  (omega : Omega) : NNReal
info: Tests/CanonicalEnergyLocalizer.lean:16:0: AutoSamplingTheory.TechnicalLemmas.StochasticProcesses.CanonicalEnergyLocalizer.canonicalLocalizingTime_mono.{u_1}
  {Omega : Type u_1} {m : MeasurableSpace Omega} {filtration : MeasureTheory.Filtration NNReal m}
  {mu : MeasureTheory.Measure Omega} {T : NNReal}
  (hUsual : TechnicalLemmas.StochasticProcesses.ProgressiveL2.SatisfiesUsualConditions filtration mu)
  (eta : TechnicalLemmas.StochasticProcesses.LocalProgressiveL2.LocalProgressiveL2Integrand filtration mu T)
  (omega : Omega) : Monotone fun n => canonicalLocalizingTime hUsual eta n omega
info: Tests/CanonicalEnergyLocalizer.lean:17:0: AutoSamplingTheory.TechnicalLemmas.StochasticProcesses.CanonicalEnergyLocalizer.canonicalLocalizingTime_eventually_eq_terminal.{u_1}
  {Omega : Type u_1} {m : MeasurableSpace Omega} {filtration : MeasureTheory.Filtration NNReal m}
  {mu : MeasureTheory.Measure Omega} {T : NNReal}
  (hUsual : TechnicalLemmas.StochasticProcesses.ProgressiveL2.SatisfiesUsualConditions filtration mu)
  (eta : TechnicalLemmas.StochasticProcesses.LocalProgressiveL2.LocalProgressiveL2Integrand filtration mu T)
  (omega : Omega) : ∀ᶠ (n : ℕ) in Filter.atTop, canonicalLocalizingTime hUsual eta n omega = T
info: Tests/CanonicalEnergyLocalizer.lean:18:0: AutoSamplingTheory.TechnicalLemmas.StochasticProcesses.CanonicalEnergyLocalizer.tendsto_canonicalLocalizingTime.{u_1}
  {Omega : Type u_1} {m : MeasurableSpace Omega} {filtration : MeasureTheory.Filtration NNReal m}
  {mu : MeasureTheory.Measure Omega} {T : NNReal}
  (hUsual : TechnicalLemmas.StochasticProcesses.ProgressiveL2.SatisfiesUsualConditions filtration mu)
  (eta : TechnicalLemmas.StochasticProcesses.LocalProgressiveL2.LocalProgressiveL2Integrand filtration mu T)
  (omega : Omega) : Filter.Tendsto (fun n => canonicalLocalizingTime hUsual eta n omega) Filter.atTop (nhds T)
info: Tests/CanonicalEnergyLocalizer.lean:19:0: AutoSamplingTheory.TechnicalLemmas.StochasticProcesses.CanonicalEnergyLocalizer.completedEnergy_at_canonicalLocalizingTime_le.{u_1}
  {Omega : Type u_1} {m : MeasurableSpace Omega} {filtration : MeasureTheory.Filtration NNReal m}
  {mu : MeasureTheory.Measure Omega} {T : NNReal}
  (hUsual : TechnicalLemmas.StochasticProcesses.ProgressiveL2.SatisfiesUsualConditions filtration mu)
  (eta : TechnicalLemmas.StochasticProcesses.LocalProgressiveL2.LocalProgressiveL2Integrand filtration mu T) (n : ℕ)
  (omega : Omega) :
  TechnicalLemmas.StochasticProcesses.CompletedEnergy.completedEnergy hUsual eta
      (canonicalLocalizingTime hUsual eta n omega) omega ≤
    ↑n + 1
ℹ [9350/9484] Replayed Tests.CanonicalEnergyStoppingTime
info: Tests/CanonicalEnergyStoppingTime.lean:7:0: AutoSamplingTheory.TechnicalLemmas.StochasticProcesses.CanonicalEnergyStoppingTime.canonicalEnergyLocalizer_isChewiStoppingTime.{u_1}
  {Omega : Type u_1} {mOmega : MeasurableSpace Omega} {filtration : MeasureTheory.Filtration NNReal mOmega}
  {mu : MeasureTheory.Measure Omega} {T : NNReal}
  (hUsual : TechnicalLemmas.StochasticProcesses.ProgressiveL2.SatisfiesUsualConditions filtration mu)
  (eta : TechnicalLemmas.StochasticProcesses.LocalProgressiveL2.LocalProgressiveL2Integrand filtration mu T) {level : ℝ}
  (hlevel : 0 ≤ level) :
  TechnicalLemmas.StochasticProcesses.StoppingTime.IsChewiStoppingTime filtration fun omega =>
    ↑(TechnicalLemmas.StochasticProcesses.CanonicalEnergyLocalizer.canonicalEnergyLocalizer hUsual eta level omega)
info: Tests/CanonicalEnergyStoppingTime.lean:8:0: AutoSamplingTheory.TechnicalLemmas.StochasticProcesses.CanonicalEnergyStoppingTime.canonicalLocalizingTime_isChewiStoppingTime.{u_1}
  {Omega : Type u_1} {mOmega : MeasurableSpace Omega} {filtration : MeasureTheory.Filtration NNReal mOmega}
  {mu : MeasureTheory.Measure Omega} {T : NNReal}
  (hUsual : TechnicalLemmas.StochasticProcesses.ProgressiveL2.SatisfiesUsualConditions filtration mu)
  (eta : TechnicalLemmas.StochasticProcesses.LocalProgressiveL2.LocalProgressiveL2Integrand filtration mu T) (n : ℕ) :
  TechnicalLemmas.StochasticProcesses.StoppingTime.IsChewiStoppingTime filtration fun omega =>
    ↑(TechnicalLemmas.StochasticProcesses.CanonicalEnergyLocalizer.canonicalLocalizingTime hUsual eta n omega)
ℹ [9351/9484] Replayed Tests.CanonicalRawLocalization
info: Tests/CanonicalRawLocalization.lean:7:0: AutoSamplingTheory.TechnicalLemmas.StochasticProcesses.CanonicalRawLocalization.canonicalRawLocalizingTime.{u_1}
  {Omega : Type u_1} {m : MeasurableSpace Omega} {filtration : MeasureTheory.Filtration NNReal m}
  {mu : MeasureTheory.Measure Omega} {T : NNReal}
  (hUsual : TechnicalLemmas.StochasticProcesses.ProgressiveL2.SatisfiesUsualConditions filtration mu)
  (eta : TechnicalLemmas.StochasticProcesses.LocalProgressiveL2.LocalProgressiveL2Integrand filtration mu T) (n : ℕ)
  (omega : Omega) : NNReal
info: Tests/CanonicalRawLocalization.lean:8:0: AutoSamplingTheory.TechnicalLemmas.StochasticProcesses.CanonicalRawLocalization.canonicalRawLocalizingTime_of_bad.{u_1}
  {Omega : Type u_1} {m : MeasurableSpace Omega} {filtration : MeasureTheory.Filtration NNReal m}
  {mu : MeasureTheory.Measure Omega} {T : NNReal}
  (hUsual : TechnicalLemmas.StochasticProcesses.ProgressiveL2.SatisfiesUsualConditions filtration mu)
  (eta : TechnicalLemmas.StochasticProcesses.LocalProgressiveL2.LocalProgressiveL2Integrand filtration mu T) (n : ℕ)
  {omega : Omega} (homega : omega ∈ TechnicalLemmas.StochasticProcesses.CompletedEnergy.badEnergySet eta) :
  canonicalRawLocalizingTime hUsual eta n omega = 0
info: Tests/CanonicalRawLocalization.lean:9:0: AutoSamplingTheory.TechnicalLemmas.StochasticProcesses.CanonicalRawLocalization.canonicalRawLocalizingTime_of_good.{u_1}
  {Omega : Type u_1} {m : MeasurableSpace Omega} {filtration : MeasureTheory.Filtration NNReal m}
  {mu : MeasureTheory.Measure Omega} {T : NNReal}
  (hUsual : TechnicalLemmas.StochasticProcesses.ProgressiveL2.SatisfiesUsualConditions filtration mu)
  (eta : TechnicalLemmas.StochasticProcesses.LocalProgressiveL2.LocalProgressiveL2Integrand filtration mu T) (n : ℕ)
  {omega : Omega} (homega : omega ∉ TechnicalLemmas.StochasticProcesses.CompletedEnergy.badEnergySet eta) :
  canonicalRawLocalizingTime hUsual eta n omega =
    TechnicalLemmas.StochasticProcesses.CanonicalEnergyLocalizer.canonicalLocalizingTime hUsual eta n omega
info: Tests/CanonicalRawLocalization.lean:10:0: AutoSamplingTheory.TechnicalLemmas.StochasticProcesses.CanonicalRawLocalization.canonicalRawLocalizingTime_mono.{u_1}
  {Omega : Type u_1} {m : MeasurableSpace Omega} {filtration : MeasureTheory.Filtration NNReal m}
  {mu : MeasureTheory.Measure Omega} {T : NNReal}
  (hUsual : TechnicalLemmas.StochasticProcesses.ProgressiveL2.SatisfiesUsualConditions filtration mu)
  (eta : TechnicalLemmas.StochasticProcesses.LocalProgressiveL2.LocalProgressiveL2Integrand filtration mu T) :
  Monotone fun n => canonicalRawLocalizingTime hUsual eta n
info: Tests/CanonicalRawLocalization.lean:11:0: AutoSamplingTheory.TechnicalLemmas.StochasticProcesses.CanonicalRawLocalization.measurableSet_canonicalRawLocalizingTime_le.{u_1}
  {Omega : Type u_1} {m : MeasurableSpace Omega} {filtration : MeasureTheory.Filtration NNReal m}
  {mu : MeasureTheory.Measure Omega} {T : NNReal}
  (hUsual : TechnicalLemmas.StochasticProcesses.ProgressiveL2.SatisfiesUsualConditions filtration mu)
  (eta : TechnicalLemmas.StochasticProcesses.LocalProgressiveL2.LocalProgressiveL2Integrand filtration mu T) (n : ℕ)
  (t : NNReal) : MeasurableSet {omega | canonicalRawLocalizingTime hUsual eta n omega ≤ t}
info: Tests/CanonicalRawLocalization.lean:12:0: AutoSamplingTheory.TechnicalLemmas.StochasticProcesses.CanonicalRawLocalization.canonicalRawLocalizingTime_isChewiStoppingTime.{u_1}
  {Omega : Type u_1} {m : MeasurableSpace Omega} {filtration : MeasureTheory.Filtration NNReal m}
  {mu : MeasureTheory.Measure Omega} {T : NNReal}
  (hUsual : TechnicalLemmas.StochasticProcesses.ProgressiveL2.SatisfiesUsualConditions filtration mu)
  (eta : TechnicalLemmas.StochasticProcesses.LocalProgressiveL2.LocalProgressiveL2Integrand filtration mu T) (n : ℕ) :
  TechnicalLemmas.StochasticProcesses.StoppingTime.IsChewiStoppingTime filtration fun omega =>
    ↑(canonicalRawLocalizingTime hUsual eta n omega)
info: Tests/CanonicalRawLocalization.lean:13:0: AutoSamplingTheory.TechnicalLemmas.StochasticProcesses.CanonicalRawLocalization.canonicalRawLocalizingTime_isStoppingTime.{u_1}
  {Omega : Type u_1} {m : MeasurableSpace Omega} {filtration : MeasureTheory.Filtration NNReal m}
  {mu : MeasureTheory.Measure Omega} {T : NNReal}
  (hUsual : TechnicalLemmas.StochasticProcesses.ProgressiveL2.SatisfiesUsualConditions filtration mu)
  (eta : TechnicalLemmas.StochasticProcesses.LocalProgressiveL2.LocalProgressiveL2Integrand filtration mu T) (n : ℕ) :
  MeasureTheory.IsStoppingTime filtration fun omega => ↑(canonicalRawLocalizingTime hUsual eta n omega)
info: Tests/CanonicalRawLocalization.lean:14:0: AutoSamplingTheory.TechnicalLemmas.StochasticProcesses.CanonicalRawLocalization.canonicalRawLocalizingTime_eventually_eq_terminal_of_good.{u_1}
  {Omega : Type u_1} {m : MeasurableSpace Omega} {filtration : MeasureTheory.Filtration NNReal m}
  {mu : MeasureTheory.Measure Omega} {T : NNReal}
  (hUsual : TechnicalLemmas.StochasticProcesses.ProgressiveL2.SatisfiesUsualConditions filtration mu)
  (eta : TechnicalLemmas.StochasticProcesses.LocalProgressiveL2.LocalProgressiveL2Integrand filtration mu T)
  {omega : Omega} (homega : omega ∉ TechnicalLemmas.StochasticProcesses.CompletedEnergy.badEnergySet eta) :
  ∀ᶠ (n : ℕ) in Filter.atTop, canonicalRawLocalizingTime hUsual eta n omega = T
info: Tests/CanonicalRawLocalization.lean:15:0: AutoSamplingTheory.TechnicalLemmas.StochasticProcesses.CanonicalRawLocalization.canonicalRawLocalizingTime_tendsto_terminal_ae.{u_1}
  {Omega : Type u_1} {m : MeasurableSpace Omega} {filtration : MeasureTheory.Filtration NNReal m}
  {mu : MeasureTheory.Measure Omega} {T : NNReal}
  (hUsual : TechnicalLemmas.StochasticProcesses.ProgressiveL2.SatisfiesUsualConditions filtration mu)
  (eta : TechnicalLemmas.StochasticProcesses.LocalProgressiveL2.LocalProgressiveL2Integrand filtration mu T) :
  ∀ᵐ (omega : Omega) ∂mu,
    Filter.Tendsto (fun n => ↑(canonicalRawLocalizingTime hUsual eta n omega)) Filter.atTop (nhds ↑T)
ℹ [9352/9484] Replayed Tests.CanonicalRawLocalizationL2
info: Tests/CanonicalRawLocalizationL2.lean:11:0: AutoSamplingTheory.TechnicalLemmas.StochasticProcesses.CanonicalRawLocalizationL2.rawStoppedTimeLintegral_le.{u_1}
  {Omega : Type u_1} {m : MeasurableSpace Omega} {filtration : Filtration NNReal m} {mu : Measure Omega} {T : NNReal}
  (hUsual : TechnicalLemmas.StochasticProcesses.ProgressiveL2.SatisfiesUsualConditions filtration mu)
  (eta : TechnicalLemmas.StochasticProcesses.LocalProgressiveL2.LocalProgressiveL2Integrand filtration mu T) (n : ℕ)
  (omega : Omega) :
  ∫⁻ (t : NNReal) in Set.Icc 0 T,
      ENNReal.ofReal
        (TechnicalLemmas.StochasticProcesses.Localization.stoppedIntegrand eta.process
            (fun w =>
              ↑(TechnicalLemmas.StochasticProcesses.CanonicalRawLocalization.canonicalRawLocalizingTime hUsual eta n w))
            t omega ^
          2) ∂TechnicalLemmas.StochasticProcesses.TimeMeasure.nnrealLebesgue ≤
    ENNReal.ofReal (↑n + 1)
info: Tests/CanonicalRawLocalizationL2.lean:12:0: AutoSamplingTheory.TechnicalLemmas.StochasticProcesses.CanonicalRawLocalizationL2.rawStoppedProductEnergy_lt_top.{u_1}
  {Omega : Type u_1} {m : MeasurableSpace Omega} {filtration : Filtration NNReal m} {mu : Measure Omega} {T : NNReal}
  [IsProbabilityMeasure mu]
  (hUsual : TechnicalLemmas.StochasticProcesses.ProgressiveL2.SatisfiesUsualConditions filtration mu)
  (eta : TechnicalLemmas.StochasticProcesses.LocalProgressiveL2.LocalProgressiveL2Integrand filtration mu T) (n : ℕ) :
  ∫⁻ (omega : Omega),
      ∫⁻ (t : NNReal) in Set.Icc 0 T,
        ENNReal.ofReal
          (TechnicalLemmas.StochasticProcesses.Localization.stoppedIntegrand eta.process
              (fun w =>
                ↑(TechnicalLemmas.StochasticProcesses.CanonicalRawLocalization.canonicalRawLocalizingTime hUsual eta n
                    w))
              t omega ^
            2) ∂TechnicalLemmas.StochasticProcesses.TimeMeasure.nnrealLebesgue ∂mu <
    ⊤
info: Tests/CanonicalRawLocalizationL2.lean:13:0: AutoSamplingTheory.TechnicalLemmas.StochasticProcesses.CanonicalRawLocalizationL2.canonicalRaw_isLocalizingSequence.{u_1}
  {Omega : Type u_1} {m : MeasurableSpace Omega} {filtration : Filtration NNReal m} {mu : Measure Omega} {T : NNReal}
  [IsProbabilityMeasure mu]
  (hUsual : TechnicalLemmas.StochasticProcesses.ProgressiveL2.SatisfiesUsualConditions filtration mu)
  (eta : TechnicalLemmas.StochasticProcesses.LocalProgressiveL2.LocalProgressiveL2Integrand filtration mu T) :
  TechnicalLemmas.StochasticProcesses.Localization.IsLocalizingSequence eta.process filtration mu T fun n omega =>
    ↑(TechnicalLemmas.StochasticProcesses.CanonicalRawLocalization.canonicalRawLocalizingTime hUsual eta n omega)
ℹ [9353/9484] Replayed Tests.CompletedIntegrand
info: Tests/CompletedIntegrand.lean:7:0: AutoSamplingTheory.TechnicalLemmas.StochasticProcesses.CompletedIntegrand.completedIntegrand.{u_1} {Omega : Type u_1}
  {m : MeasurableSpace Omega} {filtration : MeasureTheory.Filtration NNReal m} {mu : MeasureTheory.Measure Omega}
  {T : NNReal} (_hUsual : TechnicalLemmas.StochasticProcesses.ProgressiveL2.SatisfiesUsualConditions filtration mu)
  (eta : TechnicalLemmas.StochasticProcesses.LocalProgressiveL2.LocalProgressiveL2Integrand filtration mu T)
  (t : NNReal) : Omega → ℝ
info: Tests/CompletedIntegrand.lean:8:0: AutoSamplingTheory.TechnicalLemmas.StochasticProcesses.CompletedIntegrand.completedIntegrand_stronglyProgressive.{u_1}
  {Omega : Type u_1} {m : MeasurableSpace Omega} {filtration : MeasureTheory.Filtration NNReal m}
  {mu : MeasureTheory.Measure Omega} {T : NNReal}
  (hUsual : TechnicalLemmas.StochasticProcesses.ProgressiveL2.SatisfiesUsualConditions filtration mu)
  (eta : TechnicalLemmas.StochasticProcesses.LocalProgressiveL2.LocalProgressiveL2Integrand filtration mu T) :
  MeasureTheory.IsStronglyProgressive filtration (completedIntegrand hUsual eta)
info: Tests/CompletedIntegrand.lean:9:0: AutoSamplingTheory.TechnicalLemmas.StochasticProcesses.CompletedIntegrand.sectionSquare_integrable.{u_1}
  {Omega : Type u_1} {m : MeasurableSpace Omega} {filtration : MeasureTheory.Filtration NNReal m}
  {mu : MeasureTheory.Measure Omega} {T : NNReal}
  (hUsual : TechnicalLemmas.StochasticProcesses.ProgressiveL2.SatisfiesUsualConditions filtration mu)
  (eta : TechnicalLemmas.StochasticProcesses.LocalProgressiveL2.LocalProgressiveL2Integrand filtration mu T)
  (omega : Omega) :
  MeasureTheory.Integrable (fun s => completedIntegrand hUsual eta s omega ^ 2)
    (TechnicalLemmas.StochasticProcesses.TimeMeasure.upTo T)
info: Tests/CompletedIntegrand.lean:10:0: AutoSamplingTheory.TechnicalLemmas.StochasticProcesses.CompletedIntegrand.completedEnergy_eq_prefixIntegral.{u_1}
  {Omega : Type u_1} {m : MeasurableSpace Omega} {filtration : MeasureTheory.Filtration NNReal m}
  {mu : MeasureTheory.Measure Omega} {T : NNReal}
  (hUsual : TechnicalLemmas.StochasticProcesses.ProgressiveL2.SatisfiesUsualConditions filtration mu)
  (eta : TechnicalLemmas.StochasticProcesses.LocalProgressiveL2.LocalProgressiveL2Integrand filtration mu T)
  (t : NNReal) (omega : Omega) :
  TechnicalLemmas.StochasticProcesses.CompletedEnergy.completedEnergy hUsual eta t omega =
    TechnicalLemmas.Analysis.PrefixIntegral.prefixIntegral (fun s => completedIntegrand hUsual eta s omega ^ 2) T t
info: Tests/CompletedIntegrand.lean:11:0: AutoSamplingTheory.TechnicalLemmas.StochasticProcesses.CompletedIntegrand.completedEnergy_stronglyProgressive.{u_1}
  {Omega : Type u_1} {m : MeasurableSpace Omega} {filtration : MeasureTheory.Filtration NNReal m}
  {mu : MeasureTheory.Measure Omega} {T : NNReal}
  (hUsual : TechnicalLemmas.StochasticProcesses.ProgressiveL2.SatisfiesUsualConditions filtration mu)
  (eta : TechnicalLemmas.StochasticProcesses.LocalProgressiveL2.LocalProgressiveL2Integrand filtration mu T) :
  MeasureTheory.IsStronglyProgressive filtration
    (TechnicalLemmas.StochasticProcesses.CompletedEnergy.completedEnergy hUsual eta)
ℹ [9354/9484] Replayed Tests.EnergyStoppedIntegrand
info: Tests/EnergyStoppedIntegrand.lean:7:0: AutoSamplingTheory.TechnicalLemmas.StochasticProcesses.EnergyStoppedIntegrand.energyStoppedIntegrand.{u_1}
  {Omega : Type u_1} {m : MeasurableSpace Omega} {filtration : MeasureTheory.Filtration NNReal m}
  {mu : MeasureTheory.Measure Omega} {T : NNReal}
  (hUsual : TechnicalLemmas.StochasticProcesses.ProgressiveL2.SatisfiesUsualConditions filtration mu)
  (eta : TechnicalLemmas.StochasticProcesses.LocalProgressiveL2.LocalProgressiveL2Integrand filtration mu T) (level : ℝ)
  (t : NNReal) (omega : Omega) : ℝ
info: Tests/EnergyStoppedIntegrand.lean:8:0: AutoSamplingTheory.TechnicalLemmas.StochasticProcesses.EnergyStoppedIntegrand.energyStoppedIntegrand_stronglyProgressive.{u_1}
  {Omega : Type u_1} {m : MeasurableSpace Omega} {filtration : MeasureTheory.Filtration NNReal m}
  {mu : MeasureTheory.Measure Omega} {T : NNReal}
  (hUsual : TechnicalLemmas.StochasticProcesses.ProgressiveL2.SatisfiesUsualConditions filtration mu)
  (eta : TechnicalLemmas.StochasticProcesses.LocalProgressiveL2.LocalProgressiveL2Integrand filtration mu T)
  (level : ℝ) : MeasureTheory.IsStronglyProgressive filtration (energyStoppedIntegrand hUsual eta level)
info: Tests/EnergyStoppedIntegrand.lean:9:0: AutoSamplingTheory.TechnicalLemmas.StochasticProcesses.EnergyStoppedIntegrand.completedEnergy_lt_iff_lt_canonicalEnergyLocalizer.{u_1}
  {Omega : Type u_1} {m : MeasurableSpace Omega} {filtration : MeasureTheory.Filtration NNReal m}
  {mu : MeasureTheory.Measure Omega} {T : NNReal}
  (hUsual : TechnicalLemmas.StochasticProcesses.ProgressiveL2.SatisfiesUsualConditions filtration mu)
  (eta : TechnicalLemmas.StochasticProcesses.LocalProgressiveL2.LocalProgressiveL2Integrand filtration mu T) {level : ℝ}
  (hlevel : 0 ≤ level) (omega : Omega) {s : NNReal} (hsT : s < T) :
  TechnicalLemmas.StochasticProcesses.CompletedEnergy.completedEnergy hUsual eta s omega < level ↔
    s < TechnicalLemmas.StochasticProcesses.CanonicalEnergyLocalizer.canonicalEnergyLocalizer hUsual eta level omega
info: Tests/EnergyStoppedIntegrand.lean:10:0: AutoSamplingTheory.TechnicalLemmas.StochasticProcesses.EnergyStoppedIntegrand.sectionSquare_integrable.{u_1}
  {Omega : Type u_1} {m : MeasurableSpace Omega} {filtration : MeasureTheory.Filtration NNReal m}
  {mu : MeasureTheory.Measure Omega} {T : NNReal}
  (hUsual : TechnicalLemmas.StochasticProcesses.ProgressiveL2.SatisfiesUsualConditions filtration mu)
  (eta : TechnicalLemmas.StochasticProcesses.LocalProgressiveL2.LocalProgressiveL2Integrand filtration mu T) (level : ℝ)
  (omega : Omega) :
  MeasureTheory.Integrable (fun s => energyStoppedIntegrand hUsual eta level s omega ^ 2)
    (TechnicalLemmas.StochasticProcesses.TimeMeasure.upTo T)
info: Tests/EnergyStoppedIntegrand.lean:11:0: AutoSamplingTheory.TechnicalLemmas.StochasticProcesses.EnergyStoppedIntegrand.integral_energyStoppedIntegrand_sq.{u_1}
  {Omega : Type u_1} {m : MeasurableSpace Omega} {filtration : MeasureTheory.Filtration NNReal m}
  {mu : MeasureTheory.Measure Omega} {T : NNReal}
  (hUsual : TechnicalLemmas.StochasticProcesses.ProgressiveL2.SatisfiesUsualConditions filtration mu)
  (eta : TechnicalLemmas.StochasticProcesses.LocalProgressiveL2.LocalProgressiveL2Integrand filtration mu T) {level : ℝ}
  (hlevel : 0 ≤ level) (omega : Omega) :
  ∫ (s : NNReal),
      energyStoppedIntegrand hUsual eta level s omega ^ 2 ∂TechnicalLemmas.StochasticProcesses.TimeMeasure.upTo T =
    TechnicalLemmas.StochasticProcesses.CompletedEnergy.completedEnergy hUsual eta
      (TechnicalLemmas.StochasticProcesses.CanonicalEnergyLocalizer.canonicalEnergyLocalizer hUsual eta level omega)
      omega
info: Tests/EnergyStoppedIntegrand.lean:12:0: AutoSamplingTheory.TechnicalLemmas.StochasticProcesses.EnergyStoppedIntegrand.integral_energyStoppedIntegrand_sq_le.{u_1}
  {Omega : Type u_1} {m : MeasurableSpace Omega} {filtration : MeasureTheory.Filtration NNReal m}
  {mu : MeasureTheory.Measure Omega} {T : NNReal}
  (hUsual : TechnicalLemmas.StochasticProcesses.ProgressiveL2.SatisfiesUsualConditions filtration mu)
  (eta : TechnicalLemmas.StochasticProcesses.LocalProgressiveL2.LocalProgressiveL2Integrand filtration mu T) {level : ℝ}
  (hlevel : 0 ≤ level) (omega : Omega) :
  ∫ (s : NNReal),
      energyStoppedIntegrand hUsual eta level s omega ^ 2 ∂TechnicalLemmas.StochasticProcesses.TimeMeasure.upTo T ≤
    level
ℹ [9355/9484] Replayed Tests.EnergyStoppingBoundaryBridge
info: Tests/EnergyStoppingBoundaryBridge.lean:15:0: AutoSamplingTheory.TechnicalLemmas.StochasticProcesses.EnergyStoppingBoundaryBridge.energyStoppedIntegrand_eq_closedStop_larger_of_ne_boundary.{u_1}
  {Omega : Type u_1} {m : MeasurableSpace Omega} {filtration : Filtration ℝ≥0 m} {mu : Measure Omega} {T : ℝ≥0}
  (hUsual : SatisfiesUsualConditions filtration mu) (eta : LocalProgressiveL2Integrand filtration mu T) {c d : ℝ}
  (hc : 0 ≤ c) (hcd : c ≤ d) (omega : Omega) {s : ℝ≥0} (hsT : s < T)
  (hsne : s ≠ CanonicalEnergyLocalizer.canonicalEnergyLocalizer hUsual eta c omega) :
  energyStoppedIntegrand hUsual eta c s omega =
    Localization.stoppedIntegrand (energyStoppedIntegrand hUsual eta d)
      (fun w => ↑(CanonicalEnergyLocalizer.canonicalEnergyLocalizer hUsual eta c w)) s omega
info: Tests/EnergyStoppingBoundaryBridge.lean:16:0: AutoSamplingTheory.TechnicalLemmas.StochasticProcesses.EnergyStoppingBoundaryBridge.energyStoppedIntegrand_ae_eq_closedStop_larger.{u_1}
  {Omega : Type u_1} {m : MeasurableSpace Omega} {filtration : Filtration ℝ≥0 m} {mu : Measure Omega} {T : ℝ≥0}
  (hUsual : SatisfiesUsualConditions filtration mu) (eta : LocalProgressiveL2Integrand filtration mu T) {c d : ℝ}
  (hc : 0 ≤ c) (hcd : c ≤ d) (omega : Omega) :
  (fun s => energyStoppedIntegrand hUsual eta c s omega) =ᵐ[TimeMeasure.upTo T] fun s =>
    Localization.stoppedIntegrand (energyStoppedIntegrand hUsual eta d)
      (fun w => ↑(CanonicalEnergyLocalizer.canonicalEnergyLocalizer hUsual eta c w)) s omega
ℹ [9356/9484] Replayed Tests.EnergyStoppedProgressiveL2
info: Tests/EnergyStoppedProgressiveL2.lean:7:0: AutoSamplingTheory.TechnicalLemmas.StochasticProcesses.EnergyStoppedProgressiveL2.stoppedExtension.{u_1}
  {Omega : Type u_1} {m : MeasurableSpace Omega} {filtration : MeasureTheory.Filtration NNReal m}
  {mu : MeasureTheory.Measure Omega} {T : NNReal}
  (hUsual : TechnicalLemmas.StochasticProcesses.ProgressiveL2.SatisfiesUsualConditions filtration mu)
  (eta : TechnicalLemmas.StochasticProcesses.LocalProgressiveL2.LocalProgressiveL2Integrand filtration mu T)
  (level : ℝ) : NNReal × Omega → ℝ
info: Tests/EnergyStoppedProgressiveL2.lean:8:0: AutoSamplingTheory.TechnicalLemmas.StochasticProcesses.EnergyStoppedProgressiveL2.stoppedExtension_stronglyMeasurable.{u_1}
  {Omega : Type u_1} {m : MeasurableSpace Omega} {filtration : MeasureTheory.Filtration NNReal m}
  {mu : MeasureTheory.Measure Omega} {T : NNReal}
  (hUsual : TechnicalLemmas.StochasticProcesses.ProgressiveL2.SatisfiesUsualConditions filtration mu)
  (eta : TechnicalLemmas.StochasticProcesses.LocalProgressiveL2.LocalProgressiveL2Integrand filtration mu T)
  (level : ℝ) : MeasureTheory.StronglyMeasurable (stoppedExtension hUsual eta level)
info: Tests/EnergyStoppedProgressiveL2.lean:9:0: AutoSamplingTheory.TechnicalLemmas.StochasticProcesses.EnergyStoppedProgressiveL2.processFunction_aestronglyMeasurable.{u_1}
  {Omega : Type u_1} {m : MeasurableSpace Omega} {filtration : MeasureTheory.Filtration NNReal m}
  {mu : MeasureTheory.Measure Omega} {T : NNReal}
  (hUsual : TechnicalLemmas.StochasticProcesses.ProgressiveL2.SatisfiesUsualConditions filtration mu)
  (eta : TechnicalLemmas.StochasticProcesses.LocalProgressiveL2.LocalProgressiveL2Integrand filtration mu T)
  (level : ℝ) :
  MeasureTheory.AEStronglyMeasurable
    (TechnicalLemmas.StochasticProcesses.ProgressiveL2.processFunction
      (TechnicalLemmas.StochasticProcesses.EnergyStoppedIntegrand.energyStoppedIntegrand hUsual eta level))
    (TechnicalLemmas.StochasticProcesses.ElementaryItoIntegral.processTimeMeasure mu T)
info: Tests/EnergyStoppedProgressiveL2.lean:10:0: AutoSamplingTheory.TechnicalLemmas.StochasticProcesses.EnergyStoppedProgressiveL2.processFunction_sq_integrable.{u_1}
  {Omega : Type u_1} {m : MeasurableSpace Omega} {filtration : MeasureTheory.Filtration NNReal m}
  {mu : MeasureTheory.Measure Omega} {T : NNReal} [MeasureTheory.IsProbabilityMeasure mu]
  (hUsual : TechnicalLemmas.StochasticProcesses.ProgressiveL2.SatisfiesUsualConditions filtration mu)
  (eta : TechnicalLemmas.StochasticProcesses.LocalProgressiveL2.LocalProgressiveL2Integrand filtration mu T) {level : ℝ}
  (hlevel : 0 ≤ level) :
  MeasureTheory.Integrable
    (fun z =>
      TechnicalLemmas.StochasticProcesses.ProgressiveL2.processFunction
          (TechnicalLemmas.StochasticProcesses.EnergyStoppedIntegrand.energyStoppedIntegrand hUsual eta level) z ^
        2)
    (TechnicalLemmas.StochasticProcesses.ElementaryItoIntegral.processTimeMeasure mu T)
info: Tests/EnergyStoppedProgressiveL2.lean:11:0: AutoSamplingTheory.TechnicalLemmas.StochasticProcesses.EnergyStoppedProgressiveL2.stoppedProgressiveL2.{u_1}
  {Omega : Type u_1} {m : MeasurableSpace Omega} {filtration : MeasureTheory.Filtration NNReal m}
  {mu : MeasureTheory.Measure Omega} {T : NNReal} [MeasureTheory.IsProbabilityMeasure mu]
  (hUsual : TechnicalLemmas.StochasticProcesses.ProgressiveL2.SatisfiesUsualConditions filtration mu)
  (eta : TechnicalLemmas.StochasticProcesses.LocalProgressiveL2.LocalProgressiveL2Integrand filtration mu T) {level : ℝ}
  (hlevel : 0 ≤ level) : TechnicalLemmas.StochasticProcesses.ProgressiveL2.ProgressiveL2Integrand filtration mu T
info: Tests/EnergyStoppedProgressiveL2.lean:12:0: AutoSamplingTheory.TechnicalLemmas.StochasticProcesses.EnergyStoppedProgressiveL2.stoppedProgressiveL2_process.{u_1}
  {Omega : Type u_1} {m : MeasurableSpace Omega} {filtration : MeasureTheory.Filtration NNReal m}
  {mu : MeasureTheory.Measure Omega} {T : NNReal} [MeasureTheory.IsProbabilityMeasure mu]
  (hUsual : TechnicalLemmas.StochasticProcesses.ProgressiveL2.SatisfiesUsualConditions filtration mu)
  (eta : TechnicalLemmas.StochasticProcesses.LocalProgressiveL2.LocalProgressiveL2Integrand filtration mu T) {level : ℝ}
  (hlevel : 0 ≤ level) :
  (stoppedProgressiveL2 hUsual eta hlevel).process =
    TechnicalLemmas.StochasticProcesses.EnergyStoppedIntegrand.energyStoppedIntegrand hUsual eta level
ℹ [9357/9484] Replayed Tests.EnergyStoppingL2Bridge
info: Tests/EnergyStoppingL2Bridge.lean:16:0: AutoSamplingTheory.TechnicalLemmas.StochasticProcesses.EnergyStoppingL2Bridge.ae_time_le_terminal.{u_1}
  {Omega : Type u_1} {m : MeasurableSpace Omega} {mu : Measure Omega} {T : ℝ≥0} :
  ∀ᵐ (z : Omega × ℝ≥0) ∂ElementaryItoIntegral.processTimeMeasure mu T, z.2 ≤ T
info: Tests/EnergyStoppingL2Bridge.lean:17:0: AutoSamplingTheory.TechnicalLemmas.StochasticProcesses.EnergyStoppingL2Bridge.ae_time_ne_terminal.{u_1}
  {Omega : Type u_1} {m : MeasurableSpace Omega} {mu : Measure Omega} {T : ℝ≥0} :
  ∀ᵐ (z : Omega × ℝ≥0) ∂ElementaryItoIntegral.processTimeMeasure mu T, z.2 ≠ T
info: Tests/EnergyStoppingL2Bridge.lean:18:0: AutoSamplingTheory.TechnicalLemmas.StochasticProcesses.EnergyStoppingL2Bridge.processFunction_energyStopped_ae_eq_closedStop_larger.{u_1}
  {Omega : Type u_1} {m : MeasurableSpace Omega} {filtration : Filtration ℝ≥0 m} {mu : Measure Omega} {T : ℝ≥0}
  (hUsual : SatisfiesUsualConditions filtration mu) (eta : LocalProgressiveL2Integrand filtration mu T) {c d : ℝ}
  (hc : 0 ≤ c) (hcd : c ≤ d) :
  processFunction
      (EnergyStoppedIntegrand.energyStoppedIntegrand hUsual eta c) =ᵐ[ElementaryItoIntegral.processTimeMeasure mu T]
    processFunction
      (Localization.stoppedIntegrand (EnergyStoppedIntegrand.energyStoppedIntegrand hUsual eta d) fun w =>
        ↑(CanonicalEnergyLocalizer.canonicalEnergyLocalizer hUsual eta c w))
info: Tests/EnergyStoppingL2Bridge.lean:19:0: AutoSamplingTheory.TechnicalLemmas.StochasticProcesses.EnergyStoppingL2Bridge.stoppedProgressiveL2_toLp_eq_stop_larger.{u_1}
  {Omega : Type u_1} {m : MeasurableSpace Omega} {filtration : Filtration ℝ≥0 m} {mu : Measure Omega} {T : ℝ≥0}
  [IsProbabilityMeasure mu] (hUsual : SatisfiesUsualConditions filtration mu)
  (eta : LocalProgressiveL2Integrand filtration mu T) {c d : ℝ} (hc : 0 ≤ c) (hcd : c ≤ d) :
  (stoppedProgressiveL2 hUsual eta hc).toLp =
    (ProgressiveL2Stopping.stop (stoppedProgressiveL2 hUsual eta ⋯)
        (fun w => ↑(CanonicalEnergyLocalizer.canonicalEnergyLocalizer hUsual eta c w)) ⋯).toLp
ℹ [9358/9484] Replayed Tests.CanonicalLocalizationTheorem
info: Tests/CanonicalLocalizationTheorem.lean:7:0: AutoSamplingTheory.TechnicalLemmas.StochasticProcesses.CanonicalLocalizationTheorem.canonicalStoppedProgressiveL2.{u_1}
  {Omega : Type u_1} {m : MeasurableSpace Omega} {filtration : MeasureTheory.Filtration NNReal m}
  {mu : MeasureTheory.Measure Omega} {T : NNReal} [MeasureTheory.IsProbabilityMeasure mu]
  (hUsual : TechnicalLemmas.StochasticProcesses.ProgressiveL2.SatisfiesUsualConditions filtration mu)
  (eta : TechnicalLemmas.StochasticProcesses.LocalProgressiveL2.LocalProgressiveL2Integrand filtration mu T) (n : ℕ) :
  TechnicalLemmas.StochasticProcesses.ProgressiveL2.ProgressiveL2Integrand filtration mu T
info: Tests/CanonicalLocalizationTheorem.lean:8:0: AutoSamplingTheory.TechnicalLemmas.StochasticProcesses.CanonicalLocalizationTheorem.canonicalStoppedProgressiveL2_process.{u_1}
  {Omega : Type u_1} {m : MeasurableSpace Omega} {filtration : MeasureTheory.Filtration NNReal m}
  {mu : MeasureTheory.Measure Omega} {T : NNReal} [MeasureTheory.IsProbabilityMeasure mu]
  (hUsual : TechnicalLemmas.StochasticProcesses.ProgressiveL2.SatisfiesUsualConditions filtration mu)
  (eta : TechnicalLemmas.StochasticProcesses.LocalProgressiveL2.LocalProgressiveL2Integrand filtration mu T) (n : ℕ) :
  (canonicalStoppedProgressiveL2 hUsual eta n).process =
    TechnicalLemmas.StochasticProcesses.EnergyStoppedIntegrand.energyStoppedIntegrand hUsual eta (↑n + 1)
info: Tests/CanonicalLocalizationTheorem.lean:9:0: AutoSamplingTheory.TechnicalLemmas.StochasticProcesses.CanonicalLocalizationTheorem.chewi_proposition_1_1_13.{u_1}
  {Omega : Type u_1} {m : MeasurableSpace Omega} {filtration : MeasureTheory.Filtration NNReal m}
  {mu : MeasureTheory.Measure Omega} {T : NNReal} [MeasureTheory.IsProbabilityMeasure mu]
  (hUsual : TechnicalLemmas.StochasticProcesses.ProgressiveL2.SatisfiesUsualConditions filtration mu)
  (eta : TechnicalLemmas.StochasticProcesses.LocalProgressiveL2.LocalProgressiveL2Integrand filtration mu T) :
  (∀ (n : ℕ),
      TechnicalLemmas.StochasticProcesses.StoppingTime.IsChewiStoppingTime filtration fun omega =>
        ↑(TechnicalLemmas.StochasticProcesses.CanonicalEnergyLocalizer.canonicalLocalizingTime hUsual eta n omega)) ∧
    (∀ (omega : Omega),
        Monotone fun n =>
          TechnicalLemmas.StochasticProcesses.CanonicalEnergyLocalizer.canonicalLocalizingTime hUsual eta n omega) ∧
      (∀ (omega : Omega),
          Filter.Tendsto
            (fun n =>
              TechnicalLemmas.StochasticProcesses.CanonicalEnergyLocalizer.canonicalLocalizingTime hUsual eta n omega)
            Filter.atTop (nhds T)) ∧
        ∀ (n : ℕ) (omega : Omega),
          ∫ (s : NNReal),
              (canonicalStoppedProgressiveL2 hUsual eta n).process s omega ^
                2 ∂TechnicalLemmas.StochasticProcesses.TimeMeasure.upTo T ≤
            ↑n + 1
ℹ [9359/9484] Replayed Tests.CanonicalStoppedItoIntegral
info: Tests/CanonicalStoppedItoIntegral.lean:12:0: AutoSamplingTheory.TechnicalLemmas.StochasticProcesses.CanonicalStoppedItoIntegral.canonicalStoppedItoProcess.{u_1}
  {Omega : Type u_1} {m : MeasurableSpace Omega} {filtration : Filtration NNReal m} {mu : Measure Omega} {T : NNReal}
  {B : NNReal → Omega → ℝ} [IsProbabilityMeasure mu]
  (hUsual : TechnicalLemmas.StochasticProcesses.ProgressiveL2.SatisfiesUsualConditions filtration mu)
  (eta : TechnicalLemmas.StochasticProcesses.LocalProgressiveL2.LocalProgressiveL2Integrand filtration mu T)
  (hT : 0 < T) (hB : TechnicalLemmas.StochasticProcesses.BrownianMotion.IsBrownianMotionWithFiltration B filtration mu)
  (n : ℕ) : NNReal → Omega → ℝ
info: Tests/CanonicalStoppedItoIntegral.lean:13:0: AutoSamplingTheory.TechnicalLemmas.StochasticProcesses.CanonicalStoppedItoIntegral.canonicalStoppedItoProcess_stronglyAdapted.{u_1}
  {Omega : Type u_1} {m : MeasurableSpace Omega} {filtration : Filtration NNReal m} {mu : Measure Omega} {T : NNReal}
  {B : NNReal → Omega → ℝ} [IsProbabilityMeasure mu]
  (hUsual : TechnicalLemmas.StochasticProcesses.ProgressiveL2.SatisfiesUsualConditions filtration mu)
  (eta : TechnicalLemmas.StochasticProcesses.LocalProgressiveL2.LocalProgressiveL2Integrand filtration mu T)
  (hT : 0 < T) (hB : TechnicalLemmas.StochasticProcesses.BrownianMotion.IsBrownianMotionWithFiltration B filtration mu)
  (n : ℕ) :
  StronglyAdapted filtration
    (TechnicalLemmas.StochasticProcesses.CanonicalStoppedItoIntegral.canonicalStoppedItoProcess hUsual eta hT hB n)
info: Tests/CanonicalStoppedItoIntegral.lean:14:0: AutoSamplingTheory.TechnicalLemmas.StochasticProcesses.CanonicalStoppedItoIntegral.canonicalStoppedItoProcess_martingale.{u_1}
  {Omega : Type u_1} {m : MeasurableSpace Omega} {filtration : Filtration NNReal m} {mu : Measure Omega} {T : NNReal}
  {B : NNReal → Omega → ℝ} [IsProbabilityMeasure mu]
  (hUsual : TechnicalLemmas.StochasticProcesses.ProgressiveL2.SatisfiesUsualConditions filtration mu)
  (eta : TechnicalLemmas.StochasticProcesses.LocalProgressiveL2.LocalProgressiveL2Integrand filtration mu T)
  (hT : 0 < T) (hB : TechnicalLemmas.StochasticProcesses.BrownianMotion.IsBrownianMotionWithFiltration B filtration mu)
  (n : ℕ) :
  Martingale
    (TechnicalLemmas.StochasticProcesses.CanonicalStoppedItoIntegral.canonicalStoppedItoProcess hUsual eta hT hB n)
    filtration mu
info: Tests/CanonicalStoppedItoIntegral.lean:15:0: AutoSamplingTheory.TechnicalLemmas.StochasticProcesses.CanonicalStoppedItoIntegral.canonicalStoppedItoProcess_continuousOn.{u_1}
  {Omega : Type u_1} {m : MeasurableSpace Omega} {filtration : Filtration NNReal m} {mu : Measure Omega} {T : NNReal}
  {B : NNReal → Omega → ℝ} [IsProbabilityMeasure mu]
  (hUsual : TechnicalLemmas.StochasticProcesses.ProgressiveL2.SatisfiesUsualConditions filtration mu)
  (eta : TechnicalLemmas.StochasticProcesses.LocalProgressiveL2.LocalProgressiveL2Integrand filtration mu T)
  (hT : 0 < T) (hB : TechnicalLemmas.StochasticProcesses.BrownianMotion.IsBrownianMotionWithFiltration B filtration mu)
  (n : ℕ) (omega : Omega) :
  ContinuousOn
    (fun t =>
      TechnicalLemmas.StochasticProcesses.CanonicalStoppedItoIntegral.canonicalStoppedItoProcess hUsual eta hT hB n t
        omega)
    (Icc 0 T)
info: Tests/CanonicalStoppedItoIntegral.lean:16:0: AutoSamplingTheory.TechnicalLemmas.StochasticProcesses.CanonicalStoppedItoIntegral.canonicalStoppedItoProcess_at_eq_terminal.{u_1}
  {Omega : Type u_1} {m : MeasurableSpace Omega} {filtration : Filtration NNReal m} {mu : Measure Omega} {T : NNReal}
  {B : NNReal → Omega → ℝ} [IsProbabilityMeasure mu]
  (hUsual : TechnicalLemmas.StochasticProcesses.ProgressiveL2.SatisfiesUsualConditions filtration mu)
  (eta : TechnicalLemmas.StochasticProcesses.LocalProgressiveL2.LocalProgressiveL2Integrand filtration mu T)
  (hT : 0 < T) (hB : TechnicalLemmas.StochasticProcesses.BrownianMotion.IsBrownianMotionWithFiltration B filtration mu)
  (n : ℕ) {t : NNReal} (htT : t ≤ T) :
  TechnicalLemmas.StochasticProcesses.CanonicalStoppedItoIntegral.canonicalStoppedItoProcess hUsual eta hT hB n t =ᵐ[mu]
    fun omega =>
    ↑↑(TechnicalLemmas.StochasticProcesses.ItoTerminalCompletion.itoIntegralTerminal
            ((TechnicalLemmas.StochasticProcesses.CanonicalLocalizationTheorem.canonicalStoppedProgressiveL2 hUsual eta
                  n).restrictAt
              t)
            hT hB)
      omega
info: Tests/CanonicalStoppedItoIntegral.lean:17:0: AutoSamplingTheory.TechnicalLemmas.StochasticProcesses.CanonicalStoppedItoIntegral.chewi_display_1_1_14.{u_1}
  {Omega : Type u_1} {m : MeasurableSpace Omega} {filtration : Filtration NNReal m} {mu : Measure Omega} {T : NNReal}
  {B : NNReal → Omega → ℝ} [IsProbabilityMeasure mu]
  (hUsual : TechnicalLemmas.StochasticProcesses.ProgressiveL2.SatisfiesUsualConditions filtration mu)
  (eta : TechnicalLemmas.StochasticProcesses.LocalProgressiveL2.LocalProgressiveL2Integrand filtration mu T)
  (hT : 0 < T) (hB : TechnicalLemmas.StochasticProcesses.BrownianMotion.IsBrownianMotionWithFiltration B filtration mu)
  (n : ℕ) :
  StronglyAdapted filtration
      (TechnicalLemmas.StochasticProcesses.CanonicalStoppedItoIntegral.canonicalStoppedItoProcess hUsual eta hT hB n) ∧
    Martingale
        (TechnicalLemmas.StochasticProcesses.CanonicalStoppedItoIntegral.canonicalStoppedItoProcess hUsual eta hT hB n)
        filtration mu ∧
      (∀ (omega : Omega),
          ContinuousOn
            (fun t =>
              TechnicalLemmas.StochasticProcesses.CanonicalStoppedItoIntegral.canonicalStoppedItoProcess hUsual eta hT
                hB n t omega)
            (Icc 0 T)) ∧
        (TechnicalLemmas.StochasticProcesses.CanonicalLocalizationTheorem.canonicalStoppedProgressiveL2 hUsual eta
                n).process =
            TechnicalLemmas.StochasticProcesses.EnergyStoppedIntegrand.energyStoppedIntegrand hUsual eta (↑n + 1) ∧
          ∀ t ≤ T,
            TechnicalLemmas.StochasticProcesses.CanonicalStoppedItoIntegral.canonicalStoppedItoProcess hUsual eta hT hB
                n t =ᵐ[mu]
              fun omega =>
              ↑↑(TechnicalLemmas.StochasticProcesses.ItoTerminalCompletion.itoIntegralTerminal
                      ((TechnicalLemmas.StochasticProcesses.CanonicalLocalizationTheorem.canonicalStoppedProgressiveL2
                            hUsual eta n).restrictAt
                        t)
                      hT hB)
                omega
ℹ [9360/9484] Replayed Tests.SmoothedPicardRGOCalculus
info: Tests/SmoothedPicardRGOCalculus.lean:7:0: AutoSamplingTheory.ExampleCases.SmoothedPicardHMC.RGOCalculus.rgo_calculus.{u_1} {E : Type u_1} [NormedAddCommGroup E]
  [InnerProductSpace ℝ E] [FiniteDimensional ℝ E] [MeasurableSpace E] [BorelSpace E] {U : E → ℝ} {κ a : ℝ} (hκ : 0 < κ)
  (hU : ContDiff ℝ 2 U)
  (hH : ∀ (x v : E), κ⁻¹ * ‖v‖ ^ 2 ≤ ((fderiv ℝ (fderiv ℝ U) x) v) v ∧ ((fderiv ℝ (fderiv ℝ U) x) v) v ≤ ‖v‖ ^ 2)
  (r : ℝ≥0) (ha : 0 < a) (u y : E) :
  have W := fun x => U x + ↑r / 2 * ‖x - u‖ ^ 2;
  have α := κ⁻¹ + ↑r;
  have β := 1 + r;
  have K := ↑β / α;
  have rp := ↑r + a⁻¹;
  have w := rp⁻¹ • (↑r • u + a⁻¹ • y);
  StrongConvexOn Set.univ α W ∧
    LipschitzWith β (gradient W) ∧
      Integrable (fun x => Real.exp (-W x)) volume ∧
        0 < ∫ (x : E), Real.exp (-W x) ∧
          IsProbabilityMeasure (volume.tilted fun x => -W x) ∧
            IsProbabilityMeasure (volume.tilted fun x => -(U x + rp / 2 * ‖x - w‖ ^ 2)) ∧
              ((volume.tilted fun x => -(W x + a⁻¹ / 2 * ‖x - y‖ ^ 2)) =
                  volume.tilted fun x => -(U x + rp / 2 * ‖x - w‖ ^ 2)) ∧
                (↑β + a⁻¹) / (α + a⁻¹) = (a * ↑β + 1) * K / (a * ↑β + K)
info: Tests/SmoothedPicardRGOCalculus.lean:8:0: 'AutoSamplingTheory.ExampleCases.SmoothedPicardHMC.RGOCalculus.rgo_calculus' depends on axioms: [propext,
 Classical.choice,
 Quot.sound]
ℹ [9361/9484] Replayed Tests.SmoothedPicardRecursiveVariance
info: Tests/SmoothedPicardRecursiveVariance.lean:7:0: AutoSamplingTheory.ExampleCases.SmoothedPicardHMC.RecursiveVariance.variance_update_bounds {r h c : ℝ} (hr : 0 ≤ r)
  (hh : 0 < h) (hhc : h ≤ c) :
  have a := (h + c) / (1 + r);
  have rp := r + a⁻¹;
  have Aplus := rp⁻¹;
  have rho := 2 * c / (1 + 2 * c);
  0 < rp ∧ 0 < Aplus ∧ Aplus ≤ 2 * c ∧ 0 < rho ∧ rho < 1 ∧ (0 < r → Aplus ≤ rho * r⁻¹)
info: Tests/SmoothedPicardRecursiveVariance.lean:8:0: 'AutoSamplingTheory.ExampleCases.SmoothedPicardHMC.RecursiveVariance.variance_update_bounds' depends on axioms: [propext,
 Classical.choice,
 Quot.sound]
ℹ [9362/9484] Replayed Tests.SmoothedPicardRecursiveDepth
info: Tests/SmoothedPicardRecursiveDepth.lean:7:0: AutoSamplingTheory.ExampleCases.SmoothedPicardHMC.RecursiveDepth.parameter_control {κ c r₀ : ℝ} {η : ℕ → ℝ} (hκ : 1 ≤ κ)
  (hc : 0 < c) (hc_upper : c < 1 / 4) (hr₀ : 0 ≤ r₀) (hη : ∀ (n : ℕ), 0 < η n ∧ η n ≤ c) :
  have K := fun r => (1 + r) / (κ⁻¹ + r);
  have τ := fun r => if 2 ≤ K r then K r else c;
  have a := fun r h => (h + τ r) / (1 + r);
  have step := fun r h => r + (a r h)⁻¹;
  have r := fun t => Nat.rec r₀ (fun j r => step r (η j)) t;
  (∀ (n : ℕ), 0 ≤ r n ∧ 0 < r (n + 1)) ∧
    (Antitone fun n => K (r n)) ∧
      (∀ (m n : ℕ), m ≤ n → K (r m) < 2 → K (r n) < 2) ∧
        (∀ (M N : ℕ),
            (4 / 5) ^ M * K r₀ < 2 → 0 < (r (M + 1 + N))⁻¹ ∧ (r (M + 1 + N))⁻¹ ≤ 2 * c * (2 * c / (1 + 2 * c)) ^ N) ∧
          ∀ (B : ℝ), 0 < B → ∃ J, 0 < J ∧ 0 < (r J)⁻¹ ∧ (r J)⁻¹ ≤ B
info: Tests/SmoothedPicardRecursiveDepth.lean:8:0: 'AutoSamplingTheory.ExampleCases.SmoothedPicardHMC.RecursiveDepth.parameter_control' depends on axioms: [propext,
 Classical.choice,
 Quot.sound]
ℹ [9363/9484] Replayed Tests.SmoothedPicardLogarithmicDepth
info: Tests/SmoothedPicardLogarithmicDepth.lean:7:0: AutoSamplingTheory.ExampleCases.SmoothedPicardHMC.LogarithmicDepth.terminal_depth {κ c r₀ q Δ γ C : ℝ} {d : ℕ}
  {η : ℕ → ℝ} (hκ : 1 ≤ κ) (hc : 0 < c) (hc1 : c < 1 / 4) (hr₀ : 0 ≤ r₀) (hη : ∀ (n : ℕ), 0 < η n ∧ η n ≤ c)
  (hd : 0 < d) (hq : 2 ≤ q) (hΔ : 0 < Δ) (hΔ1 : Δ ≤ 1 / 2) (hγ : 0 < γ) (hγ1 : γ ≤ 1) (hC : 8 ≤ C) :
  have K := fun r => (1 + r) / (κ⁻¹ + r);
  have τ := fun r => if 2 ≤ K r then K r else c;
  have a := fun r h => (h + τ r) / (1 + r);
  have step := fun r h => r + (a r h)⁻¹;
  have r := fun t => Nat.rec r₀ (fun j r => step r (η j)) t;
  have L := q + Real.log (K r₀ * ↑d * q / Δ);
  have B := γ / (√(↑d * L) + L);
  have J := ⌈C * Real.log (Real.exp 1 * K r₀ / B)⌉₊;
  2 ≤ L ∧ (0 < B ∧ B ≤ 1) ∧ 0 < J ∧ 0 < (r J)⁻¹ ∧ (r J)⁻¹ ≤ B ∧ ↑J ≤ (3 * C + C / 2 * Real.log (1 / γ)) * L
info: Tests/SmoothedPicardLogarithmicDepth.lean:8:0: 'AutoSamplingTheory.ExampleCases.SmoothedPicardHMC.LogarithmicDepth.terminal_depth' depends on axioms: [propext,
 Classical.choice,
 Quot.sound]
ℹ [9364/9484] Replayed Tests.ProximalBPSReflectionL2
info: Tests/ProximalBPSReflectionL2.lean:7:0: 'AutoSamplingTheory.ExampleCases.ProximalBPS.ReflectionL2.actual_reflection_block_identities' depends on axioms: [propext,
 Classical.choice,
 Quot.sound]
ℹ [9365/9484] Replayed Tests.ProximalBPSConditionalScore
info: Tests/ProximalBPSConditionalScore.lean:6:0: 'AutoSamplingTheory.ExampleCases.ProximalBPS.ConditionalScore.reflected_conditional_covariance' depends on axioms: [propext,
 Classical.choice,
 Quot.sound]
ℹ [9366/9484] Replayed Tests.ProximalBPSConditionalGradientVariance
info: Tests/ProximalBPSConditionalGradientVariance.lean:52:0: 'AutoSamplingTheory.ExampleCases.ProximalBPS.ConditionalGradientVariance.reflected_conditional_gradient_variance' depends on axioms: [propext,
 Classical.choice,
 Quot.sound]
info: Tests/ProximalBPSConditionalGradientVariance.lean:53:0: 'Tests.ProximalBPSConditionalGradientVariance.gaussian_precision_step' depends on axioms: [propext,
 Classical.choice,
 Quot.sound]
info: Tests/ProximalBPSConditionalGradientVariance.lean:54:0: 'Tests.ProximalBPSConditionalGradientVariance.rank_zero_actual_kernel' depends on axioms: [propext,
 Classical.choice,
 Quot.sound]
ℹ [9367/9484] Replayed Tests.ProximalBPSConditionalGradientEnergy
info: Tests/ProximalBPSConditionalGradientEnergy.lean:78:0: 'AutoSamplingTheory.ExampleCases.ProximalBPS.ConditionalGradientEnergy.reflected_conditional_gradient_energy' depends on axioms: [propext,
 Classical.choice,
 Quot.sound]
info: Tests/ProximalBPSConditionalGradientEnergy.lean:79:0: 'Tests.ProximalBPSConditionalGradientEnergy.gaussian_precision_outer_energy' depends on axioms: [propext,
 Classical.choice,
 Quot.sound]
info: Tests/ProximalBPSConditionalGradientEnergy.lean:80:0: 'Tests.ProximalBPSConditionalGradientEnergy.rank_zero_actual_outer_energy' depends on axioms: [propext,
 Classical.choice,
 Quot.sound]
⚠ [9368/9484] Replayed Tests.ProximalBPSMacroscopicEnergy
warning: Tests/ProximalBPSMacroscopicEnergy.lean:91:38: Variable name `u` is not explicitly referenced.

Hint: The binding can be removed (if unused) or named `_` (if used implicitly). Alternatively, prefix the name with `_` to silence this warning:
  [apply] _u

Note: This linter can be disabled with `set_option linter.unusedVariables false`
info: Tests/ProximalBPSMacroscopicEnergy.lean:129:0: 'AutoSamplingTheory.ExampleCases.ProximalBPS.MacroscopicEnergy.actual_macroscopic_gradient_energy_blocks' depends on axioms: [propext,
 Classical.choice,
 Quot.sound]
info: Tests/ProximalBPSMacroscopicEnergy.lean:130:0: 'Tests.ProximalBPSMacroscopicEnergy.gaussian_precision_macroscopic_energy' depends on axioms: [propext,
 Classical.choice,
 Quot.sound]
info: Tests/ProximalBPSMacroscopicEnergy.lean:131:0: 'Tests.ProximalBPSMacroscopicEnergy.rank_zero_noncentered_constant' depends on axioms: [propext,
 Classical.choice,
 Quot.sound]
⚠ [9369/9484] Replayed Tests.ProximalBPSGaussianMarginalGradient
warning: Tests/ProximalBPSGaussianMarginalGradient.lean:40:2: Try this: 
  letI̵

The goal is a proposition, so `let` is preferred over `letI`.
The difference between `let` and `letI` is that `letI` inlines the value.
But this is not relevant for proofs because of proof irrelevance.

Note: This linter can be disabled with `set_option linter.style.haveILetI false`
warning: Tests/ProximalBPSGaussianMarginalGradient.lean:42:2: Try this: 
  letI̵

The goal is a proposition, so `let` is preferred over `letI`.
The difference between `let` and `letI` is that `letI` inlines the value.
But this is not relevant for proofs because of proof irrelevance.

Note: This linter can be disabled with `set_option linter.style.haveILetI false`
warning: Tests/ProximalBPSGaussianMarginalGradient.lean:93:2: Try this: 
  letI̵

The goal is a proposition, so `let` is preferred over `letI`.
The difference between `let` and `letI` is that `letI` inlines the value.
But this is not relevant for proofs because of proof irrelevance.

Note: This linter can be disabled with `set_option linter.style.haveILetI false`
info: Tests/ProximalBPSGaussianMarginalGradient.lean:109:0: 'AutoSamplingTheory.TechnicalLemmas.FunctionalInequalities.GaussianMarginalGradient.gaussian_marginal_gradient_closable' depends on axioms: [propext,
 Classical.choice,
 Quot.sound]
info: Tests/ProximalBPSGaussianMarginalGradient.lean:110:0: 'Tests.ProximalBPSGaussianMarginalGradient.actual_pbps_compact_gradient_graph' depends on axioms: [propext,
 Classical.choice,
 Quot.sound]
info: Tests/ProximalBPSGaussianMarginalGradient.lean:111:0: 'Tests.ProximalBPSGaussianMarginalGradient.rank_zero_noncentered_graph' depends on axioms: [propext,
 Classical.choice,
 Quot.sound]
⚠ [9370/9484] Replayed Tests.ProximalBPSGaussianReflectedMean
warning: Tests/ProximalBPSGaussianReflectedMean.lean:54:33: Variable name `u` is not explicitly referenced.

Hint: The binding can be removed (if unused) or named `_` (if used implicitly). Alternatively, prefix the name with `_` to silence this warning:
  [apply] _u

Note: This linter can be disabled with `set_option linter.unusedVariables false`
warning: Tests/ProximalBPSGaussianReflectedMean.lean:55:15: Variable name `u` is not explicitly referenced.

Hint: The binding can be removed (if unused) or named `_` (if used implicitly). Alternatively, prefix the name with `_` to silence this warning:
  [apply] _u

Note: This linter can be disabled with `set_option linter.unusedVariables false`
warning: Tests/ProximalBPSGaussianReflectedMean.lean:56:37: Variable name `u` is not explicitly referenced.

Hint: The binding can be removed (if unused) or named `_` (if used implicitly). Alternatively, prefix the name with `_` to silence this warning:
  [apply] _u

Note: This linter can be disabled with `set_option linter.unusedVariables false`
info: Tests/ProximalBPSGaussianReflectedMean.lean:79:0: 'AutoSamplingTheory.TechnicalLemmas.Measure.GaussianReflectedMean.gaussian_reflected_mean_c1' depends on axioms: [propext,
 Classical.choice,
 Quot.sound]
info: Tests/ProximalBPSGaussianReflectedMean.lean:80:0: 'Tests.ProximalBPSGaussianReflectedMean.actual_pbps_reflected_kernel_mean' depends on axioms: [propext,
 Classical.choice,
 Quot.sound]
info: Tests/ProximalBPSGaussianReflectedMean.lean:81:0: 'Tests.ProximalBPSGaussianReflectedMean.rank_zero_noncentered_mean' depends on axioms: [propext,
 Classical.choice,
 Quot.sound]
ℹ [9371/9484] Replayed Tests.ProximalBPSReflectedMeanRegularity
info: Tests/ProximalBPSReflectedMeanRegularity.lean:100:0: 'AutoSamplingTheory.ExampleCases.ProximalBPS.LiteralReflectedMean.reflected_gibbs_mean_c1' depends on axioms: [propext,
 Classical.choice,
 Quot.sound]
info: Tests/ProximalBPSReflectedMeanRegularity.lean:101:0: 'Tests.ProximalBPSReflectedMeanRegularity.actual_pbps_source_reflected_mean' depends on axioms: [propext,
 Classical.choice,
 Quot.sound]
info: Tests/ProximalBPSReflectedMeanRegularity.lean:102:0: 'Tests.ProximalBPSReflectedMeanRegularity.rank_zero_source_noncentered_mean' depends on axioms: [propext,
 Classical.choice,
 Quot.sound]
ℹ [9372/9484] Replayed Tests.ProximalBPSL2MacroscopicMean
info: Tests/ProximalBPSL2MacroscopicMean.lean:103:0: 'AutoSamplingTheory.ExampleCases.ProximalBPS.L2MacroscopicMean.actual_macroscopic_l2_mean' depends on axioms: [propext,
 Classical.choice,
 Quot.sound]
info: Tests/ProximalBPSL2MacroscopicMean.lean:104:0: 'Tests.ProximalBPSL2MacroscopicMean.actual_rough_difference_variance' depends on axioms: [propext,
 Classical.choice,
 Quot.sound]
info: Tests/ProximalBPSL2MacroscopicMean.lean:105:0: 'Tests.ProximalBPSL2MacroscopicMean.rank_zero_actual_source_constant' depends on axioms: [propext,
 Classical.choice,
 Quot.sound]
ℹ [9373/9484] Replayed Tests.ProximalBPSRoughMeanGradient
info: Tests/ProximalBPSRoughMeanGradient.lean:107:0: 'AutoSamplingTheory.ExampleCases.ProximalBPS.RoughMeanGradient.actual_rough_mean_gradient' depends on axioms: [propext,
 Classical.choice,
 Quot.sound]
info: Tests/ProximalBPSRoughMeanGradient.lean:108:0: 'Tests.ProximalBPSRoughMeanGradient.actual_joint_block_rough_difference' depends on axioms: [propext,
 Classical.choice,
 Quot.sound]
info: Tests/ProximalBPSRoughMeanGradient.lean:109:0: 'Tests.ProximalBPSRoughMeanGradient.actual_sharp_endpoint_zero_gradient' depends on axioms: [propext,
 Classical.choice,
 Quot.sound]
⚠ [9374/9484] Replayed Tests.GaussianMarginalPoincare
warning: Tests/GaussianMarginalPoincare.lean:58:2: Try this: 
  letI̵

The goal is a proposition, so `let` is preferred over `letI`.
The difference between `let` and `letI` is that `letI` inlines the value.
But this is not relevant for proofs because of proof irrelevance.

Note: This linter can be disabled with `set_option linter.style.haveILetI false`
warning: Tests/GaussianMarginalPoincare.lean:59:2: Try this: 
  letI̵

The goal is a proposition, so `let` is preferred over `letI`.
The difference between `let` and `letI` is that `letI` inlines the value.
But this is not relevant for proofs because of proof irrelevance.

Note: This linter can be disabled with `set_option linter.style.haveILetI false`
warning: Tests/GaussianMarginalPoincare.lean:60:2: Try this: 
  letI̵

The goal is a proposition, so `let` is preferred over `letI`.
The difference between `let` and `letI` is that `letI` inlines the value.
But this is not relevant for proofs because of proof irrelevance.

Note: This linter can be disabled with `set_option linter.style.haveILetI false`
warning: Tests/GaussianMarginalPoincare.lean:61:2: Try this: 
  letI̵

The goal is a proposition, so `let` is preferred over `letI`.
The difference between `let` and `letI` is that `letI` inlines the value.
But this is not relevant for proofs because of proof irrelevance.

Note: This linter can be disabled with `set_option linter.style.haveILetI false`
info: Tests/GaussianMarginalPoincare.lean:119:0: 'AutoSamplingTheory.TechnicalLemmas.FunctionalInequalities.GaussianMarginalPoincare.actual_gaussian_marginal_centered_poincare' depends on axioms: [propext,
 Classical.choice,
 Quot.sound]
info: Tests/GaussianMarginalPoincare.lean:120:0: 'Tests.GaussianMarginalPoincare.actual_same_mean_centered_contraction' depends on axioms: [propext,
 Classical.choice,
 Quot.sound]
⚠ [9375/9484] Replayed Tests.ProximalBPSDefectComplexLift
warning: Tests/ProximalBPSDefectComplexLift.lean:19:2: Try this: 
  letI̵

The goal is a proposition, so `let` is preferred over `letI`.
The difference between `let` and `letI` is that `letI` inlines the value.
But this is not relevant for proofs because of proof irrelevance.

Note: This linter can be disabled with `set_option linter.style.haveILetI false`
warning: Tests/ProximalBPSDefectComplexLift.lean:21:2: Try this: 
  letI̵

The goal is a proposition, so `let` is preferred over `letI`.
The difference between `let` and `letI` is that `letI` inlines the value.
But this is not relevant for proofs because of proof irrelevance.

Note: This linter can be disabled with `set_option linter.style.haveILetI false`
warning: Tests/ProximalBPSDefectComplexLift.lean:24:2: Try this: 
  letI̵

The goal is a proposition, so `let` is preferred over `letI`.
The difference between `let` and `letI` is that `letI` inlines the value.
But this is not relevant for proofs because of proof irrelevance.

Note: This linter can be disabled with `set_option linter.style.haveILetI false`
info: Tests/ProximalBPSDefectComplexLift.lean:34:0: AutoSamplingTheory.ExampleCases.ProximalBPS.DefectComplexLift.actual_positive_defect_complex_lift.{u_1} {E : Type u_1}
  [NormedAddCommGroup E] [InnerProductSpace ℝ E] [FiniteDimensional ℝ E] [MeasurableSpace E] [BorelSpace E] {V : E → ℝ}
  {α β : NNReal} {η : ℝ} (hα : 0 < ↑α) (hαβ : α ≤ β) (hV : ContDiff ℝ 2 V)
  (hH : ∀ (x v : E), ↑α * ‖v‖ ^ 2 ≤ ((fderiv ℝ (fderiv ℝ V) x) v) v ∧ ((fderiv ℝ (fderiv ℝ V) x) v) v ≤ ↑β * ‖v‖ ^ 2)
  (hη : 0 < η) (hβη : ↑β * η ≤ 1) :
  have μ := volume.tilted fun x => -V x;
  have J := Measure.map (fun p => (p.1, p.1 + √η • p.2)) (μ.prod (ProbabilityTheory.stdGaussian E));
  have ν := J.snd;
  have Λ := Measure.map (fun p => (p.2, 2 • p.1 - p.2)) J;
  have ι := ContinuousLinearMap.compLpL 2 ν Complex.ofRealCLM;
  have R := ContinuousLinearMap.compLpL 2 ν Complex.reCLM;
  have Q := ContinuousLinearMap.compLpL 2 ν Complex.imCLM;
  have C := ContinuousLinearMap.compLpL 2 ν ↑Complex.conjCLE;
  IsProbabilityMeasure μ ∧
    IsProbabilityMeasure J ∧
      IsProbabilityMeasure ν ∧
        ∃ S,
          ProbabilityTheory.IsMarkovKernel S ∧
            (∀ (y : E), S y = volume.tilted fun x => -V ((1 / 2) • (y + x)) - ‖y - x‖ ^ 2 / (8 * η)) ∧
              Λ.IsCondKernel S ∧
                Λ.fst = ν ∧
                  Λ.snd = ν ∧
                    ∃ T,
                      IsSelfAdjoint T ∧
                        (∀ (u : ↥(Lp ℝ 2 ν)),
                            ‖T u‖ ≤ ‖u‖ ∧
                              (↑↑(T u) =ᵐ[ν] fun y => ∫ (x : E), ↑↑u x ∂S y) ∧
                                ∫ (y : E), ↑↑(T u) y ∂ν = ∫ (y : E), ↑↑u y ∂ν) ∧
                          (1 - T * T).IsPositive ∧
                            (∀ (u : ↥(Lp ℝ 2 ν)), ‖ι u‖ = ‖u‖) ∧
                              (∀ (g : ↥(Lp ℂ 2 ν)), C g = g ↔ ∃ u, ι u = g) ∧
                                ∃ Dc,
                                  Dc.IsPositive ∧
                                    (∀ (g : ↥(Lp ℂ 2 ν)),
                                        Dc g = ι ((1 - T * T) (R g)) + Complex.I • ι ((1 - T * T) (Q g))) ∧
                                      (∀ (u : ↥(Lp ℝ 2 ν)), Dc (ι u) = ι ((1 - T * T) u)) ∧
                                        ∀ (g : ↥(Lp ℂ 2 ν)), C (Dc g) = Dc (C g)
ℹ [9376/9484] Replayed Tests.ProximalBPSRealDefectRoot
info: Tests/ProximalBPSRealDefectRoot.lean:38:0: AutoSamplingTheory.TechnicalLemmas.Measure.L2RealSquareRoot.exists_positive_real_square_root.{u_2} {Ω : Type u_2}
  [MeasurableSpace Ω] (μ : Measure Ω) (D : ↥(Lp ℝ 2 μ) →L[ℝ] ↥(Lp ℝ 2 μ)) (hD : D.IsPositive) :
  ∃ Γ, Γ.IsPositive ∧ Γ * Γ = D ∧ ∀ (u : ↥(Lp ℝ 2 μ)), ‖Γ u‖ ^ 2 = inner ℝ (D u) u
info: Tests/ProximalBPSRealDefectRoot.lean:39:0: AutoSamplingTheory.ExampleCases.ProximalBPS.RealDefectRoot.actual_positive_real_defect_root.{u_1} {E : Type u_1}
  [NormedAddCommGroup E] [InnerProductSpace ℝ E] [FiniteDimensional ℝ E] [MeasurableSpace E] [BorelSpace E] {V : E → ℝ}
  {α β : ℝ≥0} {η : ℝ} (hα : 0 < ↑α) (hαβ : α ≤ β) (hV : ContDiff ℝ 2 V)
  (hH : ∀ (x v : E), ↑α * ‖v‖ ^ 2 ≤ ((fderiv ℝ (fderiv ℝ V) x) v) v ∧ ((fderiv ℝ (fderiv ℝ V) x) v) v ≤ ↑β * ‖v‖ ^ 2)
  (hη : 0 < η) (hβη : ↑β * η ≤ 1) :
  have μ := ℙ.tilted fun x => -V x;
  have J := Measure.map (fun p => (p.1, p.1 + √η • p.2)) (μ.prod (stdGaussian E));
  have ν := J.snd;
  have Λ := Measure.map (fun p => (p.2, 2 • p.1 - p.2)) J;
  IsProbabilityMeasure μ ∧
    IsProbabilityMeasure J ∧
      IsProbabilityMeasure ν ∧
        ∃ S,
          IsMarkovKernel S ∧
            (∀ (y : E), S y = ℙ.tilted fun x => -V ((1 / 2) • (y + x)) - ‖y - x‖ ^ 2 / (8 * η)) ∧
              Λ.IsCondKernel S ∧
                Λ.fst = ν ∧
                  Λ.snd = ν ∧
                    ∃ T,
                      IsSelfAdjoint T ∧
                        (∀ (u : ↥(Lp ℝ 2 ν)),
                            ‖T u‖ ≤ ‖u‖ ∧
                              (↑↑(T u) =ᵐ[ν] fun y => ∫ (x : E), ↑↑u x ∂S y) ∧
                                ∫ (y : E), ↑↑(T u) y ∂ν = ∫ (y : E), ↑↑u y ∂ν) ∧
                          (1 - T * T).IsPositive ∧
                            ∃ Γ, Γ.IsPositive ∧ Γ * Γ = 1 - T * T ∧ ∀ (u : ↥(Lp ℝ 2 ν)), ‖Γ u‖ ^ 2 = ‖u‖ ^ 2 - ‖T u‖ ^ 2
ℹ [9377/9484] Replayed Tests.ProximalBPSRealDefectRootUnique
info: Tests/ProximalBPSRealDefectRootUnique.lean:44:0: AutoSamplingTheory.TechnicalLemmas.Measure.L2RealSquareRootUnique.positive_square_roots_unique.{u_1} {Ω : Type u_1}
  [MeasurableSpace Ω] (μ : Measure Ω) (A B : ↥(Lp ℝ 2 μ) →L[ℝ] ↥(Lp ℝ 2 μ)) (hA : A.IsPositive) (hB : B.IsPositive)
  (hSq : A * A = B * B) : A = B
info: Tests/ProximalBPSRealDefectRootUnique.lean:45:0: AutoSamplingTheory.ExampleCases.ProximalBPS.RealDefectRootUnique.actual_unique_positive_real_defect_root.{u_1}
  {E : Type u_1} [NormedAddCommGroup E] [InnerProductSpace ℝ E] [FiniteDimensional ℝ E] [MeasurableSpace E]
  [BorelSpace E] {V : E → ℝ} {α β : ℝ≥0} {η : ℝ} (hα : 0 < ↑α) (hαβ : α ≤ β) (hV : ContDiff ℝ 2 V)
  (hH : ∀ (x v : E), ↑α * ‖v‖ ^ 2 ≤ ((fderiv ℝ (fderiv ℝ V) x) v) v ∧ ((fderiv ℝ (fderiv ℝ V) x) v) v ≤ ↑β * ‖v‖ ^ 2)
  (hη : 0 < η) (hβη : ↑β * η ≤ 1) :
  have μ := ℙ.tilted fun x => -V x;
  have J := Measure.map (fun p => (p.1, p.1 + √η • p.2)) (μ.prod (stdGaussian E));
  have ν := J.snd;
  have Λ := Measure.map (fun p => (p.2, 2 • p.1 - p.2)) J;
  IsProbabilityMeasure μ ∧
    IsProbabilityMeasure J ∧
      IsProbabilityMeasure ν ∧
        ∃ S,
          IsMarkovKernel S ∧
            (∀ (y : E), S y = ℙ.tilted fun x => -V ((1 / 2) • (y + x)) - ‖y - x‖ ^ 2 / (8 * η)) ∧
              Λ.IsCondKernel S ∧
                Λ.fst = ν ∧
                  Λ.snd = ν ∧
                    ∃ T,
                      IsSelfAdjoint T ∧
                        (∀ (u : ↥(Lp ℝ 2 ν)),
                            ‖T u‖ ≤ ‖u‖ ∧
                              (↑↑(T u) =ᵐ[ν] fun y => ∫ (x : E), ↑↑u x ∂S y) ∧
                                ∫ (y : E), ↑↑(T u) y ∂ν = ∫ (y : E), ↑↑u y ∂ν) ∧
                          (1 - T * T).IsPositive ∧
                            ∃ Γ,
                              Γ.IsPositive ∧
                                Γ * Γ = 1 - T * T ∧
                                  (∀ (u : ↥(Lp ℝ 2 ν)), ‖Γ u‖ ^ 2 = ‖u‖ ^ 2 - ‖T u‖ ^ 2) ∧
                                    ∀ (Γ' : ↥(Lp ℝ 2 ν) →L[ℝ] ↥(Lp ℝ 2 ν)), Γ'.IsPositive → Γ' * Γ' = 1 - T * T → Γ' = Γ
⚠ [9378/9484] Replayed Tests.ProximalBPSMacroscopicDefectRoot
warning: Tests/ProximalBPSMacroscopicDefectRoot.lean:70:2: Try this: 
  letI̵

The goal is a proposition, so `let` is preferred over `letI`.
The difference between `let` and `letI` is that `letI` inlines the value.
But this is not relevant for proofs because of proof irrelevance.

Note: This linter can be disabled with `set_option linter.style.haveILetI false`
warning: Tests/ProximalBPSMacroscopicDefectRoot.lean:71:2: Try this: 
  letI̵

The goal is a proposition, so `let` is preferred over `letI`.
The difference between `let` and `letI` is that `letI` inlines the value.
But this is not relevant for proofs because of proof irrelevance.

Note: This linter can be disabled with `set_option linter.style.haveILetI false`
info: Tests/ProximalBPSMacroscopicDefectRoot.lean:91:0: 'Tests.ProximalBPSMacroscopicDefectRoot.genuine_actual_macroscopic_root_consumer' depends on axioms: [propext,
 Classical.choice,
 Quot.sound]
⚠ [9379/9484] Replayed Tests.ProximalBPSCenteredRootOrderInverse
warning: Tests/ProximalBPSCenteredRootOrderInverse.lean:93:2: Try this: 
  letI̵

The goal is a proposition, so `let` is preferred over `letI`.
The difference between `let` and `letI` is that `letI` inlines the value.
But this is not relevant for proofs because of proof irrelevance.

Note: This linter can be disabled with `set_option linter.style.haveILetI false`
warning: Tests/ProximalBPSCenteredRootOrderInverse.lean:94:2: Try this: 
  letI̵

The goal is a proposition, so `let` is preferred over `letI`.
The difference between `let` and `letI` is that `letI` inlines the value.
But this is not relevant for proofs because of proof irrelevance.

Note: This linter can be disabled with `set_option linter.style.haveILetI false`
warning: Tests/ProximalBPSCenteredRootOrderInverse.lean:96:2: Try this: 
  letI̵

The goal is a proposition, so `let` is preferred over `letI`.
The difference between `let` and `letI` is that `letI` inlines the value.
But this is not relevant for proofs because of proof irrelevance.

Note: This linter can be disabled with `set_option linter.style.haveILetI false`
warning: Tests/ProximalBPSCenteredRootOrderInverse.lean:97:2: Try this: 
  letI̵

The goal is a proposition, so `let` is preferred over `letI`.
The difference between `let` and `letI` is that `letI` inlines the value.
But this is not relevant for proofs because of proof irrelevance.

Note: This linter can be disabled with `set_option linter.style.haveILetI false`
warning: Tests/ProximalBPSCenteredRootOrderInverse.lean:114:2: Try this: 
  letI̵

The goal is a proposition, so `let` is preferred over `letI`.
The difference between `let` and `letI` is that `letI` inlines the value.
But this is not relevant for proofs because of proof irrelevance.

Note: This linter can be disabled with `set_option linter.style.haveILetI false`
warning: Tests/ProximalBPSCenteredRootOrderInverse.lean:115:2: Try this: 
  letI̵

The goal is a proposition, so `let` is preferred over `letI`.
The difference between `let` and `letI` is that `letI` inlines the value.
But this is not relevant for proofs because of proof irrelevance.

Note: This linter can be disabled with `set_option linter.style.haveILetI false`
info: Tests/ProximalBPSCenteredRootOrderInverse.lean:139:0: 'AutoSamplingTheory.TechnicalLemmas.Measure.L2RealSquareOrder.positive_square_order' depends on axioms: [propext,
 Classical.choice,
 Quot.sound]
info: Tests/ProximalBPSCenteredRootOrderInverse.lean:140:0: 'AutoSamplingTheory.ExampleCases.ProximalBPS.CenteredRootOrderInverse.actual_centered_root_order_inverse' depends on axioms: [propext,
 Classical.choice,
 Quot.sound]
info: Tests/ProximalBPSCenteredRootOrderInverse.lean:141:0: 'Tests.ProximalBPSCenteredRootOrderInverse.genuine_actual_centered_inverse_consumer' depends on axioms: [propext,
 Classical.choice,
 Quot.sound]
⚠ [9380/9484] Replayed Tests.ProximalBPSPolarIsometry
warning: Tests/ProximalBPSPolarIsometry.lean:102:2: Try this: 
  letI̵

The goal is a proposition, so `let` is preferred over `letI`.
The difference between `let` and `letI` is that `letI` inlines the value.
But this is not relevant for proofs because of proof irrelevance.

Note: This linter can be disabled with `set_option linter.style.haveILetI false`
warning: Tests/ProximalBPSPolarIsometry.lean:103:2: Try this: 
  letI̵

The goal is a proposition, so `let` is preferred over `letI`.
The difference between `let` and `letI` is that `letI` inlines the value.
But this is not relevant for proofs because of proof irrelevance.

Note: This linter can be disabled with `set_option linter.style.haveILetI false`
warning: Tests/ProximalBPSPolarIsometry.lean:105:2: Try this: 
  letI̵

The goal is a proposition, so `let` is preferred over `letI`.
The difference between `let` and `letI` is that `letI` inlines the value.
But this is not relevant for proofs because of proof irrelevance.

Note: This linter can be disabled with `set_option linter.style.haveILetI false`
warning: Tests/ProximalBPSPolarIsometry.lean:106:2: Try this: 
  letI̵

The goal is a proposition, so `let` is preferred over `letI`.
The difference between `let` and `letI` is that `letI` inlines the value.
But this is not relevant for proofs because of proof irrelevance.

Note: This linter can be disabled with `set_option linter.style.haveILetI false`
warning: Tests/ProximalBPSPolarIsometry.lean:123:2: Try this: 
  letI̵

The goal is a proposition, so `let` is preferred over `letI`.
The difference between `let` and `letI` is that `letI` inlines the value.
But this is not relevant for proofs because of proof irrelevance.

Note: This linter can be disabled with `set_option linter.style.haveILetI false`
warning: Tests/ProximalBPSPolarIsometry.lean:124:2: Try this: 
  letI̵

The goal is a proposition, so `let` is preferred over `letI`.
The difference between `let` and `letI` is that `letI` inlines the value.
But this is not relevant for proofs because of proof irrelevance.

Note: This linter can be disabled with `set_option linter.style.haveILetI false`
warning: Tests/ProximalBPSPolarIsometry.lean:125:2: Try this: 
  letI̵

The goal is a proposition, so `let` is preferred over `letI`.
The difference between `let` and `letI` is that `letI` inlines the value.
But this is not relevant for proofs because of proof irrelevance.

Note: This linter can be disabled with `set_option linter.style.haveILetI false`
warning: Tests/ProximalBPSPolarIsometry.lean:127:2: Try this: 
  letI̵

The goal is a proposition, so `let` is preferred over `letI`.
The difference between `let` and `letI` is that `letI` inlines the value.
But this is not relevant for proofs because of proof irrelevance.

Note: This linter can be disabled with `set_option linter.style.haveILetI false`
warning: Tests/ProximalBPSPolarIsometry.lean:128:2: Try this: 
  letI̵

The goal is a proposition, so `let` is preferred over `letI`.
The difference between `let` and `letI` is that `letI` inlines the value.
But this is not relevant for proofs because of proof irrelevance.

Note: This linter can be disabled with `set_option linter.style.haveILetI false`
warning: Tests/ProximalBPSPolarIsometry.lean:129:2: Try this: 
  letI̵

The goal is a proposition, so `let` is preferred over `letI`.
The difference between `let` and `letI` is that `letI` inlines the value.
But this is not relevant for proofs because of proof irrelevance.

Note: This linter can be disabled with `set_option linter.style.haveILetI false`
info: Tests/ProximalBPSPolarIsometry.lean:164:0: 'AutoSamplingTheory.ExampleCases.ProximalBPS.PolarIsometry.actual_centered_polar_isometry' depends on axioms: [propext,
 Classical.choice,
 Quot.sound]
info: Tests/ProximalBPSPolarIsometry.lean:165:0: 'Tests.ProximalBPSPolarIsometry.genuine_actual_polar_corrector_consumer' depends on axioms: [propext,
 Classical.choice,
 Quot.sound]
⚠ [9381/9484] Replayed Tests.ProximalBPSAmbientAdjointCorrector
warning: Tests/ProximalBPSAmbientAdjointCorrector.lean:14:5: Variable name `hα` is not explicitly referenced.

Hint: The binding can be removed (if unused) or named `_` (if used implicitly). Alternatively, prefix the name with `_` to silence this warning:
  [apply] _hα

Note: This linter can be disabled with `set_option linter.unusedVariables false`
warning: Tests/ProximalBPSAmbientAdjointCorrector.lean:14:24: Variable name `hαβ` is not explicitly referenced.

Hint: The binding can be removed (if unused) or named `_` (if used implicitly). Alternatively, prefix the name with `_` to silence this warning:
  [apply] _hαβ

Note: This linter can be disabled with `set_option linter.unusedVariables false`
warning: Tests/ProximalBPSAmbientAdjointCorrector.lean:14:38: Variable name `hV` is not explicitly referenced.

Hint: The binding can be removed (if unused) or named `_` (if used implicitly). Alternatively, prefix the name with `_` to silence this warning:
  [apply] _hV

Note: This linter can be disabled with `set_option linter.unusedVariables false`
warning: Tests/ProximalBPSAmbientAdjointCorrector.lean:15:5: Variable name `hH` is not explicitly referenced.

Hint: The binding can be removed (if unused) or named `_` (if used implicitly). Alternatively, prefix the name with `_` to silence this warning:
  [apply] _hH

Note: This linter can be disabled with `set_option linter.unusedVariables false`
warning: Tests/ProximalBPSAmbientAdjointCorrector.lean:18:5: Variable name `hη` is not explicitly referenced.

Hint: The binding can be removed (if unused) or named `_` (if used implicitly). Alternatively, prefix the name with `_` to silence this warning:
  [apply] _hη

Note: This linter can be disabled with `set_option linter.unusedVariables false`
warning: Tests/ProximalBPSAmbientAdjointCorrector.lean:18:18: Variable name `hβη` is not explicitly referenced.

Hint: The binding can be removed (if unused) or named `_` (if used implicitly). Alternatively, prefix the name with `_` to silence this warning:
  [apply] _hβη

Note: This linter can be disabled with `set_option linter.unusedVariables false`
warning: Tests/ProximalBPSAmbientAdjointCorrector.lean:123:2: Try this: 
  letI̵

The goal is a proposition, so `let` is preferred over `letI`.
The difference between `let` and `letI` is that `letI` inlines the value.
But this is not relevant for proofs because of proof irrelevance.

Note: This linter can be disabled with `set_option linter.style.haveILetI false`
warning: Tests/ProximalBPSAmbientAdjointCorrector.lean:124:2: Try this: 
  letI̵

The goal is a proposition, so `let` is preferred over `letI`.
The difference between `let` and `letI` is that `letI` inlines the value.
But this is not relevant for proofs because of proof irrelevance.

Note: This linter can be disabled with `set_option linter.style.haveILetI false`
warning: Tests/ProximalBPSAmbientAdjointCorrector.lean:126:2: Try this: 
  letI̵

The goal is a proposition, so `let` is preferred over `letI`.
The difference between `let` and `letI` is that `letI` inlines the value.
But this is not relevant for proofs because of proof irrelevance.

Note: This linter can be disabled with `set_option linter.style.haveILetI false`
warning: Tests/ProximalBPSAmbientAdjointCorrector.lean:127:2: Try this: 
  letI̵

The goal is a proposition, so `let` is preferred over `letI`.
The difference between `let` and `letI` is that `letI` inlines the value.
But this is not relevant for proofs because of proof irrelevance.

Note: This linter can be disabled with `set_option linter.style.haveILetI false`
warning: Tests/ProximalBPSAmbientAdjointCorrector.lean:143:2: Try this: 
  letI̵

The goal is a proposition, so `let` is preferred over `letI`.
The difference between `let` and `letI` is that `letI` inlines the value.
But this is not relevant for proofs because of proof irrelevance.

Note: This linter can be disabled with `set_option linter.style.haveILetI false`
warning: Tests/ProximalBPSAmbientAdjointCorrector.lean:144:2: Try this: 
  letI̵

The goal is a proposition, so `let` is preferred over `letI`.
The difference between `let` and `letI` is that `letI` inlines the value.
But this is not relevant for proofs because of proof irrelevance.

Note: This linter can be disabled with `set_option linter.style.haveILetI false`
warning: Tests/ProximalBPSAmbientAdjointCorrector.lean:145:2: Try this: 
  letI̵

The goal is a proposition, so `let` is preferred over `letI`.
The difference between `let` and `letI` is that `letI` inlines the value.
But this is not relevant for proofs because of proof irrelevance.

Note: This linter can be disabled with `set_option linter.style.haveILetI false`
warning: Tests/ProximalBPSAmbientAdjointCorrector.lean:147:2: Try this: 
  letI̵

The goal is a proposition, so `let` is preferred over `letI`.
The difference between `let` and `letI` is that `letI` inlines the value.
But this is not relevant for proofs because of proof irrelevance.

Note: This linter can be disabled with `set_option linter.style.haveILetI false`
warning: Tests/ProximalBPSAmbientAdjointCorrector.lean:148:2: Try this: 
  letI̵

The goal is a proposition, so `let` is preferred over `letI`.
The difference between `let` and `letI` is that `letI` inlines the value.
But this is not relevant for proofs because of proof irrelevance.

Note: This linter can be disabled with `set_option linter.style.haveILetI false`
warning: Tests/ProximalBPSAmbientAdjointCorrector.lean:149:2: Try this: 
  letI̵

The goal is a proposition, so `let` is preferred over `letI`.
The difference between `let` and `letI` is that `letI` inlines the value.
But this is not relevant for proofs because of proof irrelevance.

Note: This linter can be disabled with `set_option linter.style.haveILetI false`
info: Tests/ProximalBPSAmbientAdjointCorrector.lean:254:0: 'AutoSamplingTheory.ExampleCases.ProximalBPS.AmbientAdjointCorrector.actual_ambient_adjoint_centered_decomposition' depends on axioms: [propext,
 Classical.choice,
 Quot.sound]
info: Tests/ProximalBPSAmbientAdjointCorrector.lean:255:0: 'Tests.ProximalBPSAmbientAdjointCorrector.genuine_actual_global_corrector_consumer' depends on axioms: [propext,
 Classical.choice,
 Quot.sound]
⚠ [9382/9484] Replayed Tests.ProximalBPSActualRootCommutation
warning: Tests/ProximalBPSActualRootCommutation.lean:14:5: Variable name `hα` is not explicitly referenced.

Hint: The binding can be removed (if unused) or named `_` (if used implicitly). Alternatively, prefix the name with `_` to silence this warning:
  [apply] _hα

Note: This linter can be disabled with `set_option linter.unusedVariables false`
warning: Tests/ProximalBPSActualRootCommutation.lean:14:24: Variable name `hαβ` is not explicitly referenced.

Hint: The binding can be removed (if unused) or named `_` (if used implicitly). Alternatively, prefix the name with `_` to silence this warning:
  [apply] _hαβ

Note: This linter can be disabled with `set_option linter.unusedVariables false`
warning: Tests/ProximalBPSActualRootCommutation.lean:14:38: Variable name `hV` is not explicitly referenced.

Hint: The binding can be removed (if unused) or named `_` (if used implicitly). Alternatively, prefix the name with `_` to silence this warning:
  [apply] _hV

Note: This linter can be disabled with `set_option linter.unusedVariables false`
warning: Tests/ProximalBPSActualRootCommutation.lean:15:5: Variable name `hH` is not explicitly referenced.

Hint: The binding can be removed (if unused) or named `_` (if used implicitly). Alternatively, prefix the name with `_` to silence this warning:
  [apply] _hH

Note: This linter can be disabled with `set_option linter.unusedVariables false`
warning: Tests/ProximalBPSActualRootCommutation.lean:18:5: Variable name `hη` is not explicitly referenced.

Hint: The binding can be removed (if unused) or named `_` (if used implicitly). Alternatively, prefix the name with `_` to silence this warning:
  [apply] _hη

Note: This linter can be disabled with `set_option linter.unusedVariables false`
warning: Tests/ProximalBPSActualRootCommutation.lean:18:18: Variable name `hβη` is not explicitly referenced.

Hint: The binding can be removed (if unused) or named `_` (if used implicitly). Alternatively, prefix the name with `_` to silence this warning:
  [apply] _hβη

Note: This linter can be disabled with `set_option linter.unusedVariables false`
warning: Tests/ProximalBPSActualRootCommutation.lean:133:2: Try this: 
  letI̵

The goal is a proposition, so `let` is preferred over `letI`.
The difference between `let` and `letI` is that `letI` inlines the value.
But this is not relevant for proofs because of proof irrelevance.

Note: This linter can be disabled with `set_option linter.style.haveILetI false`
warning: Tests/ProximalBPSActualRootCommutation.lean:134:2: Try this: 
  letI̵

The goal is a proposition, so `let` is preferred over `letI`.
The difference between `let` and `letI` is that `letI` inlines the value.
But this is not relevant for proofs because of proof irrelevance.

Note: This linter can be disabled with `set_option linter.style.haveILetI false`
warning: Tests/ProximalBPSActualRootCommutation.lean:136:2: Try this: 
  letI̵

The goal is a proposition, so `let` is preferred over `letI`.
The difference between `let` and `letI` is that `letI` inlines the value.
But this is not relevant for proofs because of proof irrelevance.

Note: This linter can be disabled with `set_option linter.style.haveILetI false`
warning: Tests/ProximalBPSActualRootCommutation.lean:137:2: Try this: 
  letI̵

The goal is a proposition, so `let` is preferred over `letI`.
The difference between `let` and `letI` is that `letI` inlines the value.
But this is not relevant for proofs because of proof irrelevance.

Note: This linter can be disabled with `set_option linter.style.haveILetI false`
warning: Tests/ProximalBPSActualRootCommutation.lean:153:2: Try this: 
  letI̵

The goal is a proposition, so `let` is preferred over `letI`.
The difference between `let` and `letI` is that `letI` inlines the value.
But this is not relevant for proofs because of proof irrelevance.

Note: This linter can be disabled with `set_option linter.style.haveILetI false`
warning: Tests/ProximalBPSActualRootCommutation.lean:154:2: Try this: 
  letI̵

The goal is a proposition, so `let` is preferred over `letI`.
The difference between `let` and `letI` is that `letI` inlines the value.
But this is not relevant for proofs because of proof irrelevance.

Note: This linter can be disabled with `set_option linter.style.haveILetI false`
warning: Tests/ProximalBPSActualRootCommutation.lean:155:2: Try this: 
  letI̵

The goal is a proposition, so `let` is preferred over `letI`.
The difference between `let` and `letI` is that `letI` inlines the value.
But this is not relevant for proofs because of proof irrelevance.

Note: This linter can be disabled with `set_option linter.style.haveILetI false`
warning: Tests/ProximalBPSActualRootCommutation.lean:157:2: Try this: 
  letI̵

The goal is a proposition, so `let` is preferred over `letI`.
The difference between `let` and `letI` is that `letI` inlines the value.
But this is not relevant for proofs because of proof irrelevance.

Note: This linter can be disabled with `set_option linter.style.haveILetI false`
warning: Tests/ProximalBPSActualRootCommutation.lean:158:2: Try this: 
  letI̵

The goal is a proposition, so `let` is preferred over `letI`.
The difference between `let` and `letI` is that `letI` inlines the value.
But this is not relevant for proofs because of proof irrelevance.

Note: This linter can be disabled with `set_option linter.style.haveILetI false`
warning: Tests/ProximalBPSActualRootCommutation.lean:159:2: Try this: 
  letI̵

The goal is a proposition, so `let` is preferred over `letI`.
The difference between `let` and `letI` is that `letI` inlines the value.
But this is not relevant for proofs because of proof irrelevance.

Note: This linter can be disabled with `set_option linter.style.haveILetI false`
info: Tests/ProximalBPSActualRootCommutation.lean:254:0: 'AutoSamplingTheory.ExampleCases.ProximalBPS.ActualRootCommutation.actual_same_root_inverse_commutation' depends on axioms: [propext,
 Classical.choice,
 Quot.sound]
info: Tests/ProximalBPSActualRootCommutation.lean:255:0: 'Tests.ProximalBPSActualRootCommutation.genuine_actual_corrector_coefficient_consumer' depends on axioms: [propext,
 Classical.choice,
 Quot.sound]
info: Tests/ProximalBPSActualRootCommutation.lean:257:0: 'AutoSamplingTheory.TechnicalLemmas.Measure.L2RealSquareCommute.positive_square_commutation' depends on axioms: [propext,
 Classical.choice,
 Quot.sound]
⚠ [9383/9484] Replayed Tests.ProximalBPSSharpCorrectorEnergy
warning: Tests/ProximalBPSSharpCorrectorEnergy.lean:21:5: Variable name `hα` is not explicitly referenced.

Hint: The binding can be removed (if unused) or named `_` (if used implicitly). Alternatively, prefix the name with `_` to silence this warning:
  [apply] _hα

Note: This linter can be disabled with `set_option linter.unusedVariables false`
warning: Tests/ProximalBPSSharpCorrectorEnergy.lean:21:24: Variable name `hαβ` is not explicitly referenced.

Hint: The binding can be removed (if unused) or named `_` (if used implicitly). Alternatively, prefix the name with `_` to silence this warning:
  [apply] _hαβ

Note: This linter can be disabled with `set_option linter.unusedVariables false`
warning: Tests/ProximalBPSSharpCorrectorEnergy.lean:21:38: Variable name `hV` is not explicitly referenced.

Hint: The binding can be removed (if unused) or named `_` (if used implicitly). Alternatively, prefix the name with `_` to silence this warning:
  [apply] _hV

Note: This linter can be disabled with `set_option linter.unusedVariables false`
warning: Tests/ProximalBPSSharpCorrectorEnergy.lean:22:5: Variable name `hH` is not explicitly referenced.

Hint: The binding can be removed (if unused) or named `_` (if used implicitly). Alternatively, prefix the name with `_` to silence this warning:
  [apply] _hH

Note: This linter can be disabled with `set_option linter.unusedVariables false`
warning: Tests/ProximalBPSSharpCorrectorEnergy.lean:25:5: Variable name `hη` is not explicitly referenced.

Hint: The binding can be removed (if unused) or named `_` (if used implicitly). Alternatively, prefix the name with `_` to silence this warning:
  [apply] _hη

Note: This linter can be disabled with `set_option linter.unusedVariables false`
warning: Tests/ProximalBPSSharpCorrectorEnergy.lean:25:18: Variable name `hβη` is not explicitly referenced.

Hint: The binding can be removed (if unused) or named `_` (if used implicitly). Alternatively, prefix the name with `_` to silence this warning:
  [apply] _hβη

Note: This linter can be disabled with `set_option linter.unusedVariables false`
warning: Tests/ProximalBPSSharpCorrectorEnergy.lean:149:2: Try this: 
  letI̵

The goal is a proposition, so `let` is preferred over `letI`.
The difference between `let` and `letI` is that `letI` inlines the value.
But this is not relevant for proofs because of proof irrelevance.

Note: This linter can be disabled with `set_option linter.style.haveILetI false`
warning: Tests/ProximalBPSSharpCorrectorEnergy.lean:150:2: Try this: 
  letI̵

The goal is a proposition, so `let` is preferred over `letI`.
The difference between `let` and `letI` is that `letI` inlines the value.
But this is not relevant for proofs because of proof irrelevance.

Note: This linter can be disabled with `set_option linter.style.haveILetI false`
warning: Tests/ProximalBPSSharpCorrectorEnergy.lean:152:2: Try this: 
  letI̵

The goal is a proposition, so `let` is preferred over `letI`.
The difference between `let` and `letI` is that `letI` inlines the value.
But this is not relevant for proofs because of proof irrelevance.

Note: This linter can be disabled with `set_option linter.style.haveILetI false`
warning: Tests/ProximalBPSSharpCorrectorEnergy.lean:153:2: Try this: 
  letI̵

The goal is a proposition, so `let` is preferred over `letI`.
The difference between `let` and `letI` is that `letI` inlines the value.
But this is not relevant for proofs because of proof irrelevance.

Note: This linter can be disabled with `set_option linter.style.haveILetI false`
warning: Tests/ProximalBPSSharpCorrectorEnergy.lean:290:2: Try this: 
  letI̵

The goal is a proposition, so `let` is preferred over `letI`.
The difference between `let` and `letI` is that `letI` inlines the value.
But this is not relevant for proofs because of proof irrelevance.

Note: This linter can be disabled with `set_option linter.style.haveILetI false`
warning: Tests/ProximalBPSSharpCorrectorEnergy.lean:291:2: Try this: 
  letI̵

The goal is a proposition, so `let` is preferred over `letI`.
The difference between `let` and `letI` is that `letI` inlines the value.
But this is not relevant for proofs because of proof irrelevance.

Note: This linter can be disabled with `set_option linter.style.haveILetI false`
warning: Tests/ProximalBPSSharpCorrectorEnergy.lean:292:2: Try this: 
  letI̵

The goal is a proposition, so `let` is preferred over `letI`.
The difference between `let` and `letI` is that `letI` inlines the value.
But this is not relevant for proofs because of proof irrelevance.

Note: This linter can be disabled with `set_option linter.style.haveILetI false`
warning: Tests/ProximalBPSSharpCorrectorEnergy.lean:294:2: Try this: 
  letI̵

The goal is a proposition, so `let` is preferred over `letI`.
The difference between `let` and `letI` is that `letI` inlines the value.
But this is not relevant for proofs because of proof irrelevance.

Note: This linter can be disabled with `set_option linter.style.haveILetI false`
warning: Tests/ProximalBPSSharpCorrectorEnergy.lean:295:2: Try this: 
  letI̵

The goal is a proposition, so `let` is preferred over `letI`.
The difference between `let` and `letI` is that `letI` inlines the value.
But this is not relevant for proofs because of proof irrelevance.

Note: This linter can be disabled with `set_option linter.style.haveILetI false`
warning: Tests/ProximalBPSSharpCorrectorEnergy.lean:296:2: Try this: 
  letI̵

The goal is a proposition, so `let` is preferred over `letI`.
The difference between `let` and `letI` is that `letI` inlines the value.
But this is not relevant for proofs because of proof irrelevance.

Note: This linter can be disabled with `set_option linter.style.haveILetI false`
info: Tests/ProximalBPSSharpCorrectorEnergy.lean:426:0: 'AutoSamplingTheory.TechnicalLemmas.Analysis.HilbertCorrectorBound.quadratic_corrector_bound_of_square_identity' depends on axioms: [propext,
 Classical.choice,
 Quot.sound]
info: Tests/ProximalBPSSharpCorrectorEnergy.lean:427:0: 'AutoSamplingTheory.ExampleCases.ProximalBPS.SharpCorrectorEnergy.actual_sharp_corrector_bound' depends on axioms: [propext,
 Classical.choice,
 Quot.sound]
info: Tests/ProximalBPSSharpCorrectorEnergy.lean:428:0: 'Tests.ProximalBPSSharpCorrectorEnergy.genuine_actual_modified_energy_equivalence' depends on axioms: [propext,
 Classical.choice,
 Quot.sound]
ℹ [9384/9484] Replayed Tests.ProximalBPSMacroscopicRepresentative
info: Tests/ProximalBPSMacroscopicRepresentative.lean:5:0: 'AutoSamplingTheory.ExampleCases.ProximalBPS.MacroscopicRepresentative.macroscopic_reflection_smooth_representative' depends on axioms: [propext,
 Classical.choice,
 Quot.sound]
ℹ [9385/9484] Replayed Tests.ProximalBPSConditionalScoreDomain
info: Tests/ProximalBPSConditionalScoreDomain.lean:6:0: 'AutoSamplingTheory.ExampleCases.ProximalBPS.ConditionalScoreDomain.conditional_curvature_and_score_domain' depends on axioms: [propext,
 Classical.choice,
 Quot.sound]
ℹ [9386/9484] Replayed Tests.ProximalBPSConditionalBochner
info: Tests/ProximalBPSConditionalBochner.lean:3:0: 'AutoSamplingTheory.TechnicalLemmas.FunctionalInequalities.WeightedBochner.integrated_bochner_identity' depends on axioms: [propext,
 Classical.choice,
 Quot.sound]
info: Tests/ProximalBPSConditionalBochner.lean:4:0: 'AutoSamplingTheory.ExampleCases.ProximalBPS.ConditionalBochner.conditional_bochner_energy' depends on axioms: [propext,
 Classical.choice,
 Quot.sound]
ℹ [9387/9484] Replayed Tests.ProximalBPSConditionalGradient
info: Tests/ProximalBPSConditionalGradient.lean:3:0: 'AutoSamplingTheory.TechnicalLemmas.FunctionalInequalities.WeightedGradient.compact_gradient_closable' depends on axioms: [propext,
 Classical.choice,
 Quot.sound]
info: Tests/ProximalBPSConditionalGradient.lean:4:0: 'AutoSamplingTheory.ExampleCases.ProximalBPS.ConditionalGradient.conditional_gradient_closable' depends on axioms: [propext,
 Classical.choice,
 Quot.sound]
⚠ [9388/9484] Replayed Tests.WeakGradientZeroKernel
warning: Tests/WeakGradientZeroKernel.lean:19:81: This simp argument is unused:
  potential

Hint: Omit it from the simp argument list.
  [apply] simp [Pi.add_apply, mul_comm]

Note: This linter can be disabled with `set_option linter.unusedSimpArgs false`
warning: Tests/WeakGradientZeroKernel.lean:19:92: This simp argument is unused:
  Pi.add_apply

Hint: Omit it from the simp argument list.
  [apply] simp [potential, mul_comm]

Note: This linter can be disabled with `set_option linter.unusedSimpArgs false`
warning: Tests/WeakGradientZeroKernel.lean:51:6: Try this: 
  letI̵

The goal is a proposition, so `let` is preferred over `letI`.
The difference between `let` and `letI` is that `letI` inlines the value.
But this is not relevant for proofs because of proof irrelevance.

Note: This linter can be disabled with `set_option linter.style.haveILetI false`
info: Tests/WeakGradientZeroKernel.lean:102:0: 'AutoSamplingTheory.TechnicalLemmas.Analysis.WeakGradientZero.ordinary_weak_zero_gradient_ae_constant' depends on axioms: [propext,
 Classical.choice,
 Quot.sound]
info: Tests/WeakGradientZeroKernel.lean:103:0: 'AutoSamplingTheory.TechnicalLemmas.FunctionalInequalities.GibbsGradientKernel.closed_gradient_zero_ae_constant' depends on axioms: [propext,
 Classical.choice,
 Quot.sound]
info: Tests/WeakGradientZeroKernel.lean:104:0: 'AutoSamplingTheory.ExampleCases.ProximalBPS.ConditionalGradientKernel.conditional_gradient_zero_ae_constant' depends on axioms: [propext,
 Classical.choice,
 Quot.sound]
info: Tests/WeakGradientZeroKernel.lean:105:0: 'Tests.WeakGradientZeroKernel.actual_noncompact_seven_weak_zero' depends on axioms: [propext,
 Classical.choice,
 Quot.sound]
info: Tests/WeakGradientZeroKernel.lean:106:0: 'Tests.WeakGradientZeroKernel.actual_nonquadratic_conditional_gradient_zero' depends on axioms: [propext,
 Classical.choice,
 Quot.sound]
⚠ [9389/9484] Replayed Tests.WeightedC1GradientDomain
warning: Tests/WeightedC1GradientDomain.lean:18:81: This simp argument is unused:
  potential

Hint: Omit it from the simp argument list.
  [apply] simp [Pi.add_apply, mul_comm]

Note: This linter can be disabled with `set_option linter.unusedSimpArgs false`
warning: Tests/WeightedC1GradientDomain.lean:18:92: This simp argument is unused:
  Pi.add_apply

Hint: Omit it from the simp argument list.
  [apply] simp [potential, mul_comm]

Note: This linter can be disabled with `set_option linter.unusedSimpArgs false`
info: Tests/WeightedC1GradientDomain.lean:104:0: 'Tests.WeightedC1GradientDomain.actual_nonquadratic_score_original_domain' depends on axioms: [propext,
 Classical.choice,
 Quot.sound]
info: Tests/WeightedC1GradientDomain.lean:105:0: 'Tests.WeightedC1GradientDomain.actual_zero_dim_constant_original_domain' depends on axioms: [propext,
 Classical.choice,
 Quot.sound]
info: Tests/WeightedC1GradientDomain.lean:107:0: 'AutoSamplingTheory.TechnicalLemmas.FunctionalInequalities.WeightedC1GradientDomain.c1_in_closed_gradient' depends on axioms: [propext,
 Classical.choice,
 Quot.sound]
info: Tests/WeightedC1GradientDomain.lean:108:0: 'AutoSamplingTheory.TechnicalLemmas.FunctionalInequalities.WeightedC1GradientDomain.constants_in_closed_gradient' depends on axioms: [propext,
 Classical.choice,
 Quot.sound]
info: Tests/WeightedC1GradientDomain.lean:109:0: 'AutoSamplingTheory.TechnicalLemmas.FunctionalInequalities.GibbsGradientKernelEquality.closed_gradient_zero_iff_ae_constant' depends on axioms: [propext,
 Classical.choice,
 Quot.sound]
info: Tests/WeightedC1GradientDomain.lean:110:0: 'AutoSamplingTheory.ExampleCases.ProximalBPS.ConditionalScoreClosedDomain.conditional_score_closed_gradient_domain' depends on axioms: [propext,
 Classical.choice,
 Quot.sound]
⚠ [9390/9484] Replayed Tests.ScaledResolventLimit
warning: Tests/ScaledResolventLimit.lean:18:81: This simp argument is unused:
  potential

Hint: Omit it from the simp argument list.
  [apply] simp [Pi.add_apply, mul_comm]

Note: This linter can be disabled with `set_option linter.unusedSimpArgs false`
warning: Tests/ScaledResolventLimit.lean:18:92: This simp argument is unused:
  Pi.add_apply

Hint: Omit it from the simp argument list.
  [apply] simp [potential, mul_comm]

Note: This linter can be disabled with `set_option linter.unusedSimpArgs false`
info: Tests/ScaledResolventLimit.lean:132:0: 'Tests.ScaledResolventLimit.actual_nonquadratic_centered_resolvent' depends on axioms: [propext,
 Classical.choice,
 Quot.sound]
info: Tests/ScaledResolventLimit.lean:133:0: 'Tests.ScaledResolventLimit.actual_zero_dim_centered_resolvent' depends on axioms: [propext,
 Classical.choice,
 Quot.sound]
info: Tests/ScaledResolventLimit.lean:134:0: 'Tests.ScaledResolventLimit.noncentered_constant_residual' depends on axioms: [propext, Classical.choice, Quot.sound]
info: Tests/ScaledResolventLimit.lean:135:0: 'Tests.ScaledResolventLimit.zeroOperator_isClosed' depends on axioms: [propext, Classical.choice, Quot.sound]
info: Tests/ScaledResolventLimit.lean:136:0: 'Tests.ScaledResolventLimit.noncentered_residual_does_not_tendsto_zero' depends on axioms: [propext,
 Classical.choice,
 Quot.sound]
info: Tests/ScaledResolventLimit.lean:137:0: 'AutoSamplingTheory.TechnicalLemmas.FunctionalInequalities.ScaledClosedGraphResolvent.scaled_resolvent_sequence_tendsto_zero' depends on axioms: [propext,
 Classical.choice,
 Quot.sound]
info: Tests/ScaledResolventLimit.lean:138:0: 'AutoSamplingTheory.TechnicalLemmas.FunctionalInequalities.CenteredGibbsResolventLimit.gibbs_centered_resolvent_sequence' depends on axioms: [propext,
 Classical.choice,
 Quot.sound]
info: Tests/ScaledResolventLimit.lean:139:0: 'AutoSamplingTheory.ExampleCases.ProximalBPS.ConditionalCenteredResolventLimit.conditional_centered_resolvent_sequence' depends on axioms: [propext,
 Classical.choice,
 Quot.sound]
ℹ [9391/9484] Replayed Tests.WeightedGradientWeak
info: Tests/WeightedGradientWeak.lean:3:0: AutoSamplingTheory.TechnicalLemmas.FunctionalInequalities.WeightedGradientWeak.closed_gradient_weighted_ibp.{u_1}
  {E : Type u_1} [NormedAddCommGroup E] [InnerProductSpace ℝ E] [FiniteDimensional ℝ E] [MeasurableSpace E]
  [BorelSpace E] (W : E → ℝ) (hW : ContDiff ℝ 1 W)
  (hI : MeasureTheory.Integrable (fun x => Real.exp (-W x)) MeasureTheory.volume) :
  have μ := MeasureTheory.volume.tilted fun x => -W x;
  ∀ (D : ↥(MeasureTheory.Lp ℝ 2 μ) →ₗ.[ℝ] ↥(MeasureTheory.Lp E 2 μ)),
    D.IsClosable →
      (∀ (u : ↥(MeasureTheory.Lp ℝ 2 μ)) (G : ↥(MeasureTheory.Lp E 2 μ)),
          (u, G) ∈ D.graph ↔ ∃ f, ContDiff ℝ (↑⊤) f ∧ HasCompactSupport f ∧ ↑↑u =ᵐ[μ] f ∧ ↑↑G =ᵐ[μ] gradient f) →
        ∀ (u : ↥(MeasureTheory.Lp ℝ 2 μ)) (G : ↥(MeasureTheory.Lp E 2 μ)),
          (u, G) ∈ D.closure.graph →
            ∀ (φ : E → ℝ),
              ContDiff ℝ 1 φ →
                HasCompactSupport φ →
                  ∀ (v : E),
                    MeasureTheory.Integrable (fun x => φ x * inner ℝ (↑↑G x) v) μ ∧
                      MeasureTheory.Integrable (fun x => ↑↑u x * ((fderiv ℝ φ x) v - φ x * (fderiv ℝ W x) v)) μ ∧
                        ∫ (x : E), φ x * inner ℝ (↑↑G x) v ∂μ =
                          -∫ (x : E), ↑↑u x * ((fderiv ℝ φ x) v - φ x * (fderiv ℝ W x) v) ∂μ
info: Tests/WeightedGradientWeak.lean:4:0: 'AutoSamplingTheory.TechnicalLemmas.FunctionalInequalities.WeightedGradientWeak.closed_gradient_weighted_ibp' depends on axioms: [propext,
 Classical.choice,
 Quot.sound]
ℹ [9392/9484] Replayed Tests.WeightedResolvent
info: Tests/WeightedResolvent.lean:3:0: AutoSamplingTheory.TechnicalLemmas.FunctionalInequalities.WeightedResolvent.weak_resolvent_distributional.{u_1}
  {E : Type u_1} [NormedAddCommGroup E] [InnerProductSpace ℝ E] [FiniteDimensional ℝ E] [MeasurableSpace E]
  [BorelSpace E] (W : E → ℝ) (hW : ContDiff ℝ 1 W)
  (hI : MeasureTheory.Integrable (fun x => Real.exp (-W x)) MeasureTheory.volume) :
  have μ := MeasureTheory.volume.tilted fun x => -W x;
  ∀ (D : ↥(MeasureTheory.Lp ℝ 2 μ) →ₗ.[ℝ] ↥(MeasureTheory.Lp E 2 μ)),
    D.IsClosable →
      (∀ (a : ↥(MeasureTheory.Lp ℝ 2 μ)) (H : ↥(MeasureTheory.Lp E 2 μ)),
          (a, H) ∈ D.graph ↔ ∃ φ, ContDiff ℝ (↑⊤) φ ∧ HasCompactSupport φ ∧ ↑↑a =ᵐ[μ] φ ∧ ↑↑H =ᵐ[μ] gradient φ) →
        ∀ (ε : ℝ),
          0 < ε →
            ∀ (f : ↥(MeasureTheory.Lp ℝ 2 μ)),
              ∃ u,
                (∀ (v : ↥D.closure.domain), ε * inner ℝ ↑u ↑v + inner ℝ (↑D.closure u) (↑D.closure v) = inner ℝ f ↑v) ∧
                  MeasureTheory.LocallyIntegrable (fun x => ↑↑↑u x) MeasureTheory.volume ∧
                    MeasureTheory.LocallyIntegrable (fun x => ↑↑(↑D.closure u) x) MeasureTheory.volume ∧
                      (∀ (ψ : E → ℝ),
                          ContDiff ℝ 1 ψ →
                            HasCompactSupport ψ →
                              ∀ (v : E),
                                MeasureTheory.Integrable (fun x => ψ x * inner ℝ (↑↑(↑D.closure u) x) v)
                                    MeasureTheory.volume ∧
                                  MeasureTheory.Integrable (fun x => ↑↑↑u x * (fderiv ℝ ψ x) v) MeasureTheory.volume ∧
                                    ∫ (x : E), ψ x * inner ℝ (↑↑(↑D.closure u) x) v =
                                      -∫ (x : E), ↑↑↑u x * (fderiv ℝ ψ x) v) ∧
                        ∀ (ψ : E → ℝ),
                          ContDiff ℝ (↑⊤) ψ →
                            HasCompactSupport ψ →
                              MeasureTheory.Integrable (fun x => Real.exp (-W x) * (↑↑↑u x * ψ x))
                                  MeasureTheory.volume ∧
                                MeasureTheory.Integrable
                                    (fun x => Real.exp (-W x) * inner ℝ (↑↑(↑D.closure u) x) (gradient ψ x))
                                    MeasureTheory.volume ∧
                                  MeasureTheory.Integrable (fun x => Real.exp (-W x) * (↑↑f x * ψ x))
                                      MeasureTheory.volume ∧
                                    (ε * ∫ (x : E), Real.exp (-W x) * (↑↑↑u x * ψ x)) +
                                        ∫ (x : E), Real.exp (-W x) * inner ℝ (↑↑(↑D.closure u) x) (gradient ψ x) =
                                      ∫ (x : E), Real.exp (-W x) * (↑↑f x * ψ x)
info: Tests/WeightedResolvent.lean:4:0: 'AutoSamplingTheory.TechnicalLemmas.FunctionalInequalities.WeightedResolvent.weak_resolvent_distributional' depends on axioms: [propext,
 Classical.choice,
 Quot.sound]
⚠ [9393/9484] Replayed AutoSamplingTheory.TechnicalLemmas.StochasticProcesses.ChewiItoProcess
warning: AutoSamplingTheory/TechnicalLemmas/StochasticProcesses/ChewiItoProcess.lean:69:0: automatically included section variable(s) unused in theorem `AutoSamplingTheory.TechnicalLemmas.StochasticProcesses.ChewiItoProcess.SourceData.initial_coordinate_stronglyMeasurable`:
  [MeasurableSpace Omega]
  [DecidableEq kappa]
consider restructuring your `variable` declarations so that the variables are not in scope or explicitly omit them:
  omit [MeasurableSpace Omega] [DecidableEq kappa] in theorem ...

Note: This linter can be disabled with `set_option linter.unusedSectionVars false`
warning: AutoSamplingTheory/TechnicalLemmas/StochasticProcesses/ChewiItoProcess.lean:80:0: automatically included section variable(s) unused in theorem `AutoSamplingTheory.TechnicalLemmas.StochasticProcesses.ChewiItoProcess.SourceData.drift_coordinate_progressive`:
  [MeasurableSpace Omega]
  [DecidableEq kappa]
consider restructuring your `variable` declarations so that the variables are not in scope or explicitly omit them:
  omit [MeasurableSpace Omega] [DecidableEq kappa] in theorem ...

Note: This linter can be disabled with `set_option linter.unusedSectionVars false`
warning: AutoSamplingTheory/TechnicalLemmas/StochasticProcesses/ChewiItoProcess.lean:93:0: automatically included section variable(s) unused in theorem `AutoSamplingTheory.TechnicalLemmas.StochasticProcesses.ChewiItoProcess.SourceData.drift_coordinate_integrable`:
  [MeasurableSpace Omega]
  [DecidableEq kappa]
consider restructuring your `variable` declarations so that the variables are not in scope or explicitly omit them:
  omit [MeasurableSpace Omega] [DecidableEq kappa] in theorem ...

Note: This linter can be disabled with `set_option linter.unusedSectionVars false`
warning: AutoSamplingTheory/TechnicalLemmas/StochasticProcesses/ChewiItoProcess.lean:105:0: automatically included section variable(s) unused in theorem `AutoSamplingTheory.TechnicalLemmas.StochasticProcesses.ChewiItoProcess.SourceData.diffusion_entry_progressive`:
  [MeasurableSpace Omega]
consider restructuring your `variable` declarations so that the variables are not in scope or explicitly omit them:
  omit [MeasurableSpace Omega] in theorem ...

Note: This linter can be disabled with `set_option linter.unusedSectionVars false`
warning: AutoSamplingTheory/TechnicalLemmas/StochasticProcesses/ChewiItoProcess.lean:152:0: automatically included section variable(s) unused in theorem `AutoSamplingTheory.TechnicalLemmas.StochasticProcesses.ChewiItoProcess.definition_1_1_17_coordinate_display`:
  [MeasurableSpace Omega]
consider restructuring your `variable` declarations so that the variables are not in scope or explicitly omit them:
  omit [MeasurableSpace Omega] in theorem ...

Note: This linter can be disabled with `set_option linter.unusedSectionVars false`
⚠ [9394/9484] Replayed AutoSamplingTheory.TechnicalLemmas.StochasticProcesses.ChewiItoProcessProgressive
warning: AutoSamplingTheory/TechnicalLemmas/StochasticProcesses/ChewiItoProcessProgressive.lean:49:2: Try this: 
  letI̵

The goal is a proposition, so `let` is preferred over `letI`.
The difference between `let` and `letI` is that `letI` inlines the value.
But this is not relevant for proofs because of proof irrelevance.

Note: This linter can be disabled with `set_option linter.style.haveILetI false`
⚠ [9395/9484] Replayed AutoSamplingTheory.TechnicalLemmas.StochasticProcesses.ChewiDefinition1_1_17
warning: AutoSamplingTheory/TechnicalLemmas/StochasticProcesses/ChewiDefinition1_1_17.lean:57:0: automatically included section variable(s) unused in theorem `AutoSamplingTheory.TechnicalLemmas.StochasticProcesses.ChewiDefinition1_1_17.stochasticIntegral_coordinate`:
  [MeasurableSpace Omega]
consider restructuring your `variable` declarations so that the variables are not in scope or explicitly omit them:
  omit [MeasurableSpace Omega] in theorem ...

Note: This linter can be disabled with `set_option linter.unusedSectionVars false`
warning: AutoSamplingTheory/TechnicalLemmas/StochasticProcesses/ChewiDefinition1_1_17.lean:76:0: automatically included section variable(s) unused in theorem `AutoSamplingTheory.TechnicalLemmas.StochasticProcesses.ChewiDefinition1_1_17.drift_integral_coordinate`:
  [MeasurableSpace Omega]
  [DecidableEq iota]
  [DecidableEq kappa]
consider restructuring your `variable` declarations so that the variables are not in scope or explicitly omit them:
  omit [MeasurableSpace Omega] [DecidableEq iota] [DecidableEq kappa] in theorem ...

Note: This linter can be disabled with `set_option linter.unusedSectionVars false`
warning: AutoSamplingTheory/TechnicalLemmas/StochasticProcesses/ChewiDefinition1_1_17.lean:95:0: automatically included section variable(s) unused in theorem `AutoSamplingTheory.TechnicalLemmas.StochasticProcesses.ChewiDefinition1_1_17.definition_1_1_17_vector_display`:
  [MeasurableSpace Omega]
consider restructuring your `variable` declarations so that the variables are not in scope or explicitly omit them:
  omit [MeasurableSpace Omega] in theorem ...

Note: This linter can be disabled with `set_option linter.unusedSectionVars false`
warning: AutoSamplingTheory/TechnicalLemmas/StochasticProcesses/ChewiDefinition1_1_17.lean:123:0: automatically included section variable(s) unused in theorem `AutoSamplingTheory.TechnicalLemmas.StochasticProcesses.ChewiDefinition1_1_17.chewi_definition_1_1_17`:
  [MeasurableSpace Omega]
consider restructuring your `variable` declarations so that the variables are not in scope or explicitly omit them:
  omit [MeasurableSpace Omega] in theorem ...

Note: This linter can be disabled with `set_option linter.unusedSectionVars false`
⚠ [9396/9484] Replayed AutoSamplingTheory.TechnicalLemmas.StochasticProcesses.ChewiDisplay1_1_18
warning: AutoSamplingTheory/TechnicalLemmas/StochasticProcesses/ChewiDisplay1_1_18.lean:38:0: automatically included section variable(s) unused in theorem `AutoSamplingTheory.TechnicalLemmas.StochasticProcesses.ChewiDisplay1_1_18.chewi_display_1_1_18_integral_meaning`:
  [MeasurableSpace Omega]
consider restructuring your `variable` declarations so that the variables are not in scope or explicitly omit them:
  omit [MeasurableSpace Omega] in theorem ...

Note: This linter can be disabled with `set_option linter.unusedSectionVars false`
ℹ [9401/9484] Replayed Tests.ChewiItoProcess
info: Tests/ChewiItoProcess.lean:14:0: AutoSamplingTheory.TechnicalLemmas.StochasticProcesses.ChewiItoProcess.SourceData.initial_coordinate_stronglyMeasurable.{u_1,
    u_2, u_3}
  {Omega : Type u_1} {iota : Type u_2} {kappa : Type u_3} [MeasurableSpace Omega] [Fintype iota] [DecidableEq iota]
  [Fintype kappa] [DecidableEq kappa] {m : MeasurableSpace Omega} {filtration : Filtration ℝ≥0 m} {mu : Measure Omega}
  (data : SourceData) (i : iota) : StronglyMeasurable fun omega => (data.initial omega).ofLp i
info: Tests/ChewiItoProcess.lean:15:0: AutoSamplingTheory.TechnicalLemmas.StochasticProcesses.ChewiItoProcess.SourceData.drift_coordinate_progressive.{u_1,
    u_2, u_3}
  {Omega : Type u_1} {iota : Type u_2} {kappa : Type u_3} [MeasurableSpace Omega] [Fintype iota] [DecidableEq iota]
  [Fintype kappa] [DecidableEq kappa] {m : MeasurableSpace Omega} {filtration : Filtration ℝ≥0 m} {mu : Measure Omega}
  (data : SourceData) (i : iota) : IsStronglyProgressive filtration fun t omega => (data.drift t omega).ofLp i
info: Tests/ChewiItoProcess.lean:16:0: AutoSamplingTheory.TechnicalLemmas.StochasticProcesses.ChewiItoProcess.SourceData.drift_coordinate_integrable.{u_1, u_2,
    u_3}
  {Omega : Type u_1} {iota : Type u_2} {kappa : Type u_3} [MeasurableSpace Omega] [Fintype iota] [DecidableEq iota]
  [Fintype kappa] [DecidableEq kappa] {m : MeasurableSpace Omega} {filtration : Filtration ℝ≥0 m} {mu : Measure Omega}
  (data : SourceData) (i : iota) (T : ℝ≥0) :
  ∀ᵐ (omega : Omega) ∂mu, Integrable (fun t => (data.drift t omega).ofLp i) (TimeMeasure.upTo T)
info: Tests/ChewiItoProcess.lean:17:0: AutoSamplingTheory.TechnicalLemmas.StochasticProcesses.ChewiItoProcess.SourceData.diffusion_entry_progressive.{u_1, u_2,
    u_3}
  {Omega : Type u_1} {iota : Type u_2} {kappa : Type u_3} [MeasurableSpace Omega] [Fintype iota] [DecidableEq iota]
  [Fintype kappa] [DecidableEq kappa] {m : MeasurableSpace Omega} {filtration : Filtration ℝ≥0 m} {mu : Measure Omega}
  (data : SourceData) (i : iota) (j : kappa) :
  IsStronglyProgressive filtration fun t omega => data.diffusion t omega i j
info: Tests/ChewiItoProcess.lean:18:0: AutoSamplingTheory.TechnicalLemmas.StochasticProcesses.ChewiItoProcess.SourceData.toCoordinateItoData.{u_1, u_2, u_3}
  {Omega : Type u_1} {iota : Type u_2} {kappa : Type u_3} [Fintype iota] [DecidableEq iota] [Fintype kappa]
  [DecidableEq kappa] {m : MeasurableSpace Omega} {filtration : Filtration ℝ≥0 m} {mu : Measure Omega}
  (data : SourceData) : FiniteDimensionalItoProcess.CoordinateItoData iota kappa
info: Tests/ChewiItoProcess.lean:19:0: AutoSamplingTheory.TechnicalLemmas.StochasticProcesses.ChewiItoProcess.process.{u_1, u_2, u_3} {Omega : Type u_1}
  {iota : Type u_2} {kappa : Type u_3} [Fintype iota] [DecidableEq iota] [Fintype kappa] [DecidableEq kappa]
  {m : MeasurableSpace Omega} {filtration : Filtration ℝ≥0 m} {mu : Measure Omega} [IsProbabilityMeasure mu]
  (hUsual : SatisfiesUsualConditions filtration mu) (data : SourceData) {B : ℝ≥0 → Omega → EuclideanSpace ℝ kappa}
  (hB : BrownianMotion.IsStandardBrownianMotionWithFiltration B filtration mu) : ℝ≥0 → Omega → EuclideanSpace ℝ iota
info: Tests/ChewiItoProcess.lean:20:0: AutoSamplingTheory.TechnicalLemmas.StochasticProcesses.ChewiItoProcess.definition_1_1_17_coordinate_display.{u_1, u_2,
    u_3}
  {Omega : Type u_1} {iota : Type u_2} {kappa : Type u_3} [MeasurableSpace Omega] [Fintype iota] [DecidableEq iota]
  [Fintype kappa] [DecidableEq kappa] {m : MeasurableSpace Omega} {filtration : Filtration ℝ≥0 m} {mu : Measure Omega}
  [IsProbabilityMeasure mu] (hUsual : SatisfiesUsualConditions filtration mu) (data : SourceData)
  {B : ℝ≥0 → Omega → EuclideanSpace ℝ kappa}
  (hB : BrownianMotion.IsStandardBrownianMotionWithFiltration B filtration mu) (t : ℝ≥0) (omega : Omega) (i : iota) :
  (process hUsual data hB t omega).ofLp i =
    (data.initial omega).ofLp i + ∫ (s : ℝ≥0), (data.drift s omega).ofLp i ∂TimeMeasure.upTo t +
      ∑ j, GlobalItoProcessGluing.globalItoProcess hUsual (data.toCoordinateItoData.diffusion i j) ⋯ t omega
info: Tests/ChewiItoProcess.lean:21:0: AutoSamplingTheory.TechnicalLemmas.StochasticProcesses.ChewiItoProcess.ChewiSourceData.{u_1} {Omega : Type u_1}
  {m : MeasurableSpace Omega} (d N : ℕ) (filtration : Filtration ℝ≥0 m) (mu : Measure Omega) : Type u_1
ℹ [9402/9484] Replayed Tests.ChewiItoFormula
info: Tests/ChewiItoFormula.lean:11:0: AutoSamplingTheory.TechnicalLemmas.StochasticProcesses.ChewiDisplay1_1_18.chewi_display_1_1_18_integral_meaning.{u_1,
    u_2, u_3}
  {Omega : Type u_1} {iota : Type u_2} {kappa : Type u_3} [MeasurableSpace Omega] [Fintype iota] [DecidableEq iota]
  [Fintype kappa] [DecidableEq kappa] {m : MeasurableSpace Omega} {filtration : MeasureTheory.Filtration NNReal m}
  {mu : MeasureTheory.Measure Omega} [MeasureTheory.IsProbabilityMeasure mu]
  (hUsual : AutoSamplingTheory.TechnicalLemmas.StochasticProcesses.ProgressiveL2.SatisfiesUsualConditions filtration mu)
  (data : AutoSamplingTheory.TechnicalLemmas.StochasticProcesses.ChewiItoProcess.SourceData)
  {B : NNReal → Omega → EuclideanSpace ℝ kappa}
  (hB :
    AutoSamplingTheory.TechnicalLemmas.StochasticProcesses.BrownianMotion.IsStandardBrownianMotionWithFiltration B
      filtration mu)
  (t : NNReal) :
  AutoSamplingTheory.TechnicalLemmas.StochasticProcesses.ChewiItoProcess.process hUsual data hB t =ᵐ[mu] fun omega =>
    data.initial omega +
        ∫ (s : NNReal), data.drift s omega ∂AutoSamplingTheory.TechnicalLemmas.StochasticProcesses.TimeMeasure.upTo t +
      AutoSamplingTheory.TechnicalLemmas.StochasticProcesses.ChewiDefinition1_1_17.stochasticIntegral hUsual data hB t
        omega
info: Tests/ChewiItoFormula.lean:12:0: AutoSamplingTheory.TechnicalLemmas.StochasticProcesses.ItoFormulaAlgebra.diffusionColumn.{u_1, u_2} {iota : Type u_1}
  {kappa : Type u_2} [Fintype iota] (sigma : iota → kappa → ℝ) (j : kappa) : EuclideanSpace ℝ iota
info: Tests/ChewiItoFormula.lean:13:0: AutoSamplingTheory.TechnicalLemmas.StochasticProcesses.ItoFormulaAlgebra.driftGradientTerm_eq_fderiv.{u_1}
  {iota : Type u_1} [Fintype iota] {f : EuclideanSpace ℝ iota → ℝ} {x b : EuclideanSpace ℝ iota}
  (hf : DifferentiableAt ℝ f x) :
  AutoSamplingTheory.TechnicalLemmas.StochasticProcesses.ItoFormulaAlgebra.driftGradientTerm f x b = (fderiv ℝ f x) b
info: Tests/ChewiItoFormula.lean:14:0: AutoSamplingTheory.TechnicalLemmas.StochasticProcesses.ItoFormulaAlgebra.diffusionGradientCoefficient_eq_fderiv.{u_1,
    u_2}
  {iota : Type u_1} {kappa : Type u_2} [Fintype iota] {f : EuclideanSpace ℝ iota → ℝ} {x : EuclideanSpace ℝ iota}
  {sigma : iota → kappa → ℝ} {j : kappa} (hf : DifferentiableAt ℝ f x) :
  AutoSamplingTheory.TechnicalLemmas.StochasticProcesses.ItoFormulaAlgebra.diffusionGradientCoefficient f x sigma j =
    (fderiv ℝ f x) (AutoSamplingTheory.TechnicalLemmas.StochasticProcesses.ItoFormulaAlgebra.diffusionColumn sigma j)
info: Tests/ChewiItoFormula.lean:15:0: AutoSamplingTheory.TechnicalLemmas.StochasticProcesses.ItoFormulaAlgebra.driftGradientTerm_eq_sum.{u_1}
  {iota : Type u_1} [Fintype iota] (f : EuclideanSpace ℝ iota → ℝ) (x b : EuclideanSpace ℝ iota) :
  AutoSamplingTheory.TechnicalLemmas.StochasticProcesses.ItoFormulaAlgebra.driftGradientTerm f x b =
    ∑ i, (gradient f x).ofLp i * b.ofLp i
info: Tests/ChewiItoFormula.lean:16:0: AutoSamplingTheory.TechnicalLemmas.StochasticProcesses.ItoFormulaAlgebra.diffusionGradientCoefficient_eq_sum.{u_1, u_2}
  {iota : Type u_1} {kappa : Type u_2} [Fintype iota] (f : EuclideanSpace ℝ iota → ℝ) (x : EuclideanSpace ℝ iota)
  (sigma : iota → kappa → ℝ) (j : kappa) :
  AutoSamplingTheory.TechnicalLemmas.StochasticProcesses.ItoFormulaAlgebra.diffusionGradientCoefficient f x sigma j =
    ∑ i, (gradient f x).ofLp i * sigma i j
info: Tests/ChewiItoFormula.lean:17:0: AutoSamplingTheory.TechnicalLemmas.StochasticProcesses.ItoFormulaAlgebra.secondDerivativeQuadraticForm_eq_of_hasFDerivAt.{u_1}
  {E : Type u_1} [NormedAddCommGroup E] [NormedSpace ℝ E] {f : E → ℝ} {x v : E} {H : E →L[ℝ] E →L[ℝ] ℝ}
  (hH : HasFDerivAt (fderiv ℝ f) H x) :
  AutoSamplingTheory.TechnicalLemmas.StochasticProcesses.ItoFormulaAlgebra.secondDerivativeQuadraticForm f x v = (H v) v
info: Tests/ChewiItoFormula.lean:18:0: AutoSamplingTheory.TechnicalLemmas.StochasticProcesses.ItoFormulaAlgebra.diffusionHessianContraction_eq_of_hasFDerivAt.{u_1,
    u_2}
  {iota : Type u_1} {kappa : Type u_2} [Fintype iota] [Fintype kappa] {f : EuclideanSpace ℝ iota → ℝ}
  {x : EuclideanSpace ℝ iota} {sigma : iota → kappa → ℝ} {H : EuclideanSpace ℝ iota →L[ℝ] EuclideanSpace ℝ iota →L[ℝ] ℝ}
  (hH : HasFDerivAt (fderiv ℝ f) H x) :
  AutoSamplingTheory.TechnicalLemmas.StochasticProcesses.ItoFormulaAlgebra.diffusionHessianContraction f x sigma =
    ∑ j,
      (H (AutoSamplingTheory.TechnicalLemmas.StochasticProcesses.ItoFormulaAlgebra.diffusionColumn sigma j))
        (AutoSamplingTheory.TechnicalLemmas.StochasticProcesses.ItoFormulaAlgebra.diffusionColumn sigma j)
ℹ [9403/9484] Replayed Tests.EnergyStoppedItoOverlap
info: Tests/EnergyStoppedItoOverlap.lean:18:0: AutoSamplingTheory.TechnicalLemmas.StochasticProcesses.EnergyStoppedItoOverlap.energyStoppedItoProcess_overlap_ae.{u_1}
  {Omega : Type u_1} {m : MeasurableSpace Omega} {filtration : Filtration ℝ≥0 m} {mu : Measure Omega} {T : ℝ≥0}
  {B : ℝ≥0 → Omega → ℝ} [IsProbabilityMeasure mu] (hUsual : SatisfiesUsualConditions filtration mu)
  (eta : LocalProgressiveL2Integrand filtration mu T) (hT : 0 < T) (hB : IsBrownianMotionWithFiltration B filtration mu)
  {c d : ℝ} (hc : 0 ≤ c) (hcd : c ≤ d) {t : ℝ≥0} (htT : t ≤ T) :
  ItoIntegralProcess.itoIntegralProcess (EnergyStoppedProgressiveL2.stoppedProgressiveL2 hUsual eta hc) hT hB hUsual
      t =ᵐ[mu]
    stoppedProcess
      (ItoIntegralProcess.itoIntegralProcess (EnergyStoppedProgressiveL2.stoppedProgressiveL2 hUsual eta ⋯) hT hB
        hUsual)
      (fun omega => ↑(CanonicalEnergyLocalizer.canonicalEnergyLocalizer hUsual eta c omega)) t
info: Tests/EnergyStoppedItoOverlap.lean:19:0: AutoSamplingTheory.TechnicalLemmas.StochasticProcesses.EnergyStoppedItoOverlap.canonicalStoppedItoProcess_overlap_ae.{u_1}
  {Omega : Type u_1} {m : MeasurableSpace Omega} {filtration : Filtration ℝ≥0 m} {mu : Measure Omega} {T : ℝ≥0}
  {B : ℝ≥0 → Omega → ℝ} [IsProbabilityMeasure mu] (hUsual : SatisfiesUsualConditions filtration mu)
  (eta : LocalProgressiveL2Integrand filtration mu T) (hT : 0 < T) (hB : IsBrownianMotionWithFiltration B filtration mu)
  {n m✝ : ℕ} (hnm : n ≤ m✝) {t : ℝ≥0} (htT : t ≤ T) :
  canonicalStoppedItoProcess hUsual eta hT hB n t =ᵐ[mu]
    stoppedProcess (canonicalStoppedItoProcess hUsual eta hT hB m✝)
      (fun omega => ↑(CanonicalEnergyLocalizer.canonicalLocalizingTime hUsual eta n omega)) t
ℹ [9404/9484] Replayed Tests.GaussianConditionalKernel
info: Tests/GaussianConditionalKernel.lean:39:0: 'AutoSamplingTheory.TechnicalLemmas.Probability.GaussianConditionalKernel.exists_tilted_isCondKernel' depends on axioms: [propext,
 Classical.choice,
 Quot.sound]
ℹ [9405/9484] Replayed Tests.ProximalBPSSourceMeanGradientDomain
info: Tests/ProximalBPSSourceMeanGradientDomain.lean:108:0: 'AutoSamplingTheory.ExampleCases.ProximalBPS.SourceMeanGradientDomain.literal_source_mean_in_closed_gradient' depends on axioms: [propext,
 Classical.choice,
 Quot.sound]
info: Tests/ProximalBPSSourceMeanGradientDomain.lean:109:0: 'Tests.ProximalBPSSourceMeanGradientDomain.actual_macroscopic_mean_closed_gradient' depends on axioms: [propext,
 Classical.choice,
 Quot.sound]
info: Tests/ProximalBPSSourceMeanGradientDomain.lean:110:0: 'Tests.ProximalBPSSourceMeanGradientDomain.rank_zero_noncentered_source_mean_graph' depends on axioms: [propext,
 Classical.choice,
 Quot.sound]
⚠ [9406/9484] Replayed Tests.ProximalBPSMacroscopicRange
warning: Tests/ProximalBPSMacroscopicRange.lean:51:2: Try this: 
  letI̵

The goal is a proposition, so `let` is preferred over `letI`.
The difference between `let` and `letI` is that `letI` inlines the value.
But this is not relevant for proofs because of proof irrelevance.

Note: This linter can be disabled with `set_option linter.style.haveILetI false`
warning: Tests/ProximalBPSMacroscopicRange.lean:52:2: Try this: 
  letI̵

The goal is a proposition, so `let` is preferred over `letI`.
The difference between `let` and `letI` is that `letI` inlines the value.
But this is not relevant for proofs because of proof irrelevance.

Note: This linter can be disabled with `set_option linter.style.haveILetI false`
info: Tests/ProximalBPSMacroscopicRange.lean:107:0: 'AutoSamplingTheory.TechnicalLemmas.Measure.L2PullbackRange.l2_pullback_range_eq_lpMeas' depends on axioms: [propext,
 Classical.choice,
 Quot.sound]
info: Tests/ProximalBPSMacroscopicRange.lean:108:0: 'AutoSamplingTheory.ExampleCases.ProximalBPS.MacroscopicRange.actual_macroscopic_centered_range' depends on axioms: [propext,
 Classical.choice,
 Quot.sound]
info: Tests/ProximalBPSMacroscopicRange.lean:109:0: 'Tests.ProximalBPSMacroscopicRange.actual_centered_macro_contraction_and_defect_gap' depends on axioms: [propext,
 Classical.choice,
 Quot.sound]
⚠ [9407/9484] Replayed Tests.ProximalBPSCenteredDefect
warning: Tests/ProximalBPSCenteredDefect.lean:54:2: Try this: 
  letI̵

The goal is a proposition, so `let` is preferred over `letI`.
The difference between `let` and `letI` is that `letI` inlines the value.
But this is not relevant for proofs because of proof irrelevance.

Note: This linter can be disabled with `set_option linter.style.haveILetI false`
warning: Tests/ProximalBPSCenteredDefect.lean:55:2: Try this: 
  letI̵

The goal is a proposition, so `let` is preferred over `letI`.
The difference between `let` and `letI` is that `letI` inlines the value.
But this is not relevant for proofs because of proof irrelevance.

Note: This linter can be disabled with `set_option linter.style.haveILetI false`
info: Tests/ProximalBPSCenteredDefect.lean:125:0: 'Tests.ProximalBPSCenteredDefect.actual_centered_defect_coercive_and_unit' depends on axioms: [propext,
 Classical.choice,
 Quot.sound]
ℹ [9408/9484] Replayed Tests.ProximalBPSConditionalResolvent
info: Tests/ProximalBPSConditionalResolvent.lean:3:0: 'AutoSamplingTheory.TechnicalLemmas.FunctionalInequalities.ClosedGraphResolvent.weak_resolvent' depends on axioms: [propext,
 Classical.choice,
 Quot.sound]
info: Tests/ProximalBPSConditionalResolvent.lean:4:0: 'AutoSamplingTheory.ExampleCases.ProximalBPS.ConditionalResolvent.conditional_weak_resolvent' depends on axioms: [propext,
 Classical.choice,
 Quot.sound]
ℹ [9409/9484] Replayed Tests.WeightedGradientDistribution
info: Tests/WeightedGradientDistribution.lean:3:0: AutoSamplingTheory.TechnicalLemmas.FunctionalInequalities.WeightedGradientDistribution.closed_gradient_distributional.{u_1}
  {E : Type u_1} [NormedAddCommGroup E] [InnerProductSpace ℝ E] [FiniteDimensional ℝ E] [MeasurableSpace E]
  [BorelSpace E] (W : E → ℝ) (hW : ContDiff ℝ 1 W)
  (hI : MeasureTheory.Integrable (fun x => Real.exp (-W x)) MeasureTheory.volume) :
  have μ := MeasureTheory.volume.tilted fun x => -W x;
  ∀ (D : ↥(MeasureTheory.Lp ℝ 2 μ) →ₗ.[ℝ] ↥(MeasureTheory.Lp E 2 μ)),
    D.IsClosable →
      (∀ (u : ↥(MeasureTheory.Lp ℝ 2 μ)) (G : ↥(MeasureTheory.Lp E 2 μ)),
          (u, G) ∈ D.graph ↔ ∃ f, ContDiff ℝ (↑⊤) f ∧ HasCompactSupport f ∧ ↑↑u =ᵐ[μ] f ∧ ↑↑G =ᵐ[μ] gradient f) →
        ∀ (u : ↥(MeasureTheory.Lp ℝ 2 μ)) (G : ↥(MeasureTheory.Lp E 2 μ)),
          (u, G) ∈ D.closure.graph →
            MeasureTheory.LocallyIntegrable (fun x => ↑↑u x) MeasureTheory.volume ∧
              MeasureTheory.LocallyIntegrable (fun x => ↑↑G x) MeasureTheory.volume ∧
                ∀ (ψ : E → ℝ),
                  ContDiff ℝ 1 ψ →
                    HasCompactSupport ψ →
                      ∀ (v : E),
                        MeasureTheory.Integrable (fun x => ψ x * inner ℝ (↑↑G x) v) MeasureTheory.volume ∧
                          MeasureTheory.Integrable (fun x => ↑↑u x * (fderiv ℝ ψ x) v) MeasureTheory.volume ∧
                            ∫ (x : E), ψ x * inner ℝ (↑↑G x) v = -∫ (x : E), ↑↑u x * (fderiv ℝ ψ x) v
info: Tests/WeightedGradientDistribution.lean:4:0: 'AutoSamplingTheory.TechnicalLemmas.FunctionalInequalities.WeightedGradientDistribution.closed_gradient_distributional' depends on axioms: [propext,
 Classical.choice,
 Quot.sound]
⚠ [9410/9484] Replayed Tests.CompactC1GradientDomain
warning: Tests/CompactC1GradientDomain.lean:19:81: This simp argument is unused:
  potential

Hint: Omit it from the simp argument list.
  [apply] simp [Pi.add_apply, mul_comm]

Note: This linter can be disabled with `set_option linter.unusedSimpArgs false`
warning: Tests/CompactC1GradientDomain.lean:19:92: This simp argument is unused:
  Pi.add_apply

Hint: Omit it from the simp argument list.
  [apply] simp [potential, mul_comm]

Note: This linter can be disabled with `set_option linter.unusedSimpArgs false`
info: Tests/CompactC1GradientDomain.lean:96:0: 'AutoSamplingTheory.TechnicalLemmas.FunctionalInequalities.CompactC1GradientDomain.compact_c1_in_closed_gradient' depends on axioms: [propext,
 Classical.choice,
 Quot.sound]
info: Tests/CompactC1GradientDomain.lean:97:0: 'AutoSamplingTheory.TechnicalLemmas.FunctionalInequalities.WeightedResolventC1.weak_resolvent_c1' depends on axioms: [propext,
 Classical.choice,
 Quot.sound]
info: Tests/CompactC1GradientDomain.lean:98:0: 'AutoSamplingTheory.ExampleCases.ProximalBPS.ConditionalC1Resolvent.conditional_c1_resolvent' depends on axioms: [propext,
 Classical.choice,
 Quot.sound]
info: Tests/CompactC1GradientDomain.lean:99:0: 'Tests.CompactC1GradientDomain.actual_nonconstant_source' depends on axioms: [propext, Classical.choice, Quot.sound]
⚠ [9411/9484] Replayed Tests.OrdinaryWeakResolvent
warning: Tests/OrdinaryWeakResolvent.lean:18:81: This simp argument is unused:
  potential

Hint: Omit it from the simp argument list.
  [apply] simp [Pi.add_apply, mul_comm]

Note: This linter can be disabled with `set_option linter.unusedSimpArgs false`
warning: Tests/OrdinaryWeakResolvent.lean:18:92: This simp argument is unused:
  Pi.add_apply

Hint: Omit it from the simp argument list.
  [apply] simp [potential, mul_comm]

Note: This linter can be disabled with `set_option linter.unusedSimpArgs false`
info: Tests/OrdinaryWeakResolvent.lean:110:0: 'AutoSamplingTheory.TechnicalLemmas.FunctionalInequalities.OrdinaryWeakResolvent.weak_resolvent_laplacian' depends on axioms: [propext,
 Classical.choice,
 Quot.sound]
info: Tests/OrdinaryWeakResolvent.lean:111:0: 'AutoSamplingTheory.ExampleCases.ProximalBPS.ConditionalOrdinaryResolvent.conditional_ordinary_resolvent' depends on axioms: [propext,
 Classical.choice,
 Quot.sound]
info: Tests/OrdinaryWeakResolvent.lean:112:0: 'Tests.OrdinaryWeakResolvent.actual_nonconstant_c2_pde' depends on axioms: [propext, Classical.choice, Quot.sound]
⚠ [9412/9484] Replayed Tests.LocalizedWeakResolvent
warning: Tests/LocalizedWeakResolvent.lean:18:81: This simp argument is unused:
  potential

Hint: Omit it from the simp argument list.
  [apply] simp [Pi.add_apply, mul_comm]

Note: This linter can be disabled with `set_option linter.unusedSimpArgs false`
warning: Tests/LocalizedWeakResolvent.lean:18:92: This simp argument is unused:
  Pi.add_apply

Hint: Omit it from the simp argument list.
  [apply] simp [potential, mul_comm]

Note: This linter can be disabled with `set_option linter.unusedSimpArgs false`
info: Tests/LocalizedWeakResolvent.lean:121:0: 'AutoSamplingTheory.TechnicalLemmas.FunctionalInequalities.LocalizedWeakResolvent.localized_weak_resolvent' depends on axioms: [propext,
 Classical.choice,
 Quot.sound]
info: Tests/LocalizedWeakResolvent.lean:122:0: 'AutoSamplingTheory.ExampleCases.ProximalBPS.ConditionalLocalizedResolvent.conditional_localized_resolvent' depends on axioms: [propext,
 Classical.choice,
 Quot.sound]
info: Tests/LocalizedWeakResolvent.lean:123:0: 'Tests.LocalizedWeakResolvent.actual_nonconstant_cutoff_c2_pde' depends on axioms: [propext,
 Classical.choice,
 Quot.sound]
⚠ [9413/9484] Replayed Tests.CompactWeakPoissonSobolev
warning: Tests/CompactWeakPoissonSobolev.lean:19:81: This simp argument is unused:
  potential

Hint: Omit it from the simp argument list.
  [apply] simp [Pi.add_apply, mul_comm]

Note: This linter can be disabled with `set_option linter.unusedSimpArgs false`
warning: Tests/CompactWeakPoissonSobolev.lean:19:92: This simp argument is unused:
  Pi.add_apply

Hint: Omit it from the simp argument list.
  [apply] simp [potential, mul_comm]

Note: This linter can be disabled with `set_option linter.unusedSimpArgs false`
info: Tests/CompactWeakPoissonSobolev.lean:131:0: 'AutoSamplingTheory.TechnicalLemmas.FunctionalInequalities.CompactWeakPoissonSobolev.compact_weak_poisson_sobolev' depends on axioms: [propext,
 Classical.choice,
 Quot.sound]
info: Tests/CompactWeakPoissonSobolev.lean:132:0: 'AutoSamplingTheory.ExampleCases.ProximalBPS.ConditionalLocalizedSobolev.conditional_localized_sobolev' depends on axioms: [propext,
 Classical.choice,
 Quot.sound]
info: Tests/CompactWeakPoissonSobolev.lean:133:0: 'Tests.CompactWeakPoissonSobolev.actual_nonconstant_cutoff_sobolev' depends on axioms: [propext,
 Classical.choice,
 Quot.sound]
⚠ [9414/9484] Replayed Tests.CompactPoissonSmoothGraph
warning: Tests/CompactPoissonSmoothGraph.lean:19:81: This simp argument is unused:
  potential

Hint: Omit it from the simp argument list.
  [apply] simp [Pi.add_apply, mul_comm]

Note: This linter can be disabled with `set_option linter.unusedSimpArgs false`
warning: Tests/CompactPoissonSmoothGraph.lean:19:92: This simp argument is unused:
  Pi.add_apply

Hint: Omit it from the simp argument list.
  [apply] simp [potential, mul_comm]

Note: This linter can be disabled with `set_option linter.unusedSimpArgs false`
info: Tests/CompactPoissonSmoothGraph.lean:130:0: 'AutoSamplingTheory.TechnicalLemmas.FunctionalInequalities.CompactPoissonSmoothGraph.compact_weak_poisson_smooth_graph_approximation' depends on axioms: [propext,
 Classical.choice,
 Quot.sound]
info: Tests/CompactPoissonSmoothGraph.lean:131:0: 'AutoSamplingTheory.ExampleCases.ProximalBPS.ConditionalCompactSmoothGraph.conditional_compact_smooth_graph' depends on axioms: [propext,
 Classical.choice,
 Quot.sound]
info: Tests/CompactPoissonSmoothGraph.lean:132:0: 'Tests.CompactPoissonSmoothGraph.actual_c2_cutoff_smooth_graph' depends on axioms: [propext,
 Classical.choice,
 Quot.sound]
⚠ [9415/9484] Replayed Tests.CompactWeightedPoissonCoercivity
warning: Tests/CompactWeightedPoissonCoercivity.lean:19:81: This simp argument is unused:
  potential

Hint: Omit it from the simp argument list.
  [apply] simp [Pi.add_apply, mul_comm]

Note: This linter can be disabled with `set_option linter.unusedSimpArgs false`
warning: Tests/CompactWeightedPoissonCoercivity.lean:19:92: This simp argument is unused:
  Pi.add_apply

Hint: Omit it from the simp argument list.
  [apply] simp [potential, mul_comm]

Note: This linter can be disabled with `set_option linter.unusedSimpArgs false`
info: Tests/CompactWeightedPoissonCoercivity.lean:125:0: 'AutoSamplingTheory.TechnicalLemmas.FunctionalInequalities.CompactWeightedPoissonCoercivity.compact_weak_poisson_weighted_coercivity' depends on axioms: [propext,
 Classical.choice,
 Quot.sound]
info: Tests/CompactWeightedPoissonCoercivity.lean:126:0: 'AutoSamplingTheory.ExampleCases.ProximalBPS.ConditionalCompactCoercivity.conditional_compact_coercivity' depends on axioms: [propext,
 Classical.choice,
 Quot.sound]
info: Tests/CompactWeightedPoissonCoercivity.lean:127:0: 'Tests.CompactWeightedPoissonCoercivity.actual_c2_cutoff_weighted_coercivity' depends on axioms: [propext,
 Classical.choice,
 Quot.sound]
⚠ [9416/9484] Replayed Tests.GlobalWeightedResolventCoercivity
warning: Tests/GlobalWeightedResolventCoercivity.lean:19:81: This simp argument is unused:
  potential

Hint: Omit it from the simp argument list.
  [apply] simp [Pi.add_apply, mul_comm]

Note: This linter can be disabled with `set_option linter.unusedSimpArgs false`
warning: Tests/GlobalWeightedResolventCoercivity.lean:19:92: This simp argument is unused:
  Pi.add_apply

Hint: Omit it from the simp argument list.
  [apply] simp [potential, mul_comm]

Note: This linter can be disabled with `set_option linter.unusedSimpArgs false`
info: Tests/GlobalWeightedResolventCoercivity.lean:129:0: 'AutoSamplingTheory.TechnicalLemmas.FunctionalInequalities.GlobalWeightedResolventCoercivity.global_weak_resolvent_coercivity' depends on axioms: [propext,
 Classical.choice,
 Quot.sound]
info: Tests/GlobalWeightedResolventCoercivity.lean:130:0: 'AutoSamplingTheory.ExampleCases.ProximalBPS.ConditionalGlobalCoercivity.conditional_global_coercivity' depends on axioms: [propext,
 Classical.choice,
 Quot.sound]
info: Tests/GlobalWeightedResolventCoercivity.lean:131:0: 'Tests.GlobalWeightedResolventCoercivity.actual_nonquadratic_global_coercivity' depends on axioms: [propext,
 Classical.choice,
 Quot.sound]
ℹ [9417/9484] Replayed Tests.SmoothedPicardHMCTruncation
info: Tests/SmoothedPicardHMCTruncation.lean:3:0: 'AutoSamplingTheory.TechnicalLemmas.Measure.OptimalContinuousCost.exists_optimal_coupling' depends on axioms: [propext,
 Classical.choice,
 Quot.sound]
info: Tests/SmoothedPicardHMCTruncation.lean:4:0: 'AutoSamplingTheory.ExampleCases.SmoothedPicardHMC.Truncation.truncated_proxy' depends on axioms: [propext,
 Classical.choice,
 Quot.sound]
ℹ [9418/9484] Replayed Tests.SmoothedPicardHMCGaussianPowerMoment
info: Tests/SmoothedPicardHMCGaussianPowerMoment.lean:3:0: 'AutoSamplingTheory.TechnicalLemmas.Measure.GaussianLikelihood.translated_gaussian_likelihood' depends on axioms: [propext,
 Classical.choice,
 Quot.sound]
info: Tests/SmoothedPicardHMCGaussianPowerMoment.lean:4:0: 'AutoSamplingTheory.ExampleCases.SmoothedPicardHMC.GaussianPowerMoment.gaussian_power_moment' depends on axioms: [propext,
 Classical.choice,
 Quot.sound]
ℹ [9419/9484] Replayed Tests.SmoothedPicardHMCGaussianMixture
info: Tests/SmoothedPicardHMCGaussianMixture.lean:3:0: 'AutoSamplingTheory.TechnicalLemmas.Measure.PowerPerspective.lintegral_perspective_le' depends on axioms: [propext,
 Classical.choice,
 Quot.sound]
info: Tests/SmoothedPicardHMCGaussianMixture.lean:4:0: 'AutoSamplingTheory.ExampleCases.SmoothedPicardHMC.GaussianMixture.bounded_displacement_reverse_transport' depends on axioms: [propext,
 Classical.choice,
 Quot.sound]
ℹ [9420/9484] Replayed Tests.SmoothedPicardHMCProxyReverseTransport
info: Tests/SmoothedPicardHMCProxyReverseTransport.lean:3:0: 'AutoSamplingTheory.ExampleCases.SmoothedPicardHMC.ProxyReverseTransport.proxy_reverse_transport' depends on axioms: [propext,
 Classical.choice,
 Quot.sound]
ℹ [9421/9484] Replayed Tests.SmoothedPicardHMCGaussianKL
info: Tests/SmoothedPicardHMCGaussianKL.lean:3:0: 'AutoSamplingTheory.ExampleCases.SmoothedPicardHMC.GaussianKL.gaussian_kl_reverse_transport' depends on axioms: [propext,
 Classical.choice,
 Quot.sound]
ℹ [9422/9484] Replayed Tests.SmoothedPicardHMCRGOBackward
info: Tests/SmoothedPicardHMCRGOBackward.lean:3:0: 'AutoSamplingTheory.ExampleCases.SmoothedPicardHMC.RGOBackward.rgo_backward_recovery' depends on axioms: [propext,
 Classical.choice,
 Quot.sound]
ℹ [9423/9484] Replayed Tests.SmoothedPicardHMCTwoNoiseRGO
info: Tests/SmoothedPicardHMCTwoNoiseRGO.lean:3:0: 'AutoSamplingTheory.ExampleCases.SmoothedPicardHMC.TwoNoiseRGO.two_noise_rgo' depends on axioms: [propext,
 Classical.choice,
 Quot.sound]
ℹ [9424/9484] Replayed Tests.SmoothedPicardHMCAdaptiveCenterRGO
info: Tests/SmoothedPicardHMCAdaptiveCenterRGO.lean:3:0: 'AutoSamplingTheory.ExampleCases.SmoothedPicardHMC.AdaptiveCenterRGO.adaptive_center_recovery' depends on axioms: [propext,
 Classical.choice,
 Quot.sound]
ℹ [9425/9484] Replayed Tests.SmoothedPicardHMCAdaptiveKLError
info: Tests/SmoothedPicardHMCAdaptiveKLError.lean:3:0: 'AutoSamplingTheory.ExampleCases.SmoothedPicardHMC.AdaptiveKLError.adaptive_center_kl_error' depends on axioms: [propext,
 Classical.choice,
 Quot.sound]
ℹ [9426/9484] Replayed Tests.SmoothedPicardHMCStateDependentRGO
info: Tests/SmoothedPicardHMCStateDependentRGO.lean:3:0: 'AutoSamplingTheory.ExampleCases.SmoothedPicardHMC.StateDependentRGO.state_dependent_recovery' depends on axioms: [propext,
 Classical.choice,
 Quot.sound]
ℹ [9427/9484] Replayed Tests.SmoothedPicardHMCFiniteRGOProgram
info: Tests/SmoothedPicardHMCFiniteRGOProgram.lean:3:0: 'AutoSamplingTheory.ExampleCases.SmoothedPicardHMC.FiniteRGOProgram.finite_rgo_program' depends on axioms: [propext,
 Classical.choice,
 Quot.sound]
ℹ [9428/9484] Replayed Tests.SmoothedPicardHMCStoppedRGODepth
info: Tests/SmoothedPicardHMCStoppedRGODepth.lean:3:0: 'AutoSamplingTheory.ExampleCases.SmoothedPicardHMC.StoppedRGODepth.stopped_rgo_depth' depends on axioms: [propext,
 Classical.choice,
 Quot.sound]
ℹ [9429/9484] Replayed Tests.SmoothedPicardHMCFiniteRGOKLError
info: Tests/SmoothedPicardHMCFiniteRGOKLError.lean:3:0: 'AutoSamplingTheory.ExampleCases.SmoothedPicardHMC.FiniteRGOKLError.finite_rgo_kl_error' depends on axioms: [propext,
 Classical.choice,
 Quot.sound]
ℹ [9430/9484] Replayed Tests.SmoothedPicardHMCGaussianRGOErrorBudget
info: Tests/SmoothedPicardHMCGaussianRGOErrorBudget.lean:3:0: 'AutoSamplingTheory.ExampleCases.SmoothedPicardHMC.GaussianRGOErrorBudget.gaussian_rgo_error_budget' depends on axioms: [propext,
 Classical.choice,
 Quot.sound]
ℹ [9431/9484] Replayed Tests.SmoothedPicardHMCStoppedGaussianRGOError
info: Tests/SmoothedPicardHMCStoppedGaussianRGOError.lean:3:0: 'AutoSamplingTheory.ExampleCases.SmoothedPicardHMC.StoppedGaussianRGOError.stopped_gaussian_rgo_error' depends on axioms: [propext,
 Classical.choice,
 Quot.sound]
ℹ [9432/9484] Replayed Tests.SmoothedPicardHMCPoissonRejection
info: Tests/SmoothedPicardHMCPoissonRejection.lean:3:0: 'AutoSamplingTheory.ExampleCases.SmoothedPicardHMC.PoissonRejection.poisson_rejection_output' depends on axioms: [propext,
 Classical.choice,
 Quot.sound]
ℹ [9433/9484] Replayed Tests.SmoothedPicardHMCPoissonQueryTail
info: Tests/SmoothedPicardHMCPoissonQueryTail.lean:3:0: AutoSamplingTheory.ExampleCases.SmoothedPicardHMC.PoissonQueryTail.poisson_query_tail.{u_1, u_2, u_3} {S : Type u_1}
  {X : Type u_2} {A : Type u_3} [MeasurableSpace S] [MeasurableSpace X] [MeasurableSpace A]
  (Q : ProbabilityTheory.Kernel S X) [ProbabilityTheory.IsMarkovKernel Q] (ν : MeasureTheory.Measure A)
  [MeasureTheory.IsProbabilityMeasure ν] (W : (S × X) × A → ℝ) (hW : Measurable W) (B : ℝ) (hB : 0 < B)
  (hb : ∀ (s : S) (x : X) (z : A), |W ((s, x), z)| ≤ B) (x₀ : X) (s : S) (δ : ℝ) (hδ : 0 < δ) (hδ1 : δ < 1) :
  have Λ := AutoSamplingTheory.ExampleCases.SmoothedPicardHMC.PoissonQueryTail.attemptLaw✝ (Q s) ν ⟨2 * B, ⋯⟩;
  have E := AutoSamplingTheory.ExampleCases.SmoothedPicardHMC.PoissonQueryTail.accepted✝ (fun p => W ((s, p.1), p.2)) B;
  have ρ := MeasureTheory.Measure.infinitePi fun x => Λ;
  have C := AutoSamplingTheory.ExampleCases.SmoothedPicardHMC.PoissonQueryTail.totalCost✝ E fun p => ↑p.2.1;
  have L := Real.log (2 / δ);
  have m := ⌈Real.exp (2 * B) * L⌉₊;
  ρ {ω | ENNReal.ofReal (2 * B * (Real.exp 1 - 1) * ↑m + L) < C ω} ≤ ENNReal.ofReal δ ∧
    ρ {ω | ENNReal.ofReal ((2 * B * (Real.exp 1 - 1) * (Real.exp (2 * B) + 1 / Real.log 2) + 1) * L) < C ω} ≤
      ENNReal.ofReal δ
info: Tests/SmoothedPicardHMCPoissonQueryTail.lean:4:0: 'AutoSamplingTheory.ExampleCases.SmoothedPicardHMC.PoissonQueryTail.poisson_query_tail' depends on axioms: [propext,
 Classical.choice,
 Quot.sound]
ℹ [9434/9484] Replayed Tests.SmoothedPicardHMCGaussianArcLaw
info: Tests/SmoothedPicardHMCGaussianArcLaw.lean:3:0: AutoSamplingTheory.ExampleCases.SmoothedPicardHMC.GaussianArcLaw.gaussian_arc_law.{u_1} {E : Type u_1}
  [NormedAddCommGroup E] [InnerProductSpace ℝ E] [FiniteDimensional ℝ E] [MeasurableSpace E] [BorelSpace E]
  [SecondCountableTopology E] (eta : ℝ) (heta : 0 < eta) (h : E) :
  √eta ^ 2 = eta ∧
    (Measurable fun q =>
        (AutoSamplingTheory.ExampleCases.SmoothedPicardHMC.GaussianArcLaw.arc✝ q.1.1 q.1.2 q.2,
          AutoSamplingTheory.ExampleCases.SmoothedPicardHMC.GaussianArcLaw.velocity✝ q.1.1 q.1.2 q.2)) ∧
      (∀ (r : ℝ),
          MeasureTheory.Measure.map
              (fun p =>
                (AutoSamplingTheory.ExampleCases.SmoothedPicardHMC.GaussianArcLaw.arc✝ h r p,
                  AutoSamplingTheory.ExampleCases.SmoothedPicardHMC.GaussianArcLaw.velocity✝ h r p))
              ((MeasureTheory.Measure.map (fun x => h + √eta • x) (ProbabilityTheory.stdGaussian E)).prod
                (MeasureTheory.Measure.map (fun z => √eta • z) (ProbabilityTheory.stdGaussian E))) =
            (MeasureTheory.Measure.map (fun x => h + √eta • x) (ProbabilityTheory.stdGaussian E)).prod
              (MeasureTheory.Measure.map (fun z => (Real.pi / 2 * √eta) • z) (ProbabilityTheory.stdGaussian E))) ∧
        (∀ (p : E × E) (r : ℝ),
            HasDerivAt (fun t => AutoSamplingTheory.ExampleCases.SmoothedPicardHMC.GaussianArcLaw.arc✝ h t p)
              (AutoSamplingTheory.ExampleCases.SmoothedPicardHMC.GaussianArcLaw.velocity✝ h r p) r) ∧
          ∀ (p : E × E),
            AutoSamplingTheory.ExampleCases.SmoothedPicardHMC.GaussianArcLaw.arc✝ h 0 p = h + p.2 ∧
              AutoSamplingTheory.ExampleCases.SmoothedPicardHMC.GaussianArcLaw.arc✝ h 1 p = p.1 ∧
                AutoSamplingTheory.ExampleCases.SmoothedPicardHMC.GaussianArcLaw.velocity✝ h 0 p =
                    (Real.pi / 2) • (p.1 - h) ∧
                  AutoSamplingTheory.ExampleCases.SmoothedPicardHMC.GaussianArcLaw.velocity✝ h 1 p =
                    -(Real.pi / 2) • p.2
info: Tests/SmoothedPicardHMCGaussianArcLaw.lean:4:0: 'AutoSamplingTheory.ExampleCases.SmoothedPicardHMC.GaussianArcLaw.gaussian_arc_law' depends on axioms: [propext,
 Classical.choice,
 Quot.sound]
ℹ [9435/9484] Replayed Tests.SmoothedPicardHMCSmoothGradientArcMoment
info: Tests/SmoothedPicardHMCSmoothGradientArcMoment.lean:3:0: AutoSamplingTheory.ExampleCases.SmoothedPicardHMC.SmoothGradientArcMoment.smooth_gradient_arc_moment.{u_1}
  {E : Type u_1} [NormedAddCommGroup E] [InnerProductSpace ℝ E] [FiniteDimensional ℝ E] [MeasurableSpace E]
  [BorelSpace E] (f : E → ℝ) (hf : Differentiable ℝ f) (eta beta lam : ℝ) (heta : 0 < eta) (hbeta : 0 ≤ beta)
  (hlam : 0 ≤ lam) (hlip : LipschitzWith ⟨beta, hbeta⟩ (gradient f)) (h xp : E) (r : ℝ)
  (hcenter : ‖h - xp‖ ≤ √(↑(Module.finrank ℝ E) * eta)) (hrange : 12 * beta ^ 2 * eta ^ 2 * lam ^ 2 ≤ 1) :
  have mu :=
    (MeasureTheory.Measure.map (fun z => h + √eta • z) (ProbabilityTheory.stdGaussian E)).prod
      (MeasureTheory.Measure.map (fun z => √eta • z) (ProbabilityTheory.stdGaussian E));
  have F := fun p =>
    Real.exp
      (lam *
        |inner ℝ (AutoSamplingTheory.ExampleCases.SmoothedPicardHMC.SmoothGradientArcMoment.momentVelocity✝ h r p)
            (gradient f xp -
              gradient f
                (AutoSamplingTheory.ExampleCases.SmoothedPicardHMC.SmoothGradientArcMoment.momentArc✝ h r p))|);
  (∀ (x : E), HasGradientAt f (gradient f x) x) ∧
    Measurable F ∧
      MeasureTheory.Integrable F mu ∧
        ∫ (p : E × E), F p ∂mu ≤ 2 * Real.exp (10 * ↑(Module.finrank ℝ E) * eta ^ 2 * lam ^ 2 * beta ^ 2) ∧
          Real.log (∫ (p : E × E), F p ∂mu) ≤ Real.log 2 + 10 * ↑(Module.finrank ℝ E) * eta ^ 2 * lam ^ 2 * beta ^ 2
info: Tests/SmoothedPicardHMCSmoothGradientArcMoment.lean:4:0: 'AutoSamplingTheory.ExampleCases.SmoothedPicardHMC.SmoothGradientArcMoment.smooth_gradient_arc_moment' depends on axioms: [propext,
 Classical.choice,
 Quot.sound]
ℹ [9436/9484] Replayed Tests.SmoothedPicardHMCSmoothGradientArcClipping
info: Tests/SmoothedPicardHMCSmoothGradientArcClipping.lean:3:0: AutoSamplingTheory.ExampleCases.SmoothedPicardHMC.SmoothGradientArcClipping.smooth_gradient_arc_clipping.{u_1}
  {E : Type u_1} [NormedAddCommGroup E] [InnerProductSpace ℝ E] [FiniteDimensional ℝ E] [MeasurableSpace E]
  [BorelSpace E] (f : E → ℝ) (hf : Differentiable ℝ f) (eta beta B ell : ℝ) (heta : 0 < eta) (hbeta : 0 < beta)
  (hB : 0 < B) (hell : 2 ≤ ell) (hd : 0 < ↑(Module.finrank ℝ E)) (hlip : LipschitzWith ⟨beta, ⋯⟩ (gradient f))
  (h xp : E) (r : ℝ) (hcenter : ‖h - xp‖ ≤ √(↑(Module.finrank ℝ E) * eta))
  (hstep : 64 * beta ^ 2 * (ell * ↑(Module.finrank ℝ E) / B + ell ^ 2) ≤ 1 / eta ^ 2) :
  have mu :=
    (MeasureTheory.Measure.map (fun z => h + √eta • z) (ProbabilityTheory.stdGaussian E)).prod
      (MeasureTheory.Measure.map (fun z => √eta • z) (ProbabilityTheory.stdGaussian E));
  have W := fun p =>
    inner ℝ (AutoSamplingTheory.ExampleCases.SmoothedPicardHMC.SmoothGradientArcClipping.clipVelocity✝ h r p)
      (gradient f xp -
        gradient f (AutoSamplingTheory.ExampleCases.SmoothedPicardHMC.SmoothGradientArcClipping.clipArc✝ h r p));
  have F := fun p => Real.exp (2 * ell * max (|W p| - B) 0) - 1;
  Measurable W ∧
    Measurable F ∧
      MeasureTheory.Integrable F mu ∧
        ∫ (p : E × E), F p ∂mu ≤
          2 * Real.exp (-min (B ^ 2 / (40 * beta ^ 2 * ↑(Module.finrank ℝ E) * eta ^ 2)) (B / (8 * beta * eta)))
info: Tests/SmoothedPicardHMCSmoothGradientArcClipping.lean:4:0: 'AutoSamplingTheory.ExampleCases.SmoothedPicardHMC.SmoothGradientArcClipping.smooth_gradient_arc_clipping' depends on axioms: [propext,
 Classical.choice,
 Quot.sound]
ℹ [9437/9484] Replayed Tests.SmoothedPicardHMCGradientArcMean
info: Tests/SmoothedPicardHMCGradientArcMean.lean:3:0: AutoSamplingTheory.ExampleCases.SmoothedPicardHMC.GradientArcMean.gradient_arc_mean.{u_1} {E : Type u_1}
  [NormedAddCommGroup E] [InnerProductSpace ℝ E] [FiniteDimensional ℝ E] [MeasurableSpace E] [BorelSpace E]
  [SecondCountableTopology E] (f : E → ℝ) (hf : Differentiable ℝ f) (eta beta : ℝ) (heta : 0 < eta) (hbeta : 0 ≤ beta)
  (hlip : LipschitzWith ⟨beta, hbeta⟩ (gradient f)) (h xp : E) :
  have P := MeasureTheory.Measure.map (fun z => √eta • z) (ProbabilityTheory.stdGaussian E);
  have U := MeasureTheory.volume.restrict (Set.Ioc 0 1);
  have C := ∫ (z : E), f (h + z) ∂P - inner ℝ (gradient f xp) h;
  √eta ^ 2 = eta ∧
    MeasureTheory.IsProbabilityMeasure U ∧
      MeasureTheory.Integrable (fun z => f (h + z)) P ∧
        ∀ (x : E),
          (Measurable fun q =>
              AutoSamplingTheory.ExampleCases.SmoothedPicardHMC.GradientArcMean.estimator✝ f h xp x q.2 q.1) ∧
            MeasureTheory.Integrable
                (fun q => AutoSamplingTheory.ExampleCases.SmoothedPicardHMC.GradientArcMean.estimator✝ f h xp x q.2 q.1)
                (U.prod P) ∧
              (∀ (z : E),
                  ∫ (r : ℝ) in 0..1,
                      AutoSamplingTheory.ExampleCases.SmoothedPicardHMC.GradientArcMean.estimator✝ f h xp x z r =
                    inner ℝ (gradient f xp) (x - (h + z)) - f x + f (h + z)) ∧
                ∫ (q : ℝ × E),
                    AutoSamplingTheory.ExampleCases.SmoothedPicardHMC.GradientArcMean.estimator✝ f h xp x q.2
                      q.1 ∂U.prod P =
                  inner ℝ (gradient f xp) x - f x + C
info: Tests/SmoothedPicardHMCGradientArcMean.lean:4:0: 'AutoSamplingTheory.ExampleCases.SmoothedPicardHMC.GradientArcMean.gradient_arc_mean' depends on axioms: [propext,
 Classical.choice,
 Quot.sound]
ℹ [9438/9484] Replayed Tests.SmoothedPicardHMCIdealRGOIdentification
info: Tests/SmoothedPicardHMCIdealRGOIdentification.lean:3:0: AutoSamplingTheory.ExampleCases.SmoothedPicardHMC.IdealRGOIdentification.ideal_rgo_identification.{u_1} {E : Type u_1}
  [NormedAddCommGroup E] [InnerProductSpace ℝ E] [FiniteDimensional ℝ E] [MeasurableSpace E] [BorelSpace E] (f : E → ℝ)
  (hf : Differentiable ℝ f) (beta : NNReal) (hlip : LipschitzWith beta (gradient f)) (eta : ℝ) (heta : 0 < eta)
  (hstep : ↑beta * eta < 1) (x0 xp : E) :
  have h := x0 - eta • gradient f xp;
  have P := MeasureTheory.Measure.map (fun z => √eta • z) (ProbabilityTheory.stdGaussian E);
  have nu := (MeasureTheory.volume.restrict (Set.Ioc 0 1)).prod P;
  have G := MeasureTheory.Measure.map (fun z => x0 + √eta • z) (ProbabilityTheory.stdGaussian E);
  have q := MeasureTheory.Measure.map (fun z => h + √eta • z) (ProbabilityTheory.stdGaussian E);
  have m := fun x =>
    ∫ (s : ℝ × E), AutoSamplingTheory.ExampleCases.SmoothedPicardHMC.IdealRGOIdentification.estimator✝ f h xp x s ∂nu;
  have V := fun x => f x + ‖x - x0‖ ^ 2 / (2 * eta);
  MeasureTheory.Integrable (fun x => Real.exp (-f x)) G ∧
    0 < ∫ (x : E), Real.exp (-f x) ∂G ∧
      MeasureTheory.Integrable (fun x => Real.exp (m x)) q ∧
        0 < ∫ (x : E), Real.exp (m x) ∂q ∧
          MeasureTheory.Integrable (fun x => Real.exp (-V x)) MeasureTheory.volume ∧
            0 < ∫ (x : E), Real.exp (-V x) ∧
              (q.tilted m = G.tilted fun x => -f x) ∧
                q.tilted m =
                  MeasureTheory.volume.withDensity fun x =>
                    ENNReal.ofReal (Real.exp (-V x) / ∫ (y : E), Real.exp (-V y))
info: Tests/SmoothedPicardHMCIdealRGOIdentification.lean:4:0: 'AutoSamplingTheory.ExampleCases.SmoothedPicardHMC.IdealRGOIdentification.ideal_rgo_identification' depends on axioms: [propext,
 Classical.choice,
 Quot.sound]
ℹ [9439/9484] Replayed Tests.SmoothedPicardHMCClippedMeanExponential
info: Tests/SmoothedPicardHMCClippedMeanExponential.lean:3:0: AutoSamplingTheory.ExampleCases.SmoothedPicardHMC.ClippedMeanExponential.clipped_mean_exponential.{u_1} {E : Type u_1}
  [NormedAddCommGroup E] [InnerProductSpace ℝ E] [FiniteDimensional ℝ E] [MeasurableSpace E] [BorelSpace E] (f : E → ℝ)
  (hf : Differentiable ℝ f) (eta beta B ell : ℝ) (heta : 0 < eta) (hbeta : 0 < beta) (hB : 0 < B) (hell : 2 ≤ ell)
  (hd : 0 < ↑(Module.finrank ℝ E)) (hlip : LipschitzWith ⟨beta, ⋯⟩ (gradient f)) (x0 xp : E)
  (hcenter : ‖x0 - eta • gradient f xp - xp‖ ≤ √(↑(Module.finrank ℝ E) * eta))
  (hstep : 64 * beta ^ 2 * (ell * ↑(Module.finrank ℝ E) / B + ell ^ 2) ≤ 1 / eta ^ 2) :
  have h := x0 - eta • gradient f xp;
  have q := MeasureTheory.Measure.map (fun z => h + √eta • z) (ProbabilityTheory.stdGaussian E);
  have P := MeasureTheory.Measure.map (fun z => √eta • z) (ProbabilityTheory.stdGaussian E);
  have nu := (MeasureTheory.volume.restrict (Set.Ioc 0 1)).prod P;
  have m := fun x =>
    ∫ (a : ℝ × E),
      AutoSamplingTheory.ExampleCases.SmoothedPicardHMC.ClippedMeanExponential.estimator✝ f h xp (x, a) ∂nu;
  have mB := fun x =>
    ∫ (a : ℝ × E),
      min B
        (max (-B)
          (AutoSamplingTheory.ExampleCases.SmoothedPicardHMC.ClippedMeanExponential.estimator✝ f h xp (x, a))) ∂nu;
  have V := fun x =>
    ∫ (a : ℝ × E),
      max (|AutoSamplingTheory.ExampleCases.SmoothedPicardHMC.ClippedMeanExponential.estimator✝ f h xp (x, a)| - B)
        0 ∂nu;
  have qhat := q.tilted mB;
  have K := min (B ^ 2 / (40 * beta ^ 2 * ↑(Module.finrank ℝ E) * eta ^ 2)) (B / (8 * beta * eta));
  Measurable m ∧
    Measurable mB ∧
      Measurable V ∧
        (∀ (x : E), 0 ≤ V x ∧ |m x - mB x| ≤ V x) ∧
          MeasureTheory.Integrable (fun x => Real.exp (2 * ell * V x) - 1) q ∧
            ∫ (x : E), Real.exp (2 * ell * V x) - 1 ∂q ≤ 2 * Real.exp (-K) ∧
              MeasureTheory.Integrable (fun x => Real.exp (2 * ell * V x) - 1) qhat ∧
                ∫ (x : E), Real.exp (2 * ell * V x) - 1 ∂qhat ≤ 2 * Real.exp (2 * B - K) ∧
                  MeasureTheory.Integrable (fun x => Real.exp (2 * ell * |m x - mB x|) - 1) qhat ∧
                    ∫ (x : E), Real.exp (2 * ell * |m x - mB x|) - 1 ∂qhat ≤ 2 * Real.exp (2 * B - K)
info: Tests/SmoothedPicardHMCClippedMeanExponential.lean:4:0: 'AutoSamplingTheory.ExampleCases.SmoothedPicardHMC.ClippedMeanExponential.clipped_mean_exponential' depends on axioms: [propext,
 Classical.choice,
 Quot.sound]
ℹ [9440/9484] Replayed Tests.SmoothedPicardHMCClippedRenyiComparison
info: Tests/SmoothedPicardHMCClippedRenyiComparison.lean:3:0: AutoSamplingTheory.ExampleCases.SmoothedPicardHMC.ClippedRenyiComparison.clipped_renyi_comparison.{u_2} {E : Type u_2}
  [NormedAddCommGroup E] [InnerProductSpace ℝ E] [FiniteDimensional ℝ E] [MeasurableSpace E] [BorelSpace E] (f : E → ℝ)
  (hf : Differentiable ℝ f) (eta beta B ell : ℝ) (heta : 0 < eta) (hbeta : 0 < beta) (hB : 0 < B) (hell : 2 ≤ ell)
  (hd : 0 < ↑(Module.finrank ℝ E)) (hlip : LipschitzWith ⟨beta, ⋯⟩ (gradient f)) (x0 xp : E)
  (hcenter : ‖x0 - eta • gradient f xp - xp‖ ≤ √(↑(Module.finrank ℝ E) * eta))
  (hstep : 64 * beta ^ 2 * (ell * ↑(Module.finrank ℝ E) / B + ell ^ 2) ≤ 1 / eta ^ 2) :
  have h := x0 - eta • gradient f xp;
  have q := MeasureTheory.Measure.map (fun z => h + √eta • z) (ProbabilityTheory.stdGaussian E);
  have P := MeasureTheory.Measure.map (fun z => √eta • z) (ProbabilityTheory.stdGaussian E);
  have nu := (MeasureTheory.volume.restrict (Set.Ioc 0 1)).prod P;
  have mB := fun x =>
    ∫ (a : ℝ × E),
      min B
        (max (-B)
          (AutoSamplingTheory.ExampleCases.SmoothedPicardHMC.ClippedRenyiComparison.estimator✝ f h xp (x, a))) ∂nu;
  have qhat := q.tilted mB;
  have pi :=
    (MeasureTheory.Measure.map (fun z => x0 + √eta • z) (ProbabilityTheory.stdGaussian E)).tilted fun x => -f x;
  have K := min (B ^ 2 / (40 * beta ^ 2 * ↑(Module.finrank ℝ E) * eta ^ 2)) (B / (8 * beta * eta));
  MeasureTheory.IsProbabilityMeasure pi ∧
    MeasureTheory.IsProbabilityMeasure qhat ∧
      pi.AbsolutelyContinuous qhat ∧
        qhat.AbsolutelyContinuous pi ∧
          MeasureTheory.Integrable (fun x => (pi.rnDeriv qhat x).toReal ^ ell) qhat ∧
            MeasureTheory.Integrable (fun x => (qhat.rnDeriv pi x).toReal ^ ell) pi ∧
              ∫ (x : E), (pi.rnDeriv qhat x).toReal ^ ell ∂qhat - 1 ≤ 2 * Real.exp (2 * B - K) ∧
                ∫ (x : E), (qhat.rnDeriv pi x).toReal ^ ell ∂pi - 1 ≤ 2 * Real.exp (2 * B - K) ∧
                  ∫⁻ (x : E), pi.rnDeriv qhat x ^ ell ∂qhat ≤ ENNReal.ofReal (1 + 2 * Real.exp (2 * B - K)) ∧
                    ∫⁻ (x : E), qhat.rnDeriv pi x ^ ell ∂pi ≤ ENNReal.ofReal (1 + 2 * Real.exp (2 * B - K))
info: Tests/SmoothedPicardHMCClippedRenyiComparison.lean:4:0: 'AutoSamplingTheory.ExampleCases.SmoothedPicardHMC.ClippedRenyiComparison.clipped_renyi_comparison' depends on axioms: [propext,
 Classical.choice,
 Quot.sound]
ℹ [9441/9484] Replayed Tests.SmoothedPicardHMCTerminalSamplerAccuracyCost
info: Tests/SmoothedPicardHMCTerminalSamplerAccuracyCost.lean:3:0: AutoSamplingTheory.ExampleCases.SmoothedPicardHMC.TerminalSamplerAccuracyCost.terminal_sampler_accuracy_cost.{u_1}
  {E : Type u_1} [NormedAddCommGroup E] [InnerProductSpace ℝ E] [FiniteDimensional ℝ E] [MeasurableSpace E]
  [BorelSpace E] (f : E → ℝ) (hf : Differentiable ℝ f) (eta beta ell eps : ℝ) (heta : 0 < eta) (hb : 0 < beta)
  (he : 2 ≤ ell) (hep : 0 < eps) (heps : eps ≤ 1 / 2) (hd : 0 < ↑(Module.finrank ℝ E))
  (hlip : LipschitzWith ⟨beta, ⋯⟩ (gradient f)) (x0 xp : E)
  (hcenter : ‖x0 - eta • gradient f xp - xp‖ ≤ √(↑(Module.finrank ℝ E) * eta))
  (hstep : 64 * beta * (√(↑(Module.finrank ℝ E) * (ell + Real.log (1 / eps))) + (ell + Real.log (1 / eps))) ≤ 1 / eta) :
  have g := gradient f xp;
  have h := x0 - eta • g;
  have P := MeasureTheory.Measure.map (fun z => √eta • z) (ProbabilityTheory.stdGaussian E);
  have nu := (MeasureTheory.volume.restrict (Set.Ioc 0 1)).prod P;
  have q := MeasureTheory.Measure.map (fun z => h + √eta • z) (ProbabilityTheory.stdGaussian E);
  have W := fun p =>
    min 1
      (max (-1)
        (AutoSamplingTheory.ExampleCases.SmoothedPicardHMC.TerminalSamplerAccuracyCost.cachedEstimator✝ f h g p));
  have m := fun x => ∫ (z : ℝ × E), W (x, z) ∂nu;
  have rho :=
    MeasureTheory.Measure.infinitePi fun x =>
      AutoSamplingTheory.ExampleCases.SmoothedPicardHMC.TerminalSamplerAccuracyCost.attemptLaw✝ q nu 1 ⋯;
  have qhat := q.tilted m;
  have pi :=
    (MeasureTheory.Measure.map (fun z => x0 + √eta • z) (ProbabilityTheory.stdGaussian E)).tilted fun x => -f x;
  Measurable (AutoSamplingTheory.ExampleCases.SmoothedPicardHMC.TerminalSamplerAccuracyCost.output✝ W 1 x0) ∧
    MeasureTheory.Measure.map
          (AutoSamplingTheory.ExampleCases.SmoothedPicardHMC.TerminalSamplerAccuracyCost.output✝ W 1 x0) rho =
        qhat ∧
      rho
            {omega |
              ∀ (n : ℕ),
                omega n ∉ AutoSamplingTheory.ExampleCases.SmoothedPicardHMC.TerminalSamplerAccuracyCost.accepted✝ W 1} =
          0 ∧
        MeasureTheory.IsProbabilityMeasure rho ∧
          MeasureTheory.IsProbabilityMeasure qhat ∧
            MeasureTheory.IsProbabilityMeasure pi ∧
              pi.AbsolutelyContinuous qhat ∧
                qhat.AbsolutelyContinuous pi ∧
                  MeasureTheory.Integrable (fun x => (pi.rnDeriv qhat x).toReal ^ ell) qhat ∧
                    MeasureTheory.Integrable (fun x => (qhat.rnDeriv pi x).toReal ^ ell) pi ∧
                      0 < ∫ (x : E), (pi.rnDeriv qhat x).toReal ^ ell ∂qhat ∧
                        0 < ∫ (x : E), (qhat.rnDeriv pi x).toReal ^ ell ∂pi ∧
                          ∫ (x : E), (pi.rnDeriv qhat x).toReal ^ ell ∂qhat ≤ 1 + eps ^ 2 ∧
                            ∫ (x : E), (qhat.rnDeriv pi x).toReal ^ ell ∂pi ≤ 1 + eps ^ 2 ∧
                              Real.log (∫ (x : E), (pi.rnDeriv qhat x).toReal ^ ell ∂qhat) / (ell - 1) ≤ eps ^ 2 ∧
                                Real.log (∫ (x : E), (qhat.rnDeriv pi x).toReal ^ ell ∂pi) / (ell - 1) ≤ eps ^ 2 ∧
                                  ∫⁻ (omega :
                                        ℕ →
                                          AutoSamplingTheory.ExampleCases.SmoothedPicardHMC.TerminalSamplerAccuracyCost.Attempt✝
                                            E (ℝ × E)),
                                        1 +
                                          AutoSamplingTheory.ExampleCases.SmoothedPicardHMC.TerminalSamplerAccuracyCost.queryCount✝
                                            W 1 omega ∂rho ≤
                                      ENNReal.ofReal (1 + 2 * Real.exp 2) ∧
                                    ∀ (p : ℝ),
                                      0 < p →
                                        p ≤ 1 / 2 →
                                          rho
                                              {omega |
                                                ENNReal.ofReal
                                                    ((2 * (Real.exp 1 - 1) * (Real.exp 2 + 1 / Real.log 2) + 1 +
                                                        1 / Real.log 2) *
                                                      Real.log (2 / p)) <
                                                  1 +
                                                    AutoSamplingTheory.ExampleCases.SmoothedPicardHMC.TerminalSamplerAccuracyCost.queryCount✝
                                                      W 1 omega} ≤
                                            ENNReal.ofReal p
info: Tests/SmoothedPicardHMCTerminalSamplerAccuracyCost.lean:4:0: 'AutoSamplingTheory.ExampleCases.SmoothedPicardHMC.TerminalSamplerAccuracyCost.terminal_sampler_accuracy_cost' depends on axioms: [propext,
 Classical.choice,
 Quot.sound]
ℹ [9442/9484] Replayed Tests.SmoothedPicardHMCTerminalReferenceGradientDescent
info: Tests/SmoothedPicardHMCTerminalReferenceGradientDescent.lean:3:0: AutoSamplingTheory.ExampleCases.SmoothedPicardHMC.TerminalReferenceGradientDescent.terminal_reference_gradient_descent.{u_1}
  {E : Type u_1} [NormedAddCommGroup E] [InnerProductSpace ℝ E] [CompleteSpace E] [FiniteDimensional ℝ E]
  [MeasurableSpace E] [BorelSpace E] {U : E → ℝ} {m b : NNReal} (hU : ContDiff ℝ 2 U)
  (hH : ∀ (x v : E), ↑m * ‖v‖ ^ 2 ≤ ((fderiv ℝ (fderiv ℝ U) x) v) v ∧ ((fderiv ℝ (fderiv ℝ U) x) v) v ≤ ↑b * ‖v‖ ^ 2)
  (hmb : m ≤ b) {A d : ℝ} (hA : 0 < A) (hd : 0 < d) (_hdim : d = ↑(Module.finrank ℝ E)) (u : E) :
  have F := fun x => U x + A⁻¹ / 2 * ‖x - u‖ ^ 2;
  have a := ↑m + A⁻¹;
  have c := ↑b + A⁻¹;
  have k := c / a;
  have T := fun x => x - c⁻¹ • gradient F x;
  have N := AutoSamplingTheory.ExampleCases.SmoothedPicardHMC.TerminalReferenceGradientDescent.firstIndex✝ T F (d / A);
  have xp := fun v => T^[N v] v;
  0 < a ∧
    0 < c ∧
      1 ≤ k ∧
        (∀ (x : E), gradient F x = gradient U x + A⁻¹ • (x - u)) ∧
          Measurable N ∧
            Measurable xp ∧
              (∀ (v : E),
                  ‖gradient F (xp v)‖ ^ 2 ≤ d / A ∧
                    ‖u - A • gradient U (xp v) - xp v‖ = A * ‖gradient F (xp v)‖ ∧
                      ‖u - A • gradient U (xp v) - xp v‖ ≤ √(d * A) ∧
                        (∀ j < N v, d / A < ‖gradient F (T^[j] v)‖ ^ 2) ∧
                          N v ≤ ⌈k * Real.log (1 + A * ‖gradient F v‖ ^ 2 / d)⌉₊ ∧
                            ↑(N v) + 1 ≤ k * Real.log (1 + A * ‖gradient F v‖ ^ 2 / d) + 2) ∧
                ∀ (μ : MeasureTheory.Measure E),
                  MeasureTheory.IsProbabilityMeasure μ →
                    ∀ (M : ℝ),
                      MeasureTheory.Integrable (fun v => ‖gradient F v‖ ^ 2) μ →
                        ∫ (v : E), ‖gradient F v‖ ^ 2 ∂μ ≤ M →
                          MeasureTheory.Integrable (fun v => ↑(N v) + 1) μ ∧
                            ∫ (v : E), ↑(N v) + 1 ∂μ ≤ 2 + k * Real.log (1 + A * M / d)
info: Tests/SmoothedPicardHMCTerminalReferenceGradientDescent.lean:4:0: 'AutoSamplingTheory.ExampleCases.SmoothedPicardHMC.TerminalReferenceGradientDescent.terminal_reference_gradient_descent' depends on axioms: [propext,
 Classical.choice,
 Quot.sound]
ℹ [9443/9484] Replayed Tests.SmoothedPicardHMCApproximateInitialGradientMoment
info: Tests/SmoothedPicardHMCApproximateInitialGradientMoment.lean:3:0: AutoSamplingTheory.ExampleCases.SmoothedPicardHMC.ApproximateInitialGradientMoment.approximate_initial_gradient_moment.{u_1}
  {E : Type u_1} [NormedAddCommGroup E] [InnerProductSpace ℝ E] [CompleteSpace E] [FiniteDimensional ℝ E]
  [MeasurableSpace E] [BorelSpace E] {U : E → ℝ} {α β : NNReal} (hα : 0 < α) (hαβ : α ≤ β) (hU : ContDiff ℝ 2 U)
  (hH : ∀ (x v : E), ↑α * ‖v‖ ^ 2 ≤ ((fderiv ℝ (fderiv ℝ U) x) v) v ∧ ((fderiv ℝ (fderiv ℝ U) x) v) v ≤ ↑β * ‖v‖ ^ 2)
  {η τ r : ℝ} (hη : 0 ≤ η) (hτ : 0 < τ) (_hr : 0 ≤ r) (ν : MeasureTheory.Measure E)
  [MeasureTheory.IsProbabilityMeasure ν]
  (hw :
    AutoSamplingTheory.TechnicalLemmas.Measure.WassersteinSpace.wassersteinDistance ν
          (AutoSamplingTheory.TechnicalLemmas.Measure.GaussianSmoothing.gaussianSmoothing
            (MeasureTheory.volume.tilted fun x => -U x) √η) ^
        2 ≤
      ENNReal.ofReal (r ^ 2)) :
  have d := ↑(Module.finrank ℝ E);
  have M := 4 * ↑β * d + 4 * ↑β ^ 2 * η * d + 2 * ↑β ^ 2 * r ^ 2;
  have F := fun y z x => U x + ‖x - (y + √τ • z)‖ ^ 2 / (2 * (η + τ));
  MeasureTheory.Integrable (fun y => ‖gradient U y‖ ^ 2) ν ∧
    ∫ (y : E), ‖gradient U y‖ ^ 2 ∂ν ≤ M ∧
      (∀ (y z : E), gradient (F y z) y = gradient U y - (√τ / (η + τ)) • z) ∧
        MeasureTheory.Integrable (fun p => ‖gradient (F p.1 p.2) p.1‖ ^ 2) (ν.prod (ProbabilityTheory.stdGaussian E)) ∧
          ∫ (p : E × E), ‖gradient (F p.1 p.2) p.1‖ ^ 2 ∂ν.prod (ProbabilityTheory.stdGaussian E) =
              ∫ (y : E), ‖gradient U y‖ ^ 2 ∂ν + τ * d / (η + τ) ^ 2 ∧
            ∫ (p : E × E), ‖gradient (F p.1 p.2) p.1‖ ^ 2 ∂ν.prod (ProbabilityTheory.stdGaussian E) ≤
                M + τ * d / (η + τ) ^ 2 ∧
              (β = 1 →
                η ≤ 1 / 4 →
                  ∫ (p : E × E), ‖gradient (F p.1 p.2) p.1‖ ^ 2 ∂ν.prod (ProbabilityTheory.stdGaussian E) ≤
                    5 * (d + r ^ 2 + τ * d / (η + τ) ^ 2))
info: Tests/SmoothedPicardHMCApproximateInitialGradientMoment.lean:4:0: 'AutoSamplingTheory.ExampleCases.SmoothedPicardHMC.ApproximateInitialGradientMoment.approximate_initial_gradient_moment' depends on axioms: [propext,
 Classical.choice,
 Quot.sound]
ℹ [9444/9484] Replayed Tests.SmoothedPicardHMCJointReferenceGradientDescent
info: Tests/SmoothedPicardHMCJointReferenceGradientDescent.lean:3:0: AutoSamplingTheory.ExampleCases.SmoothedPicardHMC.JointReferenceGradientDescent.joint_reference_gradient_descent.{u_1}
  {E : Type u_1} [NormedAddCommGroup E] [InnerProductSpace ℝ E] [CompleteSpace E] [FiniteDimensional ℝ E]
  [MeasurableSpace E] [BorelSpace E] {U : E → ℝ} {α β : NNReal} (hα : 0 < α) (hαβ : α ≤ β) (hU : ContDiff ℝ 2 U)
  (hH : ∀ (x v : E), ↑α * ‖v‖ ^ 2 ≤ ((fderiv ℝ (fderiv ℝ U) x) v) v ∧ ((fderiv ℝ (fderiv ℝ U) x) v) v ≤ ↑β * ‖v‖ ^ 2)
  {η τ r : ℝ} (hη : 0 ≤ η) (hτ : 0 < τ) (hr : 0 ≤ r) (hd : 0 < ↑(Module.finrank ℝ E)) (ν : MeasureTheory.Measure E)
  [MeasureTheory.IsProbabilityMeasure ν]
  (hw :
    AutoSamplingTheory.TechnicalLemmas.Measure.WassersteinSpace.wassersteinDistance ν
          (AutoSamplingTheory.TechnicalLemmas.Measure.GaussianSmoothing.gaussianSmoothing
            (MeasureTheory.volume.tilted fun x => -U x) √η) ^
        2 ≤
      ENNReal.ofReal (r ^ 2)) :
  have d := ↑(Module.finrank ℝ E);
  have A := η + τ;
  have a := ↑α + A⁻¹;
  have c := ↑β + A⁻¹;
  have k := c / a;
  have M := 4 * ↑β * d + 4 * ↑β ^ 2 * η * d + 2 * ↑β ^ 2 * r ^ 2;
  have u := fun p => p.1 + √τ • p.2;
  have F := fun p x => U x + A⁻¹ / 2 * ‖x - u p‖ ^ 2;
  have T := fun p x => x - c⁻¹ • gradient (F p) x;
  have N :=
    AutoSamplingTheory.ExampleCases.SmoothedPicardHMC.JointReferenceGradientDescent.jointIndex✝ T
      (fun p x => ‖gradient (F p) x‖ ^ 2) (a * d);
  have out := fun p => (T p)^[N p] p.1;
  Measurable N ∧
    Measurable out ∧
      (∀ (p : E × E),
          ‖gradient (F p) (out p)‖ ^ 2 ≤ a * d ∧
            ‖u p - A • gradient U (out p) - out p‖ = A * ‖gradient (F p) (out p)‖ ∧
              ‖u p - A • gradient U (out p) - out p‖ ≤ A * √(a * d) ∧
                (∀ j < N p, a * d < ‖gradient (F p) ((T p)^[j] p.1)‖ ^ 2) ∧
                  ↑(N p) + 1 ≤ k * Real.log (1 + A * ‖gradient (F p) p.1‖ ^ 2 / d) + 2) ∧
        MeasureTheory.Integrable (fun p => ↑(N p) + 1) (ν.prod (ProbabilityTheory.stdGaussian E)) ∧
          ∫ (p : E × E), ↑(N p) + 1 ∂ν.prod (ProbabilityTheory.stdGaussian E) ≤
            2 + k * Real.log (1 + A * (M + τ * d / A ^ 2) / d)
info: Tests/SmoothedPicardHMCJointReferenceGradientDescent.lean:4:0: 'AutoSamplingTheory.ExampleCases.SmoothedPicardHMC.JointReferenceGradientDescent.joint_reference_gradient_descent' depends on axioms: [propext,
 Classical.choice,
 Quot.sound]
ℹ [9445/9484] Replayed Tests.SmoothedPicardHMCNormalizedReferenceCall
info: Tests/SmoothedPicardHMCNormalizedReferenceCall.lean:3:0: AutoSamplingTheory.ExampleCases.SmoothedPicardHMC.NormalizedReferenceCall.normalized_reference_call.{u_1} {E : Type u_1}
  [NormedAddCommGroup E] [InnerProductSpace ℝ E] [CompleteSpace E] [FiniteDimensional ℝ E] [MeasurableSpace E]
  [BorelSpace E] {U : E → ℝ} {α β : NNReal} (hα : 0 < α) (hαβ : α ≤ β) (hU : ContDiff ℝ 2 U)
  (hH : ∀ (x v : E), ↑α * ‖v‖ ^ 2 ≤ ((fderiv ℝ (fderiv ℝ U) x) v) v ∧ ((fderiv ℝ (fderiv ℝ U) x) v) v ≤ ↑β * ‖v‖ ^ 2)
  {η τ r : ℝ} (hη : 0 ≤ η) (hτ : 0 < τ) (hr : 0 ≤ r) (hd : 0 < ↑(Module.finrank ℝ E)) (ν : MeasureTheory.Measure E)
  [MeasureTheory.IsProbabilityMeasure ν]
  (hw :
    AutoSamplingTheory.TechnicalLemmas.Measure.WassersteinSpace.wassersteinDistance ν
          (AutoSamplingTheory.TechnicalLemmas.Measure.GaussianSmoothing.gaussianSmoothing
            (MeasureTheory.volume.tilted fun x => -U x) √η) ^
        2 ≤
      ENNReal.ofReal (r ^ 2)) :
  have d := ↑(Module.finrank ℝ E);
  have A := η + τ;
  have a := ↑α + A⁻¹;
  have c := ↑β + A⁻¹;
  have k := c / a;
  have u := fun p => p.1 + √τ • p.2;
  have F := fun p x => U x + A⁻¹ / 2 * ‖x - u p‖ ^ 2;
  have T := fun p x => x - c⁻¹ • gradient (F p) x;
  have N :=
    AutoSamplingTheory.ExampleCases.SmoothedPicardHMC.NormalizedReferenceCall.actualIndex✝ T
      (fun p x => ‖gradient (F p) x‖ ^ 2) (a * d);
  have out := fun p => (T p)^[N p] p.1;
  have S := fun x => √c • x;
  have R := fun x => (√c)⁻¹ • x;
  have G := fun p x => F p (R x);
  have π := fun p => MeasureTheory.volume.tilted fun x => -F p x;
  have πbar := fun p => MeasureTheory.volume.tilted fun x => -G p x;
  Measurable N ∧
    (Measurable fun p => S (out p)) ∧
      ∀ (p : E × E),
        ‖gradient (F p) (out p)‖ ^ 2 ≤ a * d ∧
          (∀ j < N p, a * d < ‖gradient (F p) ((T p)^[j] p.1)‖ ^ 2) ∧
            ‖gradient (G p) (S (out p))‖ ^ 2 ≤ d / k ∧
              ContDiff ℝ 2 (G p) ∧
                (∀ (x v : E),
                    a / c * ‖v‖ ^ 2 ≤ ((fderiv ℝ (fderiv ℝ (G p)) x) v) v ∧
                      ((fderiv ℝ (fderiv ℝ (G p)) x) v) v ≤ ‖v‖ ^ 2) ∧
                  MeasureTheory.Integrable (fun x => Real.exp (-F p x)) MeasureTheory.volume ∧
                    0 < ∫ (x : E), Real.exp (-F p x) ∧
                      MeasureTheory.IsProbabilityMeasure (π p) ∧
                        MeasureTheory.Integrable (fun x => Real.exp (-G p x)) MeasureTheory.volume ∧
                          0 < ∫ (x : E), Real.exp (-G p x) ∧
                            MeasureTheory.IsProbabilityMeasure (πbar p) ∧
                              MeasureTheory.Measure.map S (π p) = πbar p ∧
                                (∀ (x : E), gradient (G p) (S x) = (√c)⁻¹ • gradient (F p) x) ∧
                                  (∀ (t : ℝ),
                                      0 ≤ t →
                                        MeasureTheory.Measure.map R
                                            (AutoSamplingTheory.TechnicalLemmas.Measure.GaussianSmoothing.gaussianSmoothing
                                              (πbar p) √t) =
                                          AutoSamplingTheory.TechnicalLemmas.Measure.GaussianSmoothing.gaussianSmoothing
                                            (π p) √(t / c)) ∧
                                    ∀ (νbar : MeasureTheory.Measure E) (t B : ℝ),
                                      MeasureTheory.IsProbabilityMeasure νbar →
                                        0 ≤ t →
                                          0 ≤ B →
                                            AutoSamplingTheory.TechnicalLemmas.Measure.WassersteinSpace.wassersteinDistance
                                                    νbar
                                                    (AutoSamplingTheory.TechnicalLemmas.Measure.GaussianSmoothing.gaussianSmoothing
                                                      (πbar p) √t) ^
                                                  2 ≤
                                                ENNReal.ofReal B →
                                              AutoSamplingTheory.TechnicalLemmas.Measure.WassersteinSpace.wassersteinDistance
                                                    (MeasureTheory.Measure.map R νbar)
                                                    (AutoSamplingTheory.TechnicalLemmas.Measure.GaussianSmoothing.gaussianSmoothing
                                                      (π p) √(t / c)) ^
                                                  2 ≤
                                                ENNReal.ofReal (B / c)
info: Tests/SmoothedPicardHMCNormalizedReferenceCall.lean:4:0: 'AutoSamplingTheory.ExampleCases.SmoothedPicardHMC.NormalizedReferenceCall.normalized_reference_call' depends on axioms: [propext,
 Classical.choice,
 Quot.sound]
ℹ [9446/9484] Replayed Tests.SmoothedPicardHMCReferenceCarryingKernel
info: Tests/SmoothedPicardHMCReferenceCarryingKernel.lean:3:0: AutoSamplingTheory.ExampleCases.SmoothedPicardHMC.ReferenceCarryingKernel.reference_carrying_kernel.{u_1} {E : Type u_1}
  [NormedAddCommGroup E] [InnerProductSpace ℝ E] [FiniteDimensional ℝ E] [MeasurableSpace E] [BorelSpace E] {V : E → ℝ}
  {α β : NNReal} (hα : 0 < α) (hαβ : α ≤ β) (hV : ContDiff ℝ 2 V)
  (hH : ∀ (x w : E), ↑α * ‖w‖ ^ 2 ≤ ((fderiv ℝ (fderiv ℝ V) x) w) w ∧ ((fderiv ℝ (fderiv ℝ V) x) w) w ≤ ↑β * ‖w‖ ^ 2)
  (hd : 0 < ↑(Module.finrank ℝ E)) (η τ : NNReal × E × E × ℕ × (ℕ → E) → ℝ) (hη : Measurable η) (hτ : Measurable τ)
  (hη0 : ∀ (s : NNReal × E × E × ℕ × (ℕ → E)), 0 < η s) (hτ0 : ∀ (s : NNReal × E × E × ℕ × (ℕ → E)), 0 < τ s)
  (M : ProbabilityTheory.Kernel (NNReal × E × E × ℕ × (ℕ → E)) E) [ProbabilityTheory.IsMarkovKernel M]
  (threshold : NNReal) :
  have d := ↑(Module.finrank ℝ E);
  have v := fun s => (η s + τ s) / (↑β + ↑s.1);
  have bp := fun s => s.1 + (v s)⁻¹.toNNReal;
  have obs := fun p => p.2.1 + √(τ p.1 / (↑β + ↑p.1.1)) • p.2.2;
  have center := fun p => (↑(bp p.1))⁻¹ • (↑p.1.1 • p.1.2.1 + (v p.1)⁻¹ • obs p);
  have F := fun p x => V x + ↑(bp p.1) / 2 * ‖x - center p‖ ^ 2;
  have W := fun p x => V x + ↑p.1.1 / 2 * ‖x - p.1.2.1‖ ^ 2 + (v p.1)⁻¹ / 2 * ‖x - obs p‖ ^ 2;
  have T := fun p x => x - (↑β + ↑(bp p.1))⁻¹ • gradient (F p) x;
  have q := fun n p => ‖gradient (F p) ((T p)^[n] p.2.1)‖ ^ 2;
  have N :=
    AutoSamplingTheory.ExampleCases.SmoothedPicardHMC.ReferenceCarryingKernel.firstIndex✝ q fun p =>
      (↑α + ↑(bp p.1)) * d;
  have out := fun p => (T p)^[N p] p.2.1;
  have update := fun p => (bp p.1, center p, out p, p.1.2.2.2.1 + 1, fun n => Nat.casesOn n (obs p) p.1.2.2.2.2);
  have project := fun s => (s.1, s.2.1, s.2.2.2.1, s.2.2.2.2);
  have oldUpdate := fun p => (bp p.1, center p, p.1.2.2.2.1 + 1, fun n => Nat.casesOn n (obs p) p.1.2.2.2.2);
  (∀ (s : NNReal × E × E × ℕ × (ℕ → E)), 0 < v s ∧ ↑(bp s) = ↑s.1 + (v s)⁻¹) ∧
    Measurable N ∧
      Measurable out ∧
        Measurable update ∧
          (∀ (p : (NNReal × E × E × ℕ × (ℕ → E)) × E × E),
              q (N p) p ≤ (↑α + ↑(bp p.1)) * d ∧
                (∀ j < N p, (↑α + ↑(bp p.1)) * d < q j p) ∧
                  (∀ (x : E), gradient (F p) x = gradient V x + ↑(bp p.1) • (x - center p)) ∧
                    (∀ (x : E),
                        W p x = F p x + ↑p.1.1 * (v p.1)⁻¹ / (2 * (↑p.1.1 + (v p.1)⁻¹)) * ‖p.1.2.1 - obs p‖ ^ 2) ∧
                      (∀ (x : E), gradient (W p) x = gradient (F p) x) ∧
                        (∀ (n : ℕ), (fun x => x - (↑β + ↑(bp p.1))⁻¹ • gradient (W p) x)^[n] p.2.1 = (T p)^[n] p.2.1) ∧
                          ‖gradient (fun x => F p ((√(↑β + ↑(bp p.1)))⁻¹ • x)) (√(↑β + ↑(bp p.1)) • out p)‖ ^ 2 ≤
                            d / ((↑β + ↑(bp p.1)) / (↑α + ↑(bp p.1)))) ∧
            ∃ P,
              ProbabilityTheory.IsMarkovKernel P ∧
                (∀ (s : NNReal × E × E × ℕ × (ℕ → E)),
                    P s =
                      if threshold ≤ s.1 then MeasureTheory.Measure.dirac s
                      else
                        MeasureTheory.Measure.map (fun z => update (s, z))
                          ((M s).prod (ProbabilityTheory.stdGaussian E))) ∧
                  ∀ (s : NNReal × E × E × ℕ × (ℕ → E)),
                    MeasureTheory.Measure.map project (P s) =
                      if threshold ≤ s.1 then MeasureTheory.Measure.dirac (project s)
                      else
                        MeasureTheory.Measure.map (fun z => oldUpdate (s, z))
                          ((M s).prod (ProbabilityTheory.stdGaussian E))
info: Tests/SmoothedPicardHMCReferenceCarryingKernel.lean:4:0: 'AutoSamplingTheory.ExampleCases.SmoothedPicardHMC.ReferenceCarryingKernel.reference_carrying_kernel' depends on axioms: [propext,
 Classical.choice,
 Quot.sound]
ℹ [9447/9484] Replayed Tests.SmoothedPicardHMCReferenceCarryingCost
info: Tests/SmoothedPicardHMCReferenceCarryingCost.lean:3:0: AutoSamplingTheory.ExampleCases.SmoothedPicardHMC.ReferenceCarryingCost.reference_carrying_cost.{u_1} {E : Type u_1}
  [NormedAddCommGroup E] [InnerProductSpace ℝ E] [CompleteSpace E] [FiniteDimensional ℝ E] [MeasurableSpace E]
  [BorelSpace E] {V : E → ℝ} {α β : NNReal} (hα : 0 < α) (hαβ : α ≤ β) (hV : ContDiff ℝ 2 V)
  (hH : ∀ (x w : E), ↑α * ‖w‖ ^ 2 ≤ ((fderiv ℝ (fderiv ℝ V) x) w) w ∧ ((fderiv ℝ (fderiv ℝ V) x) w) w ≤ ↑β * ‖w‖ ^ 2)
  (hd : 0 < ↑(Module.finrank ℝ E)) (η τ ε : NNReal × E × E × ℕ × (ℕ → E) → ℝ) (hη : Measurable η) (hτ : Measurable τ)
  (hη0 : ∀ (s : NNReal × E × E × ℕ × (ℕ → E)), 0 < η s) (hτ0 : ∀ (s : NNReal × E × E × ℕ × (ℕ → E)), 0 < τ s)
  (M : ProbabilityTheory.Kernel (NNReal × E × E × ℕ × (ℕ → E)) E) [ProbabilityTheory.IsMarkovKernel M]
  (threshold : NNReal)
  (hw :
    ∀ (s : NNReal × E × E × ℕ × (ℕ → E)),
      s.1 < threshold →
        AutoSamplingTheory.TechnicalLemmas.Measure.WassersteinSpace.wassersteinDistance (M s)
              (AutoSamplingTheory.TechnicalLemmas.Measure.GaussianSmoothing.gaussianSmoothing
                (MeasureTheory.volume.tilted fun x => -(V x + ↑s.1 / 2 * ‖x - s.2.1‖ ^ 2)) √(η s / (↑β + ↑s.1))) ^
            2 ≤
          ENNReal.ofReal ((↑β + ↑s.1) / (↑α + ↑s.1) * ε s ^ 2 / (↑β + ↑s.1))) :
  have d := ↑(Module.finrank ℝ E);
  have bs := fun s => ↑β + ↑s.1;
  have a := fun s => ↑α + ↑s.1;
  have v := fun s => (η s + τ s) / bs s;
  have bp := fun s => s.1 + (v s)⁻¹.toNNReal;
  have obs := fun p => p.2.1 + √(τ p.1 / bs p.1) • p.2.2;
  have center := fun p => (↑(bp p.1))⁻¹ • (↑p.1.1 • p.1.2.1 + (v p.1)⁻¹ • obs p);
  have F := fun p x => V x + ↑(bp p.1) / 2 * ‖x - center p‖ ^ 2;
  have T := fun p x => x - (↑β + ↑(bp p.1))⁻¹ • gradient (F p) x;
  have q := fun n p => ‖gradient (F p) ((T p)^[n] p.2.1)‖ ^ 2;
  have N :=
    AutoSamplingTheory.ExampleCases.SmoothedPicardHMC.ReferenceCarryingCost.firstIndex✝ q fun p => (↑α + ↑(bp p.1)) * d;
  have C := fun p => if threshold ≤ p.1.1 then 0 else ↑(N p) + 1;
  have B := fun s =>
    if threshold ≤ s.1 then 0
    else
      2 +
        (↑β + ↑(bp s)) / (↑α + ↑(bp s)) *
          Real.log (1 + 4 * (η s + τ s) * (1 + η s) + 2 * (η s + τ s) * (bs s / a s) * ε s ^ 2 / d + τ s / (η s + τ s));
  have K := M.prod (ProbabilityTheory.Kernel.const (NNReal × E × E × ℕ × (ℕ → E)) (ProbabilityTheory.stdGaussian E));
  Measurable C ∧
    (Measurable ε → Measurable B) ∧
      (∀ (p : (NNReal × E × E × ℕ × (ℕ → E)) × E × E), 0 ≤ C p) ∧
        (∀ (s : NNReal × E × E × ℕ × (ℕ → E)),
            MeasureTheory.Integrable (fun z => C (s, z)) (K s) ∧ ∫ (z : E × E), C (s, z) ∂K s ≤ B s) ∧
          ∀ (μ : MeasureTheory.Measure (NNReal × E × E × ℕ × (ℕ → E))) [MeasureTheory.SFinite μ],
            ∫⁻ (p : (NNReal × E × E × ℕ × (ℕ → E)) × E × E), ENNReal.ofReal (C p) ∂μ.compProd K ≤
                ∫⁻ (s : NNReal × E × E × ℕ × (ℕ → E)), ENNReal.ofReal (B s) ∂μ ∧
              (MeasureTheory.Integrable B μ →
                MeasureTheory.Integrable C (μ.compProd K) ∧
                  ∫ (p : (NNReal × E × E × ℕ × (ℕ → E)) × E × E), C p ∂μ.compProd K ≤
                    ∫ (s : NNReal × E × E × ℕ × (ℕ → E)), B s ∂μ)
info: Tests/SmoothedPicardHMCReferenceCarryingCost.lean:4:0: 'AutoSamplingTheory.ExampleCases.SmoothedPicardHMC.ReferenceCarryingCost.reference_carrying_cost' depends on axioms: [propext,
 Classical.choice,
 Quot.sound]
ℹ [9448/9484] Replayed Tests.SmoothedPicardHMCTerminalFORSKernel
info: Tests/SmoothedPicardHMCTerminalFORSKernel.lean:3:0: AutoSamplingTheory.ExampleCases.SmoothedPicardHMC.TerminalFORSKernel.terminal_fors_kernel.{u_1, u_3} {E : Type u_1}
  [NormedAddCommGroup E] [InnerProductSpace ℝ E] [FiniteDimensional ℝ E] [MeasurableSpace E] [BorelSpace E]
  {S : Type u_3} [MeasurableSpace S] {V : E → ℝ} {α β : NNReal} (hV : ContDiff ℝ 2 V)
  (hH : ∀ (x v : E), ↑α * ‖v‖ ^ 2 ≤ ((fderiv ℝ (fderiv ℝ V) x) v) v ∧ ((fderiv ℝ (fderiv ℝ V) x) v) v ≤ ↑β * ‖v‖ ^ 2)
  (hαβ : α ≤ β) (hβ : 0 < ↑β) (hd : 0 < ↑(Module.finrank ℝ E)) {b : S → ℝ} {u initial : S → E} (hb : Measurable b)
  (hb0 : ∀ (s : S), 0 < b s) (hu : Measurable u) (hi : Measurable initial) (ell eps : ℝ) (hell : 2 ≤ ell)
  (heps : 0 < eps) (heps1 : eps ≤ 1 / 2)
  (hstep :
    ∀ (s : S), 64 * ↑β * (√(↑(Module.finrank ℝ E) * (ell + Real.log (1 / eps))) + (ell + Real.log (1 / eps))) ≤ b s) :
  have d := ↑(Module.finrank ℝ E);
  have F := fun s x => V x + b s / 2 * ‖x - u s‖ ^ 2;
  have T := fun s x => x - (↑β + b s)⁻¹ • gradient (F s) x;
  have Qn := fun n s => ‖gradient (F s) ((T s)^[n] (initial s))‖ ^ 2;
  have N := AutoSamplingTheory.ExampleCases.SmoothedPicardHMC.TerminalFORSKernel.firstIndex✝ Qn fun s => d * b s;
  have xp := fun s => (T s)^[N s] (initial s);
  have A := fun s => (b s)⁻¹;
  have g := fun s => gradient V (xp s);
  have h := fun s => u s - A s • g s;
  have ν := (MeasureTheory.volume.restrict (Set.Ioc 0 1)).prod (ProbabilityTheory.stdGaussian E);
  have W := fun s p =>
    min 1
      (max (-1)
        (AutoSamplingTheory.ExampleCases.SmoothedPicardHMC.TerminalFORSKernel.scaledCached✝ V A h g ((s, p.1), p.2)));
  have q := fun s => MeasureTheory.Measure.map (fun z => h s + √(A s) • z) (ProbabilityTheory.stdGaussian E);
  have ρ := fun s =>
    MeasureTheory.Measure.infinitePi fun x =>
      AutoSamplingTheory.ExampleCases.SmoothedPicardHMC.TerminalFORSKernel.attemptLaw✝ (q s) ν 1 ⋯;
  have π := fun s =>
    (MeasureTheory.Measure.map (fun z => u s + √(A s) • z) (ProbabilityTheory.stdGaussian E)).tilted fun x => -V x;
  have νa := fun s =>
    (MeasureTheory.volume.restrict (Set.Ioc 0 1)).prod
      (MeasureTheory.Measure.map (fun z => √(A s) • z) (ProbabilityTheory.stdGaussian E));
  have Wa := fun s p =>
    min 1
      (max (-1)
        (AutoSamplingTheory.ExampleCases.SmoothedPicardHMC.TerminalFORSKernel.cachedEstimator✝ V (h s) (g s) p));
  have ρa := fun s =>
    MeasureTheory.Measure.infinitePi fun x =>
      AutoSamplingTheory.ExampleCases.SmoothedPicardHMC.TerminalFORSKernel.attemptLaw✝ (q s) (νa s) 1 ⋯;
  have Φ := fun s ω n =>
    AutoSamplingTheory.ExampleCases.SmoothedPicardHMC.TerminalFORSKernel.Stream.attemptMap✝
      (fun p => (p.1, √(A s) • p.2)) (ω n);
  Measurable N ∧
    Measurable xp ∧
      (∀ (s : S), Qn (N s) s ≤ d * b s ∧ (∀ j < N s, d * b s < Qn j s) ∧ ‖h s - xp s‖ ≤ √(d * A s)) ∧
        ∃ R,
          ProbabilityTheory.IsMarkovKernel R ∧
            ∀ (s : S),
              (Measurable (AutoSamplingTheory.ExampleCases.SmoothedPicardHMC.TerminalFORSKernel.output✝ (W s) 1 0) ∧
                  MeasureTheory.Measure.map
                        (AutoSamplingTheory.ExampleCases.SmoothedPicardHMC.TerminalFORSKernel.output✝ (W s) 1 0) (ρ s) =
                      R s ∧
                    (ρ s)
                          {ω |
                            ∀ (n : ℕ),
                              ω n ∉
                                AutoSamplingTheory.ExampleCases.SmoothedPicardHMC.TerminalFORSKernel.accepted✝ (W s)
                                  1} =
                        0 ∧
                      ∫⁻ (ω :
                          ℕ → AutoSamplingTheory.ExampleCases.SmoothedPicardHMC.TerminalFORSKernel.Attempt✝ E (ℝ × E)),
                          1 +
                            AutoSamplingTheory.ExampleCases.SmoothedPicardHMC.TerminalFORSKernel.queryCount✝ (W s) 1
                              ω ∂ρ s ≤
                        ENNReal.ofReal (1 + 2 * Real.exp 2)) ∧
                MeasureTheory.IsProbabilityMeasure (π s) ∧
                  (π s).AbsolutelyContinuous (R s) ∧
                    (R s).AbsolutelyContinuous (π s) ∧
                      MeasureTheory.Integrable (fun x => ((π s).rnDeriv (R s) x).toReal ^ ell) (R s) ∧
                        MeasureTheory.Integrable (fun x => ((R s).rnDeriv (π s) x).toReal ^ ell) (π s) ∧
                          0 < ∫ (x : E), ((π s).rnDeriv (R s) x).toReal ^ ell ∂R s ∧
                            0 < ∫ (x : E), ((R s).rnDeriv (π s) x).toReal ^ ell ∂π s ∧
                              ∫ (x : E), ((π s).rnDeriv (R s) x).toReal ^ ell ∂R s ≤ 1 + eps ^ 2 ∧
                                ∫ (x : E), ((R s).rnDeriv (π s) x).toReal ^ ell ∂π s ≤ 1 + eps ^ 2 ∧
                                  Real.log (∫ (x : E), ((π s).rnDeriv (R s) x).toReal ^ ell ∂R s) / (ell - 1) ≤
                                      eps ^ 2 ∧
                                    Real.log (∫ (x : E), ((R s).rnDeriv (π s) x).toReal ^ ell ∂π s) / (ell - 1) ≤
                                        eps ^ 2 ∧
                                      MeasureTheory.Measure.map (Φ s) (ρ s) = ρa s ∧
                                        (∀
                                            (ω :
                                              ℕ →
                                                AutoSamplingTheory.ExampleCases.SmoothedPicardHMC.TerminalFORSKernel.Attempt✝
                                                  E (ℝ × E))
                                            (n : ℕ),
                                            Φ s ω n ∈
                                                AutoSamplingTheory.ExampleCases.SmoothedPicardHMC.TerminalFORSKernel.accepted✝
                                                  (Wa s) 1 ↔
                                              ω n ∈
                                                AutoSamplingTheory.ExampleCases.SmoothedPicardHMC.TerminalFORSKernel.accepted✝
                                                  (W s) 1) ∧
                                          (∀
                                              (ω :
                                                ℕ →
                                                  AutoSamplingTheory.ExampleCases.SmoothedPicardHMC.TerminalFORSKernel.Attempt✝
                                                    E (ℝ × E)),
                                              AutoSamplingTheory.ExampleCases.SmoothedPicardHMC.TerminalFORSKernel.queryCount✝
                                                  (Wa s) 1 (Φ s ω) =
                                                AutoSamplingTheory.ExampleCases.SmoothedPicardHMC.TerminalFORSKernel.queryCount✝
                                                  (W s) 1 ω) ∧
                                            (fun ω =>
                                                AutoSamplingTheory.ExampleCases.SmoothedPicardHMC.TerminalFORSKernel.output✝
                                                  (Wa s) 1 (u s) (Φ s ω)) =ᵐ[ρ s]
                                              AutoSamplingTheory.ExampleCases.SmoothedPicardHMC.TerminalFORSKernel.output✝
                                                (W s) 1 0
info: Tests/SmoothedPicardHMCTerminalFORSKernel.lean:4:0: 'AutoSamplingTheory.ExampleCases.SmoothedPicardHMC.TerminalFORSKernel.terminal_fors_kernel' depends on axioms: [propext,
 Classical.choice,
 Quot.sound]
ℹ [9449/9484] Replayed Tests.SmoothedPicardHMCEnhancedTerminalExecution
info: Tests/SmoothedPicardHMCEnhancedTerminalExecution.lean:3:0: AutoSamplingTheory.ExampleCases.SmoothedPicardHMC.EnhancedTerminalExecution.enhanced_terminal_execution.{u_1}
  {E : Type u_1} [MeasurableSpace E] [NormedAddCommGroup E] [InnerProductSpace ℝ E] [FiniteDimensional ℝ E]
  [BorelSpace E] {V : E → ℝ} (κ : NNReal) (hκ : 1 ≤ κ) (hV : ContDiff ℝ 2 V)
  (hH : ∀ (x w : E), (↑κ)⁻¹ * ‖w‖ ^ 2 ≤ ((fderiv ℝ (fderiv ℝ V) x) w) w ∧ ((fderiv ℝ (fderiv ℝ V) x) w) w ≤ ‖w‖ ^ 2)
  (hd : 0 < Module.finrank ℝ E) (η : NNReal × E × E × ℕ × (ℕ → E) → ℝ) (hηm : Measurable η) (c q Δ : ℝ) (hc : 0 < c)
  (hc1 : c < 1 / 4) (hη : ∀ (s : NNReal × E × E × ℕ × (ℕ → E)), 0 < η s ∧ η s ≤ c) (hq : 2 ≤ q) (hΔ : 0 < Δ)
  (hΔ1 : Δ ≤ 1 / 2) (s0 : NNReal × E × E × ℕ × (ℕ → E)) (M : ProbabilityTheory.Kernel (NNReal × E × E × ℕ × (ℕ → E)) E)
  [ProbabilityTheory.IsMarkovKernel M] :
  have d := ↑(Module.finrank ℝ E);
  have K := fun r => (1 + r) / ((↑κ)⁻¹ + r);
  have τ := fun s => if 2 ≤ K ↑s.1 then K ↑s.1 else c;
  have L := q + Real.log (K ↑s0.1 * d * q / Δ);
  have B := 1 / 1024 / (√(d * L) + L);
  have J := ⌈8 * Real.log (Real.exp 1 * K ↑s0.1 / B)⌉₊;
  have eps := Δ / √(↑J + 1);
  have v := fun s => (η s + τ s) / (1 + ↑s.1);
  have bp := fun s => s.1 + (v s)⁻¹.toNNReal;
  have obs := fun p => p.2.1 + √(τ p.1 / (1 + ↑p.1.1)) • p.2.2;
  have center := fun p => (↑(bp p.1))⁻¹ • (↑p.1.1 • p.1.2.1 + (v p.1)⁻¹ • obs p);
  have F := fun p x => V x + ↑(bp p.1) / 2 * ‖x - center p‖ ^ 2;
  have T := fun p x => x - (1 + ↑(bp p.1))⁻¹ • gradient (F p) x;
  have Qn := fun n p => ‖gradient (F p) ((T p)^[n] p.2.1)‖ ^ 2;
  have N :=
    AutoSamplingTheory.ExampleCases.SmoothedPicardHMC.EnhancedTerminalExecution.firstIndex✝ Qn fun p =>
      ((↑κ)⁻¹ + ↑(bp p.1)) * d;
  have update := fun p =>
    (bp p.1, center p, (T p)^[N p] p.2.1, p.1.2.2.2.1 + 1, fun n => Nat.casesOn n (obs p) p.1.2.2.2.2);
  have bb := fun s => max (↑s.1) B⁻¹;
  have TF := fun s x => V x + bb s / 2 * ‖x - s.2.1‖ ^ 2;
  have TT := fun s x => x - (1 + bb s)⁻¹ • gradient (TF s) x;
  have TQn := fun n s => ‖gradient (TF s) ((TT s)^[n] s.2.2.1)‖ ^ 2;
  have TN :=
    AutoSamplingTheory.ExampleCases.SmoothedPicardHMC.EnhancedTerminalExecution.firstIndex✝ TQn fun s => d * bb s;
  have txp := fun s => (TT s)^[TN s] s.2.2.1;
  have TA := fun s => (bb s)⁻¹;
  have tg := fun s => gradient V (txp s);
  have th := fun s => s.2.1 - TA s • tg s;
  have tnu := (MeasureTheory.volume.restrict (Set.Ioc 0 1)).prod (ProbabilityTheory.stdGaussian E);
  have tW := fun s p =>
    min 1
      (max (-1)
        (AutoSamplingTheory.ExampleCases.SmoothedPicardHMC.EnhancedTerminalExecution.scaledCached✝ V TA th tg
          ((s, p.1), p.2)));
  have tproposal := fun s => MeasureTheory.Measure.map (fun z => th s + √(TA s) • z) (ProbabilityTheory.stdGaussian E);
  have trho := fun s =>
    MeasureTheory.Measure.infinitePi fun x =>
      AutoSamplingTheory.ExampleCases.SmoothedPicardHMC.EnhancedTerminalExecution.attemptLaw✝ (tproposal s) tnu 1 ⋯;
  have tpi := fun s =>
    (MeasureTheory.Measure.map (fun z => s.2.1 + √(TA s) • z) (ProbabilityTheory.stdGaussian E)).tilted fun x => -V x;
  0 < B ∧
    0 < eps ∧
      eps ≤ 1 / 2 ∧
        (∀ (s : NNReal × E × E × ℕ × (ℕ → E)), B⁻¹ ≤ ↑s.1 → bb s = ↑s.1) ∧
          Measurable TN ∧
            Measurable txp ∧
              (∀ (s : NNReal × E × E × ℕ × (ℕ → E)),
                  TQn (TN s) s ≤ d * bb s ∧ (∀ j < TN s, d * bb s < TQn j s) ∧ ‖th s - txp s‖ ≤ √(d * TA s)) ∧
                ∃ Lt P,
                  ProbabilityTheory.IsMarkovKernel Lt ∧
                    ProbabilityTheory.IsMarkovKernel P ∧
                      (∀ (s : NNReal × E × E × ℕ × (ℕ → E)),
                          P s =
                            if B⁻¹ ≤ ↑s.1 then MeasureTheory.Measure.dirac s
                            else
                              MeasureTheory.Measure.map (fun z => update (s, z))
                                ((M s).prod (ProbabilityTheory.stdGaussian E))) ∧
                        ((P ^ J) s0) {s | B⁻¹ ≤ ↑s.1} = 1 ∧
                          (∀ (m : ℕ), (Lt.comp (P ^ (J + m))) s0 = (Lt.comp (P ^ J)) s0) ∧
                            ∀ (s : NNReal × E × E × ℕ × (ℕ → E)),
                              (Measurable
                                    (AutoSamplingTheory.ExampleCases.SmoothedPicardHMC.EnhancedTerminalExecution.output✝
                                      (tW s) 1 0) ∧
                                  MeasureTheory.Measure.map
                                        (AutoSamplingTheory.ExampleCases.SmoothedPicardHMC.EnhancedTerminalExecution.output✝
                                          (tW s) 1 0)
                                        (trho s) =
                                      Lt s ∧
                                    (trho s) ⋯ = 0 ∧
                                      ∫⁻ (ω :
                                          ℕ →
                                            AutoSamplingTheory.ExampleCases.SmoothedPicardHMC.EnhancedTerminalExecution.Attempt✝
                                              E (ℝ × E)),
                                          1 +
                                            AutoSamplingTheory.ExampleCases.SmoothedPicardHMC.EnhancedTerminalExecution.queryCount✝
                                              (tW s) 1 ω ∂trho s ≤
                                        ENNReal.ofReal (1 + 2 * Real.exp 2)) ∧
                                MeasureTheory.IsProbabilityMeasure (tpi s) ∧
                                  (tpi s).AbsolutelyContinuous (Lt s) ∧
                                    (Lt s).AbsolutelyContinuous (tpi s) ∧ MeasureTheory.Integrable ⋯ ⋯ ∧ ⋯ ∧ ⋯
info: Tests/SmoothedPicardHMCEnhancedTerminalExecution.lean:4:0: 'AutoSamplingTheory.ExampleCases.SmoothedPicardHMC.EnhancedTerminalExecution.enhanced_terminal_execution' depends on axioms: [propext,
 Classical.choice,
 Quot.sound]
ℹ [9450/9484] Replayed Tests.SmoothedPicardHMCObservationConditionalKernel
info: Tests/SmoothedPicardHMCObservationConditionalKernel.lean:3:0: AutoSamplingTheory.ExampleCases.SmoothedPicardHMC.ObservationConditionalKernel.observation_conditional_kernel.{u_1}
  {E : Type u_1} [MeasurableSpace E] [NormedAddCommGroup E] [InnerProductSpace ℝ E] [FiniteDimensional ℝ E]
  [BorelSpace E] {V : E → ℝ} {α β : NNReal} (hα : 0 < α) (hαβ : α ≤ β) (hV : ContDiff ℝ 2 V)
  (hH : ∀ (x w : E), ↑α * ‖w‖ ^ 2 ≤ ((fderiv ℝ (fderiv ℝ V) x) w) w ∧ ((fderiv ℝ (fderiv ℝ V) x) w) w ≤ ↑β * ‖w‖ ^ 2)
  (hd : 0 < ↑(Module.finrank ℝ E)) (η τ : NNReal × E × E × ℕ × (ℕ → E) → ℝ) (hη : Measurable η) (hτ : Measurable τ)
  (hη0 : ∀ (s : NNReal × E × E × ℕ × (ℕ → E)), 0 < η s) (hτ0 : ∀ (s : NNReal × E × E × ℕ × (ℕ → E)), 0 < τ s)
  (M : ProbabilityTheory.Kernel (NNReal × E × E × ℕ × (ℕ → E)) E) [ProbabilityTheory.IsMarkovKernel M]
  (threshold : NNReal) :
  have d := ↑(Module.finrank ℝ E);
  have v := fun s => (η s + τ s) / (↑β + ↑s.1);
  have bp := fun s => s.1 + (v s)⁻¹.toNNReal;
  have obs := fun p => p.2.1 + √(τ p.1 / (↑β + ↑p.1.1)) • p.2.2;
  have center := fun p => (↑(bp p.1))⁻¹ • (↑p.1.1 • p.1.2.1 + (v p.1)⁻¹ • obs p);
  have F := fun p x => V x + ↑(bp p.1) / 2 * ‖x - center p‖ ^ 2;
  have T := fun p x => x - (↑β + ↑(bp p.1))⁻¹ • gradient (F p) x;
  have q := fun n p => ‖gradient (F p) ((T p)^[n] p.2.1)‖ ^ 2;
  have N :=
    AutoSamplingTheory.ExampleCases.SmoothedPicardHMC.ObservationConditionalKernel.firstIndex✝ q fun p =>
      (↑α + ↑(bp p.1)) * d;
  have out := fun p => (T p)^[N p] p.2.1;
  have update := fun p => (bp p.1, center p, out p, p.1.2.2.2.1 + 1, fun n => Nat.casesOn n (obs p) p.1.2.2.2.2);
  ∃ J,
    ∃ (hJ : ProbabilityTheory.IsMarkovKernel J),
      (∀ (s : NNReal × E × E × ℕ × (ℕ → E)),
          J s =
            MeasureTheory.Measure.map (fun z => (obs (s, z), update (s, z)))
              ((M s).prod (ProbabilityTheory.stdGaussian E))) ∧
        (∀ (s : NNReal × E × E × ℕ × (ℕ → E)),
            J.fst s =
              AutoSamplingTheory.TechnicalLemmas.Measure.GaussianSmoothing.gaussianSmoothing (M s)
                √(τ s / (↑β + ↑s.1))) ∧
          J.fst.compProd J.condKernel = J ∧
            (∀ (s : NNReal × E × E × ℕ × (ℕ → E)),
                ∀ᵐ (y : E) ∂J.fst s,
                  ∀ᵐ (t : NNReal × E × E × ℕ × (ℕ → E)) ∂J.condKernel (s, y),
                    t.1 = bp s ∧ t.2.1 = (↑(bp s))⁻¹ • (↑s.1 • s.2.1 + (v s)⁻¹ • y)) ∧
              (∀ (R : ProbabilityTheory.Kernel (NNReal × E × E × ℕ × (ℕ → E)) E) [ProbabilityTheory.IsMarkovKernel R]
                  (s : NNReal × E × E × ℕ × (ℕ → E)) (A : Set E),
                  MeasurableSet A →
                    ∫⁻ (z : E × E), (R (update (s, z))) A ∂(M s).prod (ProbabilityTheory.stdGaussian E) =
                      ∫⁻ (y : E), ∫⁻ (t : NNReal × E × E × ℕ × (ℕ → E)), (R t) A ∂J.condKernel (s, y) ∂J.fst s) ∧
                ∃ P,
                  ∃ (_ : ProbabilityTheory.IsMarkovKernel P),
                    (∀ (s : NNReal × E × E × ℕ × (ℕ → E)),
                        P s =
                          if threshold ≤ s.1 then MeasureTheory.Measure.dirac s
                          else
                            MeasureTheory.Measure.map (fun z => update (s, z))
                              ((M s).prod (ProbabilityTheory.stdGaussian E))) ∧
                      ∀ (R : ProbabilityTheory.Kernel (NNReal × E × E × ℕ × (ℕ → E)) E)
                        [ProbabilityTheory.IsMarkovKernel R] (s : NNReal × E × E × ℕ × (ℕ → E)),
                        s.1 < threshold →
                          ∀ (A : Set E),
                            MeasurableSet A →
                              ((R.comp P) s) A =
                                ∫⁻ (y : E), ∫⁻ (t : NNReal × E × E × ℕ × (ℕ → E)), (R t) A ∂J.condKernel (s, y) ∂J.fst s
info: Tests/SmoothedPicardHMCObservationConditionalKernel.lean:4:0: 'AutoSamplingTheory.ExampleCases.SmoothedPicardHMC.ObservationConditionalKernel.observation_conditional_kernel' depends on axioms: [propext,
 Classical.choice,
 Quot.sound]
ℹ [9451/9484] Replayed Tests.SmoothedPicardHMCEnhancedKLOneStep
info: Tests/SmoothedPicardHMCEnhancedKLOneStep.lean:3:0: AutoSamplingTheory.ExampleCases.SmoothedPicardHMC.EnhancedKLOneStep.one_step_kl_error.{u} {E : Type u}
  [NormedAddCommGroup E] [InnerProductSpace ℝ E] [FiniteDimensional ℝ E] [MeasurableSpace E] [BorelSpace E] {V : E → ℝ}
  {α β : NNReal} (hα : 0 < α) (hαβ : α ≤ β) (hV : ContDiff ℝ 2 V)
  (hHess : ∀ (x w : E), ↑α * ‖w‖ ^ 2 ≤ ((fderiv ℝ (fderiv ℝ V) x) w) w ∧ ((fderiv ℝ (fderiv ℝ V) x) w) w ≤ ↑β * ‖w‖ ^ 2)
  (hd : 0 < ↑(Module.finrank ℝ E)) (η τ : NNReal × E × E × ℕ × (ℕ → E) → ℝ) (hη : Measurable η) (hτ : Measurable τ)
  (hη0 : ∀ (s : NNReal × E × E × ℕ × (ℕ → E)), 0 < η s) (hτ0 : ∀ (s : NNReal × E × E × ℕ × (ℕ → E)), 0 < τ s)
  (M : ProbabilityTheory.Kernel (NNReal × E × E × ℕ × (ℕ → E)) E) [ProbabilityTheory.IsMarkovKernel M]
  (threshold : NNReal) :
  have d := ↑(Module.finrank ℝ E);
  have v := fun s => (η s + τ s) / (↑β + ↑s.1);
  have bp := fun s => s.1 + (v s)⁻¹.toNNReal;
  have obs := fun p => p.2.1 + √(τ p.1 / (↑β + ↑p.1.1)) • p.2.2;
  have center := fun p => (↑(bp p.1))⁻¹ • (↑p.1.1 • p.1.2.1 + (v p.1)⁻¹ • obs p);
  have F := fun p x => V x + ↑(bp p.1) / 2 * ‖x - center p‖ ^ 2;
  have T := fun p x => x - (↑β + ↑(bp p.1))⁻¹ • gradient (F p) x;
  have q := fun n p => ‖gradient (F p) ((T p)^[n] p.2.1)‖ ^ 2;
  have N :=
    AutoSamplingTheory.ExampleCases.SmoothedPicardHMC.EnhancedKLOneStep.firstIndex✝ q fun p => (↑α + ↑(bp p.1)) * d;
  have out := fun p => (T p)^[N p] p.2.1;
  have update := fun p => (bp p.1, center p, out p, p.1.2.2.2.1 + 1, fun n => Nat.casesOn n (obs p) p.1.2.2.2.2);
  have μ := MeasureTheory.volume.tilted fun x => -V x;
  MeasureTheory.IsProbabilityMeasure μ ∧
    ∃ T H P,
      ∃ (_ : ProbabilityTheory.IsMarkovKernel T) (_ : ProbabilityTheory.IsMarkovKernel H) (_ :
        ProbabilityTheory.IsMarkovKernel P),
        (∀ (s : NNReal × E × E × ℕ × (ℕ → E)), T s = μ.tilted fun x => -(↑s.1 / 2) * ‖x - s.2.1‖ ^ 2) ∧
          (∀ (s : NNReal × E × E × ℕ × (ℕ → E)),
              H s = AutoSamplingTheory.TechnicalLemmas.Measure.GaussianSmoothing.gaussianSmoothing (T s) √(v s)) ∧
            (∀ (s : NNReal × E × E × ℕ × (ℕ → E)),
                P s =
                  if threshold ≤ s.1 then MeasureTheory.Measure.dirac s
                  else
                    MeasureTheory.Measure.map (fun z => update (s, z)) ((M s).prod (ProbabilityTheory.stdGaussian E))) ∧
              have Q := fun s =>
                AutoSamplingTheory.TechnicalLemmas.Measure.GaussianSmoothing.gaussianSmoothing (M s)
                  √(τ s / (↑β + ↑s.1));
              have e := fun s => if threshold ≤ s.1 then 0 else InformationTheory.klDiv (Q s) (H s);
              Measurable e ∧
                ∀ (R : ProbabilityTheory.Kernel (NNReal × E × E × ℕ × (ℕ → E)) E) [ProbabilityTheory.IsMarkovKernel R],
                  (Measurable fun s => InformationTheory.klDiv (R s) (T s)) ∧
                    ∀ (s : NNReal × E × E × ℕ × (ℕ → E)),
                      InformationTheory.klDiv ((R.comp P) s) (T s) ≤
                        e s + ∫⁻ (t : NNReal × E × E × ℕ × (ℕ → E)), InformationTheory.klDiv (R t) (T t) ∂P s
info: Tests/SmoothedPicardHMCEnhancedKLOneStep.lean:4:0: 'AutoSamplingTheory.ExampleCases.SmoothedPicardHMC.EnhancedKLOneStep.one_step_kl_error' depends on axioms: [propext,
 Classical.choice,
 Quot.sound]
ℹ [9452/9484] Replayed Tests.SmoothedPicardHMCEnhancedFiniteOutputKL
info: Tests/SmoothedPicardHMCEnhancedFiniteOutputKL.lean:3:0: AutoSamplingTheory.ExampleCases.SmoothedPicardHMC.EnhancedFiniteOutputKL.finite_output_kl.{u_1} {E : Type u_1}
  [MeasurableSpace E] [NormedAddCommGroup E] [InnerProductSpace ℝ E] [FiniteDimensional ℝ E] [BorelSpace E] {V : E → ℝ}
  (κ : NNReal) (hκ : 1 ≤ κ) (hV : ContDiff ℝ 2 V)
  (hH : ∀ (x w : E), (↑κ)⁻¹ * ‖w‖ ^ 2 ≤ ((fderiv ℝ (fderiv ℝ V) x) w) w ∧ ((fderiv ℝ (fderiv ℝ V) x) w) w ≤ ‖w‖ ^ 2)
  (hd : 0 < Module.finrank ℝ E) (η : NNReal × E × E × ℕ × (ℕ → E) → ℝ) (hηm : Measurable η) (c Δ : ℝ) (hc : 0 < c)
  (hc1 : c < 1 / 4) (hη : ∀ (s : NNReal × E × E × ℕ × (ℕ → E)), 0 < η s ∧ η s ≤ c) (hΔ : 0 < Δ) (hΔ1 : Δ ≤ 1 / 2)
  (s0 : NNReal × E × E × ℕ × (ℕ → E)) (M : ProbabilityTheory.Kernel (NNReal × E × E × ℕ × (ℕ → E)) E)
  [ProbabilityTheory.IsMarkovKernel M] :
  have d := ↑(Module.finrank ℝ E);
  have K := fun r => (1 + r) / ((↑κ)⁻¹ + r);
  have τ := fun s => if 2 ≤ K ↑s.1 then K ↑s.1 else c;
  have L := 2 + Real.log (K ↑s0.1 * d * 2 / Δ);
  have B := 1 / 1024 / (√(d * L) + L);
  have J := ⌈8 * Real.log (Real.exp 1 * K ↑s0.1 / B)⌉₊;
  have _eps := Δ / √(↑J + 1);
  have v := fun s => (η s + τ s) / (1 + ↑s.1);
  have bp := fun s => s.1 + (v s)⁻¹.toNNReal;
  have obs := fun p => p.2.1 + √(τ p.1 / (1 + ↑p.1.1)) • p.2.2;
  have center := fun p => (↑(bp p.1))⁻¹ • (↑p.1.1 • p.1.2.1 + (v p.1)⁻¹ • obs p);
  have F := fun p x => V x + ↑(bp p.1) / 2 * ‖x - center p‖ ^ 2;
  have T := fun p x => x - (1 + ↑(bp p.1))⁻¹ • gradient (F p) x;
  have Qn := fun n p => ‖gradient (F p) ((T p)^[n] p.2.1)‖ ^ 2;
  have N :=
    AutoSamplingTheory.ExampleCases.SmoothedPicardHMC.EnhancedFiniteOutputKL.firstIndex✝ Qn fun p =>
      ((↑κ)⁻¹ + ↑(bp p.1)) * d;
  have update := fun p =>
    (bp p.1, center p, (T p)^[N p] p.2.1, p.1.2.2.2.1 + 1, fun n => Nat.casesOn n (obs p) p.1.2.2.2.2);
  have bb := fun s => max (↑s.1) B⁻¹;
  have TF := fun s x => V x + bb s / 2 * ‖x - s.2.1‖ ^ 2;
  have TT := fun s x => x - (1 + bb s)⁻¹ • gradient (TF s) x;
  have TQn := fun n s => ‖gradient (TF s) ((TT s)^[n] s.2.2.1)‖ ^ 2;
  have TN := AutoSamplingTheory.ExampleCases.SmoothedPicardHMC.EnhancedFiniteOutputKL.firstIndex✝ TQn fun s => d * bb s;
  have txp := fun s => (TT s)^[TN s] s.2.2.1;
  have TA := fun s => (bb s)⁻¹;
  have tg := fun s => gradient V (txp s);
  have th := fun s => s.2.1 - TA s • tg s;
  have tnu := (MeasureTheory.volume.restrict (Set.Ioc 0 1)).prod (ProbabilityTheory.stdGaussian E);
  have tW := fun s p =>
    min 1
      (max (-1)
        (AutoSamplingTheory.ExampleCases.SmoothedPicardHMC.EnhancedFiniteOutputKL.scaledCached✝ V TA th tg
          ((s, p.1), p.2)));
  have tproposal := fun s => MeasureTheory.Measure.map (fun z => th s + √(TA s) • z) (ProbabilityTheory.stdGaussian E);
  have trho := fun s =>
    MeasureTheory.Measure.infinitePi fun x =>
      AutoSamplingTheory.ExampleCases.SmoothedPicardHMC.EnhancedFiniteOutputKL.attemptLaw✝ (tproposal s) tnu 1 ⋯;
  have _tpi := fun s =>
    (MeasureTheory.Measure.map (fun z => s.2.1 + √(TA s) • z) (ProbabilityTheory.stdGaussian E)).tilted fun x => -V x;
  have μV := MeasureTheory.volume.tilted fun x => -V x;
  MeasureTheory.IsProbabilityMeasure μV ∧
    ∃ Lt P TG H,
      ProbabilityTheory.IsMarkovKernel Lt ∧
        ProbabilityTheory.IsMarkovKernel P ∧
          ProbabilityTheory.IsMarkovKernel TG ∧
            ProbabilityTheory.IsMarkovKernel H ∧
              (∀ (s : NNReal × E × E × ℕ × (ℕ → E)),
                  P s =
                    if B⁻¹ ≤ ↑s.1 then MeasureTheory.Measure.dirac s
                    else
                      MeasureTheory.Measure.map (fun z => update (s, z))
                        ((M s).prod (ProbabilityTheory.stdGaussian E))) ∧
                (∀ (s : NNReal × E × E × ℕ × (ℕ → E)),
                    MeasureTheory.Measure.map
                        (AutoSamplingTheory.ExampleCases.SmoothedPicardHMC.EnhancedFiniteOutputKL.output✝ (tW s) 1 0)
                        (trho s) =
                      Lt s) ∧
                  (∀ (s : NNReal × E × E × ℕ × (ℕ → E)), TG s = μV.tilted fun x => -(↑s.1 / 2) * ‖x - s.2.1‖ ^ 2) ∧
                    (∀ (s : NNReal × E × E × ℕ × (ℕ → E)),
                        H s =
                          AutoSamplingTheory.TechnicalLemmas.Measure.GaussianSmoothing.gaussianSmoothing (TG s)
                            √(v s)) ∧
                      have Q := fun s =>
                        AutoSamplingTheory.TechnicalLemmas.Measure.GaussianSmoothing.gaussianSmoothing (M s)
                          √(τ s / (1 + ↑s.1));
                      have e := fun s => if B⁻¹ ≤ ↑s.1 then 0 else InformationTheory.klDiv (Q s) (H s);
                      Measurable e ∧
                        ∀ (m : ℕ),
                          InformationTheory.klDiv (⋯ s0) (TG s0) ≤
                            ∑ j ∈ Finset.range J, ⋯ + ENNReal.ofReal (Δ ^ 2 / (↑J + 1))
info: Tests/SmoothedPicardHMCEnhancedFiniteOutputKL.lean:4:0: 'AutoSamplingTheory.ExampleCases.SmoothedPicardHMC.EnhancedFiniteOutputKL.finite_output_kl' depends on axioms: [propext,
 Classical.choice,
 Quot.sound]
ℹ [9453/9484] Replayed Tests.SmoothedPicardHMCProximalGaussianEstimator
info: Tests/SmoothedPicardHMCProximalGaussianEstimator.lean:3:0: AutoSamplingTheory.ExampleCases.SmoothedPicardHMC.ProximalGaussianEstimator.proximal_gaussian_estimator.{u_1, u_2}
  {E : Type u_1} {S : Type u_2} [NormedAddCommGroup E] [InnerProductSpace ℝ E] [CompleteSpace E] [FiniteDimensional ℝ E]
  [MeasurableSpace E] [BorelSpace E] [MeasurableSpace S] {V : E → ℝ} {κ : NNReal} (_hκ : 1 ≤ κ) (hV : ContDiff ℝ 2 V)
  (hH : ∀ (x v : E), (↑κ)⁻¹ * ‖v‖ ^ 2 ≤ ((fderiv ℝ (fderiv ℝ V) x) v) v ∧ ((fderiv ℝ (fderiv ℝ V) x) v) v ≤ ‖v‖ ^ 2)
  {eta : S → ℝ} {y : S → E} (heta : Measurable eta) (hy : Measurable y) (hpos : ∀ (s : S), 0 < eta s)
  (hsmall : ∀ (s : S), eta s ≤ 1 / 2) :
  have F := fun s x => V x + (eta s)⁻¹ / 2 * ‖x - y s‖ ^ 2;
  ∃ p,
    Measurable p ∧
      (∀ (s : S), p s + eta s • gradient V (p s) = y s) ∧
        (∀ (s : S) (z : E),
            F s (p s) + ((↑κ)⁻¹ + (eta s)⁻¹) / 2 * ‖z - p s‖ ^ 2 ≤ F s z ∧ (F s z ≤ F s (p s) ↔ z = p s)) ∧
          have G := fun q => gradient V (p q.1 + √(eta q.1) • q.2);
          Measurable G ∧
            ∃ K,
              ProbabilityTheory.IsMarkovKernel K ∧
                (∀ (s : S), K s = MeasureTheory.Measure.map (fun z => G (s, z)) (ProbabilityTheory.stdGaussian E)) ∧
                  ∀ (s : S),
                    MeasureTheory.MemLp (fun z => G (s, z)) 2 (ProbabilityTheory.stdGaussian E) ∧
                      MeasureTheory.MemLp (fun z => G (s, z) - gradient V (p s)) 2 (ProbabilityTheory.stdGaussian E) ∧
                        ∫ (z : E), ‖G (s, z) - gradient V (p s)‖ ^ 2 ∂ProbabilityTheory.stdGaussian E ≤
                            eta s * ↑(Module.finrank ℝ E) ∧
                          ∫ (z : E), ‖G (s, z)‖ ^ 2 ∂ProbabilityTheory.stdGaussian E ≤
                              2 * ‖gradient V (p s)‖ ^ 2 + 2 * eta s * ↑(Module.finrank ℝ E) ∧
                            MeasureTheory.Integrable (fun w => ‖w‖ ^ 2) (K s) ∧
                              ∫ (w : E), ‖w‖ ^ 2 ∂K s ≤ 2 * ‖gradient V (p s)‖ ^ 2 + 2 * eta s * ↑(Module.finrank ℝ E)
info: Tests/SmoothedPicardHMCProximalGaussianEstimator.lean:4:0: 'AutoSamplingTheory.ExampleCases.SmoothedPicardHMC.ProximalGaussianEstimator.proximal_gaussian_estimator' depends on axioms: [propext,
 Classical.choice,
 Quot.sound]
ℹ [9454/9484] Replayed Tests.SmoothedPicardHMCGibbsPositionMoment
info: Tests/SmoothedPicardHMCGibbsPositionMoment.lean:3:0: AutoSamplingTheory.ExampleCases.SmoothedPicardHMC.GibbsPositionMoment.gibbs_position_moment.{u_1} {E : Type u_1}
  [NormedAddCommGroup E] [InnerProductSpace ℝ E] [FiniteDimensional ℝ E] [MeasurableSpace E] [BorelSpace E]
  [CompleteSpace E] {U : E → ℝ} {α β : NNReal} (hα : 0 < α) (hαβ : α ≤ β) (hU : ContDiff ℝ 2 U)
  (hH : ∀ (x v : E), ↑α * ‖v‖ ^ 2 ≤ ((fderiv ℝ (fderiv ℝ U) x) v) v ∧ ((fderiv ℝ (fderiv ℝ U) x) v) v ≤ ↑β * ‖v‖ ^ 2)
  (p : E) (hp : gradient U p = 0) :
  have μ := MeasureTheory.volume.tilted fun x => -U x;
  MeasureTheory.IsProbabilityMeasure μ ∧
    MeasureTheory.Integrable (fun x => Real.exp (-U x)) MeasureTheory.volume ∧
      0 < ∫ (x : E), Real.exp (-U x) ∧
        MeasureTheory.Integrable (fun x => ‖x - p‖ ^ 2) μ ∧
          MeasureTheory.Integrable (fun x => inner ℝ (x - p) (gradient U x)) μ ∧
            ∫ (x : E), inner ℝ (x - p) (gradient U x) ∂μ = ↑(Module.finrank ℝ E) ∧
              ∫ (x : E), ‖x - p‖ ^ 2 ∂μ ≤ ↑(Module.finrank ℝ E) / ↑α
info: Tests/SmoothedPicardHMCGibbsPositionMoment.lean:4:0: 'AutoSamplingTheory.ExampleCases.SmoothedPicardHMC.GibbsPositionMoment.gibbs_position_moment' depends on axioms: [propext,
 Classical.choice,
 Quot.sound]
ℹ [9455/9484] Replayed Tests.SmoothedPicardHMCProximalEstimatorLipschitz
info: Tests/SmoothedPicardHMCProximalEstimatorLipschitz.lean:3:0: AutoSamplingTheory.ExampleCases.SmoothedPicardHMC.ProximalEstimatorLipschitz.proximal_estimator_lipschitz.{u_1}
  {E : Type u_1} [NormedAddCommGroup E] [InnerProductSpace ℝ E] [CompleteSpace E] [FiniteDimensional ℝ E]
  [MeasurableSpace E] [BorelSpace E] {V : E → ℝ} {κ : NNReal} (hκ : 1 ≤ κ) (hV : ContDiff ℝ 2 V)
  (hH : ∀ (x v : E), (↑κ)⁻¹ * ‖v‖ ^ 2 ≤ ((fderiv ℝ (fderiv ℝ V) x) v) v ∧ ((fderiv ℝ (fderiv ℝ V) x) v) v ≤ ‖v‖ ^ 2)
  {eta : ℝ} (hpos : 0 < eta) (hsmall : eta ≤ 1 / 2) :
  have F := fun y x => V x + eta⁻¹ / 2 * ‖x - y‖ ^ 2;
  ∃ p,
    Measurable p ∧
      (∀ (y : E), p y + eta • gradient V (p y) = y) ∧
        (∀ (y z : E), F y (p y) + ((↑κ)⁻¹ + eta⁻¹) / 2 * ‖z - p y‖ ^ 2 ≤ F y z ∧ (F y z ≤ F y (p y) ↔ z = p y)) ∧
          LipschitzWith 1 p ∧
            (∀ (y y' G : E), ‖gradient V (p y + √eta • G) - gradient V (p y' + √eta • G)‖ ≤ ‖y - y'‖) ∧
              ∀ (y G G' : E), ‖gradient V (p y + √eta • G) - gradient V (p y + √eta • G')‖ ≤ √eta * ‖G - G'‖
info: Tests/SmoothedPicardHMCProximalEstimatorLipschitz.lean:4:0: 'AutoSamplingTheory.ExampleCases.SmoothedPicardHMC.ProximalEstimatorLipschitz.proximal_estimator_lipschitz' depends on axioms: [propext,
 Classical.choice,
 Quot.sound]
ℹ [9456/9484] Replayed Tests.SmoothedPicardHMCClippedGradientProgram
info: Tests/SmoothedPicardHMCClippedGradientProgram.lean:3:0: AutoSamplingTheory.ExampleCases.SmoothedPicardHMC.ClippedGradientProgram.clipped_gradient_program.{u_1} {E : Type u_1}
  [NormedAddCommGroup E] [InnerProductSpace ℝ E] [FiniteDimensional ℝ E] [MeasurableSpace E] [BorelSpace E]
  [SecondCountableTopology E] (f : E → ℝ) (hf : Differentiable ℝ f) (eta beta B : ℝ) (heta : 0 < eta) (hbeta : 0 ≤ beta)
  (hB : 0 < B) (hlip : LipschitzWith ⟨beta, hbeta⟩ (gradient f)) (x0 xp : E) :
  have h := x0 - eta • gradient f xp;
  have P := MeasureTheory.Measure.map (fun z => √eta • z) (ProbabilityTheory.stdGaussian E);
  have U := MeasureTheory.volume.restrict (Set.Ioc 0 1);
  have ν := U.prod P;
  have q := MeasureTheory.Measure.map (fun z => h + √eta • z) (ProbabilityTheory.stdGaussian E);
  have C := ∫ (z : E), f (h + z) ∂P - inner ℝ (gradient f xp) h;
  have W := AutoSamplingTheory.ExampleCases.SmoothedPicardHMC.ClippedGradientProgram.estimator✝ f h xp;
  have Wc := fun p => AutoSamplingTheory.ExampleCases.SmoothedPicardHMC.ClippedGradientProgram.clip✝ B (W p);
  have m := fun x => ∫ (z : ℝ × E), Wc (x, z) ∂ν;
  have Z := ∫ (x : E), Real.exp (m x) ∂q;
  have Λ := AutoSamplingTheory.ExampleCases.SmoothedPicardHMC.ClippedGradientProgram.attempts✝ q ν B hB;
  have ρ := MeasureTheory.Measure.infinitePi fun x => Λ;
  MeasureTheory.IsProbabilityMeasure ν ∧
    MeasureTheory.IsProbabilityMeasure q ∧
      Measurable W ∧
        Measurable Wc ∧
          Measurable m ∧
            (∀ (x : E),
                MeasureTheory.Integrable (fun z => W (x, z)) ν ∧
                  MeasureTheory.Integrable (fun z => Wc (x, z)) ν ∧
                    MeasureTheory.Integrable (fun z => max (|W (x, z)| - B) 0) ν ∧
                      |m x| ≤ B ∧
                        |m x - (inner ℝ (gradient f xp) x - f x + C)| ≤ ∫ (z : ℝ × E), max (|W (x, z)| - B) 0 ∂ν) ∧
              MeasureTheory.Integrable (fun x => Real.exp (m x)) q ∧
                Real.exp (-B) ≤ Z ∧
                  Z ≤ Real.exp B ∧
                    Measurable
                        (AutoSamplingTheory.ExampleCases.SmoothedPicardHMC.ClippedGradientProgram.output✝ Wc B x0) ∧
                      MeasureTheory.Measure.map
                            (AutoSamplingTheory.ExampleCases.SmoothedPicardHMC.ClippedGradientProgram.output✝ Wc B x0)
                            ρ =
                          q.tilted m ∧
                        ρ
                              {ω |
                                ∀ (n : ℕ),
                                  ω n ∉
                                    AutoSamplingTheory.ExampleCases.SmoothedPicardHMC.ClippedGradientProgram.accepted✝
                                      Wc B} =
                            0 ∧
                          Λ (AutoSamplingTheory.ExampleCases.SmoothedPicardHMC.ClippedGradientProgram.accepted✝ Wc B) =
                              ENNReal.ofReal (Real.exp (-B) * Z) ∧
                            ENNReal.ofReal (Real.exp (-2 * B)) ≤
                                Λ
                                  (AutoSamplingTheory.ExampleCases.SmoothedPicardHMC.ClippedGradientProgram.accepted✝ Wc
                                    B) ∧
                              ∫⁻ (ω :
                                    ℕ →
                                      AutoSamplingTheory.ExampleCases.SmoothedPicardHMC.ClippedGradientProgram.Attempt✝
                                        E (ℝ × E)),
                                    AutoSamplingTheory.ExampleCases.SmoothedPicardHMC.ClippedGradientProgram.queryCount✝
                                      Wc B ω ∂ρ =
                                  (ENNReal.ofReal (Real.exp (-B) * Z))⁻¹ * ENNReal.ofReal (2 * B) ∧
                                ∫⁻ (ω :
                                    ℕ →
                                      AutoSamplingTheory.ExampleCases.SmoothedPicardHMC.ClippedGradientProgram.Attempt✝
                                        E (ℝ × E)),
                                    AutoSamplingTheory.ExampleCases.SmoothedPicardHMC.ClippedGradientProgram.queryCount✝
                                      Wc B ω ∂ρ ≤
                                  ENNReal.ofReal (2 * B * Real.exp (2 * B))
info: Tests/SmoothedPicardHMCClippedGradientProgram.lean:4:0: 'AutoSamplingTheory.ExampleCases.SmoothedPicardHMC.ClippedGradientProgram.clipped_gradient_program' depends on axioms: [propext,
 Classical.choice,
 Quot.sound]
ℹ [9457/9484] Replayed Tests.TiltedLogRatio
info: Tests/TiltedLogRatio.lean:3:0: AutoSamplingTheory.TechnicalLemmas.InformationTheory.TiltedLogRatio.llr_tilted_tilted_ae.{u_1} {X : Type u_1}
  [MeasurableSpace X] (mu : MeasureTheory.Measure X) [MeasureTheory.SigmaFinite mu] (f g : X → ℝ) (hf : Measurable f)
  (hfi : MeasureTheory.Integrable (fun x => Real.exp (f x)) mu)
  (hgi : MeasureTheory.Integrable (fun x => Real.exp (g x)) mu) :
  MeasureTheory.llr (mu.tilted f) (mu.tilted g) =ᵐ[mu.tilted f] fun x =>
    f x - Real.log (∫ (z : X), Real.exp (f z) ∂mu) - g x + Real.log (∫ (z : X), Real.exp (g z) ∂mu)
info: Tests/TiltedLogRatio.lean:4:0: AutoSamplingTheory.TechnicalLemmas.InformationTheory.TiltedLogRatio.gradient_quadratic_representative.{u_2}
  {E : Type u_2} [NormedAddCommGroup E] [InnerProductSpace ℝ E] [CompleteSpace E] [MeasurableSpace E]
  (mu : MeasureTheory.Measure E) {eta : ℝ} (heta : eta ≠ 0) (y y' x : E) :
  gradient
      (fun t =>
        -(‖t - y‖ ^ 2 / (2 * eta)) - Real.log (∫ (z : E), Real.exp (-(‖z - y‖ ^ 2 / (2 * eta))) ∂mu) -
            -(‖t - y'‖ ^ 2 / (2 * eta)) +
          Real.log (∫ (z : E), Real.exp (-(‖z - y'‖ ^ 2 / (2 * eta))) ∂mu))
      x =
    eta⁻¹ • (y - y')
info: Tests/TiltedLogRatio.lean:6:0: 'AutoSamplingTheory.TechnicalLemmas.InformationTheory.TiltedLogRatio.llr_tilted_tilted_ae' depends on axioms: [propext,
 Classical.choice,
 Quot.sound]
info: Tests/TiltedLogRatio.lean:7:0: 'AutoSamplingTheory.TechnicalLemmas.InformationTheory.TiltedLogRatio.gradient_quadratic_representative' depends on axioms: [propext,
 Classical.choice,
 Quot.sound]
ℹ [9458/9484] Replayed Tests.TiltedKL
info: Tests/TiltedKL.lean:3:0: AutoSamplingTheory.TechnicalLemmas.InformationTheory.TiltedKL.finite_klDiv_and_toReal_eq_integral_normalizedLogRatio.{u_1}
  {X : Type u_1} [MeasurableSpace X] (mu : MeasureTheory.Measure X) [MeasureTheory.SigmaFinite mu] [NeZero mu]
  (f g : X → ℝ) (hf : Measurable f) (hfi : MeasureTheory.Integrable (fun x => Real.exp (f x)) mu)
  (hgi : MeasureTheory.Integrable (fun x => Real.exp (g x)) mu)
  (hrep :
    MeasureTheory.Integrable
      (fun x => f x - Real.log (∫ (z : X), Real.exp (f z) ∂mu) - g x + Real.log (∫ (z : X), Real.exp (g z) ∂mu))
      (mu.tilted f)) :
  InformationTheory.klDiv (mu.tilted f) (mu.tilted g) ≠ ⊤ ∧
    (InformationTheory.klDiv (mu.tilted f) (mu.tilted g)).toReal =
      ∫ (x : X),
        f x - Real.log (∫ (z : X), Real.exp (f z) ∂mu) - g x + Real.log (∫ (z : X), Real.exp (g z) ∂mu) ∂mu.tilted f
info: Tests/TiltedKL.lean:5:0: 'AutoSamplingTheory.TechnicalLemmas.InformationTheory.TiltedKL.finite_klDiv_and_toReal_eq_integral_normalizedLogRatio' depends on axioms: [propext,
 Classical.choice,
 Quot.sound]
ℹ [9459/9484] Replayed Tests.QuadraticTiltFisher
info: Tests/QuadraticTiltFisher.lean:3:0: AutoSamplingTheory.TechnicalLemmas.InformationTheory.QuadraticTiltFisher.information_quadratic_representative.{u_1}
  {ι : Type u_1} [Fintype ι]
  (nu mu : MeasureTheory.Measure AutoSamplingTheory.TechnicalLemmas.InformationTheory.QuadraticTiltFisher.State✝)
  [MeasureTheory.IsProbabilityMeasure mu] {eta : ℝ} (heta : eta ≠ 0)
  (y y' : AutoSamplingTheory.TechnicalLemmas.InformationTheory.QuadraticTiltFisher.State✝) :
  (AutoSamplingTheory.TechnicalLemmas.InformationTheory.RelativeFisher.information mu (fun x => 1) fun t =>
      -(‖t - y‖ ^ 2 / (2 * eta)) -
            Real.log
              (∫ (z : AutoSamplingTheory.TechnicalLemmas.InformationTheory.QuadraticTiltFisher.State✝),
                Real.exp (-(‖z - y‖ ^ 2 / (2 * eta))) ∂nu) -
          -(‖t - y'‖ ^ 2 / (2 * eta)) +
        Real.log
          (∫ (z : AutoSamplingTheory.TechnicalLemmas.InformationTheory.QuadraticTiltFisher.State✝),
            Real.exp (-(‖z - y'‖ ^ 2 / (2 * eta))) ∂nu)) =
    eta⁻¹ ^ 2 * ‖y - y'‖ ^ 2
info: Tests/QuadraticTiltFisher.lean:5:0: 'AutoSamplingTheory.TechnicalLemmas.InformationTheory.QuadraticTiltFisher.information_quadratic_representative' depends on axioms: [propext,
 Classical.choice,
 Quot.sound]
ℹ [9460/9484] Replayed Tests.CanonicalLogSobolev
info: Tests/CanonicalLogSobolev.lean:3:0: AutoSamplingTheory.TechnicalLemmas.FunctionalInequalities.CanonicalLogSobolev.finite_klDiv_and_toReal_le_half_mul_information.{u_1}
  {ι : Type u_1} [Fintype ι] (mu pi : MeasureTheory.Measure (EuclideanSpace ℝ ι))
  [MeasureTheory.IsProbabilityMeasure mu] [MeasureTheory.SigmaFinite mu] [mu.HaveLebesgueDecomposition pi]
  (generator : (EuclideanSpace ℝ ι → ℝ) →ₗ[ℝ] EuclideanSpace ℝ ι → ℝ) {C : ℝ}
  (hLSI : AutoSamplingTheory.TechnicalLemmas.FunctionalInequalities.Generator.SatisfiesLogSobolev pi (⇑generator) C)
  (hAdmissible :
    AutoSamplingTheory.TechnicalLemmas.FunctionalInequalities.Generator.LogSobolevAdmissible pi (⇑generator)
      (AutoSamplingTheory.TechnicalLemmas.InformationTheory.RNLogRatio.density mu pi))
  (hScore : AutoSamplingTheory.TechnicalLemmas.InformationTheory.CanonicalRelativeFisher.SmoothFiniteScoreDomain mu pi)
  (hPair :
    AutoSamplingTheory.TechnicalLemmas.InformationTheory.CanonicalDirichletFisher.DirichletPairDomain mu pi generator)
  (hGamma :
    AutoSamplingTheory.TechnicalLemmas.InformationTheory.CanonicalDirichletFisher.HasCanonicalFisherGamma mu pi
      generator) :
  InformationTheory.klDiv mu pi ≠ ⊤ ∧
    (InformationTheory.klDiv mu pi).toReal ≤
      C / 2 * AutoSamplingTheory.TechnicalLemmas.InformationTheory.CanonicalRelativeFisher.information mu pi hScore
info: Tests/CanonicalLogSobolev.lean:5:0: 'AutoSamplingTheory.TechnicalLemmas.FunctionalInequalities.CanonicalLogSobolev.finite_klDiv_and_toReal_le_half_mul_information' depends on axioms: [propext,
 Classical.choice,
 Quot.sound]
⚠ [9461/9484] Replayed Tests.BernoulliLogSobolev
warning: Tests/BernoulliLogSobolev.lean:58:7: Variable name `x` is not explicitly referenced.

Hint: The binding can be removed (if unused) or named `_` (if used implicitly). Alternatively, prefix the name with `_` to silence this warning:
  [apply] _x

Note: This linter can be disabled with `set_option linter.unusedVariables false`
warning: Tests/BernoulliLogSobolev.lean:81:2: Try this: 
  letI̵

The goal is a proposition, so `let` is preferred over `letI`.
The difference between `let` and `letI` is that `letI` inlines the value.
But this is not relevant for proofs because of proof irrelevance.

Note: This linter can be disabled with `set_option linter.style.haveILetI false`
info: Tests/BernoulliLogSobolev.lean:103:0: 'AutoSamplingTheory.TechnicalLemmas.FunctionalInequalities.TwoPointEntropy.two_point_squared_entropy_le_half_sq_sub' depends on axioms: [propext,
 Classical.choice,
 Quot.sound]
info: Tests/BernoulliLogSobolev.lean:104:0: 'AutoSamplingTheory.TechnicalLemmas.FunctionalInequalities.BernoulliLogSobolev.bernoulli_function_logSobolev' depends on axioms: [propext,
 Classical.choice,
 Quot.sound]
info: Tests/BernoulliLogSobolev.lean:105:0: 'Tests.BernoulliLogSobolev.indicator_entropy' depends on axioms: [propext, Classical.choice, Quot.sound]
info: Tests/BernoulliLogSobolev.lean:106:0: 'Tests.BernoulliLogSobolev.zero_dimension' depends on axioms: [propext, Classical.choice, Quot.sound]
info: Tests/BernoulliLogSobolev.lean:107:0: 'Tests.BernoulliLogSobolev.signed_two_point' depends on axioms: [propext, Classical.choice, Quot.sound]
info: Tests/BernoulliLogSobolev.lean:108:0: 'Tests.BernoulliLogSobolev.normalized_two_coordinate_entropy' depends on axioms: [propext, Classical.choice, Quot.sound]
ℹ [9462/9484] Replayed Tests.BalancedRademacherCLT
info: Tests/BalancedRademacherCLT.lean:73:0: 'AutoSamplingTheory.TechnicalLemmas.Probability.BalancedRademacherCLT.balanced_count_sum_tendsto_gaussian' depends on axioms: [propext,
 Classical.choice,
 Quot.sound]
info: Tests/BalancedRademacherCLT.lean:74:0: 'Tests.BalancedRademacherCLT.actual_first_moments_and_limit' depends on axioms: [propext, Classical.choice, Quot.sound]
info: Tests/BalancedRademacherCLT.lean:75:0: 'Tests.BalancedRademacherCLT.actual_zero_second_moment' depends on axioms: [propext, Classical.choice, Quot.sound]
⚠ [9463/9484] Replayed Tests.GaussianCompactEntropy
warning: Tests/GaussianCompactEntropy.lean:14:2: try 'simp' instead of 'simpa'

Note: This linter can be disabled with `set_option linter.unnecessarySimpa false`
warning: Tests/GaussianCompactEntropy.lean:39:2: try 'simp' instead of 'simpa'

Note: This linter can be disabled with `set_option linter.unnecessarySimpa false`
info: Tests/GaussianCompactEntropy.lean:41:0: 'AutoSamplingTheory.TechnicalLemmas.FunctionalInequalities.GaussianCompactEntropy.compact_count_gaussian_entropy_limits' depends on axioms: [propext,
 Classical.choice,
 Quot.sound]
info: Tests/GaussianCompactEntropy.lean:42:0: 'Tests.GaussianCompactEntropy.zero_mass_entropy_limit' depends on axioms: [propext, Classical.choice, Quot.sound]
info: Tests/GaussianCompactEntropy.lean:43:0: 'Tests.GaussianCompactEntropy.zero_count_derivative_domain_and_value' depends on axioms: [propext,
 Classical.choice,
 Quot.sound]
⚠ [9464/9484] Replayed Tests.GaussianFlipEnergy
warning: Tests/GaussianFlipEnergy.lean:35:21: Used `tac1 <;> tac2` where `(tac1; tac2)` would suffice

Note: This linter can be disabled with `set_option linter.unnecessarySeqFocus false`
info: Tests/GaussianFlipEnergy.lean:37:0: 'AutoSamplingTheory.TechnicalLemmas.FunctionalInequalities.GaussianFlipEnergy.compact_count_gaussian_flip_energy_limit' depends on axioms: [propext,
 Classical.choice,
 Quot.sound]
info: Tests/GaussianFlipEnergy.lean:38:0: 'Tests.GaussianFlipEnergy.zero_count_flip_domain_and_value' depends on axioms: [propext, Classical.choice, Quot.sound]
info: Tests/GaussianFlipEnergy.lean:39:0: 'Tests.GaussianFlipEnergy.one_count_full_flip_energy' depends on axioms: [propext, Classical.choice, Quot.sound]
ℹ [9465/9484] Replayed Tests.GaussianCompactLogSobolev
info: Tests/GaussianCompactLogSobolev.lean:33:0: 'AutoSamplingTheory.TechnicalLemmas.FunctionalInequalities.GaussianCompactLogSobolev.compact_gaussian_logSobolev' depends on axioms: [propext,
 Classical.choice,
 Quot.sound]
info: Tests/GaussianCompactLogSobolev.lean:34:0: 'Tests.GaussianCompactLogSobolev.zero_observer_entropy_bound' depends on axioms: [propext, Classical.choice, Quot.sound]
info: Tests/GaussianCompactLogSobolev.lean:35:0: 'Tests.GaussianCompactLogSobolev.actual_signed_compact_entropy_bound' depends on axioms: [propext,
 Classical.choice,
 Quot.sound]
ℹ [9466/9484] Replayed Tests.GaussianCompactProductLogSobolev
info: Tests/GaussianCompactProductLogSobolev.lean:103:0: 'AutoSamplingTheory.TechnicalLemmas.FunctionalInequalities.GaussianCompactProductLogSobolev.compact_gaussian_pi_logSobolev' depends on axioms: [propext,
 Classical.choice,
 Quot.sound]
info: Tests/GaussianCompactProductLogSobolev.lean:104:0: 'Tests.GaussianCompactProductLogSobolev.zero_all_dimensions' depends on axioms: [propext, Classical.choice, Quot.sound]
info: Tests/GaussianCompactProductLogSobolev.lean:105:0: 'Tests.GaussianCompactProductLogSobolev.constant_empty_dimension' depends on axioms: [propext,
 Classical.choice,
 Quot.sound]
info: Tests/GaussianCompactProductLogSobolev.lean:106:0: 'Tests.GaussianCompactProductLogSobolev.actual_signed_product_lsi' depends on axioms: [propext,
 Classical.choice,
 Quot.sound]
info: Tests/GaussianCompactProductLogSobolev.lean:107:0: 'Tests.GaussianCompactProductLogSobolev.actual_scalar_lsi' depends on axioms: [propext, Classical.choice, Quot.sound]
ℹ [9467/9484] Replayed Tests.GaussianCompactHilbertLogSobolev
info: Tests/GaussianCompactHilbertLogSobolev.lean:82:0: 'AutoSamplingTheory.TechnicalLemmas.FunctionalInequalities.GaussianCompactHilbertLogSobolev.compact_stdGaussian_logSobolev' depends on axioms: [propext,
 Classical.choice,
 Quot.sound]
info: Tests/GaussianCompactHilbertLogSobolev.lean:83:0: 'Tests.GaussianCompactHilbertLogSobolev.zero_arbitrary_hilbert' depends on axioms: [propext,
 Classical.choice,
 Quot.sound]
info: Tests/GaussianCompactHilbertLogSobolev.lean:84:0: 'Tests.GaussianCompactHilbertLogSobolev.negative_constant_rank_zero' depends on axioms: [propext,
 Classical.choice,
 Quot.sound]
info: Tests/GaussianCompactHilbertLogSobolev.lean:85:0: 'Tests.GaussianCompactHilbertLogSobolev.actual_posterior_compact_lsi' depends on axioms: [propext,
 Classical.choice,
 Quot.sound]
ℹ [9468/9484] Replayed Tests.GaussianLogSobolev
info: Tests/GaussianLogSobolev.lean:75:0: 'AutoSamplingTheory.TechnicalLemmas.FunctionalInequalities.GaussianLogSobolev.gaussian_logSobolev_of_contDiff' depends on axioms: [propext,
 Classical.choice,
 Quot.sound]
info: Tests/GaussianLogSobolev.lean:76:0: 'Tests.GaussianLogSobolev.zero_arbitrary_hilbert' depends on axioms: [propext, Classical.choice, Quot.sound]
info: Tests/GaussianLogSobolev.lean:77:0: 'Tests.GaussianLogSobolev.negative_constant_arbitrary_hilbert' depends on axioms: [propext,
 Classical.choice,
 Quot.sound]
info: Tests/GaussianLogSobolev.lean:78:0: 'Tests.GaussianLogSobolev.actual_posterior_noncompact_lsi' depends on axioms: [propext, Classical.choice, Quot.sound]
ℹ [9469/9484] Replayed Tests.ProductEntropy
info: Tests/ProductEntropy.lean:88:0: 'AutoSamplingTheory.TechnicalLemmas.InformationTheory.ProductEntropy.bounded_product_entropy_subadditivity' depends on axioms: [propext,
 Classical.choice,
 Quot.sound]
info: Tests/ProductEntropy.lean:89:0: 'Tests.ProductEntropy.zero_product_entropy' depends on axioms: [propext, Classical.choice, Quot.sound]
info: Tests/ProductEntropy.lean:90:0: 'Tests.ProductEntropy.actual_compact_product_entropy' depends on axioms: [propext, Classical.choice, Quot.sound]
ℹ [9470/9484] Replayed Tests.GradientAECongruence
info: Tests/GradientAECongruence.lean:5:0: AutoSamplingTheory.TechnicalLemmas.Analysis.GradientAECongruence.not_gradient_ae_congr_for_arbitrary_measure :
  ¬∀ (μ : MeasureTheory.Measure ℝ) (f g : ℝ → ℝ), f =ᵐ[μ] g → ∀ᵐ (x : ℝ) ∂μ, gradient f x = gradient g x
info: Tests/GradientAECongruence.lean:6:0: 'AutoSamplingTheory.TechnicalLemmas.Analysis.GradientAECongruence.not_gradient_ae_congr_for_arbitrary_measure' depends on axioms: [propext,
 Classical.choice,
 Quot.sound]
✔ [9482/9484] Built Tests.Basic (21s)
✔ [9483/9484] Built Tests (14s)
Build completed successfully (9484 jobs).
ATLAS memory check passed: 36469 named declarations, 26 books, index fb43cfe200da
$ lake exe cache get
$ lake build
$ lake build Tests
$ C:\Users\admin\.cache\codex-runtimes\codex-primary-runtime\dependencies\python\python.exe tools/atlas_memory.py check
ASTIS check passed
