Lean / Mathlib formalization	UNKNOWN STEP	﻿2026-10-07T17:17:35.8847984Z Current runner version: '2.337.0'
Lean / Mathlib formalization	UNKNOWN STEP	2026-10-07T17:17:35.8864415Z ##[group]Runner Image Provisioner
Lean / Mathlib formalization	UNKNOWN STEP	2026-10-07T17:17:35.8865018Z Hosted Compute Agent
Lean / Mathlib formalization	UNKNOWN STEP	2026-10-07T17:17:35.8865372Z Version: 20261002.596
Lean / Mathlib formalization	UNKNOWN STEP	2026-10-07T17:17:35.8865792Z Commit: c3d12f3313a95f25162a1503be624f3b0617f8c0
Lean / Mathlib formalization	UNKNOWN STEP	2026-10-07T17:17:35.8866412Z Build Date: 2026-10-02T22:28:27Z
Lean / Mathlib formalization	UNKNOWN STEP	2026-10-07T17:17:35.8866907Z Worker ID: {e941bf98-88fc-4c24-b5b6-f7bf605c7d71}
Lean / Mathlib formalization	UNKNOWN STEP	2026-10-07T17:17:35.8867388Z Region: westus3
Lean / Mathlib formalization	UNKNOWN STEP	2026-10-07T17:17:35.8867723Z Cloud: Azure
Lean / Mathlib formalization	UNKNOWN STEP	2026-10-07T17:17:35.8868035Z ##[endgroup]
Lean / Mathlib formalization	UNKNOWN STEP	2026-10-07T17:17:35.8868919Z ##[group]Operating System
Lean / Mathlib formalization	UNKNOWN STEP	2026-10-07T17:17:35.8869285Z Ubuntu
Lean / Mathlib formalization	UNKNOWN STEP	2026-10-07T17:17:35.8869869Z 24.04.5
Lean / Mathlib formalization	UNKNOWN STEP	2026-10-07T17:17:35.8870193Z LTS
Lean / Mathlib formalization	UNKNOWN STEP	2026-10-07T17:17:35.8870507Z ##[endgroup]
Lean / Mathlib formalization	UNKNOWN STEP	2026-10-07T17:17:35.8870902Z ##[group]Runner Image
Lean / Mathlib formalization	UNKNOWN STEP	2026-10-07T17:17:35.8871259Z Image: ubuntu-24.04
Lean / Mathlib formalization	UNKNOWN STEP	2026-10-07T17:17:35.8871652Z Version: 20261004.327.1
Lean / Mathlib formalization	UNKNOWN STEP	2026-10-07T17:17:35.8872383Z Included Software: https://github.com/actions/runner-images/blob/ubuntu24/20261004.327/images/ubuntu/Ubuntu2404-Readme.md
Lean / Mathlib formalization	UNKNOWN STEP	2026-10-07T17:17:35.8873326Z Image Release: https://github.com/actions/runner-images/releases/tag/ubuntu24%2F20261004.327
Lean / Mathlib formalization	UNKNOWN STEP	2026-10-07T17:17:35.8873886Z ##[endgroup]
Lean / Mathlib formalization	UNKNOWN STEP	2026-10-07T17:17:35.8874587Z ##[group]GITHUB_TOKEN Permissions
Lean / Mathlib formalization	UNKNOWN STEP	2026-10-07T17:17:35.8875787Z Contents: read
Lean / Mathlib formalization	UNKNOWN STEP	2026-10-07T17:17:35.8876219Z Metadata: read
Lean / Mathlib formalization	UNKNOWN STEP	2026-10-07T17:17:35.8876569Z ##[endgroup]
Lean / Mathlib formalization	UNKNOWN STEP	2026-10-07T17:17:35.8877807Z Secret source: Actions
Lean / Mathlib formalization	UNKNOWN STEP	2026-10-07T17:17:35.8878381Z Cache mode: write
Lean / Mathlib formalization	UNKNOWN STEP	2026-10-07T17:17:35.8878850Z Prepare workflow directory
Lean / Mathlib formalization	UNKNOWN STEP	2026-10-07T17:17:35.9079232Z Prepare all required actions
Lean / Mathlib formalization	UNKNOWN STEP	2026-10-07T17:17:35.9109916Z Getting action download info
Lean / Mathlib formalization	UNKNOWN STEP	2026-10-07T17:17:36.3050537Z Download action repository 'actions/checkout@v4' (SHA:11d5960a326750d5838078e36cf38b85af677262)
Lean / Mathlib formalization	UNKNOWN STEP	2026-10-07T17:17:36.4117193Z Download action repository 'actions/setup-python@v5' (SHA:a26af69be951a213d495a4c3e4e4022e16d87065)
Lean / Mathlib formalization	UNKNOWN STEP	2026-10-07T17:17:36.5125636Z Download action repository 'leanprover/lean-action@v1' (SHA:f061402b660e0c34644504b324e830f2991d4865)
Lean / Mathlib formalization	UNKNOWN STEP	2026-10-07T17:17:36.9046564Z Getting action download info
Lean / Mathlib formalization	UNKNOWN STEP	2026-10-07T17:17:37.0368695Z Download action repository 'actions/cache@caa296126883cff596d87d8935842f9db880ef25' (SHA:caa296126883cff596d87d8935842f9db880ef25)
Lean / Mathlib formalization	UNKNOWN STEP	2026-10-07T17:17:37.1955973Z Complete job name: Lean / Mathlib formalization
Lean / Mathlib formalization	UNKNOWN STEP	2026-10-07T17:17:37.2497275Z ##[group]Run actions/checkout@v4
Lean / Mathlib formalization	UNKNOWN STEP	2026-10-07T17:17:37.2497714Z with:
Lean / Mathlib formalization	UNKNOWN STEP	2026-10-07T17:17:37.2497962Z   fetch-depth: 0
Lean / Mathlib formalization	UNKNOWN STEP	2026-10-07T17:17:37.2498331Z   repository: DakeBU/Automization-Sampling-Optimisation-Geometry-Lib
Lean / Mathlib formalization	UNKNOWN STEP	2026-10-07T17:17:37.2500955Z   token: ***
Lean / Mathlib formalization	UNKNOWN STEP	2026-10-07T17:17:37.2501205Z   ssh-strict: true
Lean / Mathlib formalization	UNKNOWN STEP	2026-10-07T17:17:37.2501462Z   ssh-user: git
Lean / Mathlib formalization	UNKNOWN STEP	2026-10-07T17:17:37.2501731Z   persist-credentials: true
Lean / Mathlib formalization	UNKNOWN STEP	2026-10-07T17:17:37.2502016Z   clean: true
Lean / Mathlib formalization	UNKNOWN STEP	2026-10-07T17:17:37.2502281Z   sparse-checkout-cone-mode: true
Lean / Mathlib formalization	UNKNOWN STEP	2026-10-07T17:17:37.2502585Z   fetch-tags: false
Lean / Mathlib formalization	UNKNOWN STEP	2026-10-07T17:17:37.2502847Z   show-progress: true
Lean / Mathlib formalization	UNKNOWN STEP	2026-10-07T17:17:37.2503115Z   lfs: false
Lean / Mathlib formalization	UNKNOWN STEP	2026-10-07T17:17:37.2503367Z   submodules: false
Lean / Mathlib formalization	UNKNOWN STEP	2026-10-07T17:17:37.2503652Z   set-safe-directory: true
Lean / Mathlib formalization	UNKNOWN STEP	2026-10-07T17:17:37.2503949Z   allow-unsafe-pr-checkout: false
Lean / Mathlib formalization	UNKNOWN STEP	2026-10-07T17:17:37.2504602Z ##[endgroup]
Lean / Mathlib formalization	UNKNOWN STEP	2026-10-07T17:17:37.3145313Z Syncing repository: DakeBU/Automization-Sampling-Optimisation-Geometry-Lib
Lean / Mathlib formalization	UNKNOWN STEP	2026-10-07T17:17:37.3147173Z ##[group]Getting Git version info
Lean / Mathlib formalization	UNKNOWN STEP	2026-10-07T17:17:37.3148363Z Working directory is '/home/runner/work/Automization-Sampling-Optimisation-Geometry-Lib/Automization-Sampling-Optimisation-Geometry-Lib'
Lean / Mathlib formalization	UNKNOWN STEP	2026-10-07T17:17:37.3150145Z [command]/usr/bin/git version
Lean / Mathlib formalization	UNKNOWN STEP	2026-10-07T17:17:37.3206171Z git version 2.55.0
Lean / Mathlib formalization	UNKNOWN STEP	2026-10-07T17:17:37.3221228Z ##[endgroup]
Lean / Mathlib formalization	UNKNOWN STEP	2026-10-07T17:17:37.3229487Z Temporarily overriding HOME='/home/runner/work/_temp/ad85f8cb-c376-41a4-a77a-abfc3ac9df4c' before making global git config changes
Lean / Mathlib formalization	UNKNOWN STEP	2026-10-07T17:17:37.3231005Z Adding repository directory to the temporary git global config as a safe directory
Lean / Mathlib formalization	UNKNOWN STEP	2026-10-07T17:17:37.3233777Z [command]/usr/bin/git config --global --add safe.directory /home/runner/work/Automization-Sampling-Optimisation-Geometry-Lib/Automization-Sampling-Optimisation-Geometry-Lib
Lean / Mathlib formalization	UNKNOWN STEP	2026-10-07T17:17:37.3283652Z Deleting the contents of '/home/runner/work/Automization-Sampling-Optimisation-Geometry-Lib/Automization-Sampling-Optimisation-Geometry-Lib'
Lean / Mathlib formalization	UNKNOWN STEP	2026-10-07T17:17:37.3286049Z ##[group]Initializing the repository
Lean / Mathlib formalization	UNKNOWN STEP	2026-10-07T17:17:37.3289428Z [command]/usr/bin/git init /home/runner/work/Automization-Sampling-Optimisation-Geometry-Lib/Automization-Sampling-Optimisation-Geometry-Lib
Lean / Mathlib formalization	UNKNOWN STEP	2026-10-07T17:17:37.6911283Z hint: Using 'master' as the name for the initial branch. This default branch name
Lean / Mathlib formalization	UNKNOWN STEP	2026-10-07T17:17:37.6912639Z hint: will change to "main" in Git 3.0. To configure the initial branch name
Lean / Mathlib formalization	UNKNOWN STEP	2026-10-07T17:17:37.6913827Z hint: to use in all of your new repositories, which will suppress this warning,
Lean / Mathlib formalization	UNKNOWN STEP	2026-10-07T17:17:37.6914797Z hint: call:
Lean / Mathlib formalization	UNKNOWN STEP	2026-10-07T17:17:37.6915444Z hint:
Lean / Mathlib formalization	UNKNOWN STEP	2026-10-07T17:17:37.6916204Z hint: 	git config --global init.defaultBranch <name>
Lean / Mathlib formalization	UNKNOWN STEP	2026-10-07T17:17:37.6917097Z hint:
Lean / Mathlib formalization	UNKNOWN STEP	2026-10-07T17:17:37.6917810Z hint: Names commonly chosen instead of 'master' are 'main', 'trunk' and
Lean / Mathlib formalization	UNKNOWN STEP	2026-10-07T17:17:37.6919019Z hint: 'development'. The just-created branch can be renamed via this command:
Lean / Mathlib formalization	UNKNOWN STEP	2026-10-07T17:17:37.6920132Z hint:
Lean / Mathlib formalization	UNKNOWN STEP	2026-10-07T17:17:37.6920811Z hint: 	git branch -m <name>
Lean / Mathlib formalization	UNKNOWN STEP	2026-10-07T17:17:37.6921595Z hint:
Lean / Mathlib formalization	UNKNOWN STEP	2026-10-07T17:17:37.6922434Z hint: Disable this message with "git config set advice.defaultBranchName false"
Lean / Mathlib formalization	UNKNOWN STEP	2026-10-07T17:17:37.6924957Z Initialized empty Git repository in /home/runner/work/Automization-Sampling-Optimisation-Geometry-Lib/Automization-Sampling-Optimisation-Geometry-Lib/.git/
Lean / Mathlib formalization	UNKNOWN STEP	2026-10-07T17:17:37.6929207Z [command]/usr/bin/git remote add origin https://github.com/DakeBU/Automization-Sampling-Optimisation-Geometry-Lib
Lean / Mathlib formalization	UNKNOWN STEP	2026-10-07T17:17:37.6969798Z ##[endgroup]
Lean / Mathlib formalization	UNKNOWN STEP	2026-10-07T17:17:37.6971085Z ##[group]Disabling automatic garbage collection
Lean / Mathlib formalization	UNKNOWN STEP	2026-10-07T17:17:37.6972270Z [command]/usr/bin/git config --local gc.auto 0
Lean / Mathlib formalization	UNKNOWN STEP	2026-10-07T17:17:37.6997909Z ##[endgroup]
Lean / Mathlib formalization	UNKNOWN STEP	2026-10-07T17:17:37.6999149Z ##[group]Setting up auth
Lean / Mathlib formalization	UNKNOWN STEP	2026-10-07T17:17:37.7001544Z [command]/usr/bin/git config --local --name-only --get-regexp core\.sshCommand
Lean / Mathlib formalization	UNKNOWN STEP	2026-10-07T17:17:37.7028072Z [command]/usr/bin/git submodule foreach --recursive sh -c "git config --local --name-only --get-regexp 'core\.sshCommand' && git config --local --unset-all 'core.sshCommand' || :"
Lean / Mathlib formalization	UNKNOWN STEP	2026-10-07T17:17:37.7311016Z [command]/usr/bin/git config --local --name-only --get-regexp http\.https\:\/\/github\.com\/\.extraheader
Lean / Mathlib formalization	UNKNOWN STEP	2026-10-07T17:17:37.7338294Z [command]/usr/bin/git submodule foreach --recursive sh -c "git config --local --name-only --get-regexp 'http\.https\:\/\/github\.com\/\.extraheader' && git config --local --unset-all 'http.https://github.com/.extraheader' || :"
Lean / Mathlib formalization	UNKNOWN STEP	2026-10-07T17:17:37.7499496Z [command]/usr/bin/git config --local --name-only --get-regexp ^includeIf\.gitdir:
Lean / Mathlib formalization	UNKNOWN STEP	2026-10-07T17:17:37.7524958Z [command]/usr/bin/git submodule foreach --recursive git config --local --show-origin --name-only --get-regexp remote.origin.url
Lean / Mathlib formalization	UNKNOWN STEP	2026-10-07T17:17:37.7687907Z [command]/usr/bin/git config --local http.https://github.com/.extraheader AUTHORIZATION: basic ***
Lean / Mathlib formalization	UNKNOWN STEP	2026-10-07T17:17:37.7718075Z ##[endgroup]
Lean / Mathlib formalization	UNKNOWN STEP	2026-10-07T17:17:37.7719487Z ##[group]Fetching the repository
Lean / Mathlib formalization	UNKNOWN STEP	2026-10-07T17:17:37.7725198Z [command]/usr/bin/git -c protocol.version=2 fetch --prune --no-recurse-submodules origin +refs/heads/*:refs/remotes/origin/* +refs/tags/*:refs/tags/* +9ea9ca0bf684e34abbc7e5b1626f324a1f3d12fa:refs/remotes/pull/315/merge
Lean / Mathlib formalization	UNKNOWN STEP	2026-10-07T17:17:43.5493779Z From https://github.com/DakeBU/Automization-Sampling-Optimisation-Geometry-Lib
Lean / Mathlib formalization	UNKNOWN STEP	2026-10-07T17:17:43.5494566Z  * [new branch]        automation/samplewiki-sync               -> origin/automation/samplewiki-sync
Lean / Mathlib formalization	UNKNOWN STEP	2026-10-07T17:17:43.5495200Z  * [new branch]        chapter-1-1-final-closure                -> origin/chapter-1-1-final-closure
Lean / Mathlib formalization	UNKNOWN STEP	2026-10-07T17:17:43.5495872Z  * [new branch]        chapter-1-markov-semigroup-foundations   -> origin/chapter-1-markov-semigroup-foundations
Lean / Mathlib formalization	UNKNOWN STEP	2026-10-07T17:17:43.5496533Z  * [new branch]        chapter-1-qv-grid-l2                     -> origin/chapter-1-qv-grid-l2
Lean / Mathlib formalization	UNKNOWN STEP	2026-10-07T17:17:43.5497398Z  * [new branch]        chapter-1-qv-l2-cell                     -> origin/chapter-1-qv-l2-cell
Lean / Mathlib formalization	UNKNOWN STEP	2026-10-07T17:17:43.5498051Z  * [new branch]        codex/acceleration-geometry-shared-spine -> origin/codex/acceleration-geometry-shared-spine
Lean / Mathlib formalization	UNKNOWN STEP	2026-10-07T17:17:43.5498704Z  * [new branch]        codex/hudson-ot-p2-final                 -> origin/codex/hudson-ot-p2-final
Lean / Mathlib formalization	UNKNOWN STEP	2026-10-07T17:17:43.5499290Z  * [new branch]        codex/sphmc-standardized-rgo             -> origin/codex/sphmc-standardized-rgo
Lean / Mathlib formalization	UNKNOWN STEP	2026-10-07T17:17:43.5500075Z  * [new branch]        continuous-cost-weak-lsc-main            -> origin/continuous-cost-weak-lsc-main
Lean / Mathlib formalization	UNKNOWN STEP	2026-10-07T17:17:43.5500743Z  * [new branch]        continuous-cost-weak-lsc-v2              -> origin/continuous-cost-weak-lsc-v2
Lean / Mathlib formalization	UNKNOWN STEP	2026-10-07T17:17:43.5501411Z  * [new branch]        continuous-nnreal-cost-weak-lsc          -> origin/continuous-nnreal-cost-weak-lsc
Lean / Mathlib formalization	UNKNOWN STEP	2026-10-07T17:17:43.5502161Z  * [new branch]        fixed-marginal-coupling-compactness      -> origin/fixed-marginal-coupling-compactness
Lean / Mathlib formalization	UNKNOWN STEP	2026-10-07T17:17:43.5502828Z  * [new branch]        gh-pages                                 -> origin/gh-pages
Lean / Mathlib formalization	UNKNOWN STEP	2026-10-07T17:17:43.5503372Z  * [new branch]        main                                     -> origin/main
Lean / Mathlib formalization	UNKNOWN STEP	2026-10-07T17:17:43.5504118Z  * [new branch]        proposal/curvature-higher-order-optimisation-route -> origin/proposal/curvature-higher-order-optimisation-route
Lean / Mathlib formalization	UNKNOWN STEP	2026-10-07T17:17:43.5504982Z  * [new branch]        quadratic-optimal-coupling-existence     -> origin/quadratic-optimal-coupling-existence
Lean / Mathlib formalization	UNKNOWN STEP	2026-10-07T17:17:43.5505734Z  * [new branch]        quadratic-optimal-coupling-existence-v2  -> origin/quadratic-optimal-coupling-existence-v2
Lean / Mathlib formalization	UNKNOWN STEP	2026-10-07T17:17:43.5506440Z  * [new branch]        quadratic-optimal-map-uniqueness         -> origin/quadratic-optimal-map-uniqueness
Lean / Mathlib formalization	UNKNOWN STEP	2026-10-07T17:17:43.5507128Z  * [new branch]        quadratic-optimal-midpoint-v2            -> origin/quadratic-optimal-midpoint-v2
Lean / Mathlib formalization	UNKNOWN STEP	2026-10-07T17:17:43.5507977Z  * [new branch]        release/quadratic-optimal-coupling-existence -> origin/release/quadratic-optimal-coupling-existence
Lean / Mathlib formalization	UNKNOWN STEP	2026-10-07T17:17:43.5508977Z  * [new branch]        review/mathai-2026-anonymous             -> origin/review/mathai-2026-anonymous
Lean / Mathlib formalization	UNKNOWN STEP	2026-10-07T17:17:43.5509682Z  * [new branch]        review/mathai-2026-frozen                -> origin/review/mathai-2026-frozen
Lean / Mathlib formalization	UNKNOWN STEP	2026-10-07T17:17:43.5510308Z  * [new branch]        samplewiki-carre-product-rule-20260830   -> origin/samplewiki-carre-product-rule-20260830
Lean / Mathlib formalization	UNKNOWN STEP	2026-10-07T17:17:43.5511040Z  * [new branch]        samplewiki-chewi-8-3-1-target-20260831   -> origin/samplewiki-chewi-8-3-1-target-20260831
Lean / Mathlib formalization	UNKNOWN STEP	2026-10-07T17:17:43.5511820Z  * [new branch]        samplewiki-common-reference-rn-quotient-20260831 -> origin/samplewiki-common-reference-rn-quotient-20260831
Lean / Mathlib formalization	UNKNOWN STEP	2026-10-07T17:17:43.5512712Z  * [new branch]        samplewiki-common-reference-rn-real-density-20260831 -> origin/samplewiki-common-reference-rn-real-density-20260831
Lean / Mathlib formalization	UNKNOWN STEP	2026-10-07T17:17:43.5513666Z  * [new branch]        samplewiki-diffusion-chain-equivalence-ex2-8-20260831 -> origin/samplewiki-diffusion-chain-equivalence-ex2-8-20260831
Lean / Mathlib formalization	UNKNOWN STEP	2026-10-07T17:17:43.5514502Z  * [new branch]        samplewiki-diffusion-chain-rule-20260830 -> origin/samplewiki-diffusion-chain-rule-20260830
Lean / Mathlib formalization	UNKNOWN STEP	2026-10-07T17:17:43.5515414Z  * [new branch]        samplewiki-displacement-logdet-spectral-20260830 -> origin/samplewiki-displacement-logdet-spectral-20260830
Lean / Mathlib formalization	UNKNOWN STEP	2026-10-07T17:17:43.5516539Z  * [new branch]        samplewiki-fdivergence-common-reference-20260831 -> origin/samplewiki-fdivergence-common-reference-20260831
Lean / Mathlib formalization	UNKNOWN STEP	2026-10-07T17:17:43.5517058Z  * [new branch]        samplewiki-fdivergence-definition-20260831 -> origin/samplewiki-fdivergence-definition-20260831
Lean / Mathlib formalization	UNKNOWN STEP	2026-10-07T17:17:43.5517539Z  * [new branch]        samplewiki-fdivergence-finite-ac-20260831 -> origin/samplewiki-fdivergence-finite-ac-20260831
Lean / Mathlib formalization	UNKNOWN STEP	2026-10-07T17:17:43.5518069Z  * [new branch]        samplewiki-generator-diffusion-chain-rule-20260830 -> origin/samplewiki-generator-diffusion-chain-rule-20260830
Lean / Mathlib formalization	UNKNOWN STEP	2026-10-07T17:17:43.5518780Z  * [new branch]        samplewiki-shared-geodesic-convexity-add-20260830 -> origin/samplewiki-shared-geodesic-convexity-add-20260830
Lean / Mathlib formalization	UNKNOWN STEP	2026-10-07T17:17:43.5519395Z  * [new branch]        samplewiki-simultaneous-fdiv-abstract-cancellation-20260830 -> origin/samplewiki-simultaneous-fdiv-abstract-cancellation-20260830
Lean / Mathlib formalization	UNKNOWN STEP	2026-10-07T17:17:43.5520258Z  * [new branch]        samplewiki-simultaneous-fdiv-abstract-dissipation-derivative-20260831 -> origin/samplewiki-simultaneous-fdiv-abstract-dissipation-derivative-20260831
Lean / Mathlib formalization	UNKNOWN STEP	2026-10-07T17:17:43.5520991Z  * [new branch]        samplewiki-simultaneous-fdiv-abstract-integral-join-20260831 -> origin/samplewiki-simultaneous-fdiv-abstract-integral-join-20260831
Lean / Mathlib formalization	UNKNOWN STEP	2026-10-07T17:17:43.5521643Z  * [new branch]        samplewiki-simultaneous-fdiv-dissipation-port-20260830 -> origin/samplewiki-simultaneous-fdiv-dissipation-port-20260830
Lean / Mathlib formalization	UNKNOWN STEP	2026-10-07T17:17:43.5522275Z  * [new branch]        samplewiki-simultaneous-fdiv-finite-ac-wrapper-20260831 -> origin/samplewiki-simultaneous-fdiv-finite-ac-wrapper-20260831
Lean / Mathlib formalization	UNKNOWN STEP	2026-10-07T17:17:43.5522914Z  * [new branch]        samplewiki-simultaneous-fdiv-gradient-identities-20260830 -> origin/samplewiki-simultaneous-fdiv-gradient-identities-20260830
Lean / Mathlib formalization	UNKNOWN STEP	2026-10-07T17:17:43.5523619Z  * [new branch]        samplewiki-simultaneous-fdiv-weak-adjoint-rewrite-20260830 -> origin/samplewiki-simultaneous-fdiv-weak-adjoint-rewrite-20260830
Lean / Mathlib formalization	UNKNOWN STEP	2026-10-07T17:17:43.5524548Z  * [new branch]        samplewiki-weak-adjoint-density-contract-20260831 -> origin/samplewiki-weak-adjoint-density-contract-20260831
Lean / Mathlib formalization	UNKNOWN STEP	2026-10-07T17:17:43.5525332Z  * [new branch]        shared/conditional-resampling-law        -> origin/shared/conditional-resampling-law
Lean / Mathlib formalization	UNKNOWN STEP	2026-10-07T17:17:43.5525755Z  * [new branch]        shared/kernel-invariant-powers           -> origin/shared/kernel-invariant-powers
Lean / Mathlib formalization	UNKNOWN STEP	2026-10-07T17:17:43.5526247Z  * [new branch]        simultaneous-f-divergence-spatial-gradients -> origin/simultaneous-f-divergence-spatial-gradients
Lean / Mathlib formalization	UNKNOWN STEP	2026-10-07T17:17:43.5526797Z  * [new branch]        simultaneous-f-divergence-weak-fp-dissipation -> origin/simultaneous-f-divergence-weak-fp-dissipation
Lean / Mathlib formalization	UNKNOWN STEP	2026-10-07T17:17:43.5527396Z  * [new branch]        whole-space-cutoff-cross-term            -> origin/whole-space-cutoff-cross-term
Lean / Mathlib formalization	UNKNOWN STEP	2026-10-07T17:17:43.5527934Z  * [new tag]           archive/main-consolidation-20261007/andi/opt-gradient-converse -> archive/main-consolidation-20261007/andi/opt-gradient-converse
Lean / Mathlib formalization	UNKNOWN STEP	2026-10-07T17:17:43.5528574Z  * [new tag]           archive/main-consolidation-20261007/brenier-common-mass-cross-cost -> archive/main-consolidation-20261007/brenier-common-mass-cross-cost
Lean / Mathlib formalization	UNKNOWN STEP	2026-10-07T17:17:43.5529202Z  * [new tag]           archive/main-consolidation-20261007/brenier-common-mass-slice -> archive/main-consolidation-20261007/brenier-common-mass-slice
Lean / Mathlib formalization	UNKNOWN STEP	2026-10-07T17:17:43.5529965Z  * [new tag]           archive/main-consolidation-20261007/brenier-common-mass-slice-core -> archive/main-consolidation-20261007/brenier-common-mass-slice-core
Lean / Mathlib formalization	UNKNOWN STEP	2026-10-07T17:17:43.5530651Z  * [new tag]           archive/main-consolidation-20261007/brenier-common-removable-parts -> archive/main-consolidation-20261007/brenier-common-removable-parts
Lean / Mathlib formalization	UNKNOWN STEP	2026-10-07T17:17:43.5531307Z  * [new tag]           archive/main-consolidation-20261007/brenier-permuted-marginal-core -> archive/main-consolidation-20261007/brenier-permuted-marginal-core
Lean / Mathlib formalization	UNKNOWN STEP	2026-10-07T17:17:43.5531998Z  * [new tag]           archive/main-consolidation-20261007/brenier-permuted-marginal-replacement -> archive/main-consolidation-20261007/brenier-permuted-marginal-replacement
Lean / Mathlib formalization	UNKNOWN STEP	2026-10-07T17:17:43.5532697Z  * [new tag]           archive/main-consolidation-20261007/brenier-rockafellar-finite-chain -> archive/main-consolidation-20261007/brenier-rockafellar-finite-chain
Lean / Mathlib formalization	UNKNOWN STEP	2026-10-07T17:17:43.5533369Z  * [new tag]           archive/main-consolidation-20261007/brenier-rockafellar-root-proper -> archive/main-consolidation-20261007/brenier-rockafellar-root-proper
Lean / Mathlib formalization	UNKNOWN STEP	2026-10-07T17:17:43.5534212Z  * [new tag]           archive/main-consolidation-20261007/chapter-1-2-stationarity-equivalence -> archive/main-consolidation-20261007/chapter-1-2-stationarity-equivalence
Lean / Mathlib formalization	UNKNOWN STEP	2026-10-07T17:17:43.5534873Z  * [new tag]           archive/main-consolidation-20261007/chapter-1-qv-mesh-algebra -> archive/main-consolidation-20261007/chapter-1-qv-mesh-algebra
Lean / Mathlib formalization	UNKNOWN STEP	2026-10-07T17:17:43.5535471Z  * [new tag]           archive/main-consolidation-20261007/codex/hudson-ot-p2-clean -> archive/main-consolidation-20261007/codex/hudson-ot-p2-clean
Lean / Mathlib formalization	UNKNOWN STEP	2026-10-07T17:17:43.5536051Z  * [new tag]           archive/main-consolidation-20261007/codex/opt-cocoercivity -> archive/main-consolidation-20261007/codex/opt-cocoercivity
Lean / Mathlib formalization	UNKNOWN STEP	2026-10-07T17:17:43.5536617Z  * [new tag]           archive/main-consolidation-20261007/codex/opt-convexity-c1 -> archive/main-consolidation-20261007/codex/opt-convexity-c1
Lean / Mathlib formalization	UNKNOWN STEP	2026-10-07T17:17:43.5537182Z  * [new tag]           archive/main-consolidation-20261007/codex/opt-convexity-c2 -> archive/main-consolidation-20261007/codex/opt-convexity-c2
Lean / Mathlib formalization	UNKNOWN STEP	2026-10-07T17:17:43.5537837Z  * [new tag]           archive/main-consolidation-20261007/codex/opt-gradient-descent-contraction -> archive/main-consolidation-20261007/codex/opt-gradient-descent-contraction
Lean / Mathlib formalization	UNKNOWN STEP	2026-10-07T17:17:43.5538532Z  * [new tag]           archive/main-consolidation-20261007/codex/opt-smoothness-equivalences -> archive/main-consolidation-20261007/codex/opt-smoothness-equivalences
Lean / Mathlib formalization	UNKNOWN STEP	2026-10-07T17:17:43.5539224Z  * [new tag]           archive/main-consolidation-20261007/codex/sphmc-proximal-execution-20260918 -> archive/main-consolidation-20261007/codex/sphmc-proximal-execution-20260918
Lean / Mathlib formalization	UNKNOWN STEP	2026-10-07T17:17:43.5539975Z  * [new tag]           archive/main-consolidation-20261007/convex-ae-differentiable -> archive/main-consolidation-20261007/convex-ae-differentiable
Lean / Mathlib formalization	UNKNOWN STEP	2026-10-07T17:17:43.5540607Z  * [new tag]           archive/main-consolidation-20261007/convex-subgradient-uniqueness -> archive/main-consolidation-20261007/convex-subgradient-uniqueness
Lean / Mathlib formalization	UNKNOWN STEP	2026-10-07T17:17:43.5541297Z  * [new tag]           archive/main-consolidation-20261007/displacement-entropy-pushforward-algebra -> archive/main-consolidation-20261007/displacement-entropy-pushforward-algebra
Lean / Mathlib formalization	UNKNOWN STEP	2026-10-07T17:17:43.5542238Z  * [new tag]           archive/main-consolidation-20261007/displacement-potential-marginal-bookkeeping -> archive/main-consolidation-20261007/displacement-potential-marginal-bookkeeping
Lean / Mathlib formalization	UNKNOWN STEP	2026-10-07T17:17:43.5542979Z  * [new tag]           archive/main-consolidation-20261007/feat/discrete-sampling-library-20260907 -> archive/main-consolidation-20261007/feat/discrete-sampling-library-20260907
Lean / Mathlib formalization	UNKNOWN STEP	2026-10-07T17:17:43.5543657Z  * [new tag]           archive/main-consolidation-20261007/feat/semantic-roundtrip-denoiser -> archive/main-consolidation-20261007/feat/semantic-roundtrip-denoiser
Lean / Mathlib formalization	UNKNOWN STEP	2026-10-07T17:17:43.5544277Z  * [new tag]           archive/main-consolidation-20261007/feller-generator-constants -> archive/main-consolidation-20261007/feller-generator-constants
Lean / Mathlib formalization	UNKNOWN STEP	2026-10-07T17:17:43.5544931Z  * [new tag]           archive/main-consolidation-20261007/gaussian-heat-smoothing-normalization -> archive/main-consolidation-20261007/gaussian-heat-smoothing-normalization
Lean / Mathlib formalization	UNKNOWN STEP	2026-10-07T17:17:43.5545693Z  * [new tag]           archive/main-consolidation-20261007/gaussian-smoothing-contraction -> archive/main-consolidation-20261007/gaussian-smoothing-contraction
Lean / Mathlib formalization	UNKNOWN STEP	2026-10-07T17:17:43.5546386Z  * [new tag]           archive/main-consolidation-20261007/gradient-product-chain-rules -> archive/main-consolidation-20261007/gradient-product-chain-rules
Lean / Mathlib formalization	UNKNOWN STEP	2026-10-07T17:17:43.5547028Z  * [new tag]           archive/main-consolidation-20261007/gradient-product-chain-rules-main -> archive/main-consolidation-20261007/gradient-product-chain-rules-main
Lean / Mathlib formalization	UNKNOWN STEP	2026-10-07T17:17:43.5547671Z  * [new tag]           archive/main-consolidation-20261007/kl-geodesic-potential-energy -> archive/main-consolidation-20261007/kl-geodesic-potential-energy
Lean / Mathlib formalization	UNKNOWN STEP	2026-10-07T17:17:43.5548509Z  * [new tag]           archive/main-consolidation-20261007/l2-expectation-bridge -> archive/main-consolidation-20261007/l2-expectation-bridge
Lean / Mathlib formalization	UNKNOWN STEP	2026-10-07T17:17:43.5549458Z  * [new tag]           archive/main-consolidation-20261007/noop -> archive/main-consolidation-20261007/noop
Lean / Mathlib formalization	UNKNOWN STEP	2026-10-07T17:17:43.5550254Z  * [new tag]           archive/main-consolidation-20261007/noop2 -> archive/main-consolidation-20261007/noop2
Lean / Mathlib formalization	UNKNOWN STEP	2026-10-07T17:17:43.5551397Z  * [new tag]           archive/main-consolidation-20261007/samplewiki-simultaneous-fdiv-generator-cancellation-20260830 -> archive/main-consolidation-20261007/samplewiki-simultaneous-fdiv-generator-cancellation-20260830
Lean / Mathlib formalization	UNKNOWN STEP	2026-10-07T17:17:43.5552958Z  * [new tag]           archive/main-consolidation-20261007/simultaneous-f-divergence-dominated-integral -> archive/main-consolidation-20261007/simultaneous-f-divergence-dominated-integral
Lean / Mathlib formalization	UNKNOWN STEP	2026-10-07T17:17:43.5554268Z  * [new tag]           archive/main-consolidation-20261007/simultaneous-f-divergence-gradient-cancellation -> archive/main-consolidation-20261007/simultaneous-f-divergence-gradient-cancellation
Lean / Mathlib formalization	UNKNOWN STEP	2026-10-07T17:17:43.5555355Z  * [new tag]           archive/main-consolidation-20261007/tmp-sync-227-20260831 -> archive/main-consolidation-20261007/tmp-sync-227-20260831
Lean / Mathlib formalization	UNKNOWN STEP	2026-10-07T17:17:43.5556257Z  * [new tag]           archive/main-consolidation-20261007/transport-gluing-root -> archive/main-consolidation-20261007/transport-gluing-root
Lean / Mathlib formalization	UNKNOWN STEP	2026-10-07T17:17:43.5557217Z  * [new tag]           archive/main-consolidation-20261007/transport-near-optimal-coupling -> archive/main-consolidation-20261007/transport-near-optimal-coupling
Lean / Mathlib formalization	UNKNOWN STEP	2026-10-07T17:17:43.5558323Z  * [new tag]           archive/main-consolidation-20261007/wasserstein-common-noise-contraction -> archive/main-consolidation-20261007/wasserstein-common-noise-contraction
Lean / Mathlib formalization	UNKNOWN STEP	2026-10-07T17:17:43.5559671Z  * [new tag]           archive/main-consolidation-20261007/wasserstein-displacement-constant-speed-ordered -> archive/main-consolidation-20261007/wasserstein-displacement-constant-speed-ordered
Lean / Mathlib formalization	UNKNOWN STEP	2026-10-07T17:17:43.5560848Z  * [new tag]           archive/main-consolidation-20261007/wasserstein-displacement-geodesic-full -> archive/main-consolidation-20261007/wasserstein-displacement-geodesic-full
Lean / Mathlib formalization	UNKNOWN STEP	2026-10-07T17:17:43.5562225Z  * [new tag]           archive/main-consolidation-20261007/wasserstein-interpolation-cost-scaling -> archive/main-consolidation-20261007/wasserstein-interpolation-cost-scaling
Lean / Mathlib formalization	UNKNOWN STEP	2026-10-07T17:17:43.5563367Z  * [new tag]           archive/main-consolidation-20261007/wasserstein-interpolation-coupling -> archive/main-consolidation-20261007/wasserstein-interpolation-coupling
Lean / Mathlib formalization	UNKNOWN STEP	2026-10-07T17:17:43.5564469Z  * [new tag]           archive/main-consolidation-20261007/wasserstein-near-optimal-l2-coupling -> archive/main-consolidation-20261007/wasserstein-near-optimal-l2-coupling
Lean / Mathlib formalization	UNKNOWN STEP	2026-10-07T17:17:43.5565446Z  * [new tag]           archive/main-consolidation-20261007/wasserstein-symmetry -> archive/main-consolidation-20261007/wasserstein-symmetry
Lean / Mathlib formalization	UNKNOWN STEP	2026-10-07T17:17:43.5566361Z  * [new tag]           archive/main-consolidation-20261007/wasserstein-triangle-l2-core -> archive/main-consolidation-20261007/wasserstein-triangle-l2-core
Lean / Mathlib formalization	UNKNOWN STEP	2026-10-07T17:17:43.5567398Z  * [new tag]           archive/main-consolidation-20261007/wasserstein-triangle-marginal-cost -> archive/main-consolidation-20261007/wasserstein-triangle-marginal-cost
Lean / Mathlib formalization	UNKNOWN STEP	2026-10-07T17:17:43.5568601Z  * [new tag]           archive/website-20260909/codex/samplewiki-shared-stabilization -> archive/website-20260909/codex/samplewiki-shared-stabilization
Lean / Mathlib formalization	UNKNOWN STEP	2026-10-07T17:17:43.5569183Z  * [new tag]           archive/website-20260909/harness-frontier-cells-vnext1 -> archive/website-20260909/harness-frontier-cells-vnext1
Lean / Mathlib formalization	UNKNOWN STEP	2026-10-07T17:17:43.5569859Z  * [new tag]           archive/website-20260909/harness-vnext1-public-copy-fix -> archive/website-20260909/harness-vnext1-public-copy-fix
Lean / Mathlib formalization	UNKNOWN STEP	2026-10-07T17:17:43.5570417Z  * [new tag]           archive/website-20260909/library-shelves-beck-boumal-20260829 -> archive/website-20260909/library-shelves-beck-boumal-20260829
Lean / Mathlib formalization	UNKNOWN STEP	2026-10-07T17:17:43.5571064Z  * [new tag]           archive/website-20260909/live-pages-verification -> archive/website-20260909/live-pages-verification
Lean / Mathlib formalization	UNKNOWN STEP	2026-10-07T17:17:43.5571609Z  * [new tag]           archive/website-20260909/progress-routes-theme-harness-20260830 -> archive/website-20260909/progress-routes-theme-harness-20260830
Lean / Mathlib formalization	UNKNOWN STEP	2026-10-07T17:17:43.5572066Z  * [new ref]           9ea9ca0bf684e34abbc7e5b1626f324a1f3d12fa -> pull/315/merge
Lean / Mathlib formalization	UNKNOWN STEP	2026-10-07T17:17:43.5573105Z ##[endgroup]
Lean / Mathlib formalization	UNKNOWN STEP	2026-10-07T17:17:43.5573402Z ##[group]Determining the checkout info
Lean / Mathlib formalization	UNKNOWN STEP	2026-10-07T17:17:43.5573681Z ##[endgroup]
Lean / Mathlib formalization	UNKNOWN STEP	2026-10-07T17:17:43.5573853Z [command]/usr/bin/git sparse-checkout disable
Lean / Mathlib formalization	UNKNOWN STEP	2026-10-07T17:17:43.5574343Z [command]/usr/bin/git config --local --unset-all extensions.worktreeConfig
Lean / Mathlib formalization	UNKNOWN STEP	2026-10-07T17:17:43.5590653Z ##[group]Checking out the ref
Lean / Mathlib formalization	UNKNOWN STEP	2026-10-07T17:17:43.5590968Z [command]/usr/bin/git checkout --progress --force refs/remotes/pull/315/merge
Lean / Mathlib formalization	UNKNOWN STEP	2026-10-07T17:17:44.6004892Z Updating files:  37% (11165/29931)
Lean / Mathlib formalization	UNKNOWN STEP	2026-10-07T17:17:44.6463056Z Updating files:  38% (11374/29931)
Lean / Mathlib formalization	UNKNOWN STEP	2026-10-07T17:17:44.6681185Z Updating files:  39% (11674/29931)
Lean / Mathlib formalization	UNKNOWN STEP	2026-10-07T17:17:44.6986755Z Updating files:  40% (11973/29931)
Lean / Mathlib formalization	UNKNOWN STEP	2026-10-07T17:17:44.7233425Z Updating files:  41% (12272/29931)
Lean / Mathlib formalization	UNKNOWN STEP	2026-10-07T17:17:44.7515127Z Updating files:  42% (12572/29931)
Lean / Mathlib formalization	UNKNOWN STEP	2026-10-07T17:17:44.8013313Z Updating files:  43% (12871/29931)
Lean / Mathlib formalization	UNKNOWN STEP	2026-10-07T17:17:44.8294007Z Updating files:  44% (13170/29931)
Lean / Mathlib formalization	UNKNOWN STEP	2026-10-07T17:17:44.8588698Z Updating files:  45% (13469/29931)
Lean / Mathlib formalization	UNKNOWN STEP	2026-10-07T17:17:44.8817358Z Updating files:  46% (13769/29931)
Lean / Mathlib formalization	UNKNOWN STEP	2026-10-07T17:17:44.9085963Z Updating files:  47% (14068/29931)
Lean / Mathlib formalization	UNKNOWN STEP	2026-10-07T17:17:44.9360360Z Updating files:  48% (14367/29931)
Lean / Mathlib formalization	UNKNOWN STEP	2026-10-07T17:17:44.9562988Z Updating files:  49% (14667/29931)
Lean / Mathlib formalization	UNKNOWN STEP	2026-10-07T17:17:44.9700625Z Updating files:  50% (14966/29931)
Lean / Mathlib formalization	UNKNOWN STEP	2026-10-07T17:17:44.9962582Z Updating files:  51% (15265/29931)
Lean / Mathlib formalization	UNKNOWN STEP	2026-10-07T17:17:45.0043168Z Updating files:  52% (15565/29931)
Lean / Mathlib formalization	UNKNOWN STEP	2026-10-07T17:17:45.0299150Z Updating files:  53% (15864/29931)
Lean / Mathlib formalization	UNKNOWN STEP	2026-10-07T17:17:45.0511070Z Updating files:  54% (16163/29931)
Lean / Mathlib formalization	UNKNOWN STEP	2026-10-07T17:17:45.0701240Z Updating files:  55% (16463/29931)
Lean / Mathlib formalization	UNKNOWN STEP	2026-10-07T17:17:45.1028489Z Updating files:  56% (16762/29931)
Lean / Mathlib formalization	UNKNOWN STEP	2026-10-07T17:17:45.1148927Z Updating files:  57% (17061/29931)
Lean / Mathlib formalization	UNKNOWN STEP	2026-10-07T17:17:45.1383683Z Updating files:  58% (17360/29931)
Lean / Mathlib formalization	UNKNOWN STEP	2026-10-07T17:17:45.1682369Z Updating files:  59% (17660/29931)
Lean / Mathlib formalization	UNKNOWN STEP	2026-10-07T17:17:45.1855563Z Updating files:  60% (17959/29931)
Lean / Mathlib formalization	UNKNOWN STEP	2026-10-07T17:17:45.2474314Z Updating files:  61% (18258/29931)
Lean / Mathlib formalization	UNKNOWN STEP	2026-10-07T17:17:45.2744224Z Updating files:  62% (18558/29931)
Lean / Mathlib formalization	UNKNOWN STEP	2026-10-07T17:17:45.3228394Z Updating files:  63% (18857/29931)
Lean / Mathlib formalization	UNKNOWN STEP	2026-10-07T17:17:45.3636055Z Updating files:  64% (19156/29931)
Lean / Mathlib formalization	UNKNOWN STEP	2026-10-07T17:17:45.4157920Z Updating files:  65% (19456/29931)
Lean / Mathlib formalization	UNKNOWN STEP	2026-10-07T17:17:45.4355140Z Updating files:  66% (19755/29931)
Lean / Mathlib formalization	UNKNOWN STEP	2026-10-07T17:17:45.4675550Z Updating files:  67% (20054/29931)
Lean / Mathlib formalization	UNKNOWN STEP	2026-10-07T17:17:45.4842877Z Updating files:  68% (20354/29931)
Lean / Mathlib formalization	UNKNOWN STEP	2026-10-07T17:17:45.5319191Z Updating files:  69% (20653/29931)
Lean / Mathlib formalization	UNKNOWN STEP	2026-10-07T17:17:45.5528552Z Updating files:  70% (20952/29931)
Lean / Mathlib formalization	UNKNOWN STEP	2026-10-07T17:17:45.5650908Z Updating files:  71% (21252/29931)
Lean / Mathlib formalization	UNKNOWN STEP	2026-10-07T17:17:45.5788010Z Updating files:  72% (21551/29931)
Lean / Mathlib formalization	UNKNOWN STEP	2026-10-07T17:17:45.6172498Z Updating files:  72% (21672/29931)
Lean / Mathlib formalization	UNKNOWN STEP	2026-10-07T17:17:45.6416690Z Updating files:  73% (21850/29931)
Lean / Mathlib formalization	UNKNOWN STEP	2026-10-07T17:17:45.6941725Z Updating files:  74% (22149/29931)
Lean / Mathlib formalization	UNKNOWN STEP	2026-10-07T17:17:45.7195871Z Updating files:  75% (22449/29931)
Lean / Mathlib formalization	UNKNOWN STEP	2026-10-07T17:17:45.7519320Z Updating files:  76% (22748/29931)
Lean / Mathlib formalization	UNKNOWN STEP	2026-10-07T17:17:45.7750450Z Updating files:  77% (23047/29931)
Lean / Mathlib formalization	UNKNOWN STEP	2026-10-07T17:17:45.8050573Z Updating files:  78% (23347/29931)
Lean / Mathlib formalization	UNKNOWN STEP	2026-10-07T17:17:45.8424173Z Updating files:  79% (23646/29931)
Lean / Mathlib formalization	UNKNOWN STEP	2026-10-07T17:17:45.8738847Z Updating files:  80% (23945/29931)
Lean / Mathlib formalization	UNKNOWN STEP	2026-10-07T17:17:45.9065983Z Updating files:  81% (24245/29931)
Lean / Mathlib formalization	UNKNOWN STEP	2026-10-07T17:17:45.9416696Z Updating files:  82% (24544/29931)
Lean / Mathlib formalization	UNKNOWN STEP	2026-10-07T17:17:45.9597842Z Updating files:  83% (24843/29931)
Lean / Mathlib formalization	UNKNOWN STEP	2026-10-07T17:17:45.9718140Z Updating files:  84% (25143/29931)
Lean / Mathlib formalization	UNKNOWN STEP	2026-10-07T17:17:45.9994382Z Updating files:  85% (25442/29931)
Lean / Mathlib formalization	UNKNOWN STEP	2026-10-07T17:17:46.0225043Z Updating files:  86% (25741/29931)
Lean / Mathlib formalization	UNKNOWN STEP	2026-10-07T17:17:46.0362190Z Updating files:  87% (26040/29931)
Lean / Mathlib formalization	UNKNOWN STEP	2026-10-07T17:17:46.0537649Z Updating files:  88% (26340/29931)
Lean / Mathlib formalization	UNKNOWN STEP	2026-10-07T17:17:46.0717648Z Updating files:  89% (26639/29931)
Lean / Mathlib formalization	UNKNOWN STEP	2026-10-07T17:17:46.0828479Z Updating files:  90% (26938/29931)
Lean / Mathlib formalization	UNKNOWN STEP	2026-10-07T17:17:46.1068356Z Updating files:  91% (27238/29931)
Lean / Mathlib formalization	UNKNOWN STEP	2026-10-07T17:17:46.1275160Z Updating files:  92% (27537/29931)
Lean / Mathlib formalization	UNKNOWN STEP	2026-10-07T17:17:46.1442100Z Updating files:  93% (27836/29931)
Lean / Mathlib formalization	UNKNOWN STEP	2026-10-07T17:17:46.1718734Z Updating files:  94% (28136/29931)
Lean / Mathlib formalization	UNKNOWN STEP	2026-10-07T17:17:46.2053342Z Updating files:  95% (28435/29931)
Lean / Mathlib formalization	UNKNOWN STEP	2026-10-07T17:17:46.2363177Z Updating files:  96% (28734/29931)
Lean / Mathlib formalization	UNKNOWN STEP	2026-10-07T17:17:46.2520607Z Updating files:  97% (29034/29931)
Lean / Mathlib formalization	UNKNOWN STEP	2026-10-07T17:17:46.2866404Z Updating files:  98% (29333/29931)
Lean / Mathlib formalization	UNKNOWN STEP	2026-10-07T17:17:46.3059702Z Updating files:  99% (29632/29931)
Lean / Mathlib formalization	UNKNOWN STEP	2026-10-07T17:17:46.3059983Z Updating files: 100% (29931/29931)
Lean / Mathlib formalization	UNKNOWN STEP	2026-10-07T17:17:46.3060227Z Updating files: 100% (29931/29931), done.
Lean / Mathlib formalization	UNKNOWN STEP	2026-10-07T17:17:46.3237375Z Note: switching to 'refs/remotes/pull/315/merge'.
Lean / Mathlib formalization	UNKNOWN STEP	2026-10-07T17:17:46.3237562Z 
Lean / Mathlib formalization	UNKNOWN STEP	2026-10-07T17:17:46.3237683Z You are in 'detached HEAD' state. You can look around, make experimental
Lean / Mathlib formalization	UNKNOWN STEP	2026-10-07T17:17:46.3237957Z changes and commit them, and you can discard any commits you make in this
Lean / Mathlib formalization	UNKNOWN STEP	2026-10-07T17:17:46.3238206Z state without impacting any branches by switching back to a branch.
Lean / Mathlib formalization	UNKNOWN STEP	2026-10-07T17:17:46.3238352Z 
Lean / Mathlib formalization	UNKNOWN STEP	2026-10-07T17:17:46.3238450Z If you want to create a new branch to retain commits you create, you may
Lean / Mathlib formalization	UNKNOWN STEP	2026-10-07T17:17:46.3238684Z do so (now or later) by using -c with the switch command. Example:
Lean / Mathlib formalization	UNKNOWN STEP	2026-10-07T17:17:46.3238870Z 
Lean / Mathlib formalization	UNKNOWN STEP	2026-10-07T17:17:46.3238961Z   git switch -c <new-branch-name>
Lean / Mathlib formalization	UNKNOWN STEP	2026-10-07T17:17:46.3239101Z 
Lean / Mathlib formalization	UNKNOWN STEP	2026-10-07T17:17:46.3239184Z Or undo this operation with:
Lean / Mathlib formalization	UNKNOWN STEP	2026-10-07T17:17:46.3239313Z 
Lean / Mathlib formalization	UNKNOWN STEP	2026-10-07T17:17:46.3239383Z   git switch -
Lean / Mathlib formalization	UNKNOWN STEP	2026-10-07T17:17:46.3239480Z 
Lean / Mathlib formalization	UNKNOWN STEP	2026-10-07T17:17:46.3239783Z Turn off this advice by setting config variable advice.detachedHead to false
Lean / Mathlib formalization	UNKNOWN STEP	2026-10-07T17:17:46.3240042Z 
Lean / Mathlib formalization	UNKNOWN STEP	2026-10-07T17:17:46.3240323Z HEAD is now at 9ea9ca0b Merge 79efd28ca8827742e690529f8c763a7bce9b054a into c05de12e6a8ca7af8ce2df8608836f8d4e90f617
Lean / Mathlib formalization	UNKNOWN STEP	2026-10-07T17:17:46.3317374Z ##[endgroup]
Lean / Mathlib formalization	UNKNOWN STEP	2026-10-07T17:17:46.3361931Z [command]/usr/bin/git log -1 --format=%H
Lean / Mathlib formalization	UNKNOWN STEP	2026-10-07T17:17:46.3383437Z 9ea9ca0bf684e34abbc7e5b1626f324a1f3d12fa
Lean / Mathlib formalization	UNKNOWN STEP	2026-10-07T17:17:46.3565688Z ##[group]Run actions/checkout@v4
Lean / Mathlib formalization	UNKNOWN STEP	2026-10-07T17:17:46.3565829Z with:
Lean / Mathlib formalization	UNKNOWN STEP	2026-10-07T17:17:46.3565949Z   repository: facebookresearch/atlas-lean
Lean / Mathlib formalization	UNKNOWN STEP	2026-10-07T17:17:46.3566123Z   ref: e8b31c5cb0bec89b487ce33fe525a2c0b0f8b9c6
Lean / Mathlib formalization	UNKNOWN STEP	2026-10-07T17:17:46.3566282Z   path: .atlas-upstream
Lean / Mathlib formalization	UNKNOWN STEP	2026-10-07T17:17:46.3567782Z   token: ***
Lean / Mathlib formalization	UNKNOWN STEP	2026-10-07T17:17:46.3567887Z   ssh-strict: true
Lean / Mathlib formalization	UNKNOWN STEP	2026-10-07T17:17:46.3567992Z   ssh-user: git
Lean / Mathlib formalization	UNKNOWN STEP	2026-10-07T17:17:46.3568106Z   persist-credentials: true
Lean / Mathlib formalization	UNKNOWN STEP	2026-10-07T17:17:46.3568230Z   clean: true
Lean / Mathlib formalization	UNKNOWN STEP	2026-10-07T17:17:46.3568348Z   sparse-checkout-cone-mode: true
Lean / Mathlib formalization	UNKNOWN STEP	2026-10-07T17:17:46.3568497Z   fetch-depth: 1
Lean / Mathlib formalization	UNKNOWN STEP	2026-10-07T17:17:46.3568604Z   fetch-tags: false
Lean / Mathlib formalization	UNKNOWN STEP	2026-10-07T17:17:46.3568714Z   show-progress: true
Lean / Mathlib formalization	UNKNOWN STEP	2026-10-07T17:17:46.3568823Z   lfs: false
Lean / Mathlib formalization	UNKNOWN STEP	2026-10-07T17:17:46.3568921Z   submodules: false
Lean / Mathlib formalization	UNKNOWN STEP	2026-10-07T17:17:46.3569034Z   set-safe-directory: true
Lean / Mathlib formalization	UNKNOWN STEP	2026-10-07T17:17:46.3569164Z   allow-unsafe-pr-checkout: false
Lean / Mathlib formalization	UNKNOWN STEP	2026-10-07T17:17:46.3569298Z ##[endgroup]
Lean / Mathlib formalization	UNKNOWN STEP	2026-10-07T17:17:46.4071643Z Syncing repository: facebookresearch/atlas-lean
Lean / Mathlib formalization	UNKNOWN STEP	2026-10-07T17:17:46.4072338Z ##[group]Getting Git version info
Lean / Mathlib formalization	UNKNOWN STEP	2026-10-07T17:17:46.4073072Z Working directory is '/home/runner/work/Automization-Sampling-Optimisation-Geometry-Lib/Automization-Sampling-Optimisation-Geometry-Lib/.atlas-upstream'
Lean / Mathlib formalization	UNKNOWN STEP	2026-10-07T17:17:46.4095305Z [command]/usr/bin/git version
Lean / Mathlib formalization	UNKNOWN STEP	2026-10-07T17:17:46.4123798Z git version 2.55.0
Lean / Mathlib formalization	UNKNOWN STEP	2026-10-07T17:17:46.4135712Z ##[endgroup]
Lean / Mathlib formalization	UNKNOWN STEP	2026-10-07T17:17:46.4145447Z Temporarily overriding HOME='/home/runner/work/_temp/69e213f7-ebd1-4513-9af7-ed0aef4ebd42' before making global git config changes
Lean / Mathlib formalization	UNKNOWN STEP	2026-10-07T17:17:46.4146387Z Adding repository directory to the temporary git global config as a safe directory
Lean / Mathlib formalization	UNKNOWN STEP	2026-10-07T17:17:46.4148679Z [command]/usr/bin/git config --global --add safe.directory /home/runner/work/Automization-Sampling-Optimisation-Geometry-Lib/Automization-Sampling-Optimisation-Geometry-Lib/.atlas-upstream
Lean / Mathlib formalization	UNKNOWN STEP	2026-10-07T17:17:46.4191604Z ##[group]Initializing the repository
Lean / Mathlib formalization	UNKNOWN STEP	2026-10-07T17:17:46.4192348Z [command]/usr/bin/git init /home/runner/work/Automization-Sampling-Optimisation-Geometry-Lib/Automization-Sampling-Optimisation-Geometry-Lib/.atlas-upstream
Lean / Mathlib formalization	UNKNOWN STEP	2026-10-07T17:17:46.4228528Z hint: Using 'master' as the name for the initial branch. This default branch name
Lean / Mathlib formalization	UNKNOWN STEP	2026-10-07T17:17:46.4229004Z hint: will change to "main" in Git 3.0. To configure the initial branch name
Lean / Mathlib formalization	UNKNOWN STEP	2026-10-07T17:17:46.4236109Z hint: to use in all of your new repositories, which will suppress this warning,
Lean / Mathlib formalization	UNKNOWN STEP	2026-10-07T17:17:46.4236434Z hint: call:
Lean / Mathlib formalization	UNKNOWN STEP	2026-10-07T17:17:46.4236587Z hint:
Lean / Mathlib formalization	UNKNOWN STEP	2026-10-07T17:17:46.4236787Z hint: 	git config --global init.defaultBranch <name>
Lean / Mathlib formalization	UNKNOWN STEP	2026-10-07T17:17:46.4237040Z hint:
Lean / Mathlib formalization	UNKNOWN STEP	2026-10-07T17:17:46.4237274Z hint: Names commonly chosen instead of 'master' are 'main', 'trunk' and
Lean / Mathlib formalization	UNKNOWN STEP	2026-10-07T17:17:46.4237662Z hint: 'development'. The just-created branch can be renamed via this command:
Lean / Mathlib formalization	UNKNOWN STEP	2026-10-07T17:17:46.4237961Z hint:
Lean / Mathlib formalization	UNKNOWN STEP	2026-10-07T17:17:46.4238118Z hint: 	git branch -m <name>
Lean / Mathlib formalization	UNKNOWN STEP	2026-10-07T17:17:46.4238301Z hint:
Lean / Mathlib formalization	UNKNOWN STEP	2026-10-07T17:17:46.4238555Z hint: Disable this message with "git config set advice.defaultBranchName false"
Lean / Mathlib formalization	UNKNOWN STEP	2026-10-07T17:17:46.4239076Z Initialized empty Git repository in /home/runner/work/Automization-Sampling-Optimisation-Geometry-Lib/Automization-Sampling-Optimisation-Geometry-Lib/.atlas-upstream/.git/
Lean / Mathlib formalization	UNKNOWN STEP	2026-10-07T17:17:46.4240060Z [command]/usr/bin/git remote add origin https://github.com/facebookresearch/atlas-lean
Lean / Mathlib formalization	UNKNOWN STEP	2026-10-07T17:17:46.4267178Z ##[endgroup]
Lean / Mathlib formalization	UNKNOWN STEP	2026-10-07T17:17:46.4267718Z ##[group]Disabling automatic garbage collection
Lean / Mathlib formalization	UNKNOWN STEP	2026-10-07T17:17:46.4271217Z [command]/usr/bin/git config --local gc.auto 0
Lean / Mathlib formalization	UNKNOWN STEP	2026-10-07T17:17:46.4296781Z ##[endgroup]
Lean / Mathlib formalization	UNKNOWN STEP	2026-10-07T17:17:46.4297116Z ##[group]Setting up auth
Lean / Mathlib formalization	UNKNOWN STEP	2026-10-07T17:17:46.4301470Z [command]/usr/bin/git config --local --name-only --get-regexp core\.sshCommand
Lean / Mathlib formalization	UNKNOWN STEP	2026-10-07T17:17:46.4325669Z [command]/usr/bin/git submodule foreach --recursive sh -c "git config --local --name-only --get-regexp 'core\.sshCommand' && git config --local --unset-all 'core.sshCommand' || :"
Lean / Mathlib formalization	UNKNOWN STEP	2026-10-07T17:17:46.4524863Z [command]/usr/bin/git config --local --name-only --get-regexp http\.https\:\/\/github\.com\/\.extraheader
Lean / Mathlib formalization	UNKNOWN STEP	2026-10-07T17:17:46.4555687Z [command]/usr/bin/git submodule foreach --recursive sh -c "git config --local --name-only --get-regexp 'http\.https\:\/\/github\.com\/\.extraheader' && git config --local --unset-all 'http.https://github.com/.extraheader' || :"
Lean / Mathlib formalization	UNKNOWN STEP	2026-10-07T17:17:46.4737300Z [command]/usr/bin/git config --local --name-only --get-regexp ^includeIf\.gitdir:
Lean / Mathlib formalization	UNKNOWN STEP	2026-10-07T17:17:46.4764557Z [command]/usr/bin/git submodule foreach --recursive git config --local --show-origin --name-only --get-regexp remote.origin.url
Lean / Mathlib formalization	UNKNOWN STEP	2026-10-07T17:17:46.4933778Z [command]/usr/bin/git config --local http.https://github.com/.extraheader AUTHORIZATION: basic ***
Lean / Mathlib formalization	UNKNOWN STEP	2026-10-07T17:17:46.4966400Z ##[endgroup]
Lean / Mathlib formalization	UNKNOWN STEP	2026-10-07T17:17:46.4966747Z ##[group]Fetching the repository
Lean / Mathlib formalization	UNKNOWN STEP	2026-10-07T17:17:46.4972495Z [command]/usr/bin/git -c protocol.version=2 fetch --no-tags --prune --no-recurse-submodules --depth=1 origin e8b31c5cb0bec89b487ce33fe525a2c0b0f8b9c6
Lean / Mathlib formalization	UNKNOWN STEP	2026-10-07T17:17:47.8692104Z From https://github.com/facebookresearch/atlas-lean
Lean / Mathlib formalization	UNKNOWN STEP	2026-10-07T17:17:47.8692661Z  * branch            e8b31c5cb0bec89b487ce33fe525a2c0b0f8b9c6 -> FETCH_HEAD
Lean / Mathlib formalization	UNKNOWN STEP	2026-10-07T17:17:47.8696526Z ##[endgroup]
Lean / Mathlib formalization	UNKNOWN STEP	2026-10-07T17:17:47.8696847Z ##[group]Determining the checkout info
Lean / Mathlib formalization	UNKNOWN STEP	2026-10-07T17:17:47.8698146Z ##[endgroup]
Lean / Mathlib formalization	UNKNOWN STEP	2026-10-07T17:17:47.8703079Z [command]/usr/bin/git sparse-checkout disable
Lean / Mathlib formalization	UNKNOWN STEP	2026-10-07T17:17:47.8745235Z [command]/usr/bin/git config --local --unset-all extensions.worktreeConfig
Lean / Mathlib formalization	UNKNOWN STEP	2026-10-07T17:17:47.8814330Z ##[group]Checking out the ref
Lean / Mathlib formalization	UNKNOWN STEP	2026-10-07T17:17:47.8816839Z [command]/usr/bin/git checkout --progress --force e8b31c5cb0bec89b487ce33fe525a2c0b0f8b9c6
Lean / Mathlib formalization	UNKNOWN STEP	2026-10-07T17:17:48.0839380Z Note: switching to 'e8b31c5cb0bec89b487ce33fe525a2c0b0f8b9c6'.
Lean / Mathlib formalization	UNKNOWN STEP	2026-10-07T17:17:48.0840092Z 
Lean / Mathlib formalization	UNKNOWN STEP	2026-10-07T17:17:48.0840351Z You are in 'detached HEAD' state. You can look around, make experimental
Lean / Mathlib formalization	UNKNOWN STEP	2026-10-07T17:17:48.0840757Z changes and commit them, and you can discard any commits you make in this
Lean / Mathlib formalization	UNKNOWN STEP	2026-10-07T17:17:48.0841147Z state without impacting any branches by switching back to a branch.
Lean / Mathlib formalization	UNKNOWN STEP	2026-10-07T17:17:48.0841366Z 
Lean / Mathlib formalization	UNKNOWN STEP	2026-10-07T17:17:48.0841514Z If you want to create a new branch to retain commits you create, you may
Lean / Mathlib formalization	UNKNOWN STEP	2026-10-07T17:17:48.0841870Z do so (now or later) by using -c with the switch command. Example:
Lean / Mathlib formalization	UNKNOWN STEP	2026-10-07T17:17:48.0842073Z 
Lean / Mathlib formalization	UNKNOWN STEP	2026-10-07T17:17:48.0842161Z   git switch -c <new-branch-name>
Lean / Mathlib formalization	UNKNOWN STEP	2026-10-07T17:17:48.0842298Z 
Lean / Mathlib formalization	UNKNOWN STEP	2026-10-07T17:17:48.0842377Z Or undo this operation with:
Lean / Mathlib formalization	UNKNOWN STEP	2026-10-07T17:17:48.0842503Z 
Lean / Mathlib formalization	UNKNOWN STEP	2026-10-07T17:17:48.0842570Z   git switch -
Lean / Mathlib formalization	UNKNOWN STEP	2026-10-07T17:17:48.0842679Z 
Lean / Mathlib formalization	UNKNOWN STEP	2026-10-07T17:17:48.0842844Z Turn off this advice by setting config variable advice.detachedHead to false
Lean / Mathlib formalization	UNKNOWN STEP	2026-10-07T17:17:48.0843084Z 
Lean / Mathlib formalization	UNKNOWN STEP	2026-10-07T17:17:48.0843265Z HEAD is now at e8b31c5 Merge pull request #6 from facebookresearch/prepare-atlas-v2
Lean / Mathlib formalization	UNKNOWN STEP	2026-10-07T17:17:48.0848778Z ##[endgroup]
Lean / Mathlib formalization	UNKNOWN STEP	2026-10-07T17:17:48.0885053Z [command]/usr/bin/git log -1 --format=%H
Lean / Mathlib formalization	UNKNOWN STEP	2026-10-07T17:17:48.0907124Z e8b31c5cb0bec89b487ce33fe525a2c0b0f8b9c6
Lean / Mathlib formalization	UNKNOWN STEP	2026-10-07T17:17:48.1077035Z ##[group]Run actions/setup-python@v5
Lean / Mathlib formalization	UNKNOWN STEP	2026-10-07T17:17:48.1077191Z with:
Lean / Mathlib formalization	UNKNOWN STEP	2026-10-07T17:17:48.1077301Z   python-version: 3.12
Lean / Mathlib formalization	UNKNOWN STEP	2026-10-07T17:17:48.1077425Z   check-latest: false
Lean / Mathlib formalization	UNKNOWN STEP	2026-10-07T17:17:48.1078968Z   token: ***
Lean / Mathlib formalization	UNKNOWN STEP	2026-10-07T17:17:48.1079082Z   update-environment: true
Lean / Mathlib formalization	UNKNOWN STEP	2026-10-07T17:17:48.1079219Z   allow-prereleases: false
Lean / Mathlib formalization	UNKNOWN STEP	2026-10-07T17:17:48.1079349Z   freethreaded: false
Lean / Mathlib formalization	UNKNOWN STEP	2026-10-07T17:17:48.1079467Z ##[endgroup]
Lean / Mathlib formalization	UNKNOWN STEP	2026-10-07T17:17:48.1881086Z ##[group]Installed versions
Lean / Mathlib formalization	UNKNOWN STEP	2026-10-07T17:17:48.1941655Z (node:2211) [DEP0040] DeprecationWarning: The `punycode` module is deprecated. Please use a userland alternative instead.
Lean / Mathlib formalization	UNKNOWN STEP	2026-10-07T17:17:48.1942223Z (Use `node --trace-deprecation ...` to show where the warning was created)
Lean / Mathlib formalization	UNKNOWN STEP	2026-10-07T17:17:48.1942585Z Successfully set up CPython (3.12.15)
Lean / Mathlib formalization	UNKNOWN STEP	2026-10-07T17:17:48.1942903Z ##[endgroup]
Lean / Mathlib formalization	UNKNOWN STEP	2026-10-07T17:17:48.2109873Z ##[group]Run python3 tools/astis_publication.py check --ci
Lean / Mathlib formalization	UNKNOWN STEP	2026-10-07T17:17:48.2110290Z ^[[36;1mpython3 tools/astis_publication.py check --ci^[[0m
Lean / Mathlib formalization	UNKNOWN STEP	2026-10-07T17:17:48.2373345Z shell: /usr/bin/bash -e {0}
Lean / Mathlib formalization	UNKNOWN STEP	2026-10-07T17:17:48.2373505Z env:
Lean / Mathlib formalization	UNKNOWN STEP	2026-10-07T17:17:48.2373668Z   pythonLocation: /opt/hostedtoolcache/Python/3.12.15/x64
Lean / Mathlib formalization	UNKNOWN STEP	2026-10-07T17:17:48.2373925Z   PKG_CONFIG_PATH: /opt/hostedtoolcache/Python/3.12.15/x64/lib/pkgconfig
Lean / Mathlib formalization	UNKNOWN STEP	2026-10-07T17:17:48.2374162Z   Python_ROOT_DIR: /opt/hostedtoolcache/Python/3.12.15/x64
Lean / Mathlib formalization	UNKNOWN STEP	2026-10-07T17:17:48.2374375Z   Python2_ROOT_DIR: /opt/hostedtoolcache/Python/3.12.15/x64
Lean / Mathlib formalization	UNKNOWN STEP	2026-10-07T17:17:48.2374611Z   Python3_ROOT_DIR: /opt/hostedtoolcache/Python/3.12.15/x64
Lean / Mathlib formalization	UNKNOWN STEP	2026-10-07T17:17:48.2374836Z   LD_LIBRARY_PATH: /opt/hostedtoolcache/Python/3.12.15/x64/lib
Lean / Mathlib formalization	UNKNOWN STEP	2026-10-07T17:17:48.2375054Z   PUBLICATION_BASE: c05de12e6a8ca7af8ce2df8608836f8d4e90f617
Lean / Mathlib formalization	UNKNOWN STEP	2026-10-07T17:17:48.2375233Z ##[endgroup]
Lean / Mathlib formalization	UNKNOWN STEP	2026-10-07T17:17:51.5511507Z Publication PASS: 208 source items; code, prose, assumptions and semantic-audit links checked. Legacy audit debt remains explicit.
Lean / Mathlib formalization	UNKNOWN STEP	2026-10-07T17:17:51.5973795Z ##[group]Run leanprover/lean-action@v1
Lean / Mathlib formalization	UNKNOWN STEP	2026-10-07T17:17:51.5973950Z with:
Lean / Mathlib formalization	UNKNOWN STEP	2026-10-07T17:17:51.5974056Z   auto-config: false
Lean / Mathlib formalization	UNKNOWN STEP	2026-10-07T17:17:51.5974165Z   build: false
Lean / Mathlib formalization	UNKNOWN STEP	2026-10-07T17:17:51.5974266Z   test: false
Lean / Mathlib formalization	UNKNOWN STEP	2026-10-07T17:17:51.5974375Z   use-mathlib-cache: true
Lean / Mathlib formalization	UNKNOWN STEP	2026-10-07T17:17:51.5974490Z   lint: default
Lean / Mathlib formalization	UNKNOWN STEP	2026-10-07T17:17:51.5974593Z   mk_all-check: false
Lean / Mathlib formalization	UNKNOWN STEP	2026-10-07T17:17:51.5974720Z   check-reservoir-eligibility: false
Lean / Mathlib formalization	UNKNOWN STEP	2026-10-07T17:17:51.5974857Z   leanchecker: false
Lean / Mathlib formalization	UNKNOWN STEP	2026-10-07T17:17:51.5974967Z   lean4checker: false
Lean / Mathlib formalization	UNKNOWN STEP	2026-10-07T17:17:51.5975077Z   nanoda: false
Lean / Mathlib formalization	UNKNOWN STEP	2026-10-07T17:17:51.5975310Z   nanoda-allow-sorry: true
Lean / Mathlib formalization	UNKNOWN STEP	2026-10-07T17:17:51.5975430Z   axiom-audit: false
Lean / Mathlib formalization	UNKNOWN STEP	2026-10-07T17:17:51.5975578Z   axiom-audit-allow: propext,Classical.choice,Quot.sound
Lean / Mathlib formalization	UNKNOWN STEP	2026-10-07T17:17:51.5975755Z   use-github-cache: true
Lean / Mathlib formalization	UNKNOWN STEP	2026-10-07T17:17:51.5975878Z   lake-package-directory: .
Lean / Mathlib formalization	UNKNOWN STEP	2026-10-07T17:17:51.5976015Z   reinstall-transient-toolchain: false
Lean / Mathlib formalization	UNKNOWN STEP	2026-10-07T17:17:51.5976151Z env:
Lean / Mathlib formalization	UNKNOWN STEP	2026-10-07T17:17:51.5976309Z   pythonLocation: /opt/hostedtoolcache/Python/3.12.15/x64
Lean / Mathlib formalization	UNKNOWN STEP	2026-10-07T17:17:51.5976533Z   PKG_CONFIG_PATH: /opt/hostedtoolcache/Python/3.12.15/x64/lib/pkgconfig
Lean / Mathlib formalization	UNKNOWN STEP	2026-10-07T17:17:51.5976758Z   Python_ROOT_DIR: /opt/hostedtoolcache/Python/3.12.15/x64
Lean / Mathlib formalization	UNKNOWN STEP	2026-10-07T17:17:51.5976958Z   Python2_ROOT_DIR: /opt/hostedtoolcache/Python/3.12.15/x64
Lean / Mathlib formalization	UNKNOWN STEP	2026-10-07T17:17:51.5977157Z   Python3_ROOT_DIR: /opt/hostedtoolcache/Python/3.12.15/x64
Lean / Mathlib formalization	UNKNOWN STEP	2026-10-07T17:17:51.5977359Z   LD_LIBRARY_PATH: /opt/hostedtoolcache/Python/3.12.15/x64/lib
Lean / Mathlib formalization	UNKNOWN STEP	2026-10-07T17:17:51.5977529Z ##[endgroup]
Lean / Mathlib formalization	UNKNOWN STEP	2026-10-07T17:17:51.6017074Z ##[start-action display=install elan;id=__leanprover_lean-action.__run]
Lean / Mathlib formalization	UNKNOWN STEP	2026-10-07T17:17:51.6034389Z ##[group]Run : Install Elan
Lean / Mathlib formalization	UNKNOWN STEP	2026-10-07T17:17:51.6034545Z ^[[36;1m: Install Elan^[[0m
Lean / Mathlib formalization	UNKNOWN STEP	2026-10-07T17:17:51.6034697Z ^[[36;1m${GITHUB_ACTION_PATH}/scripts/install_elan.sh^[[0m
Lean / Mathlib formalization	UNKNOWN STEP	2026-10-07T17:17:51.6087378Z shell: /usr/bin/bash --noprofile --norc -e -o pipefail {0}
Lean / Mathlib formalization	UNKNOWN STEP	2026-10-07T17:17:51.6087551Z env:
Lean / Mathlib formalization	UNKNOWN STEP	2026-10-07T17:17:51.6087700Z   pythonLocation: /opt/hostedtoolcache/Python/3.12.15/x64
Lean / Mathlib formalization	UNKNOWN STEP	2026-10-07T17:17:51.6087921Z   PKG_CONFIG_PATH: /opt/hostedtoolcache/Python/3.12.15/x64/lib/pkgconfig
Lean / Mathlib formalization	UNKNOWN STEP	2026-10-07T17:17:51.6088139Z   Python_ROOT_DIR: /opt/hostedtoolcache/Python/3.12.15/x64
Lean / Mathlib formalization	UNKNOWN STEP	2026-10-07T17:17:51.6088336Z   Python2_ROOT_DIR: /opt/hostedtoolcache/Python/3.12.15/x64
Lean / Mathlib formalization	UNKNOWN STEP	2026-10-07T17:17:51.6088534Z   Python3_ROOT_DIR: /opt/hostedtoolcache/Python/3.12.15/x64
Lean / Mathlib formalization	UNKNOWN STEP	2026-10-07T17:17:51.6088731Z   LD_LIBRARY_PATH: /opt/hostedtoolcache/Python/3.12.15/x64/lib
Lean / Mathlib formalization	UNKNOWN STEP	2026-10-07T17:17:51.6088899Z ##[endgroup]
Lean / Mathlib formalization	UNKNOWN STEP	2026-10-07T17:17:51.6187012Z ##[group]Elan Installation Output
Lean / Mathlib formalization	UNKNOWN STEP	2026-10-07T17:17:51.6701229Z info: downloading installer
Lean / Mathlib formalization	UNKNOWN STEP	2026-10-07T17:17:53.1224744Z info: downloading https://releases.lean-lang.org/lean4/v4.33.0/lean-4.33.0-linux.tar.zst
Lean / Mathlib formalization	UNKNOWN STEP	2026-10-07T17:17:58.4107504Z info: installing /home/runner/.elan/toolchains/leanprover--lean4---v4.33.0
Lean / Mathlib formalization	UNKNOWN STEP	2026-10-07T17:18:08.3744152Z Lean (version 4.33.0, x86_64-unknown-linux-gnu, commit d8b18978322de05a8f3dba51ef03cf5461676c17, Release)
Lean / Mathlib formalization	UNKNOWN STEP	2026-10-07T17:18:08.4120303Z Lake version 5.0.0-src+d8b1897 (Lean version 4.33.0)
Lean / Mathlib formalization	UNKNOWN STEP	2026-10-07T17:18:08.4157427Z ##[endgroup]
Lean / Mathlib formalization	UNKNOWN STEP	2026-10-07T17:18:08.4157547Z 
Lean / Mathlib formalization	UNKNOWN STEP	2026-10-07T17:18:08.4173456Z ##[end-action id=__leanprover_lean-action.__run;outcome=success;conclusion=success;duration_ms=16815]
Lean / Mathlib formalization	UNKNOWN STEP	2026-10-07T17:18:08.4177120Z ##[start-action display=configure `lean-action`;id=__leanprover_lean-action.config]
Lean / Mathlib formalization	UNKNOWN STEP	2026-10-07T17:18:08.4302408Z ##[group]Run : Configure Lean Action
Lean / Mathlib formalization	UNKNOWN STEP	2026-10-07T17:18:08.4302612Z ^[[36;1m: Configure Lean Action^[[0m
Lean / Mathlib formalization	UNKNOWN STEP	2026-10-07T17:18:08.4302775Z ^[[36;1m${GITHUB_ACTION_PATH}/scripts/config.sh^[[0m
Lean / Mathlib formalization	UNKNOWN STEP	2026-10-07T17:18:08.4355703Z shell: /usr/bin/bash --noprofile --norc -e -o pipefail {0}
Lean / Mathlib formalization	UNKNOWN STEP	2026-10-07T17:18:08.4355917Z env:
Lean / Mathlib formalization	UNKNOWN STEP	2026-10-07T17:18:08.4356067Z   pythonLocation: /opt/hostedtoolcache/Python/3.12.15/x64
Lean / Mathlib formalization	UNKNOWN STEP	2026-10-07T17:18:08.4356306Z   PKG_CONFIG_PATH: /opt/hostedtoolcache/Python/3.12.15/x64/lib/pkgconfig
Lean / Mathlib formalization	UNKNOWN STEP	2026-10-07T17:18:08.4356542Z   Python_ROOT_DIR: /opt/hostedtoolcache/Python/3.12.15/x64
Lean / Mathlib formalization	UNKNOWN STEP	2026-10-07T17:18:08.4356931Z   Python2_ROOT_DIR: /opt/hostedtoolcache/Python/3.12.15/x64
Lean / Mathlib formalization	UNKNOWN STEP	2026-10-07T17:18:08.4357142Z   Python3_ROOT_DIR: /opt/hostedtoolcache/Python/3.12.15/x64
Lean / Mathlib formalization	UNKNOWN STEP	2026-10-07T17:18:08.4357356Z   LD_LIBRARY_PATH: /opt/hostedtoolcache/Python/3.12.15/x64/lib
Lean / Mathlib formalization	UNKNOWN STEP	2026-10-07T17:18:08.4357536Z   AUTO_CONFIG: false
Lean / Mathlib formalization	UNKNOWN STEP	2026-10-07T17:18:08.4357655Z   BUILD: false
Lean / Mathlib formalization	UNKNOWN STEP	2026-10-07T17:18:08.4357761Z   TEST: false
Lean / Mathlib formalization	UNKNOWN STEP	2026-10-07T17:18:08.4357869Z   LINT: default
Lean / Mathlib formalization	UNKNOWN STEP	2026-10-07T17:18:08.4357980Z ##[endgroup]
Lean / Mathlib formalization	UNKNOWN STEP	2026-10-07T17:18:08.4538098Z ##[group]Configure lean-action
Lean / Mathlib formalization	UNKNOWN STEP	2026-10-07T17:18:08.4578488Z ##[end-action id=__leanprover_lean-action.config;outcome=success;conclusion=success;duration_ms=40]
Lean / Mathlib formalization	UNKNOWN STEP	2026-10-07T17:18:08.4581926Z ##[start-action display=reinstall transient toolchain;id=__leanprover_lean-action.__run_2]
Lean / Mathlib formalization	UNKNOWN STEP	2026-10-07T17:18:08.4585349Z ##[end-action id=__leanprover_lean-action.__run_2;outcome=skipped;conclusion=skipped;duration_ms=0]
Lean / Mathlib formalization	UNKNOWN STEP	2026-10-07T17:18:08.4586790Z ##[start-action display=ensure all files are imported;id=__leanprover_lean-action.mk_all]
Lean / Mathlib formalization	UNKNOWN STEP	2026-10-07T17:18:08.4590182Z ##[end-action id=__leanprover_lean-action.mk_all;outcome=skipped;conclusion=skipped;duration_ms=0]
Lean / Mathlib formalization	UNKNOWN STEP	2026-10-07T17:18:08.4591869Z ##[start-action display=Run actions/cache/restore@caa296126883cff596d87d8935842f9db880ef25;id=__leanprover_lean-action.__actions_cache]
Lean / Mathlib formalization	UNKNOWN STEP	2026-10-07T17:18:08.6124480Z ##[group]Run actions/cache/restore@caa296126883cff596d87d8935842f9db880ef25
Lean / Mathlib formalization	UNKNOWN STEP	2026-10-07T17:18:08.6124802Z with:
Lean / Mathlib formalization	UNKNOWN STEP	2026-10-07T17:18:08.6125025Z   path: ./.lake
Lean / Mathlib formalization	UNKNOWN STEP	2026-10-07T17:18:08.6125601Z   key: lake-Linux-X64-a4f1c540c0851e641d87133aa9cd01066f797f32d242b983c6f78fe58dcaaa8a-a24233a3048a36ce3f6a844dd8f630fcc185adf6db0aa5348bad52d966bfac50-9ea9ca0bf684e34abbc7e5b1626f324a1f3d12fa
Lean / Mathlib formalization	UNKNOWN STEP	2026-10-07T17:18:08.6126437Z   restore-keys: lake-Linux-X64-a4f1c540c0851e641d87133aa9cd01066f797f32d242b983c6f78fe58dcaaa8a-a24233a3048a36ce3f6a844dd8f630fcc185adf6db0aa5348bad52d966bfac50
Lean / Mathlib formalization	UNKNOWN STEP	2026-10-07T17:18:08.6126973Z   enableCrossOsArchive: false
Lean / Mathlib formalization	UNKNOWN STEP	2026-10-07T17:18:08.6127200Z   fail-on-cache-miss: false
Lean / Mathlib formalization	UNKNOWN STEP	2026-10-07T17:18:08.6127462Z   lookup-only: false
Lean / Mathlib formalization	UNKNOWN STEP	2026-10-07T17:18:08.6127678Z env:
Lean / Mathlib formalization	UNKNOWN STEP	2026-10-07T17:18:08.6127882Z   pythonLocation: /opt/hostedtoolcache/Python/3.12.15/x64
Lean / Mathlib formalization	UNKNOWN STEP	2026-10-07T17:18:08.6128231Z   PKG_CONFIG_PATH: /opt/hostedtoolcache/Python/3.12.15/x64/lib/pkgconfig
Lean / Mathlib formalization	UNKNOWN STEP	2026-10-07T17:18:08.6128528Z   Python_ROOT_DIR: /opt/hostedtoolcache/Python/3.12.15/x64
Lean / Mathlib formalization	UNKNOWN STEP	2026-10-07T17:18:08.6128824Z   Python2_ROOT_DIR: /opt/hostedtoolcache/Python/3.12.15/x64
Lean / Mathlib formalization	UNKNOWN STEP	2026-10-07T17:18:08.6129137Z   Python3_ROOT_DIR: /opt/hostedtoolcache/Python/3.12.15/x64
Lean / Mathlib formalization	UNKNOWN STEP	2026-10-07T17:18:08.6129415Z   LD_LIBRARY_PATH: /opt/hostedtoolcache/Python/3.12.15/x64/lib
Lean / Mathlib formalization	UNKNOWN STEP	2026-10-07T17:18:08.6129893Z ##[endgroup]
Lean / Mathlib formalization	UNKNOWN STEP	2026-10-07T17:18:08.9116625Z Cache hit for restore-key: lake-Linux-X64-a4f1c540c0851e641d87133aa9cd01066f797f32d242b983c6f78fe58dcaaa8a-a24233a3048a36ce3f6a844dd8f630fcc185adf6db0aa5348bad52d966bfac50-4481f2d34a43c6bc46d07f238083503b71fa176a
Lean / Mathlib formalization	UNKNOWN STEP	2026-10-07T17:18:10.1545970Z Received 33554432 of 2529895441 (1.3%), 32.0 MBs/sec
Lean / Mathlib formalization	UNKNOWN STEP	2026-10-07T17:18:11.1547633Z Received 150994944 of 2529895441 (6.0%), 72.0 MBs/sec
Lean / Mathlib formalization	UNKNOWN STEP	2026-10-07T17:18:12.1555070Z Received 268435456 of 2529895441 (10.6%), 85.3 MBs/sec
Lean / Mathlib formalization	UNKNOWN STEP	2026-10-07T17:18:13.1592386Z Received 432013312 of 2529895441 (17.1%), 102.9 MBs/sec
Lean / Mathlib formalization	UNKNOWN STEP	2026-10-07T17:18:14.1607012Z Received 599785472 of 2529895441 (23.7%), 114.4 MBs/sec
Lean / Mathlib formalization	UNKNOWN STEP	2026-10-07T17:18:15.1621639Z Received 763363328 of 2529895441 (30.2%), 121.3 MBs/sec
Lean / Mathlib formalization	UNKNOWN STEP	2026-10-07T17:18:16.1588083Z Received 926941184 of 2529895441 (36.6%), 126.2 MBs/sec
Lean / Mathlib formalization	UNKNOWN STEP	2026-10-07T17:18:17.1587131Z Received 1069547520 of 2529895441 (42.3%), 127.4 MBs/sec
Lean / Mathlib formalization	UNKNOWN STEP	2026-10-07T17:18:18.1602642Z Received 1207959552 of 2529895441 (47.7%), 127.9 MBs/sec
Lean / Mathlib formalization	UNKNOWN STEP	2026-10-07T17:18:19.1605044Z Received 1342177280 of 2529895441 (53.1%), 127.9 MBs/sec
Lean / Mathlib formalization	UNKNOWN STEP	2026-10-07T17:18:20.1614289Z Received 1476395008 of 2529895441 (58.4%), 127.9 MBs/sec
Lean / Mathlib formalization	UNKNOWN STEP	2026-10-07T17:18:21.1657913Z Received 1602224128 of 2529895441 (63.3%), 127.3 MBs/sec
Lean / Mathlib formalization	UNKNOWN STEP	2026-10-07T17:18:22.1649739Z Received 1736441856 of 2529895441 (68.6%), 127.3 MBs/sec
Lean / Mathlib formalization	UNKNOWN STEP	2026-10-07T17:18:23.1628577Z Received 1862270976 of 2529895441 (73.6%), 126.8 MBs/sec
Lean / Mathlib formalization	UNKNOWN STEP	2026-10-07T17:18:24.1625715Z Received 2004877312 of 2529895441 (79.2%), 127.4 MBs/sec
Lean / Mathlib formalization	UNKNOWN STEP	2026-10-07T17:18:25.1626215Z Received 2126512128 of 2529895441 (84.1%), 126.7 MBs/sec
Lean / Mathlib formalization	UNKNOWN STEP	2026-10-07T17:18:26.1625298Z Received 2243952640 of 2529895441 (88.7%), 125.8 MBs/sec
Lean / Mathlib formalization	UNKNOWN STEP	2026-10-07T17:18:27.1626639Z Received 2369781760 of 2529895441 (93.7%), 125.5 MBs/sec
Lean / Mathlib formalization	UNKNOWN STEP	2026-10-07T17:18:28.1628138Z Received 2474639360 of 2529895441 (97.8%), 124.2 MBs/sec
Lean / Mathlib formalization	UNKNOWN STEP	2026-10-07T17:18:28.5568671Z Received 2529895441 of 2529895441 (100.0%), 124.4 MBs/sec
Lean / Mathlib formalization	UNKNOWN STEP	2026-10-07T17:18:28.5570210Z Cache Size: ~2413 MB (2529895441 B)
Lean / Mathlib formalization	UNKNOWN STEP	2026-10-07T17:18:28.5597732Z [command]/usr/bin/tar -xf /home/runner/work/_temp/8b9e7269-fd75-4e34-8a63-b141da0354f7/cache.tzst -P -C /home/runner/work/Automization-Sampling-Optimisation-Geometry-Lib/Automization-Sampling-Optimisation-Geometry-Lib --use-compress-program unzstd
Lean / Mathlib formalization	UNKNOWN STEP	2026-10-07T17:19:13.1627989Z Cache restored successfully
Lean / Mathlib formalization	UNKNOWN STEP	2026-10-07T17:19:13.6646900Z Cache restored from key: lake-Linux-X64-a4f1c540c0851e641d87133aa9cd01066f797f32d242b983c6f78fe58dcaaa8a-a24233a3048a36ce3f6a844dd8f630fcc185adf6db0aa5348bad52d966bfac50-4481f2d34a43c6bc46d07f238083503b71fa176a
Lean / Mathlib formalization	UNKNOWN STEP	2026-10-07T17:19:13.6957001Z ##[end-action id=__leanprover_lean-action.__actions_cache;outcome=success;conclusion=success;duration_ms=65236]
Lean / Mathlib formalization	UNKNOWN STEP	2026-10-07T17:19:13.6958899Z ##[start-action display=detect mathlib;id=__leanprover_lean-action.detect-mathlib]
Lean / Mathlib formalization	UNKNOWN STEP	2026-10-07T17:19:13.6962971Z ##[end-action id=__leanprover_lean-action.detect-mathlib;outcome=skipped;conclusion=skipped;duration_ms=0]
Lean / Mathlib formalization	UNKNOWN STEP	2026-10-07T17:19:13.6964060Z ##[start-action display=get mathlib cache;id=__leanprover_lean-action.__run_3]
Lean / Mathlib formalization	UNKNOWN STEP	2026-10-07T17:19:13.7035253Z ##[group]Run : Get Mathlib Cache
Lean / Mathlib formalization	UNKNOWN STEP	2026-10-07T17:19:13.7035430Z ^[[36;1m: Get Mathlib Cache^[[0m
Lean / Mathlib formalization	UNKNOWN STEP	2026-10-07T17:19:13.7035572Z ^[[36;1mecho "::group::Mathlib Cache"^[[0m
Lean / Mathlib formalization	UNKNOWN STEP	2026-10-07T17:19:13.7035723Z ^[[36;1mlake exe cache get^[[0m
Lean / Mathlib formalization	UNKNOWN STEP	2026-10-07T17:19:13.7035888Z ^[[36;1mecho "::endgroup::"^[[0m
Lean / Mathlib formalization	UNKNOWN STEP	2026-10-07T17:19:13.7036030Z ^[[36;1mecho^[[0m
Lean / Mathlib formalization	UNKNOWN STEP	2026-10-07T17:19:13.9362558Z shell: /usr/bin/bash --noprofile --norc -e -o pipefail {0}
Lean / Mathlib formalization	UNKNOWN STEP	2026-10-07T17:19:13.9362765Z env:
Lean / Mathlib formalization	UNKNOWN STEP	2026-10-07T17:19:13.9362921Z   pythonLocation: /opt/hostedtoolcache/Python/3.12.15/x64
Lean / Mathlib formalization	UNKNOWN STEP	2026-10-07T17:19:13.9363161Z   PKG_CONFIG_PATH: /opt/hostedtoolcache/Python/3.12.15/x64/lib/pkgconfig
Lean / Mathlib formalization	UNKNOWN STEP	2026-10-07T17:19:13.9363397Z   Python_ROOT_DIR: /opt/hostedtoolcache/Python/3.12.15/x64
Lean / Mathlib formalization	UNKNOWN STEP	2026-10-07T17:19:13.9363609Z   Python2_ROOT_DIR: /opt/hostedtoolcache/Python/3.12.15/x64
Lean / Mathlib formalization	UNKNOWN STEP	2026-10-07T17:19:13.9363823Z   Python3_ROOT_DIR: /opt/hostedtoolcache/Python/3.12.15/x64
Lean / Mathlib formalization	UNKNOWN STEP	2026-10-07T17:19:13.9364046Z   LD_LIBRARY_PATH: /opt/hostedtoolcache/Python/3.12.15/x64/lib
Lean / Mathlib formalization	UNKNOWN STEP	2026-10-07T17:19:13.9364226Z ##[endgroup]
Lean / Mathlib formalization	UNKNOWN STEP	2026-10-07T17:19:13.9562153Z ##[group]Mathlib Cache
Lean / Mathlib formalization	UNKNOWN STEP	2026-10-07T17:19:17.5037205Z Current branch: HEAD
Lean / Mathlib formalization	UNKNOWN STEP	2026-10-07T17:19:17.5037561Z Using cache from origin: (some leanprover-community/mathlib4)
Lean / Mathlib formalization	UNKNOWN STEP	2026-10-07T17:19:17.5038380Z Attempting to download 8690 file(s) from leanprover-community/mathlib4 cache at https://lakecache.blob.core.windows.net/mathlib4-master
Lean / Mathlib formalization	UNKNOWN STEP	2026-10-07T17:19:18.3910958Z 
Lean / Mathlib formalization	UNKNOWN STEP	2026-10-07T17:19:18.4911829Z Downloaded: 1 file(s) [attempted 1/8690 = 0%, 24 KB/s], Decompressed: 0
Lean / Mathlib formalization	UNKNOWN STEP	2026-10-07T17:19:18.5914298Z Downloaded: 67 file(s) [attempted 67/8690 = 0%, 79 KB/s], Decompressed: 63
Lean / Mathlib formalization	UNKNOWN STEP	2026-10-07T17:19:18.6930813Z Downloaded: 150 file(s) [attempted 150/8690 = 1%, 1100 KB/s], Decompressed: 146
Lean / Mathlib formalization	UNKNOWN STEP	2026-10-07T17:19:18.7935433Z Downloaded: 237 file(s) [attempted 237/8690 = 2%, 243 KB/s], Decompressed: 234
Lean / Mathlib formalization	UNKNOWN STEP	2026-10-07T17:19:18.8966086Z Downloaded: 330 file(s) [attempted 330/8690 = 3%, 856 KB/s], Decompressed: 328
Lean / Mathlib formalization	UNKNOWN STEP	2026-10-07T17:19:18.9963431Z Downloaded: 437 file(s) [attempted 437/8690 = 5%, 1011 KB/s], Decompressed: 432
Lean / Mathlib formalization	UNKNOWN STEP	2026-10-07T17:19:19.0996757Z Downloaded: 534 file(s) [attempted 534/8690 = 6%, 1428 KB/s], Decompressed: 530
Lean / Mathlib formalization	UNKNOWN STEP	2026-10-07T17:19:19.2001890Z Downloaded: 626 file(s) [attempted 626/8690 = 7%, 179 KB/s], Decompressed: 624
Lean / Mathlib formalization	UNKNOWN STEP	2026-10-07T17:19:19.3031260Z Downloaded: 726 file(s) [attempted 726/8690 = 8%, 3116 KB/s], Decompressed: 724
Lean / Mathlib formalization	UNKNOWN STEP	2026-10-07T17:19:19.4046024Z Downloaded: 843 file(s) [attempted 843/8690 = 9%, 1550 KB/s], Decompressed: 841
Lean / Mathlib formalization	UNKNOWN STEP	2026-10-07T17:19:19.5095033Z Downloaded: 953 file(s) [attempted 953/8690 = 10%, 1234 KB/s], Decompressed: 950
Lean / Mathlib formalization	UNKNOWN STEP	2026-10-07T17:19:19.6099767Z Downloaded: 1062 file(s) [attempted 1062/8690 = 12%, 876 KB/s], Decompressed: 1060
Lean / Mathlib formalization	UNKNOWN STEP	2026-10-07T17:19:19.7102078Z Downloaded: 1155 file(s) [attempted 1155/8690 = 13%, 1368 KB/s], Decompressed: 1153
Lean / Mathlib formalization	UNKNOWN STEP	2026-10-07T17:19:19.8103741Z Downloaded: 1265 file(s) [attempted 1265/8690 = 14%, 865 KB/s], Decompressed: 1260
Lean / Mathlib formalization	UNKNOWN STEP	2026-10-07T17:19:19.9101821Z Downloaded: 1372 file(s) [attempted 1372/8690 = 15%, 150 KB/s], Decompressed: 1367
Lean / Mathlib formalization	UNKNOWN STEP	2026-10-07T17:19:20.0103110Z Downloaded: 1485 file(s) [attempted 1485/8690 = 17%, 768 KB/s], Decompressed: 1475
Lean / Mathlib formalization	UNKNOWN STEP	2026-10-07T17:19:20.1123600Z Downloaded: 1590 file(s) [attempted 1590/8690 = 18%, 362 KB/s], Decompressed: 1586
Lean / Mathlib formalization	UNKNOWN STEP	2026-10-07T17:19:20.2500509Z Downloaded: 1691 file(s) [attempted 1691/8690 = 19%, 354 KB/s], Decompressed: 1689
Lean / Mathlib formalization	UNKNOWN STEP	2026-10-07T17:19:20.3491618Z Downloaded: 1770 file(s) [attempted 1770/8690 = 20%, 805 KB/s], Decompressed: 1768
Lean / Mathlib formalization	UNKNOWN STEP	2026-10-07T17:19:20.4500003Z Downloaded: 1878 file(s) [attempted 1878/8690 = 21%, 428 KB/s], Decompressed: 1873
Lean / Mathlib formalization	UNKNOWN STEP	2026-10-07T17:19:20.5496778Z Downloaded: 1985 file(s) [attempted 1985/8690 = 22%, 207 KB/s], Decompressed: 1982
Lean / Mathlib formalization	UNKNOWN STEP	2026-10-07T17:19:20.6492674Z Downloaded: 2101 file(s) [attempted 2101/8690 = 24%, 869 KB/s], Decompressed: 2092
Lean / Mathlib formalization	UNKNOWN STEP	2026-10-07T17:19:20.7500542Z Downloaded: 2206 file(s) [attempted 2206/8690 = 25%, 2348 KB/s], Decompressed: 2201
Lean / Mathlib formalization	UNKNOWN STEP	2026-10-07T17:19:20.8503617Z Downloaded: 2309 file(s) [attempted 2309/8690 = 26%, 2582 KB/s], Decompressed: 2306
Lean / Mathlib formalization	UNKNOWN STEP	2026-10-07T17:19:20.9515398Z Downloaded: 2413 file(s) [attempted 2413/8690 = 27%, 2348 KB/s], Decompressed: 2411
Lean / Mathlib formalization	UNKNOWN STEP	2026-10-07T17:19:21.0530227Z Downloaded: 2518 file(s) [attempted 2518/8690 = 28%, 188 KB/s], Decompressed: 2516
Lean / Mathlib formalization	UNKNOWN STEP	2026-10-07T17:19:21.1571903Z Downloaded: 2630 file(s) [attempted 2630/8690 = 30%, 593 KB/s], Decompressed: 2625
Lean / Mathlib formalization	UNKNOWN STEP	2026-10-07T17:19:21.2588118Z Downloaded: 2744 file(s) [attempted 2744/8690 = 31%, 1056 KB/s], Decompressed: 2740
Lean / Mathlib formalization	UNKNOWN STEP	2026-10-07T17:19:21.3591264Z Downloaded: 2847 file(s) [attempted 2847/8690 = 32%, 95 KB/s], Decompressed: 2842
Lean / Mathlib formalization	UNKNOWN STEP	2026-10-07T17:19:21.4598826Z Downloaded: 2949 file(s) [attempted 2949/8690 = 33%, 253 KB/s], Decompressed: 2942
Lean / Mathlib formalization	UNKNOWN STEP	2026-10-07T17:19:21.5646901Z Downloaded: 3056 file(s) [attempted 3056/8690 = 35%, 1037 KB/s], Decompressed: 3054
Lean / Mathlib formalization	UNKNOWN STEP	2026-10-07T17:19:21.6657210Z Downloaded: 3161 file(s) [attempted 3161/8690 = 36%, 103 KB/s], Decompressed: 3157
Lean / Mathlib formalization	UNKNOWN STEP	2026-10-07T17:19:21.7656863Z Downloaded: 3268 file(s) [attempted 3268/8690 = 37%, 3552 KB/s], Decompressed: 3266
Lean / Mathlib formalization	UNKNOWN STEP	2026-10-07T17:19:21.8651637Z Downloaded: 3373 file(s) [attempted 3373/8690 = 38%, 473 KB/s], Decompressed: 3369
Lean / Mathlib formalization	UNKNOWN STEP	2026-10-07T17:19:21.9655183Z Downloaded: 3490 file(s) [attempted 3490/8690 = 40%, 1596 KB/s], Decompressed: 3487
Lean / Mathlib formalization	UNKNOWN STEP	2026-10-07T17:19:22.0662468Z Downloaded: 3599 file(s) [attempted 3599/8690 = 41%, 348 KB/s], Decompressed: 3595
Lean / Mathlib formalization	UNKNOWN STEP	2026-10-07T17:19:22.1662257Z Downloaded: 3709 file(s) [attempted 3709/8690 = 42%, 2060 KB/s], Decompressed: 3704
Lean / Mathlib formalization	UNKNOWN STEP	2026-10-07T17:19:22.2661868Z Downloaded: 3757 file(s) [attempted 3757/8690 = 43%, 877 KB/s], Decompressed: 3737
Lean / Mathlib formalization	UNKNOWN STEP	2026-10-07T17:19:22.3666457Z Downloaded: 3853 file(s) [attempted 3853/8690 = 44%, 2091 KB/s], Decompressed: 3837
Lean / Mathlib formalization	UNKNOWN STEP	2026-10-07T17:19:22.4774988Z Downloaded: 3967 file(s) [attempted 3967/8690 = 45%, 708 KB/s], Decompressed: 3946
Lean / Mathlib formalization	UNKNOWN STEP	2026-10-07T17:19:22.5798998Z Downloaded: 4075 file(s) [attempted 4075/8690 = 46%, 1338 KB/s], Decompressed: 4068
Lean / Mathlib formalization	UNKNOWN STEP	2026-10-07T17:19:22.6797839Z Downloaded: 4179 file(s) [attempted 4179/8690 = 48%, 805 KB/s], Decompressed: 4175
Lean / Mathlib formalization	UNKNOWN STEP	2026-10-07T17:19:22.7793253Z Downloaded: 4287 file(s) [attempted 4287/8690 = 49%, 72 KB/s], Decompressed: 4282
Lean / Mathlib formalization	UNKNOWN STEP	2026-10-07T17:19:22.8806303Z Downloaded: 4400 file(s) [attempted 4400/8690 = 50%, 364 KB/s], Decompressed: 4391
Lean / Mathlib formalization	UNKNOWN STEP	2026-10-07T17:19:22.9802364Z Downloaded: 4510 file(s) [attempted 4510/8690 = 51%, 635 KB/s], Decompressed: 4506
Lean / Mathlib formalization	UNKNOWN STEP	2026-10-07T17:19:23.0840517Z Downloaded: 4616 file(s) [attempted 4616/8690 = 53%, 586 KB/s], Decompressed: 4613
Lean / Mathlib formalization	UNKNOWN STEP	2026-10-07T17:19:23.1875777Z Downloaded: 4720 file(s) [attempted 4720/8690 = 54%, 1145 KB/s], Decompressed: 4718
Lean / Mathlib formalization	UNKNOWN STEP	2026-10-07T17:19:23.2873159Z Downloaded: 4815 file(s) [attempted 4815/8690 = 55%, 409 KB/s], Decompressed: 4813
Lean / Mathlib formalization	UNKNOWN STEP	2026-10-07T17:19:23.3883972Z Downloaded: 4932 file(s) [attempted 4932/8690 = 56%, 1708 KB/s], Decompressed: 4925
Lean / Mathlib formalization	UNKNOWN STEP	2026-10-07T17:19:23.4892797Z Downloaded: 5046 file(s) [attempted 5046/8690 = 58%, 657 KB/s], Decompressed: 5041
Lean / Mathlib formalization	UNKNOWN STEP	2026-10-07T17:19:23.5892943Z Downloaded: 5149 file(s) [attempted 5149/8690 = 59%, 241 KB/s], Decompressed: 5144
Lean / Mathlib formalization	UNKNOWN STEP	2026-10-07T17:19:23.6907536Z Downloaded: 5246 file(s) [attempted 5246/8690 = 60%, 2776 KB/s], Decompressed: 5244
Lean / Mathlib formalization	UNKNOWN STEP	2026-10-07T17:19:23.7921319Z Downloaded: 5354 file(s) [attempted 5354/8690 = 61%, 77 KB/s], Decompressed: 5351
Lean / Mathlib formalization	UNKNOWN STEP	2026-10-07T17:19:23.8913414Z Downloaded: 5465 file(s) [attempted 5465/8690 = 62%, 868 KB/s], Decompressed: 5463
Lean / Mathlib formalization	UNKNOWN STEP	2026-10-07T17:19:23.9920943Z Downloaded: 5575 file(s) [attempted 5575/8690 = 64%, 853 KB/s], Decompressed: 5573
Lean / Mathlib formalization	UNKNOWN STEP	2026-10-07T17:19:24.0953893Z Downloaded: 5691 file(s) [attempted 5691/8690 = 65%, 1708 KB/s], Decompressed: 5689
Lean / Mathlib formalization	UNKNOWN STEP	2026-10-07T17:19:24.1952239Z Downloaded: 5801 file(s) [attempted 5801/8690 = 66%, 343 KB/s], Decompressed: 5796
Lean / Mathlib formalization	UNKNOWN STEP	2026-10-07T17:19:24.2951919Z Downloaded: 5906 file(s) [attempted 5906/8690 = 67%, 600 KB/s], Decompressed: 5903
Lean / Mathlib formalization	UNKNOWN STEP	2026-10-07T17:19:24.3963561Z Downloaded: 6012 file(s) [attempted 6012/8690 = 69%, 2623 KB/s], Decompressed: 6008
Lean / Mathlib formalization	UNKNOWN STEP	2026-10-07T17:19:24.4979403Z Downloaded: 6122 file(s) [attempted 6122/8690 = 70%, 778 KB/s], Decompressed: 6120
Lean / Mathlib formalization	UNKNOWN STEP	2026-10-07T17:19:24.5998585Z Downloaded: 6223 file(s) [attempted 6223/8690 = 71%, 469 KB/s], Decompressed: 6216
Lean / Mathlib formalization	UNKNOWN STEP	2026-10-07T17:19:24.7000190Z Downloaded: 6327 file(s) [attempted 6327/8690 = 72%, 1562 KB/s], Decompressed: 6325
Lean / Mathlib formalization	UNKNOWN STEP	2026-10-07T17:19:24.8031084Z Downloaded: 6432 file(s) [attempted 6432/8690 = 74%, 796 KB/s], Decompressed: 6425
Lean / Mathlib formalization	UNKNOWN STEP	2026-10-07T17:19:24.9032086Z Downloaded: 6533 file(s) [attempted 6533/8690 = 75%, 1212 KB/s], Decompressed: 6523
Lean / Mathlib formalization	UNKNOWN STEP	2026-10-07T17:19:25.0034354Z Downloaded: 6642 file(s) [attempted 6642/8690 = 76%, 1699 KB/s], Decompressed: 6637
Lean / Mathlib formalization	UNKNOWN STEP	2026-10-07T17:19:25.1033040Z Downloaded: 6747 file(s) [attempted 6747/8690 = 77%, 3905 KB/s], Decompressed: 6738
Lean / Mathlib formalization	UNKNOWN STEP	2026-10-07T17:19:25.2037081Z Downloaded: 6856 file(s) [attempted 6856/8690 = 78%, 240 KB/s], Decompressed: 6854
Lean / Mathlib formalization	UNKNOWN STEP	2026-10-07T17:19:25.3040380Z Downloaded: 6957 file(s) [attempted 6957/8690 = 80%, 1330 KB/s], Decompressed: 6954
Lean / Mathlib formalization	UNKNOWN STEP	2026-10-07T17:19:25.4071310Z Downloaded: 7064 file(s) [attempted 7064/8690 = 81%, 307 KB/s], Decompressed: 7061
Lean / Mathlib formalization	UNKNOWN STEP	2026-10-07T17:19:25.5065110Z Downloaded: 7180 file(s) [attempted 7180/8690 = 82%, 657 KB/s], Decompressed: 7178
Lean / Mathlib formalization	UNKNOWN STEP	2026-10-07T17:19:25.6065484Z Downloaded: 7286 file(s) [attempted 7286/8690 = 83%, 3291 KB/s], Decompressed: 7283
Lean / Mathlib formalization	UNKNOWN STEP	2026-10-07T17:19:25.7082982Z Downloaded: 7399 file(s) [attempted 7399/8690 = 85%, 592 KB/s], Decompressed: 7395
Lean / Mathlib formalization	UNKNOWN STEP	2026-10-07T17:19:25.8083639Z Downloaded: 7506 file(s) [attempted 7506/8690 = 86%, 239 KB/s], Decompressed: 7504
Lean / Mathlib formalization	UNKNOWN STEP	2026-10-07T17:19:25.9089830Z Downloaded: 7617 file(s) [attempted 7617/8690 = 87%, 471 KB/s], Decompressed: 7613
Lean / Mathlib formalization	UNKNOWN STEP	2026-10-07T17:19:26.0092519Z Downloaded: 7721 file(s) [attempted 7721/8690 = 88%, 1385 KB/s], Decompressed: 7718
Lean / Mathlib formalization	UNKNOWN STEP	2026-10-07T17:19:26.1092448Z Downloaded: 7823 file(s) [attempted 7823/8690 = 90%, 1511 KB/s], Decompressed: 7821
Lean / Mathlib formalization	UNKNOWN STEP	2026-10-07T17:19:26.2111349Z Downloaded: 7941 file(s) [attempted 7941/8690 = 91%, 348 KB/s], Decompressed: 7930
Lean / Mathlib formalization	UNKNOWN STEP	2026-10-07T17:19:26.3119936Z Downloaded: 8045 file(s) [attempted 8045/8690 = 92%, 760 KB/s], Decompressed: 8042
Lean / Mathlib formalization	UNKNOWN STEP	2026-10-07T17:19:26.4112708Z Downloaded: 8149 file(s) [attempted 8149/8690 = 93%, 367 KB/s], Decompressed: 8145
Lean / Mathlib formalization	UNKNOWN STEP	2026-10-07T17:19:26.5123066Z Downloaded: 8257 file(s) [attempted 8257/8690 = 95%, 5316 KB/s], Decompressed: 8252
Lean / Mathlib formalization	UNKNOWN STEP	2026-10-07T17:19:26.6126477Z Downloaded: 8364 file(s) [attempted 8364/8690 = 96%, 190 KB/s], Decompressed: 8361
Lean / Mathlib formalization	UNKNOWN STEP	2026-10-07T17:19:26.7135694Z Downloaded: 8476 file(s) [attempted 8476/8690 = 97%, 1486 KB/s], Decompressed: 8469
Lean / Mathlib formalization	UNKNOWN STEP	2026-10-07T17:19:26.8132702Z Downloaded: 8583 file(s) [attempted 8583/8690 = 98%, 2760 KB/s], Decompressed: 8578
Lean / Mathlib formalization	UNKNOWN STEP	2026-10-07T17:19:26.8444846Z Downloaded: 8688 file(s) [attempted 8688/8690 = 99%, 1425 KB/s], Decompressed: 8685
Lean / Mathlib formalization	UNKNOWN STEP	2026-10-07T17:19:26.8445340Z Downloaded: 8690 file(s) [attempted 8690/8690 = 100%, 1425 KB/s], Decompressed: 8688
Lean / Mathlib formalization	UNKNOWN STEP	2026-10-07T17:19:27.4188119Z Decompressed 8690 file(s)
Lean / Mathlib formalization	UNKNOWN STEP	2026-10-07T17:19:27.4188403Z Already decompressed 8690 file(s)
Lean / Mathlib formalization	UNKNOWN STEP	2026-10-07T17:19:27.4571825Z ##[endgroup]
Lean / Mathlib formalization	UNKNOWN STEP	2026-10-07T17:19:27.4571976Z 
Lean / Mathlib formalization	UNKNOWN STEP	2026-10-07T17:19:27.4578185Z ##[end-action id=__leanprover_lean-action.__run_3;outcome=success;conclusion=success;duration_ms=13761]
Lean / Mathlib formalization	UNKNOWN STEP	2026-10-07T17:19:27.4590317Z ##[start-action display=build DakeBU/Automization-Sampling-Optimisation-Geometry-Lib;id=__leanprover_lean-action.build]
Lean / Mathlib formalization	UNKNOWN STEP	2026-10-07T17:19:27.4593119Z ##[end-action id=__leanprover_lean-action.build;outcome=skipped;conclusion=skipped;duration_ms=0]
Lean / Mathlib formalization	UNKNOWN STEP	2026-10-07T17:19:27.4594400Z ##[start-action display=Run actions/cache/save@caa296126883cff596d87d8935842f9db880ef25;id=__leanprover_lean-action.__actions_cache_2]
Lean / Mathlib formalization	UNKNOWN STEP	2026-10-07T17:19:27.7148666Z ##[group]Run actions/cache/save@caa296126883cff596d87d8935842f9db880ef25
Lean / Mathlib formalization	UNKNOWN STEP	2026-10-07T17:19:27.7148880Z with:
Lean / Mathlib formalization	UNKNOWN STEP	2026-10-07T17:19:27.7148987Z   path: ./.lake
Lean / Mathlib formalization	UNKNOWN STEP	2026-10-07T17:19:27.7149449Z   key: lake-Linux-X64-a4f1c540c0851e641d87133aa9cd01066f797f32d242b983c6f78fe58dcaaa8a-a24233a3048a36ce3f6a844dd8f630fcc185adf6db0aa5348bad52d966bfac50-9ea9ca0bf684e34abbc7e5b1626f324a1f3d12fa
Lean / Mathlib formalization	UNKNOWN STEP	2026-10-07T17:19:27.7150179Z   enableCrossOsArchive: false
Lean / Mathlib formalization	UNKNOWN STEP	2026-10-07T17:19:27.7150310Z env:
Lean / Mathlib formalization	UNKNOWN STEP	2026-10-07T17:19:27.7150460Z   pythonLocation: /opt/hostedtoolcache/Python/3.12.15/x64
Lean / Mathlib formalization	UNKNOWN STEP	2026-10-07T17:19:27.7150687Z   PKG_CONFIG_PATH: /opt/hostedtoolcache/Python/3.12.15/x64/lib/pkgconfig
Lean / Mathlib formalization	UNKNOWN STEP	2026-10-07T17:19:27.7150908Z   Python_ROOT_DIR: /opt/hostedtoolcache/Python/3.12.15/x64
Lean / Mathlib formalization	UNKNOWN STEP	2026-10-07T17:19:27.7151112Z   Python2_ROOT_DIR: /opt/hostedtoolcache/Python/3.12.15/x64
Lean / Mathlib formalization	UNKNOWN STEP	2026-10-07T17:19:27.7151323Z   Python3_ROOT_DIR: /opt/hostedtoolcache/Python/3.12.15/x64
Lean / Mathlib formalization	UNKNOWN STEP	2026-10-07T17:19:27.7151523Z   LD_LIBRARY_PATH: /opt/hostedtoolcache/Python/3.12.15/x64/lib
Lean / Mathlib formalization	UNKNOWN STEP	2026-10-07T17:19:27.7151692Z ##[endgroup]
Lean / Mathlib formalization	UNKNOWN STEP	2026-10-07T17:19:27.8094227Z [command]/usr/bin/tar --posix -cf cache.tzst --exclude cache.tzst -P -C /home/runner/work/Automization-Sampling-Optimisation-Geometry-Lib/Automization-Sampling-Optimisation-Geometry-Lib --files-from manifest.txt --use-compress-program zstdmt
Lean / Mathlib formalization	UNKNOWN STEP	2026-10-07T17:19:40.2613561Z Sent 0 of 2529791017 (0.0%), 0.0 MBs/sec
Lean / Mathlib formalization	UNKNOWN STEP	2026-10-07T17:19:41.2619740Z Sent 335544320 of 2529791017 (13.3%), 160.0 MBs/sec
Lean / Mathlib formalization	UNKNOWN STEP	2026-10-07T17:19:42.2659744Z Sent 536870912 of 2529791017 (21.2%), 170.6 MBs/sec
Lean / Mathlib formalization	UNKNOWN STEP	2026-10-07T17:19:43.2626077Z Sent 872415232 of 2529791017 (34.5%), 207.9 MBs/sec
Lean / Mathlib formalization	UNKNOWN STEP	2026-10-07T17:19:44.2662028Z Sent 1006632960 of 2529791017 (39.8%), 191.9 MBs/sec
Lean / Mathlib formalization	UNKNOWN STEP	2026-10-07T17:19:45.2635977Z Sent 1275068416 of 2529791017 (50.4%), 202.6 MBs/sec
Lean / Mathlib formalization	UNKNOWN STEP	2026-10-07T17:19:46.2642438Z Sent 1409286144 of 2529791017 (55.7%), 191.9 MBs/sec
Lean / Mathlib formalization	UNKNOWN STEP	2026-10-07T17:19:47.2645931Z Sent 1677721600 of 2529791017 (66.3%), 199.9 MBs/sec
Lean / Mathlib formalization	UNKNOWN STEP	2026-10-07T17:19:48.2643604Z Sent 1744830464 of 2529791017 (69.0%), 184.8 MBs/sec
Lean / Mathlib formalization	UNKNOWN STEP	2026-10-07T17:19:49.2692487Z Sent 1946157056 of 2529791017 (76.9%), 185.5 MBs/sec
Lean / Mathlib formalization	UNKNOWN STEP	2026-10-07T17:19:50.2659043Z Sent 1946157056 of 2529791017 (76.9%), 168.7 MBs/sec
Lean / Mathlib formalization	UNKNOWN STEP	2026-10-07T17:19:51.2656004Z Sent 2080374784 of 2529791017 (82.2%), 165.3 MBs/sec
Lean / Mathlib formalization	UNKNOWN STEP	2026-10-07T17:19:52.2661175Z Sent 2147483648 of 2529791017 (84.9%), 157.5 MBs/sec
Lean / Mathlib formalization	UNKNOWN STEP	2026-10-07T17:19:53.2670528Z Sent 2147483648 of 2529791017 (84.9%), 146.2 MBs/sec
Lean / Mathlib formalization	UNKNOWN STEP	2026-10-07T17:19:54.2664876Z Sent 2194246697 of 2529791017 (86.7%), 139.5 MBs/sec
Lean / Mathlib formalization	UNKNOWN STEP	2026-10-07T17:19:55.2665053Z Sent 2194246697 of 2529791017 (86.7%), 130.7 MBs/sec
Lean / Mathlib formalization	UNKNOWN STEP	2026-10-07T17:19:56.2670404Z Sent 2261355561 of 2529791017 (89.4%), 126.8 MBs/sec
Lean / Mathlib formalization	UNKNOWN STEP	2026-10-07T17:19:57.2677115Z Sent 2261355561 of 2529791017 (89.4%), 119.8 MBs/sec
Lean / Mathlib formalization	UNKNOWN STEP	2026-10-07T17:19:58.2674721Z Sent 2261355561 of 2529791017 (89.4%), 113.5 MBs/sec
Lean / Mathlib formalization	UNKNOWN STEP	2026-10-07T17:19:59.2675537Z Sent 2328464425 of 2529791017 (92.0%), 111.0 MBs/sec
Lean / Mathlib formalization	UNKNOWN STEP	2026-10-07T17:20:00.2674157Z Sent 2395573289 of 2529791017 (94.7%), 108.8 MBs/sec
Lean / Mathlib formalization	UNKNOWN STEP	2026-10-07T17:20:01.2676513Z Sent 2395573289 of 2529791017 (94.7%), 103.8 MBs/sec
Lean / Mathlib formalization	UNKNOWN STEP	2026-10-07T17:20:02.2673594Z Sent 2395573289 of 2529791017 (94.7%), 99.3 MBs/sec
Lean / Mathlib formalization	UNKNOWN STEP	2026-10-07T17:20:03.2677852Z Sent 2395573289 of 2529791017 (94.7%), 95.2 MBs/sec
Lean / Mathlib formalization	UNKNOWN STEP	2026-10-07T17:20:04.2686140Z Sent 2395573289 of 2529791017 (94.7%), 91.4 MBs/sec
Lean / Mathlib formalization	UNKNOWN STEP	2026-10-07T17:20:05.2685354Z Sent 2395573289 of 2529791017 (94.7%), 87.8 MBs/sec
Lean / Mathlib formalization	UNKNOWN STEP	2026-10-07T17:20:06.2692480Z Sent 2395573289 of 2529791017 (94.7%), 84.6 MBs/sec
Lean / Mathlib formalization	UNKNOWN STEP	2026-10-07T17:20:07.2694139Z Sent 2395573289 of 2529791017 (94.7%), 81.6 MBs/sec
Lean / Mathlib formalization	UNKNOWN STEP	2026-10-07T17:20:08.2701379Z Sent 2395573289 of 2529791017 (94.7%), 78.8 MBs/sec
Lean / Mathlib formalization	UNKNOWN STEP	2026-10-07T17:20:09.2712139Z Sent 2395573289 of 2529791017 (94.7%), 76.1 MBs/sec
Lean / Mathlib formalization	UNKNOWN STEP	2026-10-07T17:20:10.2734917Z Sent 2395573289 of 2529791017 (94.7%), 73.7 MBs/sec
Lean / Mathlib formalization	UNKNOWN STEP	2026-10-07T17:20:11.2741145Z Sent 2462682153 of 2529791017 (97.3%), 73.4 MBs/sec
Lean / Mathlib formalization	UNKNOWN STEP	2026-10-07T17:20:12.2754370Z Sent 2462682153 of 2529791017 (97.3%), 71.1 MBs/sec
Lean / Mathlib formalization	UNKNOWN STEP	2026-10-07T17:20:13.2766451Z Sent 2462682153 of 2529791017 (97.3%), 69.0 MBs/sec
Lean / Mathlib formalization	UNKNOWN STEP	2026-10-07T17:20:14.2776825Z Sent 2462682153 of 2529791017 (97.3%), 67.1 MBs/sec
Lean / Mathlib formalization	UNKNOWN STEP	2026-10-07T17:20:15.2790161Z Sent 2462682153 of 2529791017 (97.3%), 65.2 MBs/sec
Lean / Mathlib formalization	UNKNOWN STEP	2026-10-07T17:20:16.2806540Z Sent 2462682153 of 2529791017 (97.3%), 63.4 MBs/sec
Lean / Mathlib formalization	UNKNOWN STEP	2026-10-07T17:20:17.2814301Z Sent 2462682153 of 2529791017 (97.3%), 61.8 MBs/sec
Lean / Mathlib formalization	UNKNOWN STEP	2026-10-07T17:20:18.2825901Z Sent 2462682153 of 2529791017 (97.3%), 60.2 MBs/sec
Lean / Mathlib formalization	UNKNOWN STEP	2026-10-07T17:20:19.2849733Z Sent 2462682153 of 2529791017 (97.3%), 58.7 MBs/sec
Lean / Mathlib formalization	UNKNOWN STEP	2026-10-07T17:20:20.2865606Z Sent 2462682153 of 2529791017 (97.3%), 57.2 MBs/sec
Lean / Mathlib formalization	UNKNOWN STEP	2026-10-07T17:20:21.2880026Z Sent 2462682153 of 2529791017 (97.3%), 55.9 MBs/sec
Lean / Mathlib formalization	UNKNOWN STEP	2026-10-07T17:20:22.2893771Z Sent 2462682153 of 2529791017 (97.3%), 54.6 MBs/sec
Lean / Mathlib formalization	UNKNOWN STEP	2026-10-07T17:20:23.2902537Z Sent 2462682153 of 2529791017 (97.3%), 53.3 MBs/sec
Lean / Mathlib formalization	UNKNOWN STEP	2026-10-07T17:20:24.2911176Z Sent 2529791017 of 2529791017 (100.0%), 53.6 MBs/sec
Lean / Mathlib formalization	UNKNOWN STEP	2026-10-07T17:20:24.7641844Z Cache saved with key: lake-Linux-X64-a4f1c540c0851e641d87133aa9cd01066f797f32d242b983c6f78fe58dcaaa8a-a24233a3048a36ce3f6a844dd8f630fcc185adf6db0aa5348bad52d966bfac50-9ea9ca0bf684e34abbc7e5b1626f324a1f3d12fa
Lean / Mathlib formalization	UNKNOWN STEP	2026-10-07T17:20:24.7737290Z ##[end-action id=__leanprover_lean-action.__actions_cache_2;outcome=success;conclusion=success;duration_ms=57314]
Lean / Mathlib formalization	UNKNOWN STEP	2026-10-07T17:20:24.7742343Z ##[start-action display=test DakeBU/Automization-Sampling-Optimisation-Geometry-Lib;id=__leanprover_lean-action.test]
Lean / Mathlib formalization	UNKNOWN STEP	2026-10-07T17:20:24.7745039Z ##[end-action id=__leanprover_lean-action.test;outcome=skipped;conclusion=skipped;duration_ms=0]
Lean / Mathlib formalization	UNKNOWN STEP	2026-10-07T17:20:24.7746422Z ##[start-action display=lint DakeBU/Automization-Sampling-Optimisation-Geometry-Lib;id=__leanprover_lean-action.lint]
Lean / Mathlib formalization	UNKNOWN STEP	2026-10-07T17:20:24.7748472Z ##[end-action id=__leanprover_lean-action.lint;outcome=skipped;conclusion=skipped;duration_ms=0]
Lean / Mathlib formalization	UNKNOWN STEP	2026-10-07T17:20:24.7749376Z ##[start-action display=check reservoir eligibility;id=__leanprover_lean-action.__run_4]
Lean / Mathlib formalization	UNKNOWN STEP	2026-10-07T17:20:24.7751440Z ##[end-action id=__leanprover_lean-action.__run_4;outcome=skipped;conclusion=skipped;duration_ms=0]
Lean / Mathlib formalization	UNKNOWN STEP	2026-10-07T17:20:24.7752616Z ##[start-action display=check environment with leanchecker;id=__leanprover_lean-action.__run_5]
Lean / Mathlib formalization	UNKNOWN STEP	2026-10-07T17:20:24.7754849Z ##[end-action id=__leanprover_lean-action.__run_5;outcome=skipped;conclusion=skipped;duration_ms=0]
Lean / Mathlib formalization	UNKNOWN STEP	2026-10-07T17:20:24.7755825Z ##[start-action display=check environment with nanoda;id=__leanprover_lean-action.nanoda]
Lean / Mathlib formalization	UNKNOWN STEP	2026-10-07T17:20:24.7757379Z ##[end-action id=__leanprover_lean-action.nanoda;outcome=skipped;conclusion=skipped;duration_ms=0]
Lean / Mathlib formalization	UNKNOWN STEP	2026-10-07T17:20:24.7758417Z ##[start-action display=audit axioms with axiom-audit;id=__leanprover_lean-action.axiom-audit]
Lean / Mathlib formalization	UNKNOWN STEP	2026-10-07T17:20:24.7760313Z ##[end-action id=__leanprover_lean-action.axiom-audit;outcome=skipped;conclusion=skipped;duration_ms=0]
Lean / Mathlib formalization	UNKNOWN STEP	2026-10-07T17:20:24.7798151Z ##[group]Run python3 -m unittest \
Lean / Mathlib formalization	UNKNOWN STEP	2026-10-07T17:20:24.7798339Z ^[[36;1mpython3 -m unittest \^[[0m
Lean / Mathlib formalization	UNKNOWN STEP	2026-10-07T17:20:24.7798491Z ^[[36;1m  tools.tests.test_astis_formalizer \^[[0m
Lean / Mathlib formalization	UNKNOWN STEP	2026-10-07T17:20:24.7798662Z ^[[36;1m  tools.tests.test_astis_source \^[[0m
Lean / Mathlib formalization	UNKNOWN STEP	2026-10-07T17:20:24.7798820Z ^[[36;1m  tools.tests.test_astis_advance \^[[0m
Lean / Mathlib formalization	UNKNOWN STEP	2026-10-07T17:20:24.7798996Z ^[[36;1m  tools.tests.test_astis_semantic_roundtrip \^[[0m
Lean / Mathlib formalization	UNKNOWN STEP	2026-10-07T17:20:24.7799182Z ^[[36;1m  tools.tests.test_astis_publication \^[[0m
Lean / Mathlib formalization	UNKNOWN STEP	2026-10-07T17:20:24.7799345Z ^[[36;1m  tools.tests.test_atlas_memory^[[0m
Lean / Mathlib formalization	UNKNOWN STEP	2026-10-07T17:20:24.7799507Z ^[[36;1mpython3 tools/astis.py harness-test^[[0m
Lean / Mathlib formalization	UNKNOWN STEP	2026-10-07T17:20:24.7850915Z shell: /usr/bin/bash -e {0}
Lean / Mathlib formalization	UNKNOWN STEP	2026-10-07T17:20:24.7851167Z env:
Lean / Mathlib formalization	UNKNOWN STEP	2026-10-07T17:20:24.7851312Z   pythonLocation: /opt/hostedtoolcache/Python/3.12.15/x64
Lean / Mathlib formalization	UNKNOWN STEP	2026-10-07T17:20:24.7851545Z   PKG_CONFIG_PATH: /opt/hostedtoolcache/Python/3.12.15/x64/lib/pkgconfig
Lean / Mathlib formalization	UNKNOWN STEP	2026-10-07T17:20:24.7851797Z   Python_ROOT_DIR: /opt/hostedtoolcache/Python/3.12.15/x64
Lean / Mathlib formalization	UNKNOWN STEP	2026-10-07T17:20:24.7852002Z   Python2_ROOT_DIR: /opt/hostedtoolcache/Python/3.12.15/x64
Lean / Mathlib formalization	UNKNOWN STEP	2026-10-07T17:20:24.7852206Z   Python3_ROOT_DIR: /opt/hostedtoolcache/Python/3.12.15/x64
Lean / Mathlib formalization	UNKNOWN STEP	2026-10-07T17:20:24.7852408Z   LD_LIBRARY_PATH: /opt/hostedtoolcache/Python/3.12.15/x64/lib
Lean / Mathlib formalization	UNKNOWN STEP	2026-10-07T17:20:24.7852580Z ##[endgroup]
Lean / Mathlib formalization	UNKNOWN STEP	2026-10-07T17:21:00.6051096Z .......................................................................................
Lean / Mathlib formalization	UNKNOWN STEP	2026-10-07T17:21:00.6051442Z ----------------------------------------------------------------------
Lean / Mathlib formalization	UNKNOWN STEP	2026-10-07T17:21:00.6051733Z Ran 87 tests in 35.602s
Lean / Mathlib formalization	UNKNOWN STEP	2026-10-07T17:21:00.6051860Z 
Lean / Mathlib formalization	UNKNOWN STEP	2026-10-07T17:21:00.6051932Z OK
Lean / Mathlib formalization	UNKNOWN STEP	2026-10-07T17:21:00.9578499Z /home/runner/work/Automization-Sampling-Optimisation-Geometry-Lib/Automization-Sampling-Optimisation-Geometry-Lib/website/scripts/samplewiki_reader_contract.py:552: SyntaxWarning: invalid escape sequence '\('
Lean / Mathlib formalization	UNKNOWN STEP	2026-10-07T17:21:00.9579097Z   cases: list[dict[str, Any]],
Lean / Mathlib formalization	UNKNOWN STEP	2026-10-07T17:21:00.9579815Z /home/runner/work/Automization-Sampling-Optimisation-Geometry-Lib/Automization-Sampling-Optimisation-Geometry-Lib/website/scripts/samplewiki_reader_contract.py:547: SyntaxWarning: invalid escape sequence '\)'
Lean / Mathlib formalization	UNKNOWN STEP	2026-10-07T17:21:00.9580305Z   """
Lean / Mathlib formalization	UNKNOWN STEP	2026-10-07T17:21:00.9580754Z /home/runner/work/Automization-Sampling-Optimisation-Geometry-Lib/Automization-Sampling-Optimisation-Geometry-Lib/website/scripts/samplewiki_reader_contract.py:547: SyntaxWarning: invalid escape sequence '\)'
Lean / Mathlib formalization	UNKNOWN STEP	2026-10-07T17:21:00.9581231Z   """
Lean / Mathlib formalization	UNKNOWN STEP	2026-10-07T17:21:00.9805209Z test_blocked_advance_must_be_reclaimed_before_reentry (test_astis_advance.SubstantiveAdvanceHarnessTest.test_blocked_advance_must_be_reclaimed_before_reentry) ... ok
Lean / Mathlib formalization	UNKNOWN STEP	2026-10-07T17:21:00.9827894Z test_blocked_requires_a_strictly_smaller_boundary (test_astis_advance.SubstantiveAdvanceHarnessTest.test_blocked_requires_a_strictly_smaller_boundary) ... ok
Lean / Mathlib formalization	UNKNOWN STEP	2026-10-07T17:21:00.9847596Z test_conceptual_mirror_audit_rejects_unknown_discovery (test_astis_advance.SubstantiveAdvanceHarnessTest.test_conceptual_mirror_audit_rejects_unknown_discovery) ... ok
Lean / Mathlib formalization	UNKNOWN STEP	2026-10-07T17:21:00.9885665Z test_conceptual_mirror_discovery_is_typed_linked_and_independently_validated (test_astis_advance.SubstantiveAdvanceHarnessTest.test_conceptual_mirror_discovery_is_typed_linked_and_independently_validated) ... ok
Lean / Mathlib formalization	UNKNOWN STEP	2026-10-07T17:21:00.9914694Z test_discovery_bus_deduplicates_and_carries_cell_synthesis (test_astis_advance.SubstantiveAdvanceHarnessTest.test_discovery_bus_deduplicates_and_carries_cell_synthesis) ... ok
Lean / Mathlib formalization	UNKNOWN STEP	2026-10-07T17:21:00.9925834Z test_duplicate_active_fingerprint_normalizes_presentation (test_astis_advance.SubstantiveAdvanceHarnessTest.test_duplicate_active_fingerprint_normalizes_presentation) ... ok
Lean / Mathlib formalization	UNKNOWN STEP	2026-10-07T17:21:00.9982040Z test_full_advance_state_machine_and_single_stabilization_lane (test_astis_advance.SubstantiveAdvanceHarnessTest.test_full_advance_state_machine_and_single_stabilization_lane) ... ok
Lean / Mathlib formalization	UNKNOWN STEP	2026-10-07T17:21:00.9995397Z test_interrupted_tail_is_recovered (test_astis_advance.SubstantiveAdvanceHarnessTest.test_interrupted_tail_is_recovered) ... ok
Lean / Mathlib formalization	UNKNOWN STEP	2026-10-07T17:21:01.0031641Z test_no_progress_guard_freezes_fourth_unchanged_checkpoint (test_astis_advance.SubstantiveAdvanceHarnessTest.test_no_progress_guard_freezes_fourth_unchanged_checkpoint) ... ok
Lean / Mathlib formalization	UNKNOWN STEP	2026-10-07T17:21:01.0060815Z test_only_stabilization_owner_can_publish_merged (test_astis_advance.SubstantiveAdvanceHarnessTest.test_only_stabilization_owner_can_publish_merged) ... ok
Lean / Mathlib formalization	UNKNOWN STEP	2026-10-07T17:21:01.0081563Z test_proved_local_requires_conceptual_mirror_audit (test_astis_advance.SubstantiveAdvanceHarnessTest.test_proved_local_requires_conceptual_mirror_audit) ... ok
Lean / Mathlib formalization	UNKNOWN STEP	2026-10-07T17:21:01.0099029Z test_proved_local_requires_substantive_evidence (test_astis_advance.SubstantiveAdvanceHarnessTest.test_proved_local_requires_substantive_evidence) ... ok
Lean / Mathlib formalization	UNKNOWN STEP	2026-10-07T17:21:01.0120534Z test_verification_must_be_independent_and_evidenced (test_astis_advance.SubstantiveAdvanceHarnessTest.test_verification_must_be_independent_and_evidenced) ... ok
Lean / Mathlib formalization	UNKNOWN STEP	2026-10-07T17:21:01.0148450Z test_verified_reentry_returns_to_original_worker (test_astis_advance.SubstantiveAdvanceHarnessTest.test_verified_reentry_returns_to_original_worker) ... ok
Lean / Mathlib formalization	UNKNOWN STEP	2026-10-07T17:21:01.0165987Z test_worker_lane_is_owned_end_to_end (test_astis_advance.SubstantiveAdvanceHarnessTest.test_worker_lane_is_owned_end_to_end) ... ok
Lean / Mathlib formalization	UNKNOWN STEP	2026-10-07T17:21:01.0446405Z test_binding_edit_does_not_select_sibling (test_astis_contributor_contract.MetadataScopeTest.test_binding_edit_does_not_select_sibling) ... ok
Lean / Mathlib formalization	UNKNOWN STEP	2026-10-07T17:21:01.0628580Z test_changed_unbound_planned_cell_needs_contract (test_astis_contributor_contract.MetadataScopeTest.test_changed_unbound_planned_cell_needs_contract) ... ok
Lean / Mathlib formalization	UNKNOWN STEP	2026-10-07T17:21:01.0778376Z test_ci_requires_base_instead_of_assuming_head_parent (test_astis_contributor_contract.MetadataScopeTest.test_ci_requires_base_instead_of_assuming_head_parent) ... ok
Lean / Mathlib formalization	UNKNOWN STEP	2026-10-07T17:21:01.1075027Z test_ci_zero_base_never_falls_back_to_last_commit (test_astis_contributor_contract.MetadataScopeTest.test_ci_zero_base_never_falls_back_to_last_commit) ... ok
Lean / Mathlib formalization	UNKNOWN STEP	2026-10-07T17:21:01.1260273Z test_deleted_lesson_keeps_original_target (test_astis_contributor_contract.MetadataScopeTest.test_deleted_lesson_keeps_original_target) ... ok
Lean / Mathlib formalization	UNKNOWN STEP	2026-10-07T17:21:01.1407822Z test_explicit_base_wins_over_environment (test_astis_contributor_contract.MetadataScopeTest.test_explicit_base_wins_over_environment) ... ok
Lean / Mathlib formalization	UNKNOWN STEP	2026-10-07T17:21:01.1551290Z test_initial_main_push_requires_explicit_base (test_astis_contributor_contract.MetadataScopeTest.test_initial_main_push_requires_explicit_base) ... ok
Lean / Mathlib formalization	UNKNOWN STEP	2026-10-07T17:21:01.1787029Z test_lesson_and_publication_filenames_cannot_hide_changes (test_astis_contributor_contract.MetadataScopeTest.test_lesson_and_publication_filenames_cannot_hide_changes) ... ok
Lean / Mathlib formalization	UNKNOWN STEP	2026-10-07T17:21:01.1970372Z test_malformed_metadata_fails_closed (test_astis_contributor_contract.MetadataScopeTest.test_malformed_metadata_fails_closed) ... ok
Lean / Mathlib formalization	UNKNOWN STEP	2026-10-07T17:21:01.2107820Z test_no_base_fails_instead_of_empty_pass (test_astis_contributor_contract.MetadataScopeTest.test_no_base_fails_instead_of_empty_pass) ... ok
Lean / Mathlib formalization	UNKNOWN STEP	2026-10-07T17:21:01.2275258Z test_no_changes_is_explicitly_empty (test_astis_contributor_contract.MetadataScopeTest.test_no_changes_is_explicitly_empty) ... ok
Lean / Mathlib formalization	UNKNOWN STEP	2026-10-07T17:21:01.2467186Z test_no_targets_prints_na_not_pass (test_astis_contributor_contract.MetadataScopeTest.test_no_targets_prints_na_not_pass) ... ok
Lean / Mathlib formalization	UNKNOWN STEP	2026-10-07T17:21:01.2752288Z test_production_targets_still_require_coverage (test_astis_contributor_contract.MetadataScopeTest.test_production_targets_still_require_coverage) ... ok
Lean / Mathlib formalization	UNKNOWN STEP	2026-10-07T17:21:01.3009139Z test_removed_binding_cannot_disappear_from_review (test_astis_contributor_contract.MetadataScopeTest.test_removed_binding_cannot_disappear_from_review) ... ok
Lean / Mathlib formalization	UNKNOWN STEP	2026-10-07T17:21:01.3193052Z test_removed_cell_contract_is_selected_and_rejected (test_astis_contributor_contract.MetadataScopeTest.test_removed_cell_contract_is_selected_and_rejected) ... ok
Lean / Mathlib formalization	UNKNOWN STEP	2026-10-07T17:21:01.3375164Z test_removed_publication_file_keeps_all_old_bindings (test_astis_contributor_contract.MetadataScopeTest.test_removed_publication_file_keeps_all_old_bindings) ... ok
Lean / Mathlib formalization	UNKNOWN STEP	2026-10-07T17:21:01.3556063Z test_source_edit_selects_all_its_bindings (test_astis_contributor_contract.MetadataScopeTest.test_source_edit_selects_all_its_bindings) ... ok
Lean / Mathlib formalization	UNKNOWN STEP	2026-10-07T17:21:01.3689440Z test_unchanged_unbound_inventory_is_not_certified (test_astis_contributor_contract.MetadataScopeTest.test_unchanged_unbound_inventory_is_not_certified) ... ok
Lean / Mathlib formalization	UNKNOWN STEP	2026-10-07T17:21:01.3857449Z test_untracked_lesson_is_checked (test_astis_contributor_contract.MetadataScopeTest.test_untracked_lesson_is_checked) ... ok
Lean / Mathlib formalization	UNKNOWN STEP	2026-10-07T17:21:01.3858070Z test_empty_input_is_rejected (test_astis_formalizer.FormalizerTests.test_empty_input_is_rejected) ... ok
Lean / Mathlib formalization	UNKNOWN STEP	2026-10-07T17:21:01.3881088Z test_poincare_template_returns_typed_candidate (test_astis_formalizer.FormalizerTests.test_poincare_template_returns_typed_candidate) ... ok
Lean / Mathlib formalization	UNKNOWN STEP	2026-10-07T17:21:01.3902120Z test_unknown_formula_remains_unresolved (test_astis_formalizer.FormalizerTests.test_unknown_formula_remains_unresolved) ... ok
Lean / Mathlib formalization	UNKNOWN STEP	2026-10-07T17:21:01.3902771Z test_role_artifact_schema_is_restored_per_role (test_astis_harness.FrontierReplayTests.test_role_artifact_schema_is_restored_per_role) ... ok
Lean / Mathlib formalization	UNKNOWN STEP	2026-10-07T17:21:01.3903238Z test_role_preflight_is_role_specific (test_astis_harness.FrontierReplayTests.test_role_preflight_is_role_specific) ... ok
Lean / Mathlib formalization	UNKNOWN STEP	2026-10-07T17:21:01.4800244Z test_shadow_replay_ignores_stale_cycle_28_frontier (test_astis_harness.FrontierReplayTests.test_shadow_replay_ignores_stale_cycle_28_frontier) ... ok
Lean / Mathlib formalization	UNKNOWN STEP	2026-10-07T17:21:01.4801417Z test_bounded_capsule_preserves_exact_assumptions (test_astis_harness.HarnessMemoryTests.test_bounded_capsule_preserves_exact_assumptions) ... ok
Lean / Mathlib formalization	UNKNOWN STEP	2026-10-07T17:21:01.4825477Z test_immutable_branch_tree_restores_exact_contract (test_astis_harness.HarnessMemoryTests.test_immutable_branch_tree_restores_exact_contract) ... ok
Lean / Mathlib formalization	UNKNOWN STEP	2026-10-07T17:21:01.4826465Z test_statement_fence_ignores_proof_body (test_astis_harness.HarnessMemoryTests.test_statement_fence_ignores_proof_body) ... ok
Lean / Mathlib formalization	UNKNOWN STEP	2026-10-07T17:21:01.4840980Z test_typed_memory_requires_exact_fields_and_supersession (test_astis_harness.HarnessMemoryTests.test_typed_memory_requires_exact_fields_and_supersession) ... ok
Lean / Mathlib formalization	UNKNOWN STEP	2026-10-07T17:21:01.5230027Z test_concurrent_append_serializes_complete_records (test_astis_harness.HarnessStorageTests.test_concurrent_append_serializes_complete_records) ... ok
Lean / Mathlib formalization	UNKNOWN STEP	2026-10-07T17:21:01.5288409Z test_concurrent_memory_check_and_append_is_one_transaction (test_astis_harness.HarnessStorageTests.test_concurrent_memory_check_and_append_is_one_transaction) ... ok
Lean / Mathlib formalization	UNKNOWN STEP	2026-10-07T17:21:01.5302315Z test_interrupted_append_is_recovered (test_astis_harness.HarnessStorageTests.test_interrupted_append_is_recovered) ... ok
Lean / Mathlib formalization	UNKNOWN STEP	2026-10-07T17:21:01.5316760Z test_interrupted_role_is_closed_once (test_astis_harness.HarnessStorageTests.test_interrupted_role_is_closed_once) ... ok
Lean / Mathlib formalization	UNKNOWN STEP	2026-10-07T17:21:01.5335754Z test_changed_candidate_resets_repeat_counter (test_astis_harness.RoutePolicyTests.test_changed_candidate_resets_repeat_counter) ... ok
Lean / Mathlib formalization	UNKNOWN STEP	2026-10-07T17:21:01.5336594Z test_faux_provider_retry_policy (test_astis_harness.RoutePolicyTests.test_faux_provider_retry_policy) ... ok
Lean / Mathlib formalization	UNKNOWN STEP	2026-10-07T17:21:01.5337320Z test_retry_only_transient_provider_failures (test_astis_harness.RoutePolicyTests.test_retry_only_transient_provider_failures) ... ok
Lean / Mathlib formalization	UNKNOWN STEP	2026-10-07T17:21:01.5338124Z test_steering_precedes_followup_and_preserves_fifo (test_astis_harness.RoutePolicyTests.test_steering_precedes_followup_and_preserves_fifo) ... ok
Lean / Mathlib formalization	UNKNOWN STEP	2026-10-07T17:21:01.5356595Z test_two_unchanged_repeats_freeze_route (test_astis_harness.RoutePolicyTests.test_two_unchanged_repeats_freeze_route) ... ok
Lean / Mathlib formalization	UNKNOWN STEP	2026-10-07T17:21:01.5392412Z test_create_and_replace_unicode_text_in_new_directory (test_astis_harness_portable_lock.AtomicPublishTests.test_create_and_replace_unicode_text_in_new_directory) ... ok
Lean / Mathlib formalization	UNKNOWN STEP	2026-10-07T17:21:01.5416662Z test_payload_sync_failure_preserves_target_and_cleans_staging (test_astis_harness_portable_lock.AtomicPublishTests.test_payload_sync_failure_preserves_target_and_cleans_staging) ... ok
Lean / Mathlib formalization	UNKNOWN STEP	2026-10-07T17:21:01.5422751Z test_posix_replace_precedes_directory_fsync (test_astis_harness_portable_lock.AtomicPublishTests.test_posix_replace_precedes_directory_fsync) ... ok
Lean / Mathlib formalization	UNKNOWN STEP	2026-10-07T17:21:02.0359044Z test_staged_publish_preserves_old_visibility_and_serializes_writers (test_astis_harness_portable_lock.AtomicPublishTests.test_staged_publish_preserves_old_visibility_and_serializes_writers) ... ok
Lean / Mathlib formalization	UNKNOWN STEP	2026-10-07T17:21:02.4106575Z test_windows_native_failure_preserves_target_and_releases_lock (test_astis_harness_portable_lock.AtomicPublishTests.test_windows_native_failure_preserves_target_and_releases_lock) ... skipped 'Windows native sharing contract'
Lean / Mathlib formalization	UNKNOWN STEP	2026-10-07T17:21:02.4107812Z test_windows_publish_does_not_claim_directory_fsync (test_astis_harness_portable_lock.AtomicPublishTests.test_windows_publish_does_not_claim_directory_fsync) ... skipped 'Windows publication contract'
Lean / Mathlib formalization	UNKNOWN STEP	2026-10-07T17:21:02.4108583Z test_windows_requests_replace_and_write_through_without_copy_fallback (test_astis_harness_portable_lock.AtomicPublishTests.test_windows_requests_replace_and_write_through_without_copy_fallback) ... skipped 'Windows native write-through contract'
Lean / Mathlib formalization	UNKNOWN STEP	2026-10-07T17:21:02.4109341Z test_cross_process_exclusion_and_normal_release (test_astis_harness_portable_lock.PortableLockTests.test_cross_process_exclusion_and_normal_release) ... ok
Lean / Mathlib formalization	UNKNOWN STEP	2026-10-07T17:21:02.4810787Z test_distinct_paths_do_not_block_each_other (test_astis_harness_portable_lock.PortableLockTests.test_distinct_paths_do_not_block_each_other) ... ok
Lean / Mathlib formalization	UNKNOWN STEP	2026-10-07T17:21:02.8553957Z test_exception_releases_lock_for_waiting_process (test_astis_harness_portable_lock.PortableLockTests.test_exception_releases_lock_for_waiting_process) ... ok
Lean / Mathlib formalization	UNKNOWN STEP	2026-10-07T17:21:03.2308469Z test_nonempty_lock_file_preserves_exclusion_and_contents (test_astis_harness_portable_lock.PortableLockTests.test_nonempty_lock_file_preserves_exclusion_and_contents) ... ok
Lean / Mathlib formalization	UNKNOWN STEP	2026-10-07T17:21:03.6694084Z test_process_termination_releases_lock (test_astis_harness_portable_lock.PortableLockTests.test_process_termination_releases_lock) ... ok
Lean / Mathlib formalization	UNKNOWN STEP	2026-10-07T17:21:04.0439299Z test_resolved_path_alias_uses_same_lock (test_astis_harness_portable_lock.PortableLockTests.test_resolved_path_alias_uses_same_lock) ... ok
Lean / Mathlib formalization	UNKNOWN STEP	2026-10-07T17:21:04.0440130Z test_windows_case_alias_uses_same_lock (test_astis_harness_portable_lock.PortableLockTests.test_windows_case_alias_uses_same_lock) ... skipped 'Windows paths are case-insensitive'
Lean / Mathlib formalization	UNKNOWN STEP	2026-10-07T17:21:04.0440792Z test_windows_contention_retries_without_attempt_limit (test_astis_harness_portable_lock.PortableLockTests.test_windows_contention_retries_without_attempt_limit) ... skipped 'Windows locking error contract'
Lean / Mathlib formalization	UNKNOWN STEP	2026-10-07T17:21:04.0441537Z test_windows_unrelated_error_is_not_retried_or_unlocked (test_astis_harness_portable_lock.PortableLockTests.test_windows_unrelated_error_is_not_retried_or_unlocked) ... skipped 'Windows locking error contract'
Lean / Mathlib formalization	UNKNOWN STEP	2026-10-07T17:21:04.5612917Z test_basic_auth_guards_static_and_api_routes (test_astis_ide_server.SamplinglibIDEAuthTest.test_basic_auth_guards_static_and_api_routes) ... ok
Lean / Mathlib formalization	UNKNOWN STEP	2026-10-07T17:21:05.0743477Z test_assistant_fails_closed_without_server_credentials (test_astis_ide_server.SamplinglibIDEServerTest.test_assistant_fails_closed_without_server_credentials) ... ok
Lean / Mathlib formalization	UNKNOWN STEP	2026-10-07T17:21:05.5759413Z test_bounded_workspace_context_and_response_parser (test_astis_ide_server.SamplinglibIDEServerTest.test_bounded_workspace_context_and_response_parser) ... ok
Lean / Mathlib formalization	UNKNOWN STEP	2026-10-07T17:21:06.0889951Z test_compile_fails_closed_on_toolchain_mismatch (test_astis_ide_server.SamplinglibIDEServerTest.test_compile_fails_closed_on_toolchain_mismatch) ... ok
Lean / Mathlib formalization	UNKNOWN STEP	2026-10-07T17:21:07.7052172Z test_compile_success_and_failure (test_astis_ide_server.SamplinglibIDEServerTest.test_compile_success_and_failure) ... ok
Lean / Mathlib formalization	UNKNOWN STEP	2026-10-07T17:21:08.2213188Z test_health_and_formalizer_contract (test_astis_ide_server.SamplinglibIDEServerTest.test_health_and_formalizer_contract) ... ok
Lean / Mathlib formalization	UNKNOWN STEP	2026-10-07T17:21:08.2287704Z test_current_process_memory_validates (test_astis_process_memory.ProcessMemoryTests.test_current_process_memory_validates) ... ok
Lean / Mathlib formalization	UNKNOWN STEP	2026-10-07T17:21:08.2290458Z test_parallel_schema3_requires_cross_route_audit (test_astis_process_memory.ProcessMemoryTests.test_parallel_schema3_requires_cross_route_audit) ... ok
Lean / Mathlib formalization	UNKNOWN STEP	2026-10-07T17:21:08.2291449Z test_schema3_learning_contract_passes (test_astis_process_memory.ProcessMemoryTests.test_schema3_learning_contract_passes) ... ok
Lean / Mathlib formalization	UNKNOWN STEP	2026-10-07T17:21:08.2357876Z test_anonymous_public_unicode_and_private_axiom_fail_closed (test_astis_publication.PrivateImplementationCoverageTest.test_anonymous_public_unicode_and_private_axiom_fail_closed) ... ok
Lean / Mathlib formalization	UNKNOWN STEP	2026-10-07T17:21:08.2379077Z test_comments_strings_and_prior_commands_are_not_modifiers (test_astis_publication.PrivateImplementationCoverageTest.test_comments_strings_and_prior_commands_are_not_modifiers) ... ok
Lean / Mathlib formalization	UNKNOWN STEP	2026-10-07T17:21:08.2385482Z test_named_and_anonymous_private_implementations_have_explicit_owners (test_astis_publication.PrivateImplementationCoverageTest.test_named_and_anonymous_private_implementations_have_explicit_owners) ... ok
Lean / Mathlib formalization	UNKNOWN STEP	2026-10-07T17:21:08.2403630Z test_owner_requires_exact_module_fresh_digest_review_and_validator (test_astis_publication.PrivateImplementationCoverageTest.test_owner_requires_exact_module_fresh_digest_review_and_validator) ... ok
Lean / Mathlib formalization	UNKNOWN STEP	2026-10-07T17:21:08.2414740Z test_public_declarations_cannot_inherit_coverage (test_astis_publication.PrivateImplementationCoverageTest.test_public_declarations_cannot_inherit_coverage) ... ok
Lean / Mathlib formalization	UNKNOWN STEP	2026-10-07T17:21:11.2963615Z test_absent_declaration_rejected (test_astis_publication.PublicationTest.test_absent_declaration_rejected) ... ok
Lean / Mathlib formalization	UNKNOWN STEP	2026-10-07T17:21:11.4299042Z test_actual_owner_module_not_namespace (test_astis_publication.PublicationTest.test_actual_owner_module_not_namespace) ... ok
Lean / Mathlib formalization	UNKNOWN STEP	2026-10-07T17:21:11.6194577Z test_assumption_ledger_mandatory (test_astis_publication.PublicationTest.test_assumption_ledger_mandatory) ... ok
Lean / Mathlib formalization	UNKNOWN STEP	2026-10-07T17:21:15.4770514Z test_bounded_graph_report_and_no_absent_output_fallback (test_astis_publication.PublicationTest.test_bounded_graph_report_and_no_absent_output_fallback) ... ok
Lean / Mathlib formalization	UNKNOWN STEP	2026-10-07T17:21:15.6657038Z test_cannot_attach_an_unrelated_verified_cell (test_astis_publication.PublicationTest.test_cannot_attach_an_unrelated_verified_cell) ... ok
Lean / Mathlib formalization	UNKNOWN STEP	2026-10-07T17:21:15.8848147Z test_changed_legacy_requires_real_review (test_astis_publication.PublicationTest.test_changed_legacy_requires_real_review) ... ok
Lean / Mathlib formalization	UNKNOWN STEP	2026-10-07T17:21:15.9988958Z test_changed_source_or_prose_invalidates_binding (test_astis_publication.PublicationTest.test_changed_source_or_prose_invalidates_binding) ... ok
Lean / Mathlib formalization	UNKNOWN STEP	2026-10-07T17:21:16.9047426Z test_chapter_path_progress_aggregates_all_source_sections (test_astis_publication.PublicationTest.test_chapter_path_progress_aggregates_all_source_sections) ... ok
Lean / Mathlib formalization	UNKNOWN STEP	2026-10-07T17:21:21.9382953Z test_claimed_cell_does_not_get_proof_component_label (test_astis_publication.PublicationTest.test_claimed_cell_does_not_get_proof_component_label) ... ok
Lean / Mathlib formalization	UNKNOWN STEP	2026-10-07T17:21:22.1005467Z test_companion_pages_exist_before_publication_projection (test_astis_publication.PublicationTest.test_companion_pages_exist_before_publication_projection) ... ok
Lean / Mathlib formalization	UNKNOWN STEP	2026-10-07T17:21:23.0428759Z test_contribution_chapter_progress_drift_rejected (test_astis_publication.PublicationTest.test_contribution_chapter_progress_drift_rejected) ... ok
Lean / Mathlib formalization	UNKNOWN STEP	2026-10-07T17:21:24.0171205Z test_contribution_graph_has_owned_nodes_and_typed_connections (test_astis_publication.PublicationTest.test_contribution_graph_has_owned_nodes_and_typed_connections) ... ok
Lean / Mathlib formalization	UNKNOWN STEP	2026-10-07T17:21:25.2132974Z test_contribution_missing_duplicate_stale_or_false_blue_rejected (test_astis_publication.PublicationTest.test_contribution_missing_duplicate_stale_or_false_blue_rejected) ... ok
Lean / Mathlib formalization	UNKNOWN STEP	2026-10-07T17:21:26.3587747Z test_contribution_missing_or_mistyped_edges_rejected (test_astis_publication.PublicationTest.test_contribution_missing_or_mistyped_edges_rejected) ... ok
Lean / Mathlib formalization	UNKNOWN STEP	2026-10-07T17:21:26.5839922Z test_current_migration_is_explicit_not_certified (test_astis_publication.PublicationTest.test_current_migration_is_explicit_not_certified) ... ok
Lean / Mathlib formalization	UNKNOWN STEP	2026-10-07T17:21:26.8275652Z test_definition_cannot_earn_proof_credit (test_astis_publication.PublicationTest.test_definition_cannot_earn_proof_credit) ... ok
Lean / Mathlib formalization	UNKNOWN STEP	2026-10-07T17:21:26.9436862Z test_diff_gate_fails_closed_on_unindexed_unicode (test_astis_publication.PublicationTest.test_diff_gate_fails_closed_on_unindexed_unicode) ... ok
Lean / Mathlib formalization	UNKNOWN STEP	2026-10-07T17:21:27.1681725Z test_draft_is_not_verification (test_astis_publication.PublicationTest.test_draft_is_not_verification) ... ok
Lean / Mathlib formalization	UNKNOWN STEP	2026-10-07T17:21:29.2525152Z test_each_proof_keeps_its_own_assumptions_and_provenance_adjacent (test_astis_publication.PublicationTest.test_each_proof_keeps_its_own_assumptions_and_provenance_adjacent) ... ok
Lean / Mathlib formalization	UNKNOWN STEP	2026-10-07T17:21:29.3950967Z test_legacy_hash_is_fixed_not_user_selected (test_astis_publication.PublicationTest.test_legacy_hash_is_fixed_not_user_selected) ... ok
Lean / Mathlib formalization	UNKNOWN STEP	2026-10-07T17:21:29.6301548Z test_lesson_dependency_is_an_exact_declaration_not_prose (test_astis_publication.PublicationTest.test_lesson_dependency_is_an_exact_declaration_not_prose) ... ok
Lean / Mathlib formalization	UNKNOWN STEP	2026-10-07T17:21:29.7475222Z test_metadata_only_release_still_requires_review (test_astis_publication.PublicationTest.test_metadata_only_release_still_requires_review) ... ok
Lean / Mathlib formalization	UNKNOWN STEP	2026-10-07T17:21:29.9789801Z test_missing_changed_mapping_rejected (test_astis_publication.PublicationTest.test_missing_changed_mapping_rejected) ... ok
Lean / Mathlib formalization	UNKNOWN STEP	2026-10-07T17:21:30.1673886Z test_missing_lesson_rejected (test_astis_publication.PublicationTest.test_missing_lesson_rejected) ... ok
Lean / Mathlib formalization	UNKNOWN STEP	2026-10-07T17:21:30.3186698Z test_multiline_attribute_and_truncated_name_do_not_bypass (test_astis_publication.PublicationTest.test_multiline_attribute_and_truncated_name_do_not_bypass) ... ok
Lean / Mathlib formalization	UNKNOWN STEP	2026-10-07T17:21:30.4741967Z test_new_default_harness_schema_requires_publication (test_astis_publication.PublicationTest.test_new_default_harness_schema_requires_publication) ... ok
Lean / Mathlib formalization	UNKNOWN STEP	2026-10-07T17:21:30.5805111Z test_no_new_legacy_optout (test_astis_publication.PublicationTest.test_no_new_legacy_optout) ... ok
Lean / Mathlib formalization	UNKNOWN STEP	2026-10-07T17:21:30.7251466Z test_packet_is_bounded_and_not_decoder_input (test_astis_publication.PublicationTest.test_packet_is_bounded_and_not_decoder_input) ... ok
Lean / Mathlib formalization	UNKNOWN STEP	2026-10-07T17:21:31.6655631Z test_paper_frontier_container_uses_the_same_publication_contract (test_astis_publication.PublicationTest.test_paper_frontier_container_uses_the_same_publication_contract) ... ok
Lean / Mathlib formalization	UNKNOWN STEP	2026-10-07T17:21:31.8218350Z test_prerequisite_does_not_credit_a_proof (test_astis_publication.PublicationTest.test_prerequisite_does_not_credit_a_proof) ... ok
Lean / Mathlib formalization	UNKNOWN STEP	2026-10-07T17:21:34.0680925Z test_reader_embeds_statement_proof_and_separate_lean (test_astis_publication.PublicationTest.test_reader_embeds_statement_proof_and_separate_lean) ... ok
Lean / Mathlib formalization	UNKNOWN STEP	2026-10-07T17:21:36.2148822Z test_reader_keeps_unbound_obligation_open (test_astis_publication.PublicationTest.test_reader_keeps_unbound_obligation_open) ... ok
Lean / Mathlib formalization	UNKNOWN STEP	2026-10-07T17:21:38.3884454Z test_reader_labels_verified_prerequisites_without_claiming_a_proof_edge (test_astis_publication.PublicationTest.test_reader_labels_verified_prerequisites_without_claiming_a_proof_edge) ... ok
Lean / Mathlib formalization	UNKNOWN STEP	2026-10-07T17:21:41.6479507Z test_real_harness_gate_rejects_invented_audit (test_astis_publication.PublicationTest.test_real_harness_gate_rejects_invented_audit) ... ok
Lean / Mathlib formalization	UNKNOWN STEP	2026-10-07T17:21:41.8065943Z test_registry_metadata_exemption_does_not_hide_mathematics (test_astis_publication.PublicationTest.test_registry_metadata_exemption_does_not_hide_mathematics) ... ok
Lean / Mathlib formalization	UNKNOWN STEP	2026-10-07T17:21:41.9211006Z test_review_packet_changes_but_blind_decoder_stays_blind (test_astis_publication.PublicationTest.test_review_packet_changes_but_blind_decoder_stays_blind) ... ok
Lean / Mathlib formalization	UNKNOWN STEP	2026-10-07T17:21:42.0707551Z test_reviewed_pullback_is_partial_not_chapter_completion (test_astis_publication.PublicationTest.test_reviewed_pullback_is_partial_not_chapter_completion) ... ok
Lean / Mathlib formalization	UNKNOWN STEP	2026-10-07T17:21:42.3406868Z test_source_catalog_order_does_not_select_migration_fixture (test_astis_publication.PublicationTest.test_source_catalog_order_does_not_select_migration_fixture) ... ok
Lean / Mathlib formalization	UNKNOWN STEP	2026-10-07T17:21:42.5776258Z test_stale_audit_rejected (test_astis_publication.PublicationTest.test_stale_audit_rejected) ... ok
Lean / Mathlib formalization	UNKNOWN STEP	2026-10-07T17:21:42.5868975Z test_accepted_repair_requires_its_own_review_and_real_reference (test_astis_semantic_roundtrip.SemanticRoundTripTests.test_accepted_repair_requires_its_own_review_and_real_reference) ... ok
Lean / Mathlib formalization	UNKNOWN STEP	2026-10-07T17:21:42.5870737Z test_decoder_context_rejects_structured_side_channel (test_astis_semantic_roundtrip.SemanticRoundTripTests.test_decoder_context_rejects_structured_side_channel) ... ok
Lean / Mathlib formalization	UNKNOWN STEP	2026-10-07T17:21:42.5872474Z test_decoder_packet_is_anonymous_and_source_blind (test_astis_semantic_roundtrip.SemanticRoundTripTests.test_decoder_packet_is_anonymous_and_source_blind) ... ok
Lean / Mathlib formalization	UNKNOWN STEP	2026-10-07T17:21:42.5874277Z test_decoder_that_saw_source_or_used_wrong_packet_is_rejected (test_astis_semantic_roundtrip.SemanticRoundTripTests.test_decoder_that_saw_source_or_used_wrong_packet_is_rejected) ... ok
Lean / Mathlib formalization	UNKNOWN STEP	2026-10-07T17:21:42.5875944Z test_definition_context_cannot_smuggle_source_or_identity (test_astis_semantic_roundtrip.SemanticRoundTripTests.test_definition_context_cannot_smuggle_source_or_identity) ... ok
Lean / Mathlib formalization	UNKNOWN STEP	2026-10-07T17:21:42.5878760Z test_formalization_artifact_cannot_be_accepted_as_source_repair (test_astis_semantic_roundtrip.SemanticRoundTripTests.test_formalization_artifact_cannot_be_accepted_as_source_repair) ... ok
Lean / Mathlib formalization	UNKNOWN STEP	2026-10-07T17:21:42.5880466Z test_formalizer_decoder_and_reviewer_must_be_distinct (test_astis_semantic_roundtrip.SemanticRoundTripTests.test_formalizer_decoder_and_reviewer_must_be_distinct) ... ok
Lean / Mathlib formalization	UNKNOWN STEP	2026-10-07T17:21:42.5882599Z test_repair_reviewer_packet_is_anti_anchored_and_exactly_bound (test_astis_semantic_roundtrip.SemanticRoundTripTests.test_repair_reviewer_packet_is_anti_anchored_and_exactly_bound) ... ok
Lean / Mathlib formalization	UNKNOWN STEP	2026-10-07T17:21:42.5884923Z test_reviewed_repair_cannot_be_changed_after_review (test_astis_semantic_roundtrip.SemanticRoundTripTests.test_reviewed_repair_cannot_be_changed_after_review) ... ok
Lean / Mathlib formalization	UNKNOWN STEP	2026-10-07T17:21:42.5886724Z test_reviewer_packet_is_anti_anchored_but_contains_comparison_inputs (test_astis_semantic_roundtrip.SemanticRoundTripTests.test_reviewer_packet_is_anti_anchored_but_contains_comparison_inputs) ... ok
Lean / Mathlib formalization	UNKNOWN STEP	2026-10-07T17:21:42.5888255Z test_source_review_is_bound_to_packet_and_run (test_astis_semantic_roundtrip.SemanticRoundTripTests.test_source_review_is_bound_to_packet_and_run) ... ok
Lean / Mathlib formalization	UNKNOWN STEP	2026-10-07T17:21:42.5889894Z test_valid_exact_audit_passes (test_astis_semantic_roundtrip.SemanticRoundTripTests.test_valid_exact_audit_passes) ... ok
Lean / Mathlib formalization	UNKNOWN STEP	2026-10-07T17:21:42.5892199Z test_valid_independently_reviewed_repair_passes (test_astis_semantic_roundtrip.SemanticRoundTripTests.test_valid_independently_reviewed_repair_passes) ... ok
Lean / Mathlib formalization	UNKNOWN STEP	2026-10-07T17:21:42.5895554Z test_compiled_metadata_alone_cannot_close_an_item (test_astis_site.ChapterOneEvidenceTests.test_compiled_metadata_alone_cannot_close_an_item) ... ok
Lean / Mathlib formalization	UNKNOWN STEP	2026-10-07T17:21:42.5898008Z test_complete_item_without_focused_test_is_rejected (test_astis_site.ChapterOneEvidenceTests.test_complete_item_without_focused_test_is_rejected) ... ok
Lean / Mathlib formalization	UNKNOWN STEP	2026-10-07T17:21:42.5900196Z test_duplicate_source_route_is_rejected (test_astis_site.ChapterOneEvidenceTests.test_duplicate_source_route_is_rejected) ... ok
Lean / Mathlib formalization	UNKNOWN STEP	2026-10-07T17:21:42.5902743Z test_strict_gate_rejects_partial_and_planned_items (test_astis_site.ChapterOneEvidenceTests.test_strict_gate_rejects_partial_and_planned_items) ... ok
Lean / Mathlib formalization	UNKNOWN STEP	2026-10-07T17:21:42.5905017Z test_localization_lesson_explains_closed_1_1_16_bridge (test_astis_site.RigorousLessonTests.test_localization_lesson_explains_closed_1_1_16_bridge) ... ok
Lean / Mathlib formalization	UNKNOWN STEP	2026-10-07T17:21:42.5906317Z test_rigorous_lessons_contain_formulas_proof_steps_and_lean_nodes (test_astis_site.RigorousLessonTests.test_rigorous_lessons_contain_formulas_proof_steps_and_lean_nodes) ... ok
Lean / Mathlib formalization	UNKNOWN STEP	2026-10-07T17:21:42.5907287Z test_rigorous_reference_asset_has_auditable_structure (test_astis_site.RigorousReferenceTests.test_rigorous_reference_asset_has_auditable_structure) ... ok
Lean / Mathlib formalization	UNKNOWN STEP	2026-10-07T17:21:42.5908220Z test_stochastic_localization_points_to_original_and_formal_sources (test_astis_site.RigorousReferenceTests.test_stochastic_localization_points_to_original_and_formal_sources) ... ok
Lean / Mathlib formalization	UNKNOWN STEP	2026-10-07T17:21:45.3330041Z test_dotted_local_name_keeps_enclosing_namespace (test_astis_site.SourceIndexTests.test_dotted_local_name_keeps_enclosing_namespace) ... ok
Lean / Mathlib formalization	UNKNOWN STEP	2026-10-07T17:21:51.3101307Z test_registry_dependencies_respect_import_closure (test_astis_site.SourceIndexTests.test_registry_dependencies_respect_import_closure) ... ok
Lean / Mathlib formalization	UNKNOWN STEP	2026-10-07T17:21:51.3106438Z test_dirty_source_keeps_complete_local_target (test_astis_site.SourceLinkPinTests.test_dirty_source_keeps_complete_local_target) ... ok
Lean / Mathlib formalization	UNKNOWN STEP	2026-10-07T17:21:51.3107031Z test_historical_local_provenance_is_immutable_but_not_current_source (test_astis_site.SourceLinkPinTests.test_historical_local_provenance_is_immutable_but_not_current_source) ... ok
Lean / Mathlib formalization	UNKNOWN STEP	2026-10-07T17:21:51.3158395Z test_local_exact_links_expand_complete_real_modules (test_astis_site.SourceLinkPinTests.test_local_exact_links_expand_complete_real_modules) ... ok
Lean / Mathlib formalization	UNKNOWN STEP	2026-10-07T17:21:51.3158964Z test_unpinned_local_blob_is_never_accepted (test_astis_site.SourceLinkPinTests.test_unpinned_local_blob_is_never_accepted) ... ok
Lean / Mathlib formalization	UNKNOWN STEP	2026-10-07T17:21:51.3162255Z test_number_split_from_kind_by_formula_text_is_accepted (test_astis_source.SemanticSourceLabelTests.test_number_split_from_kind_by_formula_text_is_accepted) ... ok
Lean / Mathlib formalization	UNKNOWN STEP	2026-10-07T17:21:51.3163141Z test_wrong_statement_number_is_rejected (test_astis_source.SemanticSourceLabelTests.test_wrong_statement_number_is_rejected) ... ok
Lean / Mathlib formalization	UNKNOWN STEP	2026-10-07T17:21:51.3163955Z test_adjacent_sections_share_a_printed_boundary_page (test_astis_source.SourcePageBoundsTests.test_adjacent_sections_share_a_printed_boundary_page) ... ok
Lean / Mathlib formalization	UNKNOWN STEP	2026-10-07T17:21:51.3171503Z test_missing_optional_source_path_is_allowed (test_atlas_memory.AtlasMemoryCheckWithoutSourceTests.test_missing_optional_source_path_is_allowed) ... ok
Lean / Mathlib formalization	UNKNOWN STEP	2026-10-07T17:21:51.3177640Z test_no_source_rejects_each_certification_mismatch (test_atlas_memory.AtlasMemoryCheckWithoutSourceTests.test_no_source_rejects_each_certification_mismatch) ... ok
Lean / Mathlib formalization	UNKNOWN STEP	2026-10-07T17:21:51.3181235Z test_no_source_rejects_fragment_and_combined_digest_mismatch (test_atlas_memory.AtlasMemoryCheckWithoutSourceTests.test_no_source_rejects_fragment_and_combined_digest_mismatch) ... ok
Lean / Mathlib formalization	UNKNOWN STEP	2026-10-07T17:21:51.3184503Z test_no_source_still_requires_certification_evidence (test_atlas_memory.AtlasMemoryCheckWithoutSourceTests.test_no_source_still_requires_certification_evidence) ... ok
Lean / Mathlib formalization	UNKNOWN STEP	2026-10-07T17:21:51.3187784Z test_no_source_validates_snapshot_and_certification (test_atlas_memory.AtlasMemoryCheckWithoutSourceTests.test_no_source_validates_snapshot_and_certification) ... ok
Lean / Mathlib formalization	UNKNOWN STEP	2026-10-07T17:21:51.3191077Z test_required_source_is_still_required (test_atlas_memory.AtlasMemoryCheckWithoutSourceTests.test_required_source_is_still_required) ... ok
Lean / Mathlib formalization	UNKNOWN STEP	2026-10-07T17:21:51.3375865Z test_committed_snapshot_is_internally_consistent (test_atlas_memory.AtlasMemoryTests.test_committed_snapshot_is_internally_consistent) ... ok
Lean / Mathlib formalization	UNKNOWN STEP	2026-10-07T17:21:51.3378859Z test_manifold_and_optimization_routes_do_not_collapse (test_atlas_memory.AtlasMemoryTests.test_manifold_and_optimization_routes_do_not_collapse) ... ok
Lean / Mathlib formalization	UNKNOWN STEP	2026-10-07T17:21:51.3379789Z test_topics_and_routes_are_conservative (test_atlas_memory.AtlasMemoryTests.test_topics_and_routes_are_conservative) ... ok
Lean / Mathlib formalization	UNKNOWN STEP	2026-10-07T17:21:51.3382227Z test_every_current_override_is_plain_prose (test_chewi_source_first_contract.ImplicitPrerequisiteContractTests.test_every_current_override_is_plain_prose) ... ok
Lean / Mathlib formalization	UNKNOWN STEP	2026-10-07T17:21:51.3383122Z test_accepts_plain_mathematical_prose (test_chewi_source_first_contract.RawMathGateTests.test_accepts_plain_mathematical_prose) ... ok
Lean / Mathlib formalization	UNKNOWN STEP	2026-10-07T17:21:51.3383912Z test_rejects_martingale_ascii_exposition (test_chewi_source_first_contract.RawMathGateTests.test_rejects_martingale_ascii_exposition) ... ok
Lean / Mathlib formalization	UNKNOWN STEP	2026-10-07T17:21:51.3384738Z test_rejects_raw_omega_energy_formula (test_chewi_source_first_contract.RawMathGateTests.test_rejects_raw_omega_energy_formula) ... ok
Lean / Mathlib formalization	UNKNOWN STEP	2026-10-07T17:21:51.3385973Z test_card_order_and_folded_astis_layers (test_chewi_source_first_contract.SourceCardContractTests.test_card_order_and_folded_astis_layers) ... ok
Lean / Mathlib formalization	UNKNOWN STEP	2026-10-07T17:21:51.3386852Z test_internal_exposition_is_not_rendered (test_chewi_source_first_contract.SourceCardContractTests.test_internal_exposition_is_not_rendered) ... ok
Lean / Mathlib formalization	UNKNOWN STEP	2026-10-07T17:21:51.3387784Z test_mathjax_and_code_are_not_reported_as_raw_math (test_chewi_source_first_refinement.BlockAwareMathLintTests.test_mathjax_and_code_are_not_reported_as_raw_math) ... ok
Lean / Mathlib formalization	UNKNOWN STEP	2026-10-07T17:21:51.3388755Z test_reports_nearest_source_id_for_raw_math (test_chewi_source_first_refinement.BlockAwareMathLintTests.test_reports_nearest_source_id_for_raw_math) ... ok
Lean / Mathlib formalization	UNKNOWN STEP	2026-10-07T17:21:51.3391474Z test_implicit_assumptions_render_relations_inside_mathjax (test_chewi_source_first_refinement.InlineMathRefinementTests.test_implicit_assumptions_render_relations_inside_mathjax) ... ok
Lean / Mathlib formalization	UNKNOWN STEP	2026-10-07T17:21:51.3392464Z test_known_ascii_assumption_math_is_mathjax (test_chewi_source_first_refinement.InlineMathRefinementTests.test_known_ascii_assumption_math_is_mathjax) ... ok
Lean / Mathlib formalization	UNKNOWN STEP	2026-10-07T17:21:51.3393359Z test_refinement_keeps_audit_packet_out_of_reader_prose (test_chewi_source_first_refinement.InlineMathRefinementTests.test_refinement_keeps_audit_packet_out_of_reader_prose) ... ok
Lean / Mathlib formalization	UNKNOWN STEP	2026-10-07T17:21:51.3397297Z test_coarse_plan_includes_frontloaded_shared_stages (test_cross_domain_program.CrossDomainProgramTests.test_coarse_plan_includes_frontloaded_shared_stages) ... ok
Lean / Mathlib formalization	UNKNOWN STEP	2026-10-07T17:21:51.3407400Z test_compiled_family_binding_is_edge_specific_and_data_driven (test_cross_domain_program.CrossDomainProgramTests.test_compiled_family_binding_is_edge_specific_and_data_driven) ... ok
Lean / Mathlib formalization	UNKNOWN STEP	2026-10-07T17:21:51.3432066Z test_dangling_or_empty_hyperedge_rejected (test_cross_domain_program.CrossDomainProgramTests.test_dangling_or_empty_hyperedge_rejected) ... ok
Lean / Mathlib formalization	UNKNOWN STEP	2026-10-07T17:21:51.3438907Z test_false_certification_rejected (test_cross_domain_program.CrossDomainProgramTests.test_false_certification_rejected) ... ok
Lean / Mathlib formalization	UNKNOWN STEP	2026-10-07T17:21:51.3441968Z test_formal_upstream_searches_required (test_cross_domain_program.CrossDomainProgramTests.test_formal_upstream_searches_required) ... ok
Lean / Mathlib formalization	UNKNOWN STEP	2026-10-07T17:21:51.3445186Z test_frontloaded_spine_encodes_early_cross_textbook_gates (test_cross_domain_program.CrossDomainProgramTests.test_frontloaded_spine_encodes_early_cross_textbook_gates) ... ok
Lean / Mathlib formalization	UNKNOWN STEP	2026-10-07T17:21:51.3446811Z test_frontloaded_spine_is_acyclic_and_distinct_from_samplewiki (test_cross_domain_program.CrossDomainProgramTests.test_frontloaded_spine_is_acyclic_and_distinct_from_samplewiki) ... ok
Lean / Mathlib formalization	UNKNOWN STEP	2026-10-07T17:21:51.3449217Z test_graph_memory_is_stable_family_index_for_three_truth_views (test_cross_domain_program.CrossDomainProgramTests.test_graph_memory_is_stable_family_index_for_three_truth_views) ... ok
Lean / Mathlib formalization	UNKNOWN STEP	2026-10-07T17:21:51.3453346Z test_hyperedges_retain_multiple_inputs (test_cross_domain_program.CrossDomainProgramTests.test_hyperedges_retain_multiple_inputs) ... ok
Lean / Mathlib formalization	UNKNOWN STEP	2026-10-07T17:21:51.3454999Z test_merged_strong_convex_frontier_cell_has_evidence_and_mirror_annotation (test_cross_domain_program.CrossDomainProgramTests.test_merged_strong_convex_frontier_cell_has_evidence_and_mirror_annotation) ... ok
Lean / Mathlib formalization	UNKNOWN STEP	2026-10-07T17:21:51.3459245Z test_metric_pl_lsi_and_chi2_mirrors_are_explicit_and_distinct (test_cross_domain_program.CrossDomainProgramTests.test_metric_pl_lsi_and_chi2_mirrors_are_explicit_and_distinct) ... ok
Lean / Mathlib formalization	UNKNOWN STEP	2026-10-07T17:21:51.3461015Z test_new_routes_and_source_gap_validation (test_cross_domain_program.CrossDomainProgramTests.test_new_routes_and_source_gap_validation) ... ok
Lean / Mathlib formalization	UNKNOWN STEP	2026-10-07T17:21:51.3463441Z test_ot_source_is_byte_pinned (test_cross_domain_program.CrossDomainProgramTests.test_ot_source_is_byte_pinned) ... ok
Lean / Mathlib formalization	UNKNOWN STEP	2026-10-07T17:21:51.3470001Z test_planned_dependency_cycles_rejected (test_cross_domain_program.CrossDomainProgramTests.test_planned_dependency_cycles_rejected) ... ok
Lean / Mathlib formalization	UNKNOWN STEP	2026-10-07T17:21:51.3471687Z test_pull_forward_has_no_chapter_completion_credit (test_cross_domain_program.CrossDomainProgramTests.test_pull_forward_has_no_chapter_completion_credit) ... ok
Lean / Mathlib formalization	UNKNOWN STEP	2026-10-07T17:21:51.3473258Z test_renderer_reuses_peer_page_contract (test_cross_domain_program.CrossDomainProgramTests.test_renderer_reuses_peer_page_contract) ... ok
Lean / Mathlib formalization	UNKNOWN STEP	2026-10-07T17:21:51.3474809Z test_research_route_requires_comparison_contract (test_cross_domain_program.CrossDomainProgramTests.test_research_route_requires_comparison_contract) ... ok
Lean / Mathlib formalization	UNKNOWN STEP	2026-10-07T17:21:51.3481456Z test_unknown_conceptual_family_is_rejected (test_cross_domain_program.CrossDomainProgramTests.test_unknown_conceptual_family_is_rejected) ... ok
Lean / Mathlib formalization	UNKNOWN STEP	2026-10-07T17:21:51.3482454Z test_upper_lower_not_serialized (test_cross_domain_program.CrossDomainProgramTests.test_upper_lower_not_serialized) ... ok
Lean / Mathlib formalization	UNKNOWN STEP	2026-10-07T17:21:51.3495077Z test_valid_data (test_cross_domain_program.CrossDomainProgramTests.test_valid_data) ... ok
Lean / Mathlib formalization	UNKNOWN STEP	2026-10-07T17:21:51.3495795Z test_definition_alias (test_declaration_lesson_kind.DeclarationLessonKindTests.test_definition_alias) ... ok
Lean / Mathlib formalization	UNKNOWN STEP	2026-10-07T17:21:51.3496559Z test_existing_kinds_unchanged (test_declaration_lesson_kind.DeclarationLessonKindTests.test_existing_kinds_unchanged) ... ok
Lean / Mathlib formalization	UNKNOWN STEP	2026-10-07T17:21:51.3497303Z test_no_proof_kind_promotion (test_declaration_lesson_kind.DeclarationLessonKindTests.test_no_proof_kind_promotion) ... ok
Lean / Mathlib formalization	UNKNOWN STEP	2026-10-07T17:21:51.3502658Z test_all_four_bridges_have_sources_boundaries_and_no_compiled_transport (test_discrete_sampling.DiscreteSamplingTests.test_all_four_bridges_have_sources_boundaries_and_no_compiled_transport) ... ok
Lean / Mathlib formalization	UNKNOWN STEP	2026-10-07T17:21:51.3508426Z test_clock_pinning_and_discrete_time_gate (test_discrete_sampling.DiscreteSamplingTests.test_clock_pinning_and_discrete_time_gate) ... ok
Lean / Mathlib formalization	UNKNOWN STEP	2026-10-07T17:21:51.3521986Z test_independent_review_and_certificate_are_different_gates (test_discrete_sampling.DiscreteSamplingTests.test_independent_review_and_certificate_are_different_gates) ... ok
Lean / Mathlib formalization	UNKNOWN STEP	2026-10-07T17:21:51.3525610Z test_no_lean_sources_added_by_scaffold (test_discrete_sampling.DiscreteSamplingTests.test_no_lean_sources_added_by_scaffold) ... ok
Lean / Mathlib formalization	UNKNOWN STEP	2026-10-07T17:21:51.3532862Z test_no_scaffold_completion_or_missing_proof_flag (test_discrete_sampling.DiscreteSamplingTests.test_no_scaffold_completion_or_missing_proof_flag) ... ok
Lean / Mathlib formalization	UNKNOWN STEP	2026-10-07T17:21:51.3544165Z test_no_sde_or_geometry_block_on_finite_foundation (test_discrete_sampling.DiscreteSamplingTests.test_no_sde_or_geometry_block_on_finite_foundation) ... ok
Lean / Mathlib formalization	UNKNOWN STEP	2026-10-07T17:21:51.4537313Z test_peer_navigation_and_route (test_discrete_sampling.DiscreteSamplingTests.test_peer_navigation_and_route) ... ok
Lean / Mathlib formalization	UNKNOWN STEP	2026-10-07T17:21:51.4538225Z test_route_template_and_shared_consumer_contract (test_discrete_sampling.DiscreteSamplingTests.test_route_template_and_shared_consumer_contract) ... ok
Lean / Mathlib formalization	UNKNOWN STEP	2026-10-07T17:21:51.4547814Z test_source_identity_and_pagination (test_discrete_sampling.DiscreteSamplingTests.test_source_identity_and_pagination) ... ok
Lean / Mathlib formalization	UNKNOWN STEP	2026-10-07T17:21:51.4570162Z test_existing_frontieragent_row_is_replaced (test_harness_site.HarnessSiteTest.test_existing_frontieragent_row_is_replaced) ... ok
Lean / Mathlib formalization	UNKNOWN STEP	2026-10-07T17:21:51.4587032Z test_harness_page_is_visual_first (test_harness_site.HarnessSiteTest.test_harness_page_is_visual_first) ... ok
Lean / Mathlib formalization	UNKNOWN STEP	2026-10-07T17:21:51.4587883Z test_samplinglib_architecture_uses_current_harness (test_harness_site.HarnessSiteTest.test_samplinglib_architecture_uses_current_harness) ... ok
Lean / Mathlib formalization	UNKNOWN STEP	2026-10-07T17:21:51.4608415Z test_wrapped_title_and_existing_advance_wording_are_normalized (test_harness_site.HarnessSiteTest.test_wrapped_title_and_existing_advance_wording_are_normalized) ... ok
Lean / Mathlib formalization	UNKNOWN STEP	2026-10-07T17:21:51.4630827Z test_enrichment_is_idempotent (test_lean_tutor.LeanTutorPostBuildTests.test_enrichment_is_idempotent) ... ok
Lean / Mathlib formalization	UNKNOWN STEP	2026-10-07T17:21:51.4644724Z test_injects_reading_modes_graph_line_tutor_and_module_tutor (test_lean_tutor.LeanTutorPostBuildTests.test_injects_reading_modes_graph_line_tutor_and_module_tutor) ... ok
Lean / Mathlib formalization	UNKNOWN STEP	2026-10-07T17:21:51.4648105Z test_approximation_and_periodicity_cannot_be_omitted (test_mcmc_library.MCMCLibraryTests.test_approximation_and_periodicity_cannot_be_omitted) ... ok
Lean / Mathlib formalization	UNKNOWN STEP	2026-10-07T17:21:51.4664631Z test_candidate_review_is_not_self_review_or_certificate (test_mcmc_library.MCMCLibraryTests.test_candidate_review_is_not_self_review_or_certificate) ... ok
Lean / Mathlib formalization	UNKNOWN STEP	2026-10-07T17:21:51.4665625Z test_colors_do_not_change_formal_edge_whitelist (test_mcmc_library.MCMCLibraryTests.test_colors_do_not_change_formal_edge_whitelist) ... ok
Lean / Mathlib formalization	UNKNOWN STEP	2026-10-07T17:21:51.4668356Z test_consumer_contract_applies_to_route_and_shared (test_mcmc_library.MCMCLibraryTests.test_consumer_contract_applies_to_route_and_shared) ... ok
Lean / Mathlib formalization	UNKNOWN STEP	2026-10-07T17:21:51.4669734Z test_method_target_intersections_keep_boundaries (test_mcmc_library.MCMCLibraryTests.test_method_target_intersections_keep_boundaries) ... ok
Lean / Mathlib formalization	UNKNOWN STEP	2026-10-07T17:21:51.4675713Z test_no_invented_chapter_or_extension_completion (test_mcmc_library.MCMCLibraryTests.test_no_invented_chapter_or_extension_completion) ... ok
Lean / Mathlib formalization	UNKNOWN STEP	2026-10-07T17:21:51.4679445Z test_no_missing_rr_or_bad_pagination (test_mcmc_library.MCMCLibraryTests.test_no_missing_rr_or_bad_pagination) ... ok
Lean / Mathlib formalization	UNKNOWN STEP	2026-10-07T17:21:51.4684116Z test_perspectives_are_typed_overlays (test_mcmc_library.MCMCLibraryTests.test_perspectives_are_typed_overlays) ... ok
Lean / Mathlib formalization	UNKNOWN STEP	2026-10-07T17:21:51.4685320Z test_shared_mcmc_cannot_evade_source_audit (test_mcmc_library.MCMCLibraryTests.test_shared_mcmc_cannot_evade_source_audit) ... ok
Lean / Mathlib formalization	UNKNOWN STEP	2026-10-07T17:21:51.4688121Z test_source_inventory_and_required_companion (test_mcmc_library.MCMCLibraryTests.test_source_inventory_and_required_companion) ... ok
Lean / Mathlib formalization	UNKNOWN STEP	2026-10-07T17:21:51.4690752Z test_source_kernel_false_friend_and_mlsi_obstruction_retained (test_mcmc_library.MCMCLibraryTests.test_source_kernel_false_friend_and_mlsi_obstruction_retained) ... ok
Lean / Mathlib formalization	UNKNOWN STEP	2026-10-07T17:21:51.4700291Z test_absolute_location_withheld_and_references_not_expanded (test_metadata_reader.MetadataReaderTests.test_absolute_location_withheld_and_references_not_expanded) ... ok
Lean / Mathlib formalization	UNKNOWN STEP	2026-10-07T17:21:51.4703838Z test_case_sensitive_stable_ids_and_unique_inventory (test_metadata_reader.MetadataReaderTests.test_case_sensitive_stable_ids_and_unique_inventory) ... ok
Lean / Mathlib formalization	UNKNOWN STEP	2026-10-07T17:21:51.4706701Z test_drift_is_global_fail_closed (test_metadata_reader.MetadataReaderTests.test_drift_is_global_fail_closed) ... ok
Lean / Mathlib formalization	UNKNOWN STEP	2026-10-07T17:21:51.4710014Z test_formalized_does_not_set_proof_or_status_evidence (test_metadata_reader.MetadataReaderTests.test_formalized_does_not_set_proof_or_status_evidence) ... ok
Lean / Mathlib formalization	UNKNOWN STEP	2026-10-07T17:21:51.4712347Z test_lexing_nested_comments_escapes_and_html_inertness (test_metadata_reader.MetadataReaderTests.test_lexing_nested_comments_escapes_and_html_inertness) ... ok
Lean / Mathlib formalization	UNKNOWN STEP	2026-10-07T17:21:51.4714526Z test_line_ended_prefix_is_not_the_complete_declaration (test_metadata_reader.MetadataReaderTests.test_line_ended_prefix_is_not_the_complete_declaration) ... ok
Lean / Mathlib formalization	UNKNOWN STEP	2026-10-07T17:21:51.4717401Z test_linux_windows_checkout_newlines_only_are_portable (test_metadata_reader.MetadataReaderTests.test_linux_windows_checkout_newlines_only_are_portable) ... ok
Lean / Mathlib formalization	UNKNOWN STEP	2026-10-07T17:21:51.4720752Z test_list_records_keep_defaults_in_each_item (test_metadata_reader.MetadataReaderTests.test_list_records_keep_defaults_in_each_item) ... ok
Lean / Mathlib formalization	UNKNOWN STEP	2026-10-07T17:21:51.4722988Z test_lists_and_concat_keep_construction_not_computed_result (test_metadata_reader.MetadataReaderTests.test_lists_and_concat_keep_construction_not_computed_result) ... ok
Lean / Mathlib formalization	UNKNOWN STEP	2026-10-07T17:21:51.4725767Z test_local_string_default_and_helper_fixed_kind (test_metadata_reader.MetadataReaderTests.test_local_string_default_and_helper_fixed_kind) ... ok
Lean / Mathlib formalization	UNKNOWN STEP	2026-10-07T17:21:51.4729113Z test_prop_or_proof_field_is_never_metadata (test_metadata_reader.MetadataReaderTests.test_prop_or_proof_field_is_never_metadata) ... ok
Lean / Mathlib formalization	UNKNOWN STEP	2026-10-07T17:21:51.4733936Z test_public_gate_checks_rows_and_exact_content_not_just_labels (test_metadata_reader.MetadataReaderTests.test_public_gate_checks_rows_and_exact_content_not_just_labels) ... ok
Lean / Mathlib formalization	UNKNOWN STEP	2026-10-07T17:21:51.4736593Z test_record_defaults_are_real_defaults_not_proofs (test_metadata_reader.MetadataReaderTests.test_record_defaults_are_real_defaults_not_proofs) ... ok
Lean / Mathlib formalization	UNKNOWN STEP	2026-10-07T17:21:51.4744985Z test_unknown_expression_is_unresolved_with_own_safe_source (test_metadata_reader.MetadataReaderTests.test_unknown_expression_is_unresolved_with_own_safe_source) ... ok
Lean / Mathlib formalization	UNKNOWN STEP	2026-10-07T17:21:51.4774420Z test_footer_removal_preserves_primary_source_authors (test_project_authors_footer.ProjectAuthorsFooterTests.test_footer_removal_preserves_primary_source_authors) ... ok
Lean / Mathlib formalization	UNKNOWN STEP	2026-10-07T17:21:51.4781378Z test_public_surfaces_do_not_assert_provisional_authorship (test_project_authors_footer.ProjectAuthorsFooterTests.test_public_surfaces_do_not_assert_provisional_authorship) ... ok
Lean / Mathlib formalization	UNKNOWN STEP	2026-10-07T17:21:51.4782332Z test_readme_keeps_peer_library_table (test_project_authors_footer.ProjectAuthorsFooterTests.test_readme_keeps_peer_library_table) ... ok
Lean / Mathlib formalization	UNKNOWN STEP	2026-10-07T17:21:51.4982788Z test_authored_schema_requires_real_steps_not_just_source (test_proof_readers.DeclarationLessonTests.test_authored_schema_requires_real_steps_not_just_source) ... ok
Lean / Mathlib formalization	UNKNOWN STEP	2026-10-07T17:21:51.4985130Z test_balanced_math_block_does_not_consume_neighbor_proof (test_proof_readers.DeclarationLessonTests.test_balanced_math_block_does_not_consume_neighbor_proof) ... ok
Lean / Mathlib formalization	UNKNOWN STEP	2026-10-07T17:21:51.4986125Z test_case_sensitive_lean_names_cannot_overwrite_each_other (test_proof_readers.DeclarationLessonTests.test_case_sensitive_lean_names_cannot_overwrite_each_other) ... ok
Lean / Mathlib formalization	UNKNOWN STEP	2026-10-07T17:21:51.4989844Z test_coverage_includes_definitions_but_never_claims_notes_are_complete (test_proof_readers.DeclarationLessonTests.test_coverage_includes_definitions_but_never_claims_notes_are_complete) ... ok
Lean / Mathlib formalization	UNKNOWN STEP	2026-10-07T17:21:51.4990977Z test_historical_citation_is_labelled_without_rewriting_its_source (test_proof_readers.DeclarationLessonTests.test_historical_citation_is_labelled_without_rewriting_its_source) ... ok
Lean / Mathlib formalization	UNKNOWN STEP	2026-10-07T17:21:51.4991993Z test_inline_code_escapes_once_without_eating_tex (test_proof_readers.DeclarationLessonTests.test_inline_code_escapes_once_without_eating_tex) ... ok
Lean / Mathlib formalization	UNKNOWN STEP	2026-10-07T17:21:51.4992910Z test_local_sources_are_portable_and_browser_readable (test_proof_readers.DeclarationLessonTests.test_local_sources_are_portable_and_browser_readable) ... ok
Lean / Mathlib formalization	UNKNOWN STEP	2026-10-07T17:21:51.4993846Z test_mathlib_sources_follow_lockfile_not_astis_commit (test_proof_readers.DeclarationLessonTests.test_mathlib_sources_follow_lockfile_not_astis_commit) ... ok
Lean / Mathlib formalization	UNKNOWN STEP	2026-10-07T17:21:51.5149291Z test_reviewed_measure_boundaries_survive_import (test_proof_readers.DeclarationLessonTests.test_reviewed_measure_boundaries_survive_import) ... ok
Lean / Mathlib formalization	UNKNOWN STEP	2026-10-07T17:21:51.5152456Z test_structure_accessors_are_not_invented_theorem_leaves (test_proof_readers.DeclarationLessonTests.test_structure_accessors_are_not_invented_theorem_leaves) ... ok
Lean / Mathlib formalization	UNKNOWN STEP	2026-10-07T17:21:51.5156071Z test_all_steps_have_equations_and_lean_correspondence (test_proof_readers.ProofReaderTests.test_all_steps_have_equations_and_lean_correspondence) ... ok
Lean / Mathlib formalization	UNKNOWN STEP	2026-10-07T17:21:51.5159329Z test_display_source_drops_only_following_top_level_docstring (test_proof_readers.ProofReaderTests.test_display_source_drops_only_following_top_level_docstring) ... ok
Lean / Mathlib formalization	UNKNOWN STEP	2026-10-07T17:21:51.5165245Z test_every_theorem_requires_separate_statement_and_proof (test_proof_readers.ProofReaderTests.test_every_theorem_requires_separate_statement_and_proof) ... ok
Lean / Mathlib formalization	UNKNOWN STEP	2026-10-07T17:21:51.5363660Z test_fisher_source_mismatch_cannot_be_hidden_by_compilation (test_proof_readers.ProofReaderTests.test_fisher_source_mismatch_cannot_be_hidden_by_compilation) ... ok
Lean / Mathlib formalization	UNKNOWN STEP	2026-10-07T17:21:51.5366992Z test_historical_citations_do_not_relax_implementation_pins (test_proof_readers.ProofReaderTests.test_historical_citations_do_not_relax_implementation_pins) ... ok
Lean / Mathlib formalization	UNKNOWN STEP	2026-10-07T17:21:51.5373436Z test_invalid_metadata_is_rejected (test_proof_readers.ProofReaderTests.test_invalid_metadata_is_rejected) ... ok
Lean / Mathlib formalization	UNKNOWN STEP	2026-10-07T17:21:51.5376313Z test_local_and_external_sources_use_distinct_commit_pins (test_proof_readers.ProofReaderTests.test_local_and_external_sources_use_distinct_commit_pins) ... ok
Lean / Mathlib formalization	UNKNOWN STEP	2026-10-07T17:21:51.5382107Z test_local_keywords_inside_names_are_not_definitions (test_proof_readers.ProofReaderTests.test_local_keywords_inside_names_are_not_definitions) ... ok
Lean / Mathlib formalization	UNKNOWN STEP	2026-10-07T17:21:51.5395046Z test_mathlib_urls_pin_real_source_files_and_lines (test_proof_readers.ProofReaderTests.test_mathlib_urls_pin_real_source_files_and_lines) ... ok
Lean / Mathlib formalization	UNKNOWN STEP	2026-10-07T17:21:51.5582728Z test_noncompiled_declaration_cannot_be_blue (test_proof_readers.ProofReaderTests.test_noncompiled_declaration_cannot_be_blue) ... ok
Lean / Mathlib formalization	UNKNOWN STEP	2026-10-07T17:21:51.5767915Z test_placeholder_cannot_be_blue (test_proof_readers.ProofReaderTests.test_placeholder_cannot_be_blue) ... ok
Lean / Mathlib formalization	UNKNOWN STEP	2026-10-07T17:21:51.5787859Z test_recursive_depth_disclosure_keeps_all_conclusions (test_proof_readers.ProofReaderTests.test_recursive_depth_disclosure_keeps_all_conclusions) ... ok
Lean / Mathlib formalization	UNKNOWN STEP	2026-10-07T17:21:51.5988142Z test_stale_gate_cannot_be_blue (test_proof_readers.ProofReaderTests.test_stale_gate_cannot_be_blue) ... ok
Lean / Mathlib formalization	UNKNOWN STEP	2026-10-07T17:21:51.5992454Z test_statement_retains_nested_local_definitions (test_proof_readers.ProofReaderTests.test_statement_retains_nested_local_definitions) ... ok
Lean / Mathlib formalization	UNKNOWN STEP	2026-10-07T17:21:51.5995785Z test_statement_split_respects_defaults_and_comments (test_proof_readers.ProofReaderTests.test_statement_split_respects_defaults_and_comments) ... ok
Lean / Mathlib formalization	UNKNOWN STEP	2026-10-07T17:21:51.5998760Z test_structure_defaults_do_not_truncate_its_specification (test_proof_readers.ProofReaderTests.test_structure_defaults_do_not_truncate_its_specification) ... ok
Lean / Mathlib formalization	UNKNOWN STEP	2026-10-07T17:21:51.6002922Z test_unknown_decl_is_an_error_not_a_search_fallback (test_proof_readers.ProofReaderTests.test_unknown_decl_is_an_error_not_a_search_fallback) ... ok
Lean / Mathlib formalization	UNKNOWN STEP	2026-10-07T17:21:51.6005904Z test_unrecognized_local_equations_preserve_complete_source (test_proof_readers.ProofReaderTests.test_unrecognized_local_equations_preserve_complete_source) ... ok
Lean / Mathlib formalization	UNKNOWN STEP	2026-10-07T17:21:51.6014552Z test_candidate_modules_must_exist (test_samplewiki_companions.CompanionTests.test_candidate_modules_must_exist) ... ok
Lean / Mathlib formalization	UNKNOWN STEP	2026-10-07T17:21:51.6025805Z test_every_theorem_has_adjacent_closed_lean_folds (test_samplewiki_companions.CompanionTests.test_every_theorem_has_adjacent_closed_lean_folds) ... ok
Lean / Mathlib formalization	UNKNOWN STEP	2026-10-07T17:21:51.6027369Z test_lineage_does_not_credit_all_hypocoercivity_to_pbps (test_samplewiki_companions.CompanionTests.test_lineage_does_not_credit_all_hypocoercivity_to_pbps) ... ok
Lean / Mathlib formalization	UNKNOWN STEP	2026-10-07T17:21:51.6031816Z test_new_cards_cannot_turn_blue (test_samplewiki_companions.CompanionTests.test_new_cards_cannot_turn_blue) ... ok
Lean / Mathlib formalization	UNKNOWN STEP	2026-10-07T17:21:51.6033101Z test_news_short_and_oldest_is_foundation (test_samplewiki_companions.CompanionTests.test_news_short_and_oldest_is_foundation) ... ok
Lean / Mathlib formalization	UNKNOWN STEP	2026-10-07T17:21:51.6055164Z test_overlay_does_not_create_compiler_edges (test_samplewiki_companions.CompanionTests.test_overlay_does_not_create_compiler_edges) ... FAIL
Lean / Mathlib formalization	UNKNOWN STEP	2026-10-07T17:21:51.6059301Z test_proxy_and_oracle_distinctions_are_preserved (test_samplewiki_companions.CompanionTests.test_proxy_and_oracle_distinctions_are_preserved) ... ok
Lean / Mathlib formalization	UNKNOWN STEP	2026-10-07T17:21:51.6073461Z test_research_workspace_is_a_projection_not_a_second_status_source (test_samplewiki_companions.CompanionTests.test_research_workspace_is_a_projection_not_a_second_status_source) ... ok
Lean / Mathlib formalization	UNKNOWN STEP	2026-10-07T17:21:51.6079243Z test_svg_is_accessible_and_has_no_blue_proof_claim (test_samplewiki_companions.CompanionTests.test_svg_is_accessible_and_has_no_blue_proof_claim) ... ok
Lean / Mathlib formalization	UNKNOWN STEP	2026-10-07T17:21:51.6083897Z test_three_sources_keep_the_two_paper_composition_separate (test_samplewiki_companions.CompanionTests.test_three_sources_keep_the_two_paper_composition_separate) ... FAIL
Lean / Mathlib formalization	UNKNOWN STEP	2026-10-07T17:21:51.6097003Z test_unknown_parent_and_cycles_rejected (test_samplewiki_companions.CompanionTests.test_unknown_parent_and_cycles_rejected) ... ok
Lean / Mathlib formalization	UNKNOWN STEP	2026-10-07T17:21:51.6119190Z test_valid_model_and_existing_graph (test_samplewiki_companions.CompanionTests.test_valid_model_and_existing_graph) ... ok
Lean / Mathlib formalization	UNKNOWN STEP	2026-10-07T17:21:51.6120310Z test_extracts_clean_formula_from_katex_duplicate_row (test_samplewiki_reader_contract.SampleWikiReaderFormulaTests.test_extracts_clean_formula_from_katex_duplicate_row) ... ok
Lean / Mathlib formalization	UNKNOWN STEP	2026-10-07T17:21:51.6121366Z test_rejects_incomplete_tex (test_samplewiki_reader_contract.SampleWikiReaderFormulaTests.test_rejects_incomplete_tex) ... ok
Lean / Mathlib formalization	UNKNOWN STEP	2026-10-07T17:21:51.6123438Z test_audited_case_uses_exact_statement_and_proof_equation (test_samplewiki_reader_contract.SampleWikiReaderTruthBoundaryTests.test_audited_case_uses_exact_statement_and_proof_equation) ... ok
Lean / Mathlib formalization	UNKNOWN STEP	2026-10-07T17:21:51.6125280Z test_case_has_reader_jump_navigation (test_samplewiki_reader_contract.SampleWikiReaderTruthBoundaryTests.test_case_has_reader_jump_navigation) ... ok
Lean / Mathlib formalization	UNKNOWN STEP	2026-10-07T17:21:51.6126986Z test_five_reader_layers_are_in_required_order (test_samplewiki_reader_contract.SampleWikiReaderTruthBoundaryTests.test_five_reader_layers_are_in_required_order) ... ok
Lean / Mathlib formalization	UNKNOWN STEP	2026-10-07T17:21:51.6128608Z test_lean_fold_is_intentionally_quiet_even_if_internal_leaf_exists (test_samplewiki_reader_contract.SampleWikiReaderTruthBoundaryTests.test_lean_fold_is_intentionally_quiet_even_if_internal_leaf_exists) ... ok
Lean / Mathlib formalization	UNKNOWN STEP	2026-10-07T17:21:51.6129640Z test_literature_open_case_has_no_synthetic_proof (test_samplewiki_reader_contract.SampleWikiReaderTruthBoundaryTests.test_literature_open_case_has_no_synthetic_proof) ... ok
Lean / Mathlib formalization	UNKNOWN STEP	2026-10-07T17:21:51.6131251Z test_pending_case_has_useful_reader_derivation_map (test_samplewiki_reader_contract.SampleWikiReaderTruthBoundaryTests.test_pending_case_has_useful_reader_derivation_map) ... ok
Lean / Mathlib formalization	UNKNOWN STEP	2026-10-07T17:21:51.6132771Z test_pending_case_is_normalized_not_falsely_exact (test_samplewiki_reader_contract.SampleWikiReaderTruthBoundaryTests.test_pending_case_is_normalized_not_falsely_exact) ... ok
Lean / Mathlib formalization	UNKNOWN STEP	2026-10-07T17:21:51.6147473Z test_real_guides_pass_math_notation_contract (test_undergrad_guides.UndergradGuideTests.test_real_guides_pass_math_notation_contract) ... ok
Lean / Mathlib formalization	UNKNOWN STEP	2026-10-07T17:21:51.6148087Z test_render_contains_story_vocab_and_scope_boundary (test_undergrad_guides.UndergradGuideTests.test_render_contains_story_vocab_and_scope_boundary) ... ok
Lean / Mathlib formalization	UNKNOWN STEP	2026-10-07T17:21:51.6154033Z test_section_one_summary_and_source_cards_use_mathjax (test_undergrad_guides.UndergradGuideTests.test_section_one_summary_and_source_cards_use_mathjax) ... ok
Lean / Mathlib formalization	UNKNOWN STEP	2026-10-07T17:21:51.6170383Z test_site_injection_is_idempotent (test_undergrad_guides.UndergradGuideTests.test_site_injection_is_idempotent) ... ok
Lean / Mathlib formalization	UNKNOWN STEP	2026-10-07T17:21:51.6170947Z test_unwrapped_math_detection (test_undergrad_guides.UndergradGuideTests.test_unwrapped_math_detection) ... ok
Lean / Mathlib formalization	UNKNOWN STEP	2026-10-07T17:21:51.6172413Z test_focus_preserves_context_and_marks_direct_relations (test_underlying_lean_graph.UnderlyingLeanGraphInteractionTests.test_focus_preserves_context_and_marks_direct_relations) ... ok
Lean / Mathlib formalization	UNKNOWN STEP	2026-10-07T17:21:51.6175337Z test_formal_and_curated_edges_have_distinct_evidence_styles (test_underlying_lean_graph.UnderlyingLeanGraphInteractionTests.test_formal_and_curated_edges_have_distinct_evidence_styles) ... ok
Lean / Mathlib formalization	UNKNOWN STEP	2026-10-07T17:21:51.6176118Z test_publication_declarations_exist_before_semantic_edges_are_added (test_underlying_lean_graph.UnderlyingLeanGraphInteractionTests.test_publication_declarations_exist_before_semantic_edges_are_added) ... ok
Lean / Mathlib formalization	UNKNOWN STEP	2026-10-07T17:21:51.6177845Z test_semantic_fidelity_and_denoising_are_graph_native (test_underlying_lean_graph.UnderlyingLeanGraphInteractionTests.test_semantic_fidelity_and_denoising_are_graph_native) ... ok
Lean / Mathlib formalization	UNKNOWN STEP	2026-10-07T17:21:51.6178396Z 
Lean / Mathlib formalization	UNKNOWN STEP	2026-10-07T17:21:51.6178476Z ======================================================================
Lean / Mathlib formalization	UNKNOWN STEP	2026-10-07T17:21:51.6178820Z FAIL: test_overlay_does_not_create_compiler_edges (test_samplewiki_companions.CompanionTests.test_overlay_does_not_create_compiler_edges)
Lean / Mathlib formalization	UNKNOWN STEP	2026-10-07T17:21:51.6179174Z ----------------------------------------------------------------------
Lean / Mathlib formalization	UNKNOWN STEP	2026-10-07T17:21:51.6179375Z Traceback (most recent call last):
Lean / Mathlib formalization	UNKNOWN STEP	2026-10-07T17:21:51.6185707Z   File "/home/runner/work/Automization-Sampling-Optimisation-Geometry-Lib/Automization-Sampling-Optimisation-Geometry-Lib/tools/tests/test_samplewiki_companions.py", line 74, in test_overlay_does_not_create_compiler_edges
Lean / Mathlib formalization	UNKNOWN STEP	2026-10-07T17:21:51.6186368Z     self.assertEqual(counts,{'source_cases':3,'composition_views':1,'technology_candidates':12})
Lean / Mathlib formalization	UNKNOWN STEP	2026-10-07T17:21:51.6186946Z AssertionError: {'source_cases': 4, 'composition_views': 1, 'technology_candidates': 12} != {'source_cases': 3, 'composition_views': 1, 'technology_candidates': 12}
Lean / Mathlib formalization	UNKNOWN STEP	2026-10-07T17:21:51.6187342Z - {'composition_views': 1, 'source_cases': 4, 'technology_candidates': 12}
Lean / Mathlib formalization	UNKNOWN STEP	2026-10-07T17:21:51.6187555Z ?                                          ^
Lean / Mathlib formalization	UNKNOWN STEP	2026-10-07T17:21:51.6187660Z 
Lean / Mathlib formalization	UNKNOWN STEP	2026-10-07T17:21:51.6187767Z + {'composition_views': 1, 'source_cases': 3, 'technology_candidates': 12}
Lean / Mathlib formalization	UNKNOWN STEP	2026-10-07T17:21:51.6187970Z ?                                          ^
Lean / Mathlib formalization	UNKNOWN STEP	2026-10-07T17:21:51.6188067Z 
Lean / Mathlib formalization	UNKNOWN STEP	2026-10-07T17:21:51.6188069Z 
Lean / Mathlib formalization	UNKNOWN STEP	2026-10-07T17:21:51.6188140Z ======================================================================
Lean / Mathlib formalization	UNKNOWN STEP	2026-10-07T17:21:51.6188625Z FAIL: test_three_sources_keep_the_two_paper_composition_separate (test_samplewiki_companions.CompanionTests.test_three_sources_keep_the_two_paper_composition_separate)
Lean / Mathlib formalization	UNKNOWN STEP	2026-10-07T17:21:51.6189039Z ----------------------------------------------------------------------
Lean / Mathlib formalization	UNKNOWN STEP	2026-10-07T17:21:51.6189235Z Traceback (most recent call last):
Lean / Mathlib formalization	UNKNOWN STEP	2026-10-07T17:21:51.6189906Z   File "/home/runner/work/Automization-Sampling-Optimisation-Geometry-Lib/Automization-Sampling-Optimisation-Geometry-Lib/tools/tests/test_samplewiki_companions.py", line 23, in test_three_sources_keep_the_two_paper_composition_separate
Lean / Mathlib formalization	UNKNOWN STEP	2026-10-07T17:21:51.6190591Z     self.assertEqual(len(m['sources']),3)
Lean / Mathlib formalization	UNKNOWN STEP	2026-10-07T17:21:51.6190746Z AssertionError: 4 != 3
Lean / Mathlib formalization	UNKNOWN STEP	2026-10-07T17:21:51.6190828Z 
Lean / Mathlib formalization	UNKNOWN STEP	2026-10-07T17:21:51.6190915Z ----------------------------------------------------------------------
Lean / Mathlib formalization	UNKNOWN STEP	2026-10-07T17:21:51.6191097Z Ran 296 tests in 50.641s
Lean / Mathlib formalization	UNKNOWN STEP	2026-10-07T17:21:51.6191180Z 
Lean / Mathlib formalization	UNKNOWN STEP	2026-10-07T17:21:51.6191247Z FAILED (failures=2, skipped=6)
Lean / Mathlib formalization	UNKNOWN STEP	2026-10-07T17:21:51.7334426Z $ /opt/hostedtoolcache/Python/3.12.15/x64/bin/python3 -m unittest discover -s tools/tests -v
Lean / Mathlib formalization	UNKNOWN STEP	2026-10-07T17:21:51.7426655Z ##[error]Process completed with exit code 1.
Lean / Mathlib formalization	UNKNOWN STEP	2026-10-07T17:21:51.7507722Z Post job cleanup.
Lean / Mathlib formalization	UNKNOWN STEP	2026-10-07T17:21:51.8064346Z [command]/usr/bin/git version
Lean / Mathlib formalization	UNKNOWN STEP	2026-10-07T17:21:51.8096188Z git version 2.55.0
Lean / Mathlib formalization	UNKNOWN STEP	2026-10-07T17:21:51.8120479Z Temporarily overriding HOME='/home/runner/work/_temp/c353057a-864a-4611-9e4e-151e36e1c09e' before making global git config changes
Lean / Mathlib formalization	UNKNOWN STEP	2026-10-07T17:21:51.8121213Z Adding repository directory to the temporary git global config as a safe directory
Lean / Mathlib formalization	UNKNOWN STEP	2026-10-07T17:21:51.8124940Z [command]/usr/bin/git config --global --add safe.directory /home/runner/work/Automization-Sampling-Optimisation-Geometry-Lib/Automization-Sampling-Optimisation-Geometry-Lib/.atlas-upstream
Lean / Mathlib formalization	UNKNOWN STEP	2026-10-07T17:21:51.8155871Z [command]/usr/bin/git config --local --name-only --get-regexp core\.sshCommand
Lean / Mathlib formalization	UNKNOWN STEP	2026-10-07T17:21:51.8183892Z [command]/usr/bin/git submodule foreach --recursive sh -c "git config --local --name-only --get-regexp 'core\.sshCommand' && git config --local --unset-all 'core.sshCommand' || :"
Lean / Mathlib formalization	UNKNOWN STEP	2026-10-07T17:21:51.8390836Z [command]/usr/bin/git config --local --name-only --get-regexp http\.https\:\/\/github\.com\/\.extraheader
Lean / Mathlib formalization	UNKNOWN STEP	2026-10-07T17:21:51.8415741Z http.https://github.com/.extraheader
Lean / Mathlib formalization	UNKNOWN STEP	2026-10-07T17:21:51.8424524Z [command]/usr/bin/git config --local --unset-all http.https://github.com/.extraheader
Lean / Mathlib formalization	UNKNOWN STEP	2026-10-07T17:21:51.8453767Z [command]/usr/bin/git submodule foreach --recursive sh -c "git config --local --name-only --get-regexp 'http\.https\:\/\/github\.com\/\.extraheader' && git config --local --unset-all 'http.https://github.com/.extraheader' || :"
Lean / Mathlib formalization	UNKNOWN STEP	2026-10-07T17:21:51.8645344Z [command]/usr/bin/git config --local --name-only --get-regexp ^includeIf\.gitdir:
Lean / Mathlib formalization	UNKNOWN STEP	2026-10-07T17:21:51.8674983Z [command]/usr/bin/git submodule foreach --recursive git config --local --show-origin --name-only --get-regexp remote.origin.url
Lean / Mathlib formalization	UNKNOWN STEP	2026-10-07T17:21:51.8955807Z Post job cleanup.
Lean / Mathlib formalization	UNKNOWN STEP	2026-10-07T17:21:51.9661133Z [command]/usr/bin/git version
Lean / Mathlib formalization	UNKNOWN STEP	2026-10-07T17:21:51.9702565Z git version 2.55.0
Lean / Mathlib formalization	UNKNOWN STEP	2026-10-07T17:21:51.9733149Z Temporarily overriding HOME='/home/runner/work/_temp/776f274c-e227-41df-a03f-cb4129765976' before making global git config changes
Lean / Mathlib formalization	UNKNOWN STEP	2026-10-07T17:21:51.9733923Z Adding repository directory to the temporary git global config as a safe directory
Lean / Mathlib formalization	UNKNOWN STEP	2026-10-07T17:21:51.9734852Z [command]/usr/bin/git config --global --add safe.directory /home/runner/work/Automization-Sampling-Optimisation-Geometry-Lib/Automization-Sampling-Optimisation-Geometry-Lib
Lean / Mathlib formalization	UNKNOWN STEP	2026-10-07T17:21:51.9776446Z [command]/usr/bin/git config --local --name-only --get-regexp core\.sshCommand
Lean / Mathlib formalization	UNKNOWN STEP	2026-10-07T17:21:51.9810116Z [command]/usr/bin/git submodule foreach --recursive sh -c "git config --local --name-only --get-regexp 'core\.sshCommand' && git config --local --unset-all 'core.sshCommand' || :"
Lean / Mathlib formalization	UNKNOWN STEP	2026-10-07T17:21:52.0058966Z [command]/usr/bin/git config --local --name-only --get-regexp http\.https\:\/\/github\.com\/\.extraheader
Lean / Mathlib formalization	UNKNOWN STEP	2026-10-07T17:21:52.0083119Z http.https://github.com/.extraheader
Lean / Mathlib formalization	UNKNOWN STEP	2026-10-07T17:21:52.0091305Z [command]/usr/bin/git config --local --unset-all http.https://github.com/.extraheader
Lean / Mathlib formalization	UNKNOWN STEP	2026-10-07T17:21:52.0125549Z [command]/usr/bin/git submodule foreach --recursive sh -c "git config --local --name-only --get-regexp 'http\.https\:\/\/github\.com\/\.extraheader' && git config --local --unset-all 'http.https://github.com/.extraheader' || :"
Lean / Mathlib formalization	UNKNOWN STEP	2026-10-07T17:21:52.0335306Z [command]/usr/bin/git config --local --name-only --get-regexp ^includeIf\.gitdir:
Lean / Mathlib formalization	UNKNOWN STEP	2026-10-07T17:21:52.0365787Z [command]/usr/bin/git submodule foreach --recursive git config --local --show-origin --name-only --get-regexp remote.origin.url
Lean / Mathlib formalization	UNKNOWN STEP	2026-10-07T17:21:52.0664378Z Cleaning up orphan processes
Lean / Mathlib formalization	UNKNOWN STEP	2026-10-07T17:21:52.0913440Z ##[warning]Node.js 20 is deprecated. The following actions target Node.js 20 but are being forced to run on Node.js 24: actions/checkout@v4, actions/setup-python@v5. For more information see: https://github.blog/changelog/2025-09-19-deprecation-of-node-20-on-github-actions-runners/
