{
  "schema_version": 1,
  "kind": "independent-exact-admission-reconciliation",
  "verifier_id": "picard_commit_verifier_20261005",
  "checked_commit": "e15c75690beb0c54c4ae3507b92696836a0201c5",
  "status": "passed-scoped",
  "stable_raw_lf_unchanged": [
    {
      "path": "AutoSamplingTheory/TechnicalLemmas/FunctionalInequalities/OrdinaryWeakResolvent.lean",
      "raw_sha256": "ba3107cf0d1a0a95fdeb6ce52b7a6bbecc78141013a98723f698b3440858b0b0",
      "lf_sha256": "0da6980d11a96f441f6cb2e1bd69f8b860c496885cf28a9d44b8e0819f66c334",
      "bytes": 13668,
      "exact_case_path_checked": true,
      "git_commit": "e15c75690beb0c54c4ae3507b92696836a0201c5",
      "git_raw_sha256": "0da6980d11a96f441f6cb2e1bd69f8b860c496885cf28a9d44b8e0819f66c334",
      "git_lf_sha256": "0da6980d11a96f441f6cb2e1bd69f8b860c496885cf28a9d44b8e0819f66c334",
      "git_raw_equals_worktree": false,
      "git_lf_equals_worktree": true
    },
    {
      "path": "AutoSamplingTheory/ExampleCases/ProximalBPS/ConditionalOrdinaryResolvent.lean",
      "raw_sha256": "228e127ddfba306f69ade81ed8f4e7c5c06918b45931d8a598524ab3e0c4ce23",
      "lf_sha256": "b07522d881ef4f6727d8dc36623be605746c6057394d713d621f9416ccb75d14",
      "bytes": 4446,
      "exact_case_path_checked": true,
      "git_commit": "e15c75690beb0c54c4ae3507b92696836a0201c5",
      "git_raw_sha256": "b07522d881ef4f6727d8dc36623be605746c6057394d713d621f9416ccb75d14",
      "git_lf_sha256": "b07522d881ef4f6727d8dc36623be605746c6057394d713d621f9416ccb75d14",
      "git_raw_equals_worktree": false,
      "git_lf_equals_worktree": true
    },
    {
      "path": "Tests/OrdinaryWeakResolvent.lean",
      "raw_sha256": "b622dbe8988086252ef2dd459deeaa87eb1983b4c99802df4e05dfb9733b2878",
      "lf_sha256": "93d231ae667dbcb63fd43ed88f7e5711ebd48a7f3fe702f2dd40cc0d1fe9730b",
      "bytes": 6566,
      "exact_case_path_checked": true,
      "git_commit": "e15c75690beb0c54c4ae3507b92696836a0201c5",
      "git_raw_sha256": "93d231ae667dbcb63fd43ed88f7e5711ebd48a7f3fe702f2dd40cc0d1fe9730b",
      "git_lf_sha256": "93d231ae667dbcb63fd43ed88f7e5711ebd48a7f3fe702f2dd40cc0d1fe9730b",
      "git_raw_equals_worktree": false,
      "git_lf_equals_worktree": true
    },
    {
      "path": "proof-blueprints/ordinary-weak-resolvent.md",
      "raw_sha256": "8a1c13deef82b06bd6bd31796e76279f8736f9af2091e6721cf804789c700879",
      "lf_sha256": "8bc541e6695cfde44833738074488b25925d24f90eb200315d5bee59cae7ba03",
      "bytes": 3097,
      "exact_case_path_checked": true,
      "git_commit": "e15c75690beb0c54c4ae3507b92696836a0201c5",
      "git_raw_sha256": "8bc541e6695cfde44833738074488b25925d24f90eb200315d5bee59cae7ba03",
      "git_lf_sha256": "8bc541e6695cfde44833738074488b25925d24f90eb200315d5bee59cae7ba03",
      "git_raw_equals_worktree": false,
      "git_lf_equals_worktree": true
    },
    {
      "path": "research-wiki/cited-results/Weighted_ordinary_resolvent_dependency_audit.md",
      "raw_sha256": "409d3f5aa725e467fda35eee7256d1fedd3295994cc7dcaa056fecc5c41fe3ff",
      "lf_sha256": "409d3f5aa725e467fda35eee7256d1fedd3295994cc7dcaa056fecc5c41fe3ff",
      "bytes": 12789,
      "exact_case_path_checked": true,
      "git_commit": "e15c75690beb0c54c4ae3507b92696836a0201c5",
      "git_raw_sha256": "409d3f5aa725e467fda35eee7256d1fedd3295994cc7dcaa056fecc5c41fe3ff",
      "git_lf_sha256": "409d3f5aa725e467fda35eee7256d1fedd3295994cc7dcaa056fecc5c41fe3ff",
      "git_raw_equals_worktree": true,
      "git_lf_equals_worktree": true
    },
    {
      "path": "research-wiki/cited-results/Weighted_ordinary_resolvent_source_preread.md",
      "raw_sha256": "f5c305e67eee455c1967bc7c6f2ac0c6a7ab75d0d420181d4b05ddf47f13545c",
      "lf_sha256": "f5c305e67eee455c1967bc7c6f2ac0c6a7ab75d0d420181d4b05ddf47f13545c",
      "bytes": 10428,
      "exact_case_path_checked": true,
      "git_commit": "e15c75690beb0c54c4ae3507b92696836a0201c5",
      "git_raw_sha256": "f5c305e67eee455c1967bc7c6f2ac0c6a7ab75d0d420181d4b05ddf47f13545c",
      "git_lf_sha256": "f5c305e67eee455c1967bc7c6f2ac0c6a7ab75d0d420181d4b05ddf47f13545c",
      "git_raw_equals_worktree": true,
      "git_lf_equals_worktree": true
    },
    {
      "path": "lean-toolchain",
      "raw_sha256": "b2b5068d5a4835675e651ce83b29c0ddb308d28b80076e7c007aef4630af0477",
      "lf_sha256": "302cd63c54178885b89e669f33b38f12f4dd7ae7e5cac537b3203e3768d8fb2b",
      "bytes": 26,
      "exact_case_path_checked": true,
      "git_commit": "e15c75690beb0c54c4ae3507b92696836a0201c5",
      "git_raw_sha256": "302cd63c54178885b89e669f33b38f12f4dd7ae7e5cac537b3203e3768d8fb2b",
      "git_lf_sha256": "302cd63c54178885b89e669f33b38f12f4dd7ae7e5cac537b3203e3768d8fb2b",
      "git_raw_equals_worktree": false,
      "git_lf_equals_worktree": true
    },
    {
      "path": "lake-manifest.json",
      "raw_sha256": "b1f16b43aaf4a886cfe0382d5e3ae63d6904281c00afd8f35af20f0270a747e2",
      "lf_sha256": "b83ca83b9cf7caa85fa8b023c2ff9a3fb7a7cce7e1c332e810c348535ec49c37",
      "bytes": 3234,
      "exact_case_path_checked": true,
      "git_commit": "e15c75690beb0c54c4ae3507b92696836a0201c5",
      "git_raw_sha256": "b83ca83b9cf7caa85fa8b023c2ff9a3fb7a7cce7e1c332e810c348535ec49c37",
      "git_lf_sha256": "b83ca83b9cf7caa85fa8b023c2ff9a3fb7a7cce7e1c332e810c348535ec49c37",
      "git_raw_equals_worktree": false,
      "git_lf_equals_worktree": true
    },
    {
      "path": "website/content/publications/ordinary-weak-resolvent.json",
      "raw_sha256": "7536d8deb4b75cf85bf0684f7439e48aa1c70987b96513105cc8391bd80a8162",
      "lf_sha256": "a81ca8addb0a6947114d1fb7a8d212618e60a14a2a4703d48360c24c436f398b",
      "bytes": 8087,
      "exact_case_path_checked": true,
      "git_commit": "e15c75690beb0c54c4ae3507b92696836a0201c5",
      "git_raw_sha256": "a81ca8addb0a6947114d1fb7a8d212618e60a14a2a4703d48360c24c436f398b",
      "git_lf_sha256": "a81ca8addb0a6947114d1fb7a8d212618e60a14a2a4703d48360c24c436f398b",
      "git_raw_equals_worktree": false,
      "git_lf_equals_worktree": true
    },
    {
      "path": "website/content/publications/pbps-conditional-ordinary-resolvent.json",
      "raw_sha256": "1a7d9a8a9ae94a109a373eacd8f379f144434c7e5537a8ae51859feeb3ab84da",
      "lf_sha256": "50b0a278654f8973d1fb37062cf631f4d13c2e3ebb4bb5fd2ad749473ef296d3",
      "bytes": 7812,
      "exact_case_path_checked": true,
      "git_commit": "e15c75690beb0c54c4ae3507b92696836a0201c5",
      "git_raw_sha256": "50b0a278654f8973d1fb37062cf631f4d13c2e3ebb4bb5fd2ad749473ef296d3",
      "git_lf_sha256": "50b0a278654f8973d1fb37062cf631f4d13c2e3ebb4bb5fd2ad749473ef296d3",
      "git_raw_equals_worktree": false,
      "git_lf_equals_worktree": true
    },
    {
      "path": "website/content/declaration_lessons/ordinary-weak-resolvent.json",
      "raw_sha256": "1445b79a2fdf9d035aef41ef91c798cad5535f01b2e9372dea2ab961e9b05879",
      "lf_sha256": "3d518877c034458b8970eb4ff1ab458f432758de731b717e4a183f34192543ae",
      "bytes": 10113,
      "exact_case_path_checked": true,
      "git_commit": "e15c75690beb0c54c4ae3507b92696836a0201c5",
      "git_raw_sha256": "3d518877c034458b8970eb4ff1ab458f432758de731b717e4a183f34192543ae",
      "git_lf_sha256": "3d518877c034458b8970eb4ff1ab458f432758de731b717e4a183f34192543ae",
      "git_raw_equals_worktree": false,
      "git_lf_equals_worktree": true
    },
    {
      "path": "website/content/declaration_lessons/pbps-conditional-ordinary-resolvent.json",
      "raw_sha256": "66c3aef45c4c12b78e11e0491ef7ac9a41398564347f5611650c111406282196",
      "lf_sha256": "1c2ce45f52c873bac1c50142b15949d1bd3a0a5f429740ebd98d8359bdadf681",
      "bytes": 8605,
      "exact_case_path_checked": true,
      "git_commit": "e15c75690beb0c54c4ae3507b92696836a0201c5",
      "git_raw_sha256": "1c2ce45f52c873bac1c50142b15949d1bd3a0a5f429740ebd98d8359bdadf681",
      "git_lf_sha256": "1c2ce45f52c873bac1c50142b15949d1bd3a0a5f429740ebd98d8359bdadf681",
      "git_raw_equals_worktree": false,
      "git_lf_equals_worktree": true
    },
    {
      "path": "AutoSamplingTheory/TechnicalLemmas/FunctionalInequalities/WeightedResolventC1.lean",
      "raw_sha256": "8c77d631912a6cd9a06e3a9302483076508be98665db25934fe3d8d58106a4be",
      "lf_sha256": "eeff8088dcf213d810af207340365b1bfec7e88398a9b711132a857c24beada5",
      "bytes": 5459,
      "exact_case_path_checked": true,
      "git_commit": "e15c75690beb0c54c4ae3507b92696836a0201c5",
      "git_raw_sha256": "eeff8088dcf213d810af207340365b1bfec7e88398a9b711132a857c24beada5",
      "git_lf_sha256": "eeff8088dcf213d810af207340365b1bfec7e88398a9b711132a857c24beada5",
      "git_raw_equals_worktree": false,
      "git_lf_equals_worktree": true
    },
    {
      "path": "AutoSamplingTheory/TechnicalLemmas/FunctionalInequalities/WeightedLocalL2.lean",
      "raw_sha256": "01ac3e08ef17d0b87fe3ff873a61ea138dc7a3ac81289f8742cf642ad0e7aee4",
      "lf_sha256": "a61421bdad21ef0ebf65dce11738f20146a7f53107ad6c355e31f7f973c14bb8",
      "bytes": 2279,
      "exact_case_path_checked": true,
      "git_commit": "e15c75690beb0c54c4ae3507b92696836a0201c5",
      "git_raw_sha256": "a61421bdad21ef0ebf65dce11738f20146a7f53107ad6c355e31f7f973c14bb8",
      "git_lf_sha256": "a61421bdad21ef0ebf65dce11738f20146a7f53107ad6c355e31f7f973c14bb8",
      "git_raw_equals_worktree": false,
      "git_lf_equals_worktree": true
    },
    {
      "path": "AutoSamplingTheory/ExampleCases/ProximalBPS/ConditionalGradient.lean",
      "raw_sha256": "8453ea8758be0ce67c32a434b2b5b4e4523572447001c52de18238c662cfd2a7",
      "lf_sha256": "3452712be04429132cbebcb6b9e6e24835d1f5f3dee9ddcd0af83c7a2d268ed6",
      "bytes": 3193,
      "exact_case_path_checked": true,
      "git_commit": "e15c75690beb0c54c4ae3507b92696836a0201c5",
      "git_raw_sha256": "3452712be04429132cbebcb6b9e6e24835d1f5f3dee9ddcd0af83c7a2d268ed6",
      "git_lf_sha256": "3452712be04429132cbebcb6b9e6e24835d1f5f3dee9ddcd0af83c7a2d268ed6",
      "git_raw_equals_worktree": false,
      "git_lf_equals_worktree": true
    },
    {
      "path": "AutoSamplingTheory/TechnicalLemmas/FunctionalInequalities/CompactC1GradientDomain.lean",
      "raw_sha256": "3a08a4dc62796d8a5d021755c841280010d92d2b3259efee311232bf8ab8d096",
      "lf_sha256": "dd6234dfec6d2dfb351d1ad45c3fcc0eb111e1c18038ebc4c6ab48035033a2f7",
      "bytes": 9200,
      "exact_case_path_checked": true,
      "git_commit": "e15c75690beb0c54c4ae3507b92696836a0201c5",
      "git_raw_sha256": "dd6234dfec6d2dfb351d1ad45c3fcc0eb111e1c18038ebc4c6ab48035033a2f7",
      "git_lf_sha256": "dd6234dfec6d2dfb351d1ad45c3fcc0eb111e1c18038ebc4c6ab48035033a2f7",
      "git_raw_equals_worktree": false,
      "git_lf_equals_worktree": true
    },
    {
      "path": "AutoSamplingTheory/TechnicalLemmas/FunctionalInequalities/WeightedGradientDistribution.lean",
      "raw_sha256": "212dc09403d2991e33d546bfeb2963e8ba2f3756fd5fd7a9b1004a1aed57329b",
      "lf_sha256": "0e4292c24ad6b24cff053cddd8a9fb4dc24ad3b573886284cfc7bb1f5b29c6fc",
      "bytes": 5557,
      "exact_case_path_checked": true,
      "git_commit": "e15c75690beb0c54c4ae3507b92696836a0201c5",
      "git_raw_sha256": "0e4292c24ad6b24cff053cddd8a9fb4dc24ad3b573886284cfc7bb1f5b29c6fc",
      "git_lf_sha256": "0e4292c24ad6b24cff053cddd8a9fb4dc24ad3b573886284cfc7bb1f5b29c6fc",
      "git_raw_equals_worktree": false,
      "git_lf_equals_worktree": true
    },
    {
      "path": "AutoSamplingTheory/TechnicalLemmas/FunctionalInequalities/WeightedGradient.lean",
      "raw_sha256": "c2495b6ab8a4c82cadf0d86b910d663e0e4f65f6b96bc4b449149112756d4690",
      "lf_sha256": "5bd3402124330f69d7875e9bbfc6eb31760b70528850ac841d1ff7c84ab72149",
      "bytes": 14800,
      "exact_case_path_checked": true,
      "git_commit": "e15c75690beb0c54c4ae3507b92696836a0201c5",
      "git_raw_sha256": "5bd3402124330f69d7875e9bbfc6eb31760b70528850ac841d1ff7c84ab72149",
      "git_lf_sha256": "5bd3402124330f69d7875e9bbfc6eb31760b70528850ac841d1ff7c84ab72149",
      "git_raw_equals_worktree": false,
      "git_lf_equals_worktree": true
    },
    {
      "path": "AutoSamplingTheory/TechnicalLemmas/FunctionalInequalities/WeightedGradientWeak.lean",
      "raw_sha256": "9a733bd21cf4d16b8ff1f0b204be9473755c75c1c7bedb3abc0f9696311d409c",
      "lf_sha256": "229fdeede8f2517cd6125ad74c2fd7feb9454c9268e18bd72d7bae141f32aa5c",
      "bytes": 8207,
      "exact_case_path_checked": true,
      "git_commit": "e15c75690beb0c54c4ae3507b92696836a0201c5",
      "git_raw_sha256": "229fdeede8f2517cd6125ad74c2fd7feb9454c9268e18bd72d7bae141f32aa5c",
      "git_lf_sha256": "229fdeede8f2517cd6125ad74c2fd7feb9454c9268e18bd72d7bae141f32aa5c",
      "git_raw_equals_worktree": false,
      "git_lf_equals_worktree": true
    },
    {
      "path": "AutoSamplingTheory/TechnicalLemmas/FunctionalInequalities/ClosedGraphResolvent.lean",
      "raw_sha256": "1ab1ae53e9251ae4fc210fc3b5b938f3f503419dc817df8771817e2dd2821c98",
      "lf_sha256": "32ed6c367cdd5f52578366b83a448f96619f362b05d05e25963c3efbf870e022",
      "bytes": 5258,
      "exact_case_path_checked": true,
      "git_commit": "e15c75690beb0c54c4ae3507b92696836a0201c5",
      "git_raw_sha256": "32ed6c367cdd5f52578366b83a448f96619f362b05d05e25963c3efbf870e022",
      "git_lf_sha256": "32ed6c367cdd5f52578366b83a448f96619f362b05d05e25963c3efbf870e022",
      "git_raw_equals_worktree": false,
      "git_lf_equals_worktree": true
    },
    {
      "path": "AutoSamplingTheory/ExampleCases/ProximalBPS/ConditionalBochner.lean",
      "raw_sha256": "995cdfb7261d177f14eb63fcbfa1627391ae6b6b9c034cb7bf757fbbcc18f8d2",
      "lf_sha256": "995cdfb7261d177f14eb63fcbfa1627391ae6b6b9c034cb7bf757fbbcc18f8d2",
      "bytes": 4922,
      "exact_case_path_checked": true,
      "git_commit": "e15c75690beb0c54c4ae3507b92696836a0201c5",
      "git_raw_sha256": "995cdfb7261d177f14eb63fcbfa1627391ae6b6b9c034cb7bf757fbbcc18f8d2",
      "git_lf_sha256": "995cdfb7261d177f14eb63fcbfa1627391ae6b6b9c034cb7bf757fbbcc18f8d2",
      "git_raw_equals_worktree": true,
      "git_lf_equals_worktree": true
    },
    {
      "path": "AutoSamplingTheory/ExampleCases/ProximalBPS/ConditionalScoreDomain.lean",
      "raw_sha256": "88675897290ba5b11ab1fb96b13fa3170da5c1fff41926b59771bf88c26ec419",
      "lf_sha256": "45d838a1ea0acd078db24d38323be39db4b7485d596adb828179f46f9d9f24e4",
      "bytes": 21911,
      "exact_case_path_checked": true,
      "git_commit": "e15c75690beb0c54c4ae3507b92696836a0201c5",
      "git_raw_sha256": "45d838a1ea0acd078db24d38323be39db4b7485d596adb828179f46f9d9f24e4",
      "git_lf_sha256": "45d838a1ea0acd078db24d38323be39db4b7485d596adb828179f46f9d9f24e4",
      "git_raw_equals_worktree": false,
      "git_lf_equals_worktree": true
    },
    {
      "path": "AutoSamplingTheory/ExampleCases/ProximalBPS/ConditionalScore.lean",
      "raw_sha256": "2fc25ec02d242eba8fd5724c4ea1795a6f04f6935b5b5933acb1319d0eeb66b3",
      "lf_sha256": "39eec278de291ed52cf847f40ca064e89c301dac97406127fd3612b772c0776a",
      "bytes": 26858,
      "exact_case_path_checked": true,
      "git_commit": "e15c75690beb0c54c4ae3507b92696836a0201c5",
      "git_raw_sha256": "39eec278de291ed52cf847f40ca064e89c301dac97406127fd3612b772c0776a",
      "git_lf_sha256": "39eec278de291ed52cf847f40ca064e89c301dac97406127fd3612b772c0776a",
      "git_raw_equals_worktree": false,
      "git_lf_equals_worktree": true
    },
    {
      "path": "AutoSamplingTheory/TechnicalLemmas/Analysis/Calculus/Gradient.lean",
      "raw_sha256": "b0e6a1c0c60c273621d9d612bf7874ac90fb5d90dee0c202d56b75a149e16db5",
      "lf_sha256": "9482edb1349892d5a8104f25080e5ce2a0b6135862a3ece6ec283a614e42920a",
      "bytes": 9433,
      "exact_case_path_checked": true,
      "git_commit": "e15c75690beb0c54c4ae3507b92696836a0201c5",
      "git_raw_sha256": "9482edb1349892d5a8104f25080e5ce2a0b6135862a3ece6ec283a614e42920a",
      "git_lf_sha256": "9482edb1349892d5a8104f25080e5ce2a0b6135862a3ece6ec283a614e42920a",
      "git_raw_equals_worktree": false,
      "git_lf_equals_worktree": true
    },
    {
      "path": ".lake/packages/mathlib/Mathlib/Analysis/InnerProductSpace/Laplacian.lean",
      "raw_sha256": "67c82a0517c6b5c08a30a5e4ff2fd7af170a1c904c5c29959c0cb3744fe35c21",
      "lf_sha256": "3ee312cd1638dc1a6c45f1944df13057eaf24609f7f6bea9057abda1b9a1cf9d",
      "bytes": 18962,
      "exact_case_path_checked": true
    },
    {
      "path": ".lake/packages/mathlib/Mathlib/Analysis/Calculus/Gradient/Basic.lean",
      "raw_sha256": "5511a0fa7fb4dd2c2b74e19fc7cd3cfabfe1774a7ae5e65c3972981eb4c1a78d",
      "lf_sha256": "89f93934750efd40fd2eb8e261b888be4566d34a293eda1436f43ff5500817a8",
      "bytes": 15900,
      "exact_case_path_checked": true
    },
    {
      "path": ".lake/packages/mathlib/Mathlib/Analysis/Calculus/ContDiff/Comp.lean",
      "raw_sha256": "ddcbc08b40d60445b8a1e60a9f001cd79e903ac8dac73230f86f283a1ee4717d",
      "lf_sha256": "26495369d99d4815f99e8319623231a5fe25f0fdd1756c31162216323e27ed0f",
      "bytes": 45544,
      "exact_case_path_checked": true
    },
    {
      "path": ".lake/packages/mathlib/Mathlib/Analysis/Calculus/ContDiff/FTaylorSeries.lean",
      "raw_sha256": "d5f6b2343a4cd64a4805f3594015a2e6daa351fc6f76c894fb792d8702da74d1",
      "lf_sha256": "8c82bcae96ad4759777af750ea750ffe9af2721914dde7a4ce7438ac5940c9af",
      "bytes": 53965,
      "exact_case_path_checked": true
    },
    {
      "path": ".lake/packages/mathlib/Mathlib/Analysis/Calculus/FDeriv/Const.lean",
      "raw_sha256": "465c390129f71d294ad900df8c04d1e2ea4d9c286446ab058a902eca6caf3384",
      "lf_sha256": "f1ea8ce4160117f303b20fd4bccca2a40e30bed4d9a24887dcf82af5f1cdf5c1",
      "bytes": 15096,
      "exact_case_path_checked": true
    },
    {
      "path": ".lake/packages/mathlib/Mathlib/Analysis/Calculus/FDeriv/CompCLM.lean",
      "raw_sha256": "f59cdc60b9da7ee666956e1593923f3b4b2297f6263c048fcf86e58f45521aa6",
      "lf_sha256": "b2247b2964fc7508b785d65ee0f33f23478e586c16faa99757f8c126bb182ff9",
      "bytes": 14678,
      "exact_case_path_checked": true
    },
    {
      "path": ".lake/packages/mathlib/Mathlib/Analysis/Calculus/FDeriv/Mul.lean",
      "raw_sha256": "3883b2f1d53a2330b43fb650fa6209d9e5c2fd2cd0d3a45c02145d7566bd315e",
      "lf_sha256": "cb6b129e2bc9f0e946445da29c072eff747cbe4477e8f90aecc6145eb69fea6a",
      "bytes": 37314,
      "exact_case_path_checked": true
    },
    {
      "path": ".lake/packages/mathlib/Mathlib/Analysis/SpecialFunctions/ExpDeriv.lean",
      "raw_sha256": "70a029af2ce8ed6335dc689de1ee2b2dbfbf3e1f536c9b9bc70cb7d300df90de",
      "lf_sha256": "7678c4712458f4129eb9b29ea7eb332467501cc8a6688547d1ed1b25f8849722",
      "bytes": 14387,
      "exact_case_path_checked": true
    },
    {
      "path": ".lake/packages/mathlib/Mathlib/MeasureTheory/Function/LocallyIntegrable.lean",
      "raw_sha256": "74d200548ca3d31ffb48d64222af591a357c04b74d873d1c1523bc75e9038427",
      "lf_sha256": "b64a5dcc099b916bcf213f441092873475fb326bac913e03890c2f268d56540b",
      "bytes": 43187,
      "exact_case_path_checked": true
    },
    {
      "path": ".lake/packages/mathlib/Mathlib/MeasureTheory/Function/LpSeminorm/Monotonicity.lean",
      "raw_sha256": "6e02d8a01ee68e9d32052c8b051850d52abf9695838edb73c4e1ac9ca8afab89",
      "lf_sha256": "ad0dc4d5ab0dcf884fe70ae9021e67a54c35c6ffe14f5ccedc839c84446176c3",
      "bytes": 12887,
      "exact_case_path_checked": true
    },
    {
      "path": ".lake/packages/mathlib/Mathlib/MeasureTheory/Function/L2Space.lean",
      "raw_sha256": "b27eb9c9823a58a229a17f69860c5bcf3defb433c23ff3bab335f864676df3b5",
      "lf_sha256": "7dd0542490f2841e8a91d2258a903d328383d7305915375d99d589fae40de399",
      "bytes": 14200,
      "exact_case_path_checked": true
    },
    {
      "path": ".lake/packages/mathlib/Mathlib/MeasureTheory/Integral/Bochner/Basic.lean",
      "raw_sha256": "38acb9930511f4fda15584cc7be30bb37d0d8ab0406a6cc2b32229c730440463",
      "lf_sha256": "f81a06eab17faccbc4b671a93e7af73332f5fd3946f7690e7c2a3cfee77d28c8",
      "bytes": 71811,
      "exact_case_path_checked": true
    },
    {
      "path": ".lake/packages/mathlib/Mathlib/MeasureTheory/Measure/Tilted.lean",
      "raw_sha256": "53cc37610d1b21725a178c7d8064c59bb28629625d844b02430a30714ecd0c3e",
      "lf_sha256": "355cce542b03dd9130d9511f80ae803cc11a12ba9e6a947e68402b124be2165f",
      "bytes": 17366,
      "exact_case_path_checked": true
    },
    {
      "path": ".lake/packages/mathlib/Mathlib/Analysis/SpecialFunctions/Pow/Deriv.lean",
      "raw_sha256": "1671ed7482073d88952dfea8e320f84341752d1ba62e5c5b2f219511eda0ecfd",
      "lf_sha256": "1c42da13b6121a76de1ec5cbc49833cbdaa71901c7c9d5e3b44bdf33b2c1c481",
      "bytes": 36783,
      "exact_case_path_checked": true
    },
    {
      "path": ".lake/packages/mathlib/Mathlib/Analysis/Calculus/BumpFunction/Convolution.lean",
      "raw_sha256": "42770c7caab00fa5dcb8412eaed82ab70ca515d14306c2b90be7f79707487c59",
      "lf_sha256": "7e89c7cb27e6d8fbeba7ef17cff8f9f62e4467337e5bf9e9d132b92825cf088a",
      "bytes": 7390,
      "exact_case_path_checked": true
    }
  ],
  "stable_input_count": 39,
  "original39_inputs_unchanged": true,
  "math_review": {
    "path": "runs/20261006-companion-priority/ordinary-weak-resolvent/math-review.json",
    "raw_sha256": "b108e5e0f44b33c9c30c97db7145bd71a53aea832cf96ed1f51b54ce32a83cd1",
    "lf_sha256": "cb98f29113e0fbcace48a2293afcb2b6f3b61ffa872ca304ed33149a3495c1fb",
    "bytes": 64967,
    "exact_case_path_checked": true,
    "git_commit": "e15c75690beb0c54c4ae3507b92696836a0201c5",
    "git_raw_sha256": "b108e5e0f44b33c9c30c97db7145bd71a53aea832cf96ed1f51b54ce32a83cd1",
    "git_lf_sha256": "cb98f29113e0fbcace48a2293afcb2b6f3b61ffa872ca304ed33149a3495c1fb",
    "git_raw_equals_worktree": true,
    "git_lf_equals_worktree": true
  },
  "immutable4math_snapshots": [
    {
      "path": "runs/20261006-companion-priority/ordinary-weak-resolvent/ASTIS-SHARED-ordinary-weak-resolvent.math-reviewed.snapshot.json",
      "raw_sha256": "c536fd6e88684501944409283f5ea4c443fc354b1da453ac074cea4093f13a7e",
      "lf_sha256": "e60e08d0046b2f7780a092509f20aa0c24c10086a59f3256767637ddfe03432d",
      "bytes": 9093,
      "exact_case_path_checked": true,
      "git_commit": "e15c75690beb0c54c4ae3507b92696836a0201c5",
      "git_raw_sha256": "c536fd6e88684501944409283f5ea4c443fc354b1da453ac074cea4093f13a7e",
      "git_lf_sha256": "e60e08d0046b2f7780a092509f20aa0c24c10086a59f3256767637ddfe03432d",
      "git_raw_equals_worktree": true,
      "git_lf_equals_worktree": true
    },
    {
      "path": "runs/20261006-companion-priority/ordinary-weak-resolvent/ASTIS-SW-PBPS-conditional-ordinary-resolvent.math-reviewed.snapshot.json",
      "raw_sha256": "5796166eeb828146ffa4bd1c8182cdbc2098e74943eeeeb6a9318124b697bf8d",
      "lf_sha256": "f5e5a56edc3175d26ed1a2c4125ce2fd95d183f354a5eca856422da32a651d5f",
      "bytes": 8669,
      "exact_case_path_checked": true,
      "git_commit": "e15c75690beb0c54c4ae3507b92696836a0201c5",
      "git_raw_sha256": "5796166eeb828146ffa4bd1c8182cdbc2098e74943eeeeb6a9318124b697bf8d",
      "git_lf_sha256": "f5e5a56edc3175d26ed1a2c4125ce2fd95d183f354a5eca856422da32a651d5f",
      "git_raw_equals_worktree": true,
      "git_lf_equals_worktree": true
    },
    {
      "path": "runs/20261006-companion-priority/ordinary-weak-resolvent/ASTIS-RT-20261006-OrdinaryWeakResolvent.math-reviewed.snapshot.json",
      "raw_sha256": "90a401ccce7c70625abf38049598dba19591e0b95705d5703dea88218ceb93f9",
      "lf_sha256": "d07c5d5838790d99dd0e07c0e67d0163318545f7f6ee5db8d96321a15d1d6021",
      "bytes": 36940,
      "exact_case_path_checked": true,
      "git_commit": "e15c75690beb0c54c4ae3507b92696836a0201c5",
      "git_raw_sha256": "90a401ccce7c70625abf38049598dba19591e0b95705d5703dea88218ceb93f9",
      "git_lf_sha256": "d07c5d5838790d99dd0e07c0e67d0163318545f7f6ee5db8d96321a15d1d6021",
      "git_raw_equals_worktree": true,
      "git_lf_equals_worktree": true
    },
    {
      "path": "runs/20261006-companion-priority/ordinary-weak-resolvent/ASTIS-RT-20261006-PBPSConditionalOrdinaryResolvent.math-reviewed.snapshot.json",
      "raw_sha256": "17bb3586cda7e25205376aab2de0c22cb140848e471b5716b388547de2f25c8f",
      "lf_sha256": "508ab4d649110208852dac73b906d0662ab26763b0435994d007d9fbf657f671",
      "bytes": 26848,
      "exact_case_path_checked": true,
      "git_commit": "e15c75690beb0c54c4ae3507b92696836a0201c5",
      "git_raw_sha256": "17bb3586cda7e25205376aab2de0c22cb140848e471b5716b388547de2f25c8f",
      "git_lf_sha256": "508ab4d649110208852dac73b906d0662ab26763b0435994d007d9fbf657f671",
      "git_raw_equals_worktree": true,
      "git_lf_equals_worktree": true
    }
  ],
  "permitted_metadata_deltas": [
    {
      "old_snapshot": {
        "path": "runs/20261006-companion-priority/ordinary-weak-resolvent/ASTIS-SHARED-ordinary-weak-resolvent.math-reviewed.snapshot.json",
        "raw_sha256": "c536fd6e88684501944409283f5ea4c443fc354b1da453ac074cea4093f13a7e",
        "lf_sha256": "e60e08d0046b2f7780a092509f20aa0c24c10086a59f3256767637ddfe03432d",
        "bytes": 9093,
        "exact_case_path_checked": true,
        "git_commit": "e15c75690beb0c54c4ae3507b92696836a0201c5",
        "git_raw_sha256": "c536fd6e88684501944409283f5ea4c443fc354b1da453ac074cea4093f13a7e",
        "git_lf_sha256": "e60e08d0046b2f7780a092509f20aa0c24c10086a59f3256767637ddfe03432d",
        "git_raw_equals_worktree": true,
        "git_lf_equals_worktree": true
      },
      "current": {
        "path": "research-wiki/frontier-cells/ASTIS-SHARED-ordinary-weak-resolvent.json",
        "raw_sha256": "93076da18d9503af77840801b0d7a67097c2c59c2fc3da363a42da8d9e061eba",
        "lf_sha256": "33792d482141b4596d3fc75e8c1501294e70d3def6cc957e5330431ed03a5bb1",
        "bytes": 9332,
        "exact_case_path_checked": true,
        "git_commit": "e15c75690beb0c54c4ae3507b92696836a0201c5",
        "git_raw_sha256": "33792d482141b4596d3fc75e8c1501294e70d3def6cc957e5330431ed03a5bb1",
        "git_lf_sha256": "33792d482141b4596d3fc75e8c1501294e70d3def6cc957e5330431ed03a5bb1",
        "git_raw_equals_worktree": false,
        "git_lf_equals_worktree": true
      },
      "changed_fields": [
        "/evidence/development_boundary",
        "/evidence/proof_review",
        "/status"
      ],
      "allowed_changes_only": true
    },
    {
      "old_snapshot": {
        "path": "runs/20261006-companion-priority/ordinary-weak-resolvent/ASTIS-SW-PBPS-conditional-ordinary-resolvent.math-reviewed.snapshot.json",
        "raw_sha256": "5796166eeb828146ffa4bd1c8182cdbc2098e74943eeeeb6a9318124b697bf8d",
        "lf_sha256": "f5e5a56edc3175d26ed1a2c4125ce2fd95d183f354a5eca856422da32a651d5f",
        "bytes": 8669,
        "exact_case_path_checked": true,
        "git_commit": "e15c75690beb0c54c4ae3507b92696836a0201c5",
        "git_raw_sha256": "5796166eeb828146ffa4bd1c8182cdbc2098e74943eeeeb6a9318124b697bf8d",
        "git_lf_sha256": "f5e5a56edc3175d26ed1a2c4125ce2fd95d183f354a5eca856422da32a651d5f",
        "git_raw_equals_worktree": true,
        "git_lf_equals_worktree": true
      },
      "current": {
        "path": "research-wiki/frontier-cells/ASTIS-SW-PBPS-conditional-ordinary-resolvent.json",
        "raw_sha256": "69e774457deb818d4b346f9d9fce85291947f6e025ef6fe6b86fe7aaea370e43",
        "lf_sha256": "0868328826d9171ab59fa77862e3c4f5af31fd381ac975d7a420535bb32669c0",
        "bytes": 8908,
        "exact_case_path_checked": true,
        "git_commit": "e15c75690beb0c54c4ae3507b92696836a0201c5",
        "git_raw_sha256": "0868328826d9171ab59fa77862e3c4f5af31fd381ac975d7a420535bb32669c0",
        "git_lf_sha256": "0868328826d9171ab59fa77862e3c4f5af31fd381ac975d7a420535bb32669c0",
        "git_raw_equals_worktree": false,
        "git_lf_equals_worktree": true
      },
      "changed_fields": [
        "/evidence/development_boundary",
        "/evidence/proof_review",
        "/status"
      ],
      "allowed_changes_only": true
    },
    {
      "old_snapshot": {
        "path": "runs/20261006-companion-priority/ordinary-weak-resolvent/ASTIS-RT-20261006-OrdinaryWeakResolvent.math-reviewed.snapshot.json",
        "raw_sha256": "90a401ccce7c70625abf38049598dba19591e0b95705d5703dea88218ceb93f9",
        "lf_sha256": "d07c5d5838790d99dd0e07c0e67d0163318545f7f6ee5db8d96321a15d1d6021",
        "bytes": 36940,
        "exact_case_path_checked": true,
        "git_commit": "e15c75690beb0c54c4ae3507b92696836a0201c5",
        "git_raw_sha256": "90a401ccce7c70625abf38049598dba19591e0b95705d5703dea88218ceb93f9",
        "git_lf_sha256": "d07c5d5838790d99dd0e07c0e67d0163318545f7f6ee5db8d96321a15d1d6021",
        "git_raw_equals_worktree": true,
        "git_lf_equals_worktree": true
      },
      "current": {
        "path": "research-wiki/semantic-roundtrip/audits/ASTIS-RT-20261006-OrdinaryWeakResolvent.json",
        "raw_sha256": "ff8b3594d727bf8ace1498ebe9ae46effb6e89071f757a7a49386c00acbd08ff",
        "lf_sha256": "59455b95484aaaa7e46439bf7af32abd13a08448522ec5120988e89c43da13c5",
        "bytes": 46755,
        "exact_case_path_checked": true,
        "git_commit": "e15c75690beb0c54c4ae3507b92696836a0201c5",
        "git_raw_sha256": "59455b95484aaaa7e46439bf7af32abd13a08448522ec5120988e89c43da13c5",
        "git_lf_sha256": "59455b95484aaaa7e46439bf7af32abd13a08448522ec5120988e89c43da13c5",
        "git_raw_equals_worktree": false,
        "git_lf_equals_worktree": true
      },
      "changed_fields": [
        "/deltas",
        "/reconstruction",
        "/semantic_slots",
        "/source_review/evidence",
        "/source_review/independent_from_decoder",
        "/source_review/independent_from_formalizer",
        "/source_review/review_run_sha256",
        "/source_review/reviewer",
        "/source_review/reviewer_packet_sha256",
        "/source_review/run_artifact",
        "/source_review/state",
        "/state",
        "/verdict"
      ],
      "allowed_changes_only": true
    },
    {
      "old_snapshot": {
        "path": "runs/20261006-companion-priority/ordinary-weak-resolvent/ASTIS-RT-20261006-PBPSConditionalOrdinaryResolvent.math-reviewed.snapshot.json",
        "raw_sha256": "17bb3586cda7e25205376aab2de0c22cb140848e471b5716b388547de2f25c8f",
        "lf_sha256": "508ab4d649110208852dac73b906d0662ab26763b0435994d007d9fbf657f671",
        "bytes": 26848,
        "exact_case_path_checked": true,
        "git_commit": "e15c75690beb0c54c4ae3507b92696836a0201c5",
        "git_raw_sha256": "17bb3586cda7e25205376aab2de0c22cb140848e471b5716b388547de2f25c8f",
        "git_lf_sha256": "508ab4d649110208852dac73b906d0662ab26763b0435994d007d9fbf657f671",
        "git_raw_equals_worktree": true,
        "git_lf_equals_worktree": true
      },
      "current": {
        "path": "research-wiki/semantic-roundtrip/audits/ASTIS-RT-20261006-PBPSConditionalOrdinaryResolvent.json",
        "raw_sha256": "8005b6c026199a5e5e495190f4f69feb48ec049e77ec129f9dacc1d22f6679a7",
        "lf_sha256": "3c1bb93f0589c138f50f96139465cc2401acfbb405bf42e8952ebcb09692d3b8",
        "bytes": 37235,
        "exact_case_path_checked": true,
        "git_commit": "e15c75690beb0c54c4ae3507b92696836a0201c5",
        "git_raw_sha256": "3c1bb93f0589c138f50f96139465cc2401acfbb405bf42e8952ebcb09692d3b8",
        "git_lf_sha256": "3c1bb93f0589c138f50f96139465cc2401acfbb405bf42e8952ebcb09692d3b8",
        "git_raw_equals_worktree": false,
        "git_lf_equals_worktree": true
      },
      "changed_fields": [
        "/deltas",
        "/reconstruction",
        "/semantic_slots",
        "/source_review/evidence",
        "/source_review/independent_from_decoder",
        "/source_review/independent_from_formalizer",
        "/source_review/review_run_sha256",
        "/source_review/reviewer",
        "/source_review/reviewer_packet_sha256",
        "/source_review/run_artifact",
        "/source_review/state",
        "/state",
        "/verdict"
      ],
      "allowed_changes_only": true
    }
  ],
  "source_reviews": [
    {
      "audit_id": "ASTIS-RT-20261006-OrdinaryWeakResolvent",
      "declaration": "AutoSamplingTheory.TechnicalLemmas.FunctionalInequalities.OrdinaryWeakResolvent.weak_resolvent_laplacian",
      "state": "accepted",
      "verdict": "equivalent-after-elaboration",
      "source_packet_sha256": "5d64c3f9ffc1495048c69d4972918da90818f1452cebd46167f6798737c79b3e",
      "source_run_sha256": "1072a298a7c8c6a8d5d8a8a0b418b7bb253752b64fb86905b7eb3c8fd94203f3",
      "source_result_artifact": "runs\\20261006-companion-priority\\ordinary-weak-resolvent\\source-review.0.result.json",
      "decoder_packet_sha256": "55f5dfce5f782d273908d04efabec6b8533b1c3536d7a9fa628e3116bbe48ce1",
      "decoder_run_sha256": "9be156a85f4948a6fa503e7444132a2930de9b6daee829a9abb8b123353f58fa",
      "publication_binding_sha256": "7697cea70c1cdeb7f0721ab7a81761677f7fa75b355181db5d990140b6199631",
      "review_context_sha256": "0bbcd2c9b5aa883d99d3e4d7b4db3bc2cf91b869c957e7aa5a8174d9ae4cfe85",
      "whole_module_raw_sha256": "ba3107cf0d1a0a95fdeb6ce52b7a6bbecc78141013a98723f698b3440858b0b0",
      "whole_module_lf_sha256": "0da6980d11a96f441f6cb2e1bd69f8b860c496885cf28a9d44b8e0819f66c334",
      "source_reviewer": "phase_source_reviewer_20261005",
      "decoder": "anonymous_decoder_20261006",
      "anti_anchoring": {
        "prior_pre_read": "Own primary/API capsule precedes new candidate exposure; older dependency note used only as API/route inventory.",
        "exposure_disclosure": "Earlier BL matching-line/signature search exposed covariance helpers, and later proper covariance/C1 review read their proofs. Existing parent proofs were known; complete repository-wide blindness is not claimed.",
        "current_first_input": "The two canonical fresh source-facing reviewer packets; no root ignored C1/ordinary prototype or any new mathematical review verdict read.",
        "current_complete_candidate_read": true,
        "source_fidelity_independent_of_math_PASS": true,
        "old_audit_handling": "Only exact structural administration comparison of explicitly supplied frozen/current audits; state/proof-review metadata never used to derive equivalence. Audit reconstruction aliases were compared against current independent decoder, without copying any old slot or verdict.",
        "earlier_or_parallel_math_verdict_used": false,
        "new_agents_spawned": false
      },
      "semantic_slots": 7,
      "source_inputs": [
        {
          "path": "AutoSamplingTheory/TechnicalLemmas/FunctionalInequalities/OrdinaryWeakResolvent.lean",
          "raw_sha256": "ba3107cf0d1a0a95fdeb6ce52b7a6bbecc78141013a98723f698b3440858b0b0",
          "lf_sha256": "0da6980d11a96f441f6cb2e1bd69f8b860c496885cf28a9d44b8e0819f66c334",
          "bytes": 13668,
          "exact_case_path_checked": true,
          "git_commit": "e15c75690beb0c54c4ae3507b92696836a0201c5",
          "git_raw_sha256": "0da6980d11a96f441f6cb2e1bd69f8b860c496885cf28a9d44b8e0819f66c334",
          "git_lf_sha256": "0da6980d11a96f441f6cb2e1bd69f8b860c496885cf28a9d44b8e0819f66c334",
          "git_raw_equals_worktree": false,
          "git_lf_equals_worktree": true
        },
        {
          "path": "AutoSamplingTheory/ExampleCases/ProximalBPS/ConditionalOrdinaryResolvent.lean",
          "raw_sha256": "228e127ddfba306f69ade81ed8f4e7c5c06918b45931d8a598524ab3e0c4ce23",
          "lf_sha256": "b07522d881ef4f6727d8dc36623be605746c6057394d713d621f9416ccb75d14",
          "bytes": 4446,
          "exact_case_path_checked": true,
          "git_commit": "e15c75690beb0c54c4ae3507b92696836a0201c5",
          "git_raw_sha256": "b07522d881ef4f6727d8dc36623be605746c6057394d713d621f9416ccb75d14",
          "git_lf_sha256": "b07522d881ef4f6727d8dc36623be605746c6057394d713d621f9416ccb75d14",
          "git_raw_equals_worktree": false,
          "git_lf_equals_worktree": true
        },
        {
          "path": "Tests/OrdinaryWeakResolvent.lean",
          "raw_sha256": "b622dbe8988086252ef2dd459deeaa87eb1983b4c99802df4e05dfb9733b2878",
          "lf_sha256": "93d231ae667dbcb63fd43ed88f7e5711ebd48a7f3fe702f2dd40cc0d1fe9730b",
          "bytes": 6566,
          "exact_case_path_checked": true,
          "git_commit": "e15c75690beb0c54c4ae3507b92696836a0201c5",
          "git_raw_sha256": "93d231ae667dbcb63fd43ed88f7e5711ebd48a7f3fe702f2dd40cc0d1fe9730b",
          "git_lf_sha256": "93d231ae667dbcb63fd43ed88f7e5711ebd48a7f3fe702f2dd40cc0d1fe9730b",
          "git_raw_equals_worktree": false,
          "git_lf_equals_worktree": true
        },
        {
          "path": "website/content/publications/ordinary-weak-resolvent.json",
          "raw_sha256": "7536d8deb4b75cf85bf0684f7439e48aa1c70987b96513105cc8391bd80a8162",
          "lf_sha256": "a81ca8addb0a6947114d1fb7a8d212618e60a14a2a4703d48360c24c436f398b",
          "bytes": 8087,
          "exact_case_path_checked": true,
          "git_commit": "e15c75690beb0c54c4ae3507b92696836a0201c5",
          "git_raw_sha256": "a81ca8addb0a6947114d1fb7a8d212618e60a14a2a4703d48360c24c436f398b",
          "git_lf_sha256": "a81ca8addb0a6947114d1fb7a8d212618e60a14a2a4703d48360c24c436f398b",
          "git_raw_equals_worktree": false,
          "git_lf_equals_worktree": true
        },
        {
          "path": "website/content/declaration_lessons/ordinary-weak-resolvent.json",
          "raw_sha256": "1445b79a2fdf9d035aef41ef91c798cad5535f01b2e9372dea2ab961e9b05879",
          "lf_sha256": "3d518877c034458b8970eb4ff1ab458f432758de731b717e4a183f34192543ae",
          "bytes": 10113,
          "exact_case_path_checked": true,
          "git_commit": "e15c75690beb0c54c4ae3507b92696836a0201c5",
          "git_raw_sha256": "3d518877c034458b8970eb4ff1ab458f432758de731b717e4a183f34192543ae",
          "git_lf_sha256": "3d518877c034458b8970eb4ff1ab458f432758de731b717e4a183f34192543ae",
          "git_raw_equals_worktree": false,
          "git_lf_equals_worktree": true
        },
        {
          "path": "runs/20261006-companion-priority/ordinary-weak-resolvent/source-review.0.json",
          "raw_sha256": "0515685651734cff206ffeccc0f0595f627a876a886860b4c0b23d9956e319c3",
          "lf_sha256": "46a08892aa36001448c01aff1017e7f723d8f3b93f7f1f39fc3a32ced49943e9",
          "bytes": 42164,
          "exact_case_path_checked": true,
          "git_commit": "e15c75690beb0c54c4ae3507b92696836a0201c5",
          "git_raw_sha256": "0515685651734cff206ffeccc0f0595f627a876a886860b4c0b23d9956e319c3",
          "git_lf_sha256": "46a08892aa36001448c01aff1017e7f723d8f3b93f7f1f39fc3a32ced49943e9",
          "git_raw_equals_worktree": true,
          "git_lf_equals_worktree": true
        },
        {
          "path": "runs/20261006-companion-priority/ordinary-weak-resolvent/anonymous.0.decoder.json",
          "raw_sha256": "896e73f0eff3e2bcaef2254c54e9de0b3188f4902708cacaeecaa06b1011b918",
          "lf_sha256": "c5f1a419b637f7bc5849522b4f90cd6e4bbdb1afb3f482a8c62a966244c1e1b4",
          "bytes": 5076,
          "exact_case_path_checked": true,
          "git_commit": "e15c75690beb0c54c4ae3507b92696836a0201c5",
          "git_raw_sha256": "896e73f0eff3e2bcaef2254c54e9de0b3188f4902708cacaeecaa06b1011b918",
          "git_lf_sha256": "c5f1a419b637f7bc5849522b4f90cd6e4bbdb1afb3f482a8c62a966244c1e1b4",
          "git_raw_equals_worktree": true,
          "git_lf_equals_worktree": true
        },
        {
          "path": "runs/20261006-companion-priority/ordinary-weak-resolvent/anonymous.0.reconstruction.json",
          "raw_sha256": "5d54bf2db2a1210fd745ece27a871117533a3ea9bee0519ef94a178a33c05c4d",
          "lf_sha256": "5d54bf2db2a1210fd745ece27a871117533a3ea9bee0519ef94a178a33c05c4d",
          "bytes": 10430,
          "exact_case_path_checked": true,
          "git_commit": "e15c75690beb0c54c4ae3507b92696836a0201c5",
          "git_raw_sha256": "5d54bf2db2a1210fd745ece27a871117533a3ea9bee0519ef94a178a33c05c4d",
          "git_lf_sha256": "5d54bf2db2a1210fd745ece27a871117533a3ea9bee0519ef94a178a33c05c4d",
          "git_raw_equals_worktree": true,
          "git_lf_equals_worktree": true
        },
        {
          "path": "runs/20261006-companion-priority/ordinary-weak-resolvent/source-reviewed-cell.0.snapshot.json",
          "raw_sha256": "93076da18d9503af77840801b0d7a67097c2c59c2fc3da363a42da8d9e061eba",
          "lf_sha256": "33792d482141b4596d3fc75e8c1501294e70d3def6cc957e5330431ed03a5bb1",
          "bytes": 9332,
          "exact_case_path_checked": true,
          "git_commit": "e15c75690beb0c54c4ae3507b92696836a0201c5",
          "git_raw_sha256": "93076da18d9503af77840801b0d7a67097c2c59c2fc3da363a42da8d9e061eba",
          "git_lf_sha256": "33792d482141b4596d3fc75e8c1501294e70d3def6cc957e5330431ed03a5bb1",
          "git_raw_equals_worktree": true,
          "git_lf_equals_worktree": true
        },
        {
          "path": "runs/20261006-companion-priority/ordinary-weak-resolvent/source-reviewed-audit.0.snapshot.json",
          "raw_sha256": "172bfe0d2f429e5504be5b8da6c8e42cc285dbe8571fb69fa729e42646ff6898",
          "lf_sha256": "118a4aaab85c1feb1d432280f254ffd8d142932f96a8e2e808ff67bd9af27c7f",
          "bytes": 41098,
          "exact_case_path_checked": true,
          "git_commit": "e15c75690beb0c54c4ae3507b92696836a0201c5",
          "git_raw_sha256": "172bfe0d2f429e5504be5b8da6c8e42cc285dbe8571fb69fa729e42646ff6898",
          "git_lf_sha256": "118a4aaab85c1feb1d432280f254ffd8d142932f96a8e2e808ff67bd9af27c7f",
          "git_raw_equals_worktree": true,
          "git_lf_equals_worktree": true
        },
        {
          "path": "runs/20261006-companion-priority/ordinary-weak-resolvent/ASTIS-SHARED-ordinary-weak-resolvent.math-reviewed.snapshot.json",
          "raw_sha256": "c536fd6e88684501944409283f5ea4c443fc354b1da453ac074cea4093f13a7e",
          "lf_sha256": "e60e08d0046b2f7780a092509f20aa0c24c10086a59f3256767637ddfe03432d",
          "bytes": 9093,
          "exact_case_path_checked": true,
          "git_commit": "e15c75690beb0c54c4ae3507b92696836a0201c5",
          "git_raw_sha256": "c536fd6e88684501944409283f5ea4c443fc354b1da453ac074cea4093f13a7e",
          "git_lf_sha256": "e60e08d0046b2f7780a092509f20aa0c24c10086a59f3256767637ddfe03432d",
          "git_raw_equals_worktree": true,
          "git_lf_equals_worktree": true
        },
        {
          "path": "runs/20261006-companion-priority/ordinary-weak-resolvent/0.math-reviewed.audit.snapshot.json",
          "raw_sha256": "90a401ccce7c70625abf38049598dba19591e0b95705d5703dea88218ceb93f9",
          "lf_sha256": "d07c5d5838790d99dd0e07c0e67d0163318545f7f6ee5db8d96321a15d1d6021",
          "bytes": 36940,
          "exact_case_path_checked": true,
          "git_commit": "e15c75690beb0c54c4ae3507b92696836a0201c5",
          "git_raw_sha256": "90a401ccce7c70625abf38049598dba19591e0b95705d5703dea88218ceb93f9",
          "git_lf_sha256": "d07c5d5838790d99dd0e07c0e67d0163318545f7f6ee5db8d96321a15d1d6021",
          "git_raw_equals_worktree": true,
          "git_lf_equals_worktree": true
        },
        {
          "path": "runs/20261006-companion-priority/ordinary-weak-resolvent/source-review.lifecycle-reconciliation.json",
          "raw_sha256": "c623e03def104c8bd46db10e50f8520ba5cc8a5d478f98d4653d4adb5d3cbe74",
          "lf_sha256": "c623e03def104c8bd46db10e50f8520ba5cc8a5d478f98d4653d4adb5d3cbe74",
          "bytes": 7561,
          "exact_case_path_checked": true,
          "git_commit": "e15c75690beb0c54c4ae3507b92696836a0201c5",
          "git_raw_sha256": "c623e03def104c8bd46db10e50f8520ba5cc8a5d478f98d4653d4adb5d3cbe74",
          "git_lf_sha256": "c623e03def104c8bd46db10e50f8520ba5cc8a5d478f98d4653d4adb5d3cbe74",
          "git_raw_equals_worktree": true,
          "git_lf_equals_worktree": true
        },
        {
          "path": "research-wiki/cited-results/Weighted_ordinary_resolvent_source_preread.md",
          "raw_sha256": "f5c305e67eee455c1967bc7c6f2ac0c6a7ab75d0d420181d4b05ddf47f13545c",
          "lf_sha256": "f5c305e67eee455c1967bc7c6f2ac0c6a7ab75d0d420181d4b05ddf47f13545c",
          "bytes": 10428,
          "exact_case_path_checked": true,
          "git_commit": "e15c75690beb0c54c4ae3507b92696836a0201c5",
          "git_raw_sha256": "f5c305e67eee455c1967bc7c6f2ac0c6a7ab75d0d420181d4b05ddf47f13545c",
          "git_lf_sha256": "f5c305e67eee455c1967bc7c6f2ac0c6a7ab75d0d420181d4b05ddf47f13545c",
          "git_raw_equals_worktree": true,
          "git_lf_equals_worktree": true
        },
        {
          "path": "research-wiki/cited-results/Weighted_ordinary_resolvent_dependency_audit.md",
          "raw_sha256": "409d3f5aa725e467fda35eee7256d1fedd3295994cc7dcaa056fecc5c41fe3ff",
          "lf_sha256": "409d3f5aa725e467fda35eee7256d1fedd3295994cc7dcaa056fecc5c41fe3ff",
          "bytes": 12789,
          "exact_case_path_checked": true,
          "git_commit": "e15c75690beb0c54c4ae3507b92696836a0201c5",
          "git_raw_sha256": "409d3f5aa725e467fda35eee7256d1fedd3295994cc7dcaa056fecc5c41fe3ff",
          "git_lf_sha256": "409d3f5aa725e467fda35eee7256d1fedd3295994cc7dcaa056fecc5c41fe3ff",
          "git_raw_equals_worktree": true,
          "git_lf_equals_worktree": true
        },
        {
          "path": "research-wiki/cited-results/Weighted_C1_compact_domain_source_audit.md",
          "raw_sha256": "ddb32fa50100e1bbfb7416467c47a7e092594d24a79548cd65ede0a63fef284c",
          "lf_sha256": "ddb32fa50100e1bbfb7416467c47a7e092594d24a79548cd65ede0a63fef284c",
          "bytes": 14162,
          "exact_case_path_checked": true,
          "git_commit": "e15c75690beb0c54c4ae3507b92696836a0201c5",
          "git_raw_sha256": "ddb32fa50100e1bbfb7416467c47a7e092594d24a79548cd65ede0a63fef284c",
          "git_lf_sha256": "ddb32fa50100e1bbfb7416467c47a7e092594d24a79548cd65ede0a63fef284c",
          "git_raw_equals_worktree": true,
          "git_lf_equals_worktree": true
        },
        {
          "path": "lean-toolchain",
          "raw_sha256": "b2b5068d5a4835675e651ce83b29c0ddb308d28b80076e7c007aef4630af0477",
          "lf_sha256": "302cd63c54178885b89e669f33b38f12f4dd7ae7e5cac537b3203e3768d8fb2b",
          "bytes": 26,
          "exact_case_path_checked": true,
          "git_commit": "e15c75690beb0c54c4ae3507b92696836a0201c5",
          "git_raw_sha256": "302cd63c54178885b89e669f33b38f12f4dd7ae7e5cac537b3203e3768d8fb2b",
          "git_lf_sha256": "302cd63c54178885b89e669f33b38f12f4dd7ae7e5cac537b3203e3768d8fb2b",
          "git_raw_equals_worktree": false,
          "git_lf_equals_worktree": true
        },
        {
          "path": "lake-manifest.json",
          "raw_sha256": "b1f16b43aaf4a886cfe0382d5e3ae63d6904281c00afd8f35af20f0270a747e2",
          "lf_sha256": "b83ca83b9cf7caa85fa8b023c2ff9a3fb7a7cce7e1c332e810c348535ec49c37",
          "bytes": 3234,
          "exact_case_path_checked": true,
          "git_commit": "e15c75690beb0c54c4ae3507b92696836a0201c5",
          "git_raw_sha256": "b83ca83b9cf7caa85fa8b023c2ff9a3fb7a7cce7e1c332e810c348535ec49c37",
          "git_lf_sha256": "b83ca83b9cf7caa85fa8b023c2ff9a3fb7a7cce7e1c332e810c348535ec49c37",
          "git_raw_equals_worktree": false,
          "git_lf_equals_worktree": true
        },
        {
          "path": "AutoSamplingTheory/TechnicalLemmas/FunctionalInequalities/WeightedResolventC1.lean",
          "raw_sha256": "8c77d631912a6cd9a06e3a9302483076508be98665db25934fe3d8d58106a4be",
          "lf_sha256": "eeff8088dcf213d810af207340365b1bfec7e88398a9b711132a857c24beada5",
          "bytes": 5459,
          "exact_case_path_checked": true,
          "git_commit": "e15c75690beb0c54c4ae3507b92696836a0201c5",
          "git_raw_sha256": "eeff8088dcf213d810af207340365b1bfec7e88398a9b711132a857c24beada5",
          "git_lf_sha256": "eeff8088dcf213d810af207340365b1bfec7e88398a9b711132a857c24beada5",
          "git_raw_equals_worktree": false,
          "git_lf_equals_worktree": true
        },
        {
          "path": "AutoSamplingTheory/TechnicalLemmas/FunctionalInequalities/WeightedLocalL2.lean",
          "raw_sha256": "01ac3e08ef17d0b87fe3ff873a61ea138dc7a3ac81289f8742cf642ad0e7aee4",
          "lf_sha256": "a61421bdad21ef0ebf65dce11738f20146a7f53107ad6c355e31f7f973c14bb8",
          "bytes": 2279,
          "exact_case_path_checked": true,
          "git_commit": "e15c75690beb0c54c4ae3507b92696836a0201c5",
          "git_raw_sha256": "a61421bdad21ef0ebf65dce11738f20146a7f53107ad6c355e31f7f973c14bb8",
          "git_lf_sha256": "a61421bdad21ef0ebf65dce11738f20146a7f53107ad6c355e31f7f973c14bb8",
          "git_raw_equals_worktree": false,
          "git_lf_equals_worktree": true
        },
        {
          "path": "AutoSamplingTheory/TechnicalLemmas/FunctionalInequalities/WeightedGradientDistribution.lean",
          "raw_sha256": "212dc09403d2991e33d546bfeb2963e8ba2f3756fd5fd7a9b1004a1aed57329b",
          "lf_sha256": "0e4292c24ad6b24cff053cddd8a9fb4dc24ad3b573886284cfc7bb1f5b29c6fc",
          "bytes": 5557,
          "exact_case_path_checked": true,
          "git_commit": "e15c75690beb0c54c4ae3507b92696836a0201c5",
          "git_raw_sha256": "0e4292c24ad6b24cff053cddd8a9fb4dc24ad3b573886284cfc7bb1f5b29c6fc",
          "git_lf_sha256": "0e4292c24ad6b24cff053cddd8a9fb4dc24ad3b573886284cfc7bb1f5b29c6fc",
          "git_raw_equals_worktree": false,
          "git_lf_equals_worktree": true
        },
        {
          "path": "AutoSamplingTheory/TechnicalLemmas/FunctionalInequalities/WeightedGradientWeak.lean",
          "raw_sha256": "9a733bd21cf4d16b8ff1f0b204be9473755c75c1c7bedb3abc0f9696311d409c",
          "lf_sha256": "229fdeede8f2517cd6125ad74c2fd7feb9454c9268e18bd72d7bae141f32aa5c",
          "bytes": 8207,
          "exact_case_path_checked": true,
          "git_commit": "e15c75690beb0c54c4ae3507b92696836a0201c5",
          "git_raw_sha256": "229fdeede8f2517cd6125ad74c2fd7feb9454c9268e18bd72d7bae141f32aa5c",
          "git_lf_sha256": "229fdeede8f2517cd6125ad74c2fd7feb9454c9268e18bd72d7bae141f32aa5c",
          "git_raw_equals_worktree": false,
          "git_lf_equals_worktree": true
        },
        {
          "path": "AutoSamplingTheory/TechnicalLemmas/FunctionalInequalities/WeightedGradient.lean",
          "raw_sha256": "c2495b6ab8a4c82cadf0d86b910d663e0e4f65f6b96bc4b449149112756d4690",
          "lf_sha256": "5bd3402124330f69d7875e9bbfc6eb31760b70528850ac841d1ff7c84ab72149",
          "bytes": 14800,
          "exact_case_path_checked": true,
          "git_commit": "e15c75690beb0c54c4ae3507b92696836a0201c5",
          "git_raw_sha256": "5bd3402124330f69d7875e9bbfc6eb31760b70528850ac841d1ff7c84ab72149",
          "git_lf_sha256": "5bd3402124330f69d7875e9bbfc6eb31760b70528850ac841d1ff7c84ab72149",
          "git_raw_equals_worktree": false,
          "git_lf_equals_worktree": true
        },
        {
          "path": "AutoSamplingTheory/TechnicalLemmas/FunctionalInequalities/CompactC1GradientDomain.lean",
          "raw_sha256": "3a08a4dc62796d8a5d021755c841280010d92d2b3259efee311232bf8ab8d096",
          "lf_sha256": "dd6234dfec6d2dfb351d1ad45c3fcc0eb111e1c18038ebc4c6ab48035033a2f7",
          "bytes": 9200,
          "exact_case_path_checked": true,
          "git_commit": "e15c75690beb0c54c4ae3507b92696836a0201c5",
          "git_raw_sha256": "dd6234dfec6d2dfb351d1ad45c3fcc0eb111e1c18038ebc4c6ab48035033a2f7",
          "git_lf_sha256": "dd6234dfec6d2dfb351d1ad45c3fcc0eb111e1c18038ebc4c6ab48035033a2f7",
          "git_raw_equals_worktree": false,
          "git_lf_equals_worktree": true
        },
        {
          "path": "AutoSamplingTheory/TechnicalLemmas/FunctionalInequalities/ClosedGraphResolvent.lean",
          "raw_sha256": "1ab1ae53e9251ae4fc210fc3b5b938f3f503419dc817df8771817e2dd2821c98",
          "lf_sha256": "32ed6c367cdd5f52578366b83a448f96619f362b05d05e25963c3efbf870e022",
          "bytes": 5258,
          "exact_case_path_checked": true,
          "git_commit": "e15c75690beb0c54c4ae3507b92696836a0201c5",
          "git_raw_sha256": "32ed6c367cdd5f52578366b83a448f96619f362b05d05e25963c3efbf870e022",
          "git_lf_sha256": "32ed6c367cdd5f52578366b83a448f96619f362b05d05e25963c3efbf870e022",
          "git_raw_equals_worktree": false,
          "git_lf_equals_worktree": true
        },
        {
          "path": "AutoSamplingTheory/ExampleCases/ProximalBPS/ConditionalGradient.lean",
          "raw_sha256": "8453ea8758be0ce67c32a434b2b5b4e4523572447001c52de18238c662cfd2a7",
          "lf_sha256": "3452712be04429132cbebcb6b9e6e24835d1f5f3dee9ddcd0af83c7a2d268ed6",
          "bytes": 3193,
          "exact_case_path_checked": true,
          "git_commit": "e15c75690beb0c54c4ae3507b92696836a0201c5",
          "git_raw_sha256": "3452712be04429132cbebcb6b9e6e24835d1f5f3dee9ddcd0af83c7a2d268ed6",
          "git_lf_sha256": "3452712be04429132cbebcb6b9e6e24835d1f5f3dee9ddcd0af83c7a2d268ed6",
          "git_raw_equals_worktree": false,
          "git_lf_equals_worktree": true
        },
        {
          "path": ".lake/packages/mathlib/Mathlib/MeasureTheory/Function/LpSeminorm/Monotonicity.lean",
          "raw_sha256": "6e02d8a01ee68e9d32052c8b051850d52abf9695838edb73c4e1ac9ca8afab89",
          "lf_sha256": "ad0dc4d5ab0dcf884fe70ae9021e67a54c35c6ffe14f5ccedc839c84446176c3",
          "bytes": 12887,
          "exact_case_path_checked": true
        },
        {
          "path": ".lake/packages/mathlib/Mathlib/MeasureTheory/Function/LocallyIntegrable.lean",
          "raw_sha256": "74d200548ca3d31ffb48d64222af591a357c04b74d873d1c1523bc75e9038427",
          "lf_sha256": "b64a5dcc099b916bcf213f441092873475fb326bac913e03890c2f268d56540b",
          "bytes": 43187,
          "exact_case_path_checked": true
        },
        {
          "path": ".lake/packages/mathlib/Mathlib/MeasureTheory/Measure/Tilted.lean",
          "raw_sha256": "53cc37610d1b21725a178c7d8064c59bb28629625d844b02430a30714ecd0c3e",
          "lf_sha256": "355cce542b03dd9130d9511f80ae803cc11a12ba9e6a947e68402b124be2165f",
          "bytes": 17366,
          "exact_case_path_checked": true
        },
        {
          "path": ".lake/packages/mathlib/Mathlib/Analysis/Calculus/ContDiff/Comp.lean",
          "raw_sha256": "ddcbc08b40d60445b8a1e60a9f001cd79e903ac8dac73230f86f283a1ee4717d",
          "lf_sha256": "26495369d99d4815f99e8319623231a5fe25f0fdd1756c31162216323e27ed0f",
          "bytes": 45544,
          "exact_case_path_checked": true
        },
        {
          "path": ".lake/packages/mathlib/Mathlib/Analysis/Calculus/ContDiff/FTaylorSeries.lean",
          "raw_sha256": "d5f6b2343a4cd64a4805f3594015a2e6daa351fc6f76c894fb792d8702da74d1",
          "lf_sha256": "8c82bcae96ad4759777af750ea750ffe9af2721914dde7a4ce7438ac5940c9af",
          "bytes": 53965,
          "exact_case_path_checked": true
        },
        {
          "path": ".lake/packages/mathlib/Mathlib/Analysis/Calculus/FDeriv/Const.lean",
          "raw_sha256": "465c390129f71d294ad900df8c04d1e2ea4d9c286446ab058a902eca6caf3384",
          "lf_sha256": "f1ea8ce4160117f303b20fd4bccca2a40e30bed4d9a24887dcf82af5f1cdf5c1",
          "bytes": 15096,
          "exact_case_path_checked": true
        },
        {
          "path": ".lake/packages/mathlib/Mathlib/Analysis/InnerProductSpace/Laplacian.lean",
          "raw_sha256": "67c82a0517c6b5c08a30a5e4ff2fd7af170a1c904c5c29959c0cb3744fe35c21",
          "lf_sha256": "3ee312cd1638dc1a6c45f1944df13057eaf24609f7f6bea9057abda1b9a1cf9d",
          "bytes": 18962,
          "exact_case_path_checked": true
        }
      ],
      "review_artifacts": [
        {
          "path": "runs/20261006-companion-priority/ordinary-weak-resolvent/source-review.0.result.json",
          "raw_sha256": "224f5700e31ab1c1bc8923ecb9ca026433ddff86f53b01a48941feeb4c59ceaa",
          "lf_sha256": "224f5700e31ab1c1bc8923ecb9ca026433ddff86f53b01a48941feeb4c59ceaa",
          "bytes": 74979,
          "exact_case_path_checked": true,
          "git_commit": "e15c75690beb0c54c4ae3507b92696836a0201c5",
          "git_raw_sha256": "224f5700e31ab1c1bc8923ecb9ca026433ddff86f53b01a48941feeb4c59ceaa",
          "git_lf_sha256": "224f5700e31ab1c1bc8923ecb9ca026433ddff86f53b01a48941feeb4c59ceaa",
          "git_raw_equals_worktree": true,
          "git_lf_equals_worktree": true
        },
        {
          "path": "runs/20261006-companion-priority/ordinary-weak-resolvent/source-review.0.json",
          "raw_sha256": "0515685651734cff206ffeccc0f0595f627a876a886860b4c0b23d9956e319c3",
          "lf_sha256": "46a08892aa36001448c01aff1017e7f723d8f3b93f7f1f39fc3a32ced49943e9",
          "bytes": 42164,
          "exact_case_path_checked": true,
          "git_commit": "e15c75690beb0c54c4ae3507b92696836a0201c5",
          "git_raw_sha256": "0515685651734cff206ffeccc0f0595f627a876a886860b4c0b23d9956e319c3",
          "git_lf_sha256": "46a08892aa36001448c01aff1017e7f723d8f3b93f7f1f39fc3a32ced49943e9",
          "git_raw_equals_worktree": true,
          "git_lf_equals_worktree": true
        },
        {
          "path": "runs/20261006-companion-priority/ordinary-weak-resolvent/anonymous.0.decoder.json",
          "raw_sha256": "896e73f0eff3e2bcaef2254c54e9de0b3188f4902708cacaeecaa06b1011b918",
          "lf_sha256": "c5f1a419b637f7bc5849522b4f90cd6e4bbdb1afb3f482a8c62a966244c1e1b4",
          "bytes": 5076,
          "exact_case_path_checked": true,
          "git_commit": "e15c75690beb0c54c4ae3507b92696836a0201c5",
          "git_raw_sha256": "896e73f0eff3e2bcaef2254c54e9de0b3188f4902708cacaeecaa06b1011b918",
          "git_lf_sha256": "c5f1a419b637f7bc5849522b4f90cd6e4bbdb1afb3f482a8c62a966244c1e1b4",
          "git_raw_equals_worktree": true,
          "git_lf_equals_worktree": true
        },
        {
          "path": "runs/20261006-companion-priority/ordinary-weak-resolvent/anonymous.0.reconstruction.json",
          "raw_sha256": "5d54bf2db2a1210fd745ece27a871117533a3ea9bee0519ef94a178a33c05c4d",
          "lf_sha256": "5d54bf2db2a1210fd745ece27a871117533a3ea9bee0519ef94a178a33c05c4d",
          "bytes": 10430,
          "exact_case_path_checked": true,
          "git_commit": "e15c75690beb0c54c4ae3507b92696836a0201c5",
          "git_raw_sha256": "5d54bf2db2a1210fd745ece27a871117533a3ea9bee0519ef94a178a33c05c4d",
          "git_lf_sha256": "5d54bf2db2a1210fd745ece27a871117533a3ea9bee0519ef94a178a33c05c4d",
          "git_raw_equals_worktree": true,
          "git_lf_equals_worktree": true
        }
      ],
      "current_audit": {
        "path": "research-wiki/semantic-roundtrip/audits/ASTIS-RT-20261006-OrdinaryWeakResolvent.json",
        "raw_sha256": "ff8b3594d727bf8ace1498ebe9ae46effb6e89071f757a7a49386c00acbd08ff",
        "lf_sha256": "59455b95484aaaa7e46439bf7af32abd13a08448522ec5120988e89c43da13c5",
        "bytes": 46755,
        "exact_case_path_checked": true,
        "git_commit": "e15c75690beb0c54c4ae3507b92696836a0201c5",
        "git_raw_sha256": "59455b95484aaaa7e46439bf7af32abd13a08448522ec5120988e89c43da13c5",
        "git_lf_sha256": "59455b95484aaaa7e46439bf7af32abd13a08448522ec5120988e89c43da13c5",
        "git_raw_equals_worktree": false,
        "git_lf_equals_worktree": true
      },
      "accepted_fields_delta": [
        "/deltas",
        "/semantic_slots",
        "/source_review/evidence",
        "/source_review/independent_from_decoder",
        "/source_review/independent_from_formalizer",
        "/source_review/review_run_sha256",
        "/source_review/reviewer",
        "/source_review/reviewer_packet_sha256",
        "/source_review/run_artifact",
        "/source_review/state",
        "/state",
        "/verdict"
      ]
    },
    {
      "audit_id": "ASTIS-RT-20261006-PBPSConditionalOrdinaryResolvent",
      "declaration": "AutoSamplingTheory.ExampleCases.ProximalBPS.ConditionalOrdinaryResolvent.conditional_ordinary_resolvent",
      "state": "accepted",
      "verdict": "equivalent-after-elaboration",
      "source_packet_sha256": "c20dd40d98498de32dce63f363b0387880817e563fb12a525a199c31d5b1e9ff",
      "source_run_sha256": "593a612a5f5c3e201547b4d85860c44f52264bc8549a82621f6b36f16a44d17e",
      "source_result_artifact": "runs\\20261006-companion-priority\\ordinary-weak-resolvent\\source-review.1.result.json",
      "decoder_packet_sha256": "8aa59139fb50d182ee1116e0745a9ef86c944412dab5bcbb8ac7b92094dc74f9",
      "decoder_run_sha256": "3e141e8acc62cced26390e741f22aa468cfa1ad83223cb6917e13779f6de98ec",
      "publication_binding_sha256": "d5afd92ba4f24df2bf87515b1503964043a719d7f9f6e8642cffc26933f80fb9",
      "review_context_sha256": "5dbf4a44dcfa7b6bdad07dc595de574925392cea9ba139e4c80e8ac73809d937",
      "whole_module_raw_sha256": "228e127ddfba306f69ade81ed8f4e7c5c06918b45931d8a598524ab3e0c4ce23",
      "whole_module_lf_sha256": "b07522d881ef4f6727d8dc36623be605746c6057394d713d621f9416ccb75d14",
      "source_reviewer": "phase_source_reviewer_20261005",
      "decoder": "anonymous_decoder_20261006",
      "anti_anchoring": {
        "prior_pre_read": "Own primary/API capsule precedes new candidate exposure; older dependency note used only as API/route inventory.",
        "exposure_disclosure": "Earlier BL matching-line/signature search exposed covariance helpers, and later proper covariance/C1 review read their proofs. Existing parent proofs were known; complete repository-wide blindness is not claimed.",
        "current_first_input": "The two canonical fresh source-facing reviewer packets; no root ignored C1/ordinary prototype or any new mathematical review verdict read.",
        "current_complete_candidate_read": true,
        "source_fidelity_independent_of_math_PASS": true,
        "old_audit_handling": "Only exact structural administration comparison of explicitly supplied frozen/current audits; state/proof-review metadata never used to derive equivalence. Audit reconstruction aliases were compared against current independent decoder, without copying any old slot or verdict.",
        "earlier_or_parallel_math_verdict_used": false,
        "new_agents_spawned": false
      },
      "semantic_slots": 7,
      "source_inputs": [
        {
          "path": "AutoSamplingTheory/TechnicalLemmas/FunctionalInequalities/OrdinaryWeakResolvent.lean",
          "raw_sha256": "ba3107cf0d1a0a95fdeb6ce52b7a6bbecc78141013a98723f698b3440858b0b0",
          "lf_sha256": "0da6980d11a96f441f6cb2e1bd69f8b860c496885cf28a9d44b8e0819f66c334",
          "bytes": 13668,
          "exact_case_path_checked": true,
          "git_commit": "e15c75690beb0c54c4ae3507b92696836a0201c5",
          "git_raw_sha256": "0da6980d11a96f441f6cb2e1bd69f8b860c496885cf28a9d44b8e0819f66c334",
          "git_lf_sha256": "0da6980d11a96f441f6cb2e1bd69f8b860c496885cf28a9d44b8e0819f66c334",
          "git_raw_equals_worktree": false,
          "git_lf_equals_worktree": true
        },
        {
          "path": "AutoSamplingTheory/ExampleCases/ProximalBPS/ConditionalOrdinaryResolvent.lean",
          "raw_sha256": "228e127ddfba306f69ade81ed8f4e7c5c06918b45931d8a598524ab3e0c4ce23",
          "lf_sha256": "b07522d881ef4f6727d8dc36623be605746c6057394d713d621f9416ccb75d14",
          "bytes": 4446,
          "exact_case_path_checked": true,
          "git_commit": "e15c75690beb0c54c4ae3507b92696836a0201c5",
          "git_raw_sha256": "b07522d881ef4f6727d8dc36623be605746c6057394d713d621f9416ccb75d14",
          "git_lf_sha256": "b07522d881ef4f6727d8dc36623be605746c6057394d713d621f9416ccb75d14",
          "git_raw_equals_worktree": false,
          "git_lf_equals_worktree": true
        },
        {
          "path": "Tests/OrdinaryWeakResolvent.lean",
          "raw_sha256": "b622dbe8988086252ef2dd459deeaa87eb1983b4c99802df4e05dfb9733b2878",
          "lf_sha256": "93d231ae667dbcb63fd43ed88f7e5711ebd48a7f3fe702f2dd40cc0d1fe9730b",
          "bytes": 6566,
          "exact_case_path_checked": true,
          "git_commit": "e15c75690beb0c54c4ae3507b92696836a0201c5",
          "git_raw_sha256": "93d231ae667dbcb63fd43ed88f7e5711ebd48a7f3fe702f2dd40cc0d1fe9730b",
          "git_lf_sha256": "93d231ae667dbcb63fd43ed88f7e5711ebd48a7f3fe702f2dd40cc0d1fe9730b",
          "git_raw_equals_worktree": false,
          "git_lf_equals_worktree": true
        },
        {
          "path": "website/content/publications/pbps-conditional-ordinary-resolvent.json",
          "raw_sha256": "1a7d9a8a9ae94a109a373eacd8f379f144434c7e5537a8ae51859feeb3ab84da",
          "lf_sha256": "50b0a278654f8973d1fb37062cf631f4d13c2e3ebb4bb5fd2ad749473ef296d3",
          "bytes": 7812,
          "exact_case_path_checked": true,
          "git_commit": "e15c75690beb0c54c4ae3507b92696836a0201c5",
          "git_raw_sha256": "50b0a278654f8973d1fb37062cf631f4d13c2e3ebb4bb5fd2ad749473ef296d3",
          "git_lf_sha256": "50b0a278654f8973d1fb37062cf631f4d13c2e3ebb4bb5fd2ad749473ef296d3",
          "git_raw_equals_worktree": false,
          "git_lf_equals_worktree": true
        },
        {
          "path": "website/content/declaration_lessons/pbps-conditional-ordinary-resolvent.json",
          "raw_sha256": "66c3aef45c4c12b78e11e0491ef7ac9a41398564347f5611650c111406282196",
          "lf_sha256": "1c2ce45f52c873bac1c50142b15949d1bd3a0a5f429740ebd98d8359bdadf681",
          "bytes": 8605,
          "exact_case_path_checked": true,
          "git_commit": "e15c75690beb0c54c4ae3507b92696836a0201c5",
          "git_raw_sha256": "1c2ce45f52c873bac1c50142b15949d1bd3a0a5f429740ebd98d8359bdadf681",
          "git_lf_sha256": "1c2ce45f52c873bac1c50142b15949d1bd3a0a5f429740ebd98d8359bdadf681",
          "git_raw_equals_worktree": false,
          "git_lf_equals_worktree": true
        },
        {
          "path": "runs/20261006-companion-priority/ordinary-weak-resolvent/source-review.1.json",
          "raw_sha256": "4104b1fdafb50ee39803e7323e5123d6b855f5fd26592d2e1d624dfadc4fc503",
          "lf_sha256": "a199e9c196b408b6924e4932484ff80a63333e42a5ca6aa68e6c96ae555ef920",
          "bytes": 32913,
          "exact_case_path_checked": true,
          "git_commit": "e15c75690beb0c54c4ae3507b92696836a0201c5",
          "git_raw_sha256": "4104b1fdafb50ee39803e7323e5123d6b855f5fd26592d2e1d624dfadc4fc503",
          "git_lf_sha256": "a199e9c196b408b6924e4932484ff80a63333e42a5ca6aa68e6c96ae555ef920",
          "git_raw_equals_worktree": true,
          "git_lf_equals_worktree": true
        },
        {
          "path": "runs/20261006-companion-priority/ordinary-weak-resolvent/anonymous.1.decoder.json",
          "raw_sha256": "ffa79381a5aa1f9cf2739cc47dc85ad28bd02d9fcaf3611627fd44ecbe0fb250",
          "lf_sha256": "fde71f4645625875306a9e801122a7126b4a9cb24c2197f79e7b42fb7cdc6b13",
          "bytes": 6134,
          "exact_case_path_checked": true,
          "git_commit": "e15c75690beb0c54c4ae3507b92696836a0201c5",
          "git_raw_sha256": "ffa79381a5aa1f9cf2739cc47dc85ad28bd02d9fcaf3611627fd44ecbe0fb250",
          "git_lf_sha256": "fde71f4645625875306a9e801122a7126b4a9cb24c2197f79e7b42fb7cdc6b13",
          "git_raw_equals_worktree": true,
          "git_lf_equals_worktree": true
        },
        {
          "path": "runs/20261006-companion-priority/ordinary-weak-resolvent/anonymous.1.reconstruction.json",
          "raw_sha256": "4c84120d7af9ca83d9cda3392671ad48a9821d187d0691d5bf55d96a6676fe57",
          "lf_sha256": "4c84120d7af9ca83d9cda3392671ad48a9821d187d0691d5bf55d96a6676fe57",
          "bytes": 12136,
          "exact_case_path_checked": true,
          "git_commit": "e15c75690beb0c54c4ae3507b92696836a0201c5",
          "git_raw_sha256": "4c84120d7af9ca83d9cda3392671ad48a9821d187d0691d5bf55d96a6676fe57",
          "git_lf_sha256": "4c84120d7af9ca83d9cda3392671ad48a9821d187d0691d5bf55d96a6676fe57",
          "git_raw_equals_worktree": true,
          "git_lf_equals_worktree": true
        },
        {
          "path": "runs/20261006-companion-priority/ordinary-weak-resolvent/source-reviewed-cell.1.snapshot.json",
          "raw_sha256": "69e774457deb818d4b346f9d9fce85291947f6e025ef6fe6b86fe7aaea370e43",
          "lf_sha256": "0868328826d9171ab59fa77862e3c4f5af31fd381ac975d7a420535bb32669c0",
          "bytes": 8908,
          "exact_case_path_checked": true,
          "git_commit": "e15c75690beb0c54c4ae3507b92696836a0201c5",
          "git_raw_sha256": "69e774457deb818d4b346f9d9fce85291947f6e025ef6fe6b86fe7aaea370e43",
          "git_lf_sha256": "0868328826d9171ab59fa77862e3c4f5af31fd381ac975d7a420535bb32669c0",
          "git_raw_equals_worktree": true,
          "git_lf_equals_worktree": true
        },
        {
          "path": "runs/20261006-companion-priority/ordinary-weak-resolvent/source-reviewed-audit.1.snapshot.json",
          "raw_sha256": "9b54fbb74abdb2e2640d28cd24586c0dc274091287e1db358e00514c7a609c25",
          "lf_sha256": "fd17e1c1258b669ae29acda93a8974f8ac8c102e8ce3b7ea9f372aff5e74f4b8",
          "bytes": 31858,
          "exact_case_path_checked": true,
          "git_commit": "e15c75690beb0c54c4ae3507b92696836a0201c5",
          "git_raw_sha256": "9b54fbb74abdb2e2640d28cd24586c0dc274091287e1db358e00514c7a609c25",
          "git_lf_sha256": "fd17e1c1258b669ae29acda93a8974f8ac8c102e8ce3b7ea9f372aff5e74f4b8",
          "git_raw_equals_worktree": true,
          "git_lf_equals_worktree": true
        },
        {
          "path": "runs/20261006-companion-priority/ordinary-weak-resolvent/ASTIS-SW-PBPS-conditional-ordinary-resolvent.math-reviewed.snapshot.json",
          "raw_sha256": "5796166eeb828146ffa4bd1c8182cdbc2098e74943eeeeb6a9318124b697bf8d",
          "lf_sha256": "f5e5a56edc3175d26ed1a2c4125ce2fd95d183f354a5eca856422da32a651d5f",
          "bytes": 8669,
          "exact_case_path_checked": true,
          "git_commit": "e15c75690beb0c54c4ae3507b92696836a0201c5",
          "git_raw_sha256": "5796166eeb828146ffa4bd1c8182cdbc2098e74943eeeeb6a9318124b697bf8d",
          "git_lf_sha256": "f5e5a56edc3175d26ed1a2c4125ce2fd95d183f354a5eca856422da32a651d5f",
          "git_raw_equals_worktree": true,
          "git_lf_equals_worktree": true
        },
        {
          "path": "runs/20261006-companion-priority/ordinary-weak-resolvent/1.math-reviewed.audit.snapshot.json",
          "raw_sha256": "17bb3586cda7e25205376aab2de0c22cb140848e471b5716b388547de2f25c8f",
          "lf_sha256": "508ab4d649110208852dac73b906d0662ab26763b0435994d007d9fbf657f671",
          "bytes": 26848,
          "exact_case_path_checked": true,
          "git_commit": "e15c75690beb0c54c4ae3507b92696836a0201c5",
          "git_raw_sha256": "17bb3586cda7e25205376aab2de0c22cb140848e471b5716b388547de2f25c8f",
          "git_lf_sha256": "508ab4d649110208852dac73b906d0662ab26763b0435994d007d9fbf657f671",
          "git_raw_equals_worktree": true,
          "git_lf_equals_worktree": true
        },
        {
          "path": "runs/20261006-companion-priority/ordinary-weak-resolvent/source-review.lifecycle-reconciliation.json",
          "raw_sha256": "c623e03def104c8bd46db10e50f8520ba5cc8a5d478f98d4653d4adb5d3cbe74",
          "lf_sha256": "c623e03def104c8bd46db10e50f8520ba5cc8a5d478f98d4653d4adb5d3cbe74",
          "bytes": 7561,
          "exact_case_path_checked": true,
          "git_commit": "e15c75690beb0c54c4ae3507b92696836a0201c5",
          "git_raw_sha256": "c623e03def104c8bd46db10e50f8520ba5cc8a5d478f98d4653d4adb5d3cbe74",
          "git_lf_sha256": "c623e03def104c8bd46db10e50f8520ba5cc8a5d478f98d4653d4adb5d3cbe74",
          "git_raw_equals_worktree": true,
          "git_lf_equals_worktree": true
        },
        {
          "path": "research-wiki/cited-results/Weighted_ordinary_resolvent_source_preread.md",
          "raw_sha256": "f5c305e67eee455c1967bc7c6f2ac0c6a7ab75d0d420181d4b05ddf47f13545c",
          "lf_sha256": "f5c305e67eee455c1967bc7c6f2ac0c6a7ab75d0d420181d4b05ddf47f13545c",
          "bytes": 10428,
          "exact_case_path_checked": true,
          "git_commit": "e15c75690beb0c54c4ae3507b92696836a0201c5",
          "git_raw_sha256": "f5c305e67eee455c1967bc7c6f2ac0c6a7ab75d0d420181d4b05ddf47f13545c",
          "git_lf_sha256": "f5c305e67eee455c1967bc7c6f2ac0c6a7ab75d0d420181d4b05ddf47f13545c",
          "git_raw_equals_worktree": true,
          "git_lf_equals_worktree": true
        },
        {
          "path": "research-wiki/cited-results/Weighted_ordinary_resolvent_dependency_audit.md",
          "raw_sha256": "409d3f5aa725e467fda35eee7256d1fedd3295994cc7dcaa056fecc5c41fe3ff",
          "lf_sha256": "409d3f5aa725e467fda35eee7256d1fedd3295994cc7dcaa056fecc5c41fe3ff",
          "bytes": 12789,
          "exact_case_path_checked": true,
          "git_commit": "e15c75690beb0c54c4ae3507b92696836a0201c5",
          "git_raw_sha256": "409d3f5aa725e467fda35eee7256d1fedd3295994cc7dcaa056fecc5c41fe3ff",
          "git_lf_sha256": "409d3f5aa725e467fda35eee7256d1fedd3295994cc7dcaa056fecc5c41fe3ff",
          "git_raw_equals_worktree": true,
          "git_lf_equals_worktree": true
        },
        {
          "path": "research-wiki/cited-results/Weighted_C1_compact_domain_source_audit.md",
          "raw_sha256": "ddb32fa50100e1bbfb7416467c47a7e092594d24a79548cd65ede0a63fef284c",
          "lf_sha256": "ddb32fa50100e1bbfb7416467c47a7e092594d24a79548cd65ede0a63fef284c",
          "bytes": 14162,
          "exact_case_path_checked": true,
          "git_commit": "e15c75690beb0c54c4ae3507b92696836a0201c5",
          "git_raw_sha256": "ddb32fa50100e1bbfb7416467c47a7e092594d24a79548cd65ede0a63fef284c",
          "git_lf_sha256": "ddb32fa50100e1bbfb7416467c47a7e092594d24a79548cd65ede0a63fef284c",
          "git_raw_equals_worktree": true,
          "git_lf_equals_worktree": true
        },
        {
          "path": "lean-toolchain",
          "raw_sha256": "b2b5068d5a4835675e651ce83b29c0ddb308d28b80076e7c007aef4630af0477",
          "lf_sha256": "302cd63c54178885b89e669f33b38f12f4dd7ae7e5cac537b3203e3768d8fb2b",
          "bytes": 26,
          "exact_case_path_checked": true,
          "git_commit": "e15c75690beb0c54c4ae3507b92696836a0201c5",
          "git_raw_sha256": "302cd63c54178885b89e669f33b38f12f4dd7ae7e5cac537b3203e3768d8fb2b",
          "git_lf_sha256": "302cd63c54178885b89e669f33b38f12f4dd7ae7e5cac537b3203e3768d8fb2b",
          "git_raw_equals_worktree": false,
          "git_lf_equals_worktree": true
        },
        {
          "path": "lake-manifest.json",
          "raw_sha256": "b1f16b43aaf4a886cfe0382d5e3ae63d6904281c00afd8f35af20f0270a747e2",
          "lf_sha256": "b83ca83b9cf7caa85fa8b023c2ff9a3fb7a7cce7e1c332e810c348535ec49c37",
          "bytes": 3234,
          "exact_case_path_checked": true,
          "git_commit": "e15c75690beb0c54c4ae3507b92696836a0201c5",
          "git_raw_sha256": "b83ca83b9cf7caa85fa8b023c2ff9a3fb7a7cce7e1c332e810c348535ec49c37",
          "git_lf_sha256": "b83ca83b9cf7caa85fa8b023c2ff9a3fb7a7cce7e1c332e810c348535ec49c37",
          "git_raw_equals_worktree": false,
          "git_lf_equals_worktree": true
        },
        {
          "path": "AutoSamplingTheory/TechnicalLemmas/FunctionalInequalities/WeightedResolventC1.lean",
          "raw_sha256": "8c77d631912a6cd9a06e3a9302483076508be98665db25934fe3d8d58106a4be",
          "lf_sha256": "eeff8088dcf213d810af207340365b1bfec7e88398a9b711132a857c24beada5",
          "bytes": 5459,
          "exact_case_path_checked": true,
          "git_commit": "e15c75690beb0c54c4ae3507b92696836a0201c5",
          "git_raw_sha256": "eeff8088dcf213d810af207340365b1bfec7e88398a9b711132a857c24beada5",
          "git_lf_sha256": "eeff8088dcf213d810af207340365b1bfec7e88398a9b711132a857c24beada5",
          "git_raw_equals_worktree": false,
          "git_lf_equals_worktree": true
        },
        {
          "path": "AutoSamplingTheory/TechnicalLemmas/FunctionalInequalities/WeightedLocalL2.lean",
          "raw_sha256": "01ac3e08ef17d0b87fe3ff873a61ea138dc7a3ac81289f8742cf642ad0e7aee4",
          "lf_sha256": "a61421bdad21ef0ebf65dce11738f20146a7f53107ad6c355e31f7f973c14bb8",
          "bytes": 2279,
          "exact_case_path_checked": true,
          "git_commit": "e15c75690beb0c54c4ae3507b92696836a0201c5",
          "git_raw_sha256": "a61421bdad21ef0ebf65dce11738f20146a7f53107ad6c355e31f7f973c14bb8",
          "git_lf_sha256": "a61421bdad21ef0ebf65dce11738f20146a7f53107ad6c355e31f7f973c14bb8",
          "git_raw_equals_worktree": false,
          "git_lf_equals_worktree": true
        },
        {
          "path": "AutoSamplingTheory/TechnicalLemmas/FunctionalInequalities/WeightedGradientDistribution.lean",
          "raw_sha256": "212dc09403d2991e33d546bfeb2963e8ba2f3756fd5fd7a9b1004a1aed57329b",
          "lf_sha256": "0e4292c24ad6b24cff053cddd8a9fb4dc24ad3b573886284cfc7bb1f5b29c6fc",
          "bytes": 5557,
          "exact_case_path_checked": true,
          "git_commit": "e15c75690beb0c54c4ae3507b92696836a0201c5",
          "git_raw_sha256": "0e4292c24ad6b24cff053cddd8a9fb4dc24ad3b573886284cfc7bb1f5b29c6fc",
          "git_lf_sha256": "0e4292c24ad6b24cff053cddd8a9fb4dc24ad3b573886284cfc7bb1f5b29c6fc",
          "git_raw_equals_worktree": false,
          "git_lf_equals_worktree": true
        },
        {
          "path": "AutoSamplingTheory/TechnicalLemmas/FunctionalInequalities/WeightedGradientWeak.lean",
          "raw_sha256": "9a733bd21cf4d16b8ff1f0b204be9473755c75c1c7bedb3abc0f9696311d409c",
          "lf_sha256": "229fdeede8f2517cd6125ad74c2fd7feb9454c9268e18bd72d7bae141f32aa5c",
          "bytes": 8207,
          "exact_case_path_checked": true,
          "git_commit": "e15c75690beb0c54c4ae3507b92696836a0201c5",
          "git_raw_sha256": "229fdeede8f2517cd6125ad74c2fd7feb9454c9268e18bd72d7bae141f32aa5c",
          "git_lf_sha256": "229fdeede8f2517cd6125ad74c2fd7feb9454c9268e18bd72d7bae141f32aa5c",
          "git_raw_equals_worktree": false,
          "git_lf_equals_worktree": true
        },
        {
          "path": "AutoSamplingTheory/TechnicalLemmas/FunctionalInequalities/WeightedGradient.lean",
          "raw_sha256": "c2495b6ab8a4c82cadf0d86b910d663e0e4f65f6b96bc4b449149112756d4690",
          "lf_sha256": "5bd3402124330f69d7875e9bbfc6eb31760b70528850ac841d1ff7c84ab72149",
          "bytes": 14800,
          "exact_case_path_checked": true,
          "git_commit": "e15c75690beb0c54c4ae3507b92696836a0201c5",
          "git_raw_sha256": "5bd3402124330f69d7875e9bbfc6eb31760b70528850ac841d1ff7c84ab72149",
          "git_lf_sha256": "5bd3402124330f69d7875e9bbfc6eb31760b70528850ac841d1ff7c84ab72149",
          "git_raw_equals_worktree": false,
          "git_lf_equals_worktree": true
        },
        {
          "path": "AutoSamplingTheory/TechnicalLemmas/FunctionalInequalities/CompactC1GradientDomain.lean",
          "raw_sha256": "3a08a4dc62796d8a5d021755c841280010d92d2b3259efee311232bf8ab8d096",
          "lf_sha256": "dd6234dfec6d2dfb351d1ad45c3fcc0eb111e1c18038ebc4c6ab48035033a2f7",
          "bytes": 9200,
          "exact_case_path_checked": true,
          "git_commit": "e15c75690beb0c54c4ae3507b92696836a0201c5",
          "git_raw_sha256": "dd6234dfec6d2dfb351d1ad45c3fcc0eb111e1c18038ebc4c6ab48035033a2f7",
          "git_lf_sha256": "dd6234dfec6d2dfb351d1ad45c3fcc0eb111e1c18038ebc4c6ab48035033a2f7",
          "git_raw_equals_worktree": false,
          "git_lf_equals_worktree": true
        },
        {
          "path": "AutoSamplingTheory/TechnicalLemmas/FunctionalInequalities/ClosedGraphResolvent.lean",
          "raw_sha256": "1ab1ae53e9251ae4fc210fc3b5b938f3f503419dc817df8771817e2dd2821c98",
          "lf_sha256": "32ed6c367cdd5f52578366b83a448f96619f362b05d05e25963c3efbf870e022",
          "bytes": 5258,
          "exact_case_path_checked": true,
          "git_commit": "e15c75690beb0c54c4ae3507b92696836a0201c5",
          "git_raw_sha256": "32ed6c367cdd5f52578366b83a448f96619f362b05d05e25963c3efbf870e022",
          "git_lf_sha256": "32ed6c367cdd5f52578366b83a448f96619f362b05d05e25963c3efbf870e022",
          "git_raw_equals_worktree": false,
          "git_lf_equals_worktree": true
        },
        {
          "path": "AutoSamplingTheory/ExampleCases/ProximalBPS/ConditionalGradient.lean",
          "raw_sha256": "8453ea8758be0ce67c32a434b2b5b4e4523572447001c52de18238c662cfd2a7",
          "lf_sha256": "3452712be04429132cbebcb6b9e6e24835d1f5f3dee9ddcd0af83c7a2d268ed6",
          "bytes": 3193,
          "exact_case_path_checked": true,
          "git_commit": "e15c75690beb0c54c4ae3507b92696836a0201c5",
          "git_raw_sha256": "3452712be04429132cbebcb6b9e6e24835d1f5f3dee9ddcd0af83c7a2d268ed6",
          "git_lf_sha256": "3452712be04429132cbebcb6b9e6e24835d1f5f3dee9ddcd0af83c7a2d268ed6",
          "git_raw_equals_worktree": false,
          "git_lf_equals_worktree": true
        },
        {
          "path": ".lake/packages/mathlib/Mathlib/MeasureTheory/Function/LpSeminorm/Monotonicity.lean",
          "raw_sha256": "6e02d8a01ee68e9d32052c8b051850d52abf9695838edb73c4e1ac9ca8afab89",
          "lf_sha256": "ad0dc4d5ab0dcf884fe70ae9021e67a54c35c6ffe14f5ccedc839c84446176c3",
          "bytes": 12887,
          "exact_case_path_checked": true
        },
        {
          "path": ".lake/packages/mathlib/Mathlib/MeasureTheory/Function/LocallyIntegrable.lean",
          "raw_sha256": "74d200548ca3d31ffb48d64222af591a357c04b74d873d1c1523bc75e9038427",
          "lf_sha256": "b64a5dcc099b916bcf213f441092873475fb326bac913e03890c2f268d56540b",
          "bytes": 43187,
          "exact_case_path_checked": true
        },
        {
          "path": ".lake/packages/mathlib/Mathlib/MeasureTheory/Measure/Tilted.lean",
          "raw_sha256": "53cc37610d1b21725a178c7d8064c59bb28629625d844b02430a30714ecd0c3e",
          "lf_sha256": "355cce542b03dd9130d9511f80ae803cc11a12ba9e6a947e68402b124be2165f",
          "bytes": 17366,
          "exact_case_path_checked": true
        },
        {
          "path": ".lake/packages/mathlib/Mathlib/Analysis/Calculus/ContDiff/Comp.lean",
          "raw_sha256": "ddcbc08b40d60445b8a1e60a9f001cd79e903ac8dac73230f86f283a1ee4717d",
          "lf_sha256": "26495369d99d4815f99e8319623231a5fe25f0fdd1756c31162216323e27ed0f",
          "bytes": 45544,
          "exact_case_path_checked": true
        },
        {
          "path": ".lake/packages/mathlib/Mathlib/Analysis/Calculus/ContDiff/FTaylorSeries.lean",
          "raw_sha256": "d5f6b2343a4cd64a4805f3594015a2e6daa351fc6f76c894fb792d8702da74d1",
          "lf_sha256": "8c82bcae96ad4759777af750ea750ffe9af2721914dde7a4ce7438ac5940c9af",
          "bytes": 53965,
          "exact_case_path_checked": true
        },
        {
          "path": ".lake/packages/mathlib/Mathlib/Analysis/Calculus/FDeriv/Const.lean",
          "raw_sha256": "465c390129f71d294ad900df8c04d1e2ea4d9c286446ab058a902eca6caf3384",
          "lf_sha256": "f1ea8ce4160117f303b20fd4bccca2a40e30bed4d9a24887dcf82af5f1cdf5c1",
          "bytes": 15096,
          "exact_case_path_checked": true
        },
        {
          "path": ".lake/packages/mathlib/Mathlib/Analysis/InnerProductSpace/Laplacian.lean",
          "raw_sha256": "67c82a0517c6b5c08a30a5e4ff2fd7af170a1c904c5c29959c0cb3744fe35c21",
          "lf_sha256": "3ee312cd1638dc1a6c45f1944df13057eaf24609f7f6bea9057abda1b9a1cf9d",
          "bytes": 18962,
          "exact_case_path_checked": true
        }
      ],
      "review_artifacts": [
        {
          "path": "runs/20261006-companion-priority/ordinary-weak-resolvent/source-review.1.result.json",
          "raw_sha256": "dab7cb7109815e108cb8112b1a1463b5c1d577fd6beb0b6b0287f3657fb8c133",
          "lf_sha256": "dab7cb7109815e108cb8112b1a1463b5c1d577fd6beb0b6b0287f3657fb8c133",
          "bytes": 63267,
          "exact_case_path_checked": true,
          "git_commit": "e15c75690beb0c54c4ae3507b92696836a0201c5",
          "git_raw_sha256": "dab7cb7109815e108cb8112b1a1463b5c1d577fd6beb0b6b0287f3657fb8c133",
          "git_lf_sha256": "dab7cb7109815e108cb8112b1a1463b5c1d577fd6beb0b6b0287f3657fb8c133",
          "git_raw_equals_worktree": true,
          "git_lf_equals_worktree": true
        },
        {
          "path": "runs/20261006-companion-priority/ordinary-weak-resolvent/source-review.1.json",
          "raw_sha256": "4104b1fdafb50ee39803e7323e5123d6b855f5fd26592d2e1d624dfadc4fc503",
          "lf_sha256": "a199e9c196b408b6924e4932484ff80a63333e42a5ca6aa68e6c96ae555ef920",
          "bytes": 32913,
          "exact_case_path_checked": true,
          "git_commit": "e15c75690beb0c54c4ae3507b92696836a0201c5",
          "git_raw_sha256": "4104b1fdafb50ee39803e7323e5123d6b855f5fd26592d2e1d624dfadc4fc503",
          "git_lf_sha256": "a199e9c196b408b6924e4932484ff80a63333e42a5ca6aa68e6c96ae555ef920",
          "git_raw_equals_worktree": true,
          "git_lf_equals_worktree": true
        },
        {
          "path": "runs/20261006-companion-priority/ordinary-weak-resolvent/anonymous.1.decoder.json",
          "raw_sha256": "ffa79381a5aa1f9cf2739cc47dc85ad28bd02d9fcaf3611627fd44ecbe0fb250",
          "lf_sha256": "fde71f4645625875306a9e801122a7126b4a9cb24c2197f79e7b42fb7cdc6b13",
          "bytes": 6134,
          "exact_case_path_checked": true,
          "git_commit": "e15c75690beb0c54c4ae3507b92696836a0201c5",
          "git_raw_sha256": "ffa79381a5aa1f9cf2739cc47dc85ad28bd02d9fcaf3611627fd44ecbe0fb250",
          "git_lf_sha256": "fde71f4645625875306a9e801122a7126b4a9cb24c2197f79e7b42fb7cdc6b13",
          "git_raw_equals_worktree": true,
          "git_lf_equals_worktree": true
        },
        {
          "path": "runs/20261006-companion-priority/ordinary-weak-resolvent/anonymous.1.reconstruction.json",
          "raw_sha256": "4c84120d7af9ca83d9cda3392671ad48a9821d187d0691d5bf55d96a6676fe57",
          "lf_sha256": "4c84120d7af9ca83d9cda3392671ad48a9821d187d0691d5bf55d96a6676fe57",
          "bytes": 12136,
          "exact_case_path_checked": true,
          "git_commit": "e15c75690beb0c54c4ae3507b92696836a0201c5",
          "git_raw_sha256": "4c84120d7af9ca83d9cda3392671ad48a9821d187d0691d5bf55d96a6676fe57",
          "git_lf_sha256": "4c84120d7af9ca83d9cda3392671ad48a9821d187d0691d5bf55d96a6676fe57",
          "git_raw_equals_worktree": true,
          "git_lf_equals_worktree": true
        }
      ],
      "current_audit": {
        "path": "research-wiki/semantic-roundtrip/audits/ASTIS-RT-20261006-PBPSConditionalOrdinaryResolvent.json",
        "raw_sha256": "8005b6c026199a5e5e495190f4f69feb48ec049e77ec129f9dacc1d22f6679a7",
        "lf_sha256": "3c1bb93f0589c138f50f96139465cc2401acfbb405bf42e8952ebcb09692d3b8",
        "bytes": 37235,
        "exact_case_path_checked": true,
        "git_commit": "e15c75690beb0c54c4ae3507b92696836a0201c5",
        "git_raw_sha256": "3c1bb93f0589c138f50f96139465cc2401acfbb405bf42e8952ebcb09692d3b8",
        "git_lf_sha256": "3c1bb93f0589c138f50f96139465cc2401acfbb405bf42e8952ebcb09692d3b8",
        "git_raw_equals_worktree": false,
        "git_lf_equals_worktree": true
      },
      "accepted_fields_delta": [
        "/deltas",
        "/semantic_slots",
        "/source_review/evidence",
        "/source_review/independent_from_decoder",
        "/source_review/independent_from_formalizer",
        "/source_review/review_run_sha256",
        "/source_review/reviewer",
        "/source_review/reviewer_packet_sha256",
        "/source_review/run_artifact",
        "/source_review/state",
        "/state",
        "/verdict"
      ]
    }
  ],
  "source_input_union": [
    {
      "path": "AutoSamplingTheory/TechnicalLemmas/FunctionalInequalities/OrdinaryWeakResolvent.lean",
      "raw_sha256": "ba3107cf0d1a0a95fdeb6ce52b7a6bbecc78141013a98723f698b3440858b0b0",
      "lf_sha256": "0da6980d11a96f441f6cb2e1bd69f8b860c496885cf28a9d44b8e0819f66c334",
      "bytes": 13668,
      "exact_case_path_checked": true,
      "git_commit": "e15c75690beb0c54c4ae3507b92696836a0201c5",
      "git_raw_sha256": "0da6980d11a96f441f6cb2e1bd69f8b860c496885cf28a9d44b8e0819f66c334",
      "git_lf_sha256": "0da6980d11a96f441f6cb2e1bd69f8b860c496885cf28a9d44b8e0819f66c334",
      "git_raw_equals_worktree": false,
      "git_lf_equals_worktree": true
    },
    {
      "path": "AutoSamplingTheory/ExampleCases/ProximalBPS/ConditionalOrdinaryResolvent.lean",
      "raw_sha256": "228e127ddfba306f69ade81ed8f4e7c5c06918b45931d8a598524ab3e0c4ce23",
      "lf_sha256": "b07522d881ef4f6727d8dc36623be605746c6057394d713d621f9416ccb75d14",
      "bytes": 4446,
      "exact_case_path_checked": true,
      "git_commit": "e15c75690beb0c54c4ae3507b92696836a0201c5",
      "git_raw_sha256": "b07522d881ef4f6727d8dc36623be605746c6057394d713d621f9416ccb75d14",
      "git_lf_sha256": "b07522d881ef4f6727d8dc36623be605746c6057394d713d621f9416ccb75d14",
      "git_raw_equals_worktree": false,
      "git_lf_equals_worktree": true
    },
    {
      "path": "Tests/OrdinaryWeakResolvent.lean",
      "raw_sha256": "b622dbe8988086252ef2dd459deeaa87eb1983b4c99802df4e05dfb9733b2878",
      "lf_sha256": "93d231ae667dbcb63fd43ed88f7e5711ebd48a7f3fe702f2dd40cc0d1fe9730b",
      "bytes": 6566,
      "exact_case_path_checked": true,
      "git_commit": "e15c75690beb0c54c4ae3507b92696836a0201c5",
      "git_raw_sha256": "93d231ae667dbcb63fd43ed88f7e5711ebd48a7f3fe702f2dd40cc0d1fe9730b",
      "git_lf_sha256": "93d231ae667dbcb63fd43ed88f7e5711ebd48a7f3fe702f2dd40cc0d1fe9730b",
      "git_raw_equals_worktree": false,
      "git_lf_equals_worktree": true
    },
    {
      "path": "website/content/publications/ordinary-weak-resolvent.json",
      "raw_sha256": "7536d8deb4b75cf85bf0684f7439e48aa1c70987b96513105cc8391bd80a8162",
      "lf_sha256": "a81ca8addb0a6947114d1fb7a8d212618e60a14a2a4703d48360c24c436f398b",
      "bytes": 8087,
      "exact_case_path_checked": true,
      "git_commit": "e15c75690beb0c54c4ae3507b92696836a0201c5",
      "git_raw_sha256": "a81ca8addb0a6947114d1fb7a8d212618e60a14a2a4703d48360c24c436f398b",
      "git_lf_sha256": "a81ca8addb0a6947114d1fb7a8d212618e60a14a2a4703d48360c24c436f398b",
      "git_raw_equals_worktree": false,
      "git_lf_equals_worktree": true
    },
    {
      "path": "website/content/declaration_lessons/ordinary-weak-resolvent.json",
      "raw_sha256": "1445b79a2fdf9d035aef41ef91c798cad5535f01b2e9372dea2ab961e9b05879",
      "lf_sha256": "3d518877c034458b8970eb4ff1ab458f432758de731b717e4a183f34192543ae",
      "bytes": 10113,
      "exact_case_path_checked": true,
      "git_commit": "e15c75690beb0c54c4ae3507b92696836a0201c5",
      "git_raw_sha256": "3d518877c034458b8970eb4ff1ab458f432758de731b717e4a183f34192543ae",
      "git_lf_sha256": "3d518877c034458b8970eb4ff1ab458f432758de731b717e4a183f34192543ae",
      "git_raw_equals_worktree": false,
      "git_lf_equals_worktree": true
    },
    {
      "path": "runs/20261006-companion-priority/ordinary-weak-resolvent/source-review.0.json",
      "raw_sha256": "0515685651734cff206ffeccc0f0595f627a876a886860b4c0b23d9956e319c3",
      "lf_sha256": "46a08892aa36001448c01aff1017e7f723d8f3b93f7f1f39fc3a32ced49943e9",
      "bytes": 42164,
      "exact_case_path_checked": true,
      "git_commit": "e15c75690beb0c54c4ae3507b92696836a0201c5",
      "git_raw_sha256": "0515685651734cff206ffeccc0f0595f627a876a886860b4c0b23d9956e319c3",
      "git_lf_sha256": "46a08892aa36001448c01aff1017e7f723d8f3b93f7f1f39fc3a32ced49943e9",
      "git_raw_equals_worktree": true,
      "git_lf_equals_worktree": true
    },
    {
      "path": "runs/20261006-companion-priority/ordinary-weak-resolvent/anonymous.0.decoder.json",
      "raw_sha256": "896e73f0eff3e2bcaef2254c54e9de0b3188f4902708cacaeecaa06b1011b918",
      "lf_sha256": "c5f1a419b637f7bc5849522b4f90cd6e4bbdb1afb3f482a8c62a966244c1e1b4",
      "bytes": 5076,
      "exact_case_path_checked": true,
      "git_commit": "e15c75690beb0c54c4ae3507b92696836a0201c5",
      "git_raw_sha256": "896e73f0eff3e2bcaef2254c54e9de0b3188f4902708cacaeecaa06b1011b918",
      "git_lf_sha256": "c5f1a419b637f7bc5849522b4f90cd6e4bbdb1afb3f482a8c62a966244c1e1b4",
      "git_raw_equals_worktree": true,
      "git_lf_equals_worktree": true
    },
    {
      "path": "runs/20261006-companion-priority/ordinary-weak-resolvent/anonymous.0.reconstruction.json",
      "raw_sha256": "5d54bf2db2a1210fd745ece27a871117533a3ea9bee0519ef94a178a33c05c4d",
      "lf_sha256": "5d54bf2db2a1210fd745ece27a871117533a3ea9bee0519ef94a178a33c05c4d",
      "bytes": 10430,
      "exact_case_path_checked": true,
      "git_commit": "e15c75690beb0c54c4ae3507b92696836a0201c5",
      "git_raw_sha256": "5d54bf2db2a1210fd745ece27a871117533a3ea9bee0519ef94a178a33c05c4d",
      "git_lf_sha256": "5d54bf2db2a1210fd745ece27a871117533a3ea9bee0519ef94a178a33c05c4d",
      "git_raw_equals_worktree": true,
      "git_lf_equals_worktree": true
    },
    {
      "path": "runs/20261006-companion-priority/ordinary-weak-resolvent/source-reviewed-cell.0.snapshot.json",
      "raw_sha256": "93076da18d9503af77840801b0d7a67097c2c59c2fc3da363a42da8d9e061eba",
      "lf_sha256": "33792d482141b4596d3fc75e8c1501294e70d3def6cc957e5330431ed03a5bb1",
      "bytes": 9332,
      "exact_case_path_checked": true,
      "git_commit": "e15c75690beb0c54c4ae3507b92696836a0201c5",
      "git_raw_sha256": "93076da18d9503af77840801b0d7a67097c2c59c2fc3da363a42da8d9e061eba",
      "git_lf_sha256": "33792d482141b4596d3fc75e8c1501294e70d3def6cc957e5330431ed03a5bb1",
      "git_raw_equals_worktree": true,
      "git_lf_equals_worktree": true
    },
    {
      "path": "runs/20261006-companion-priority/ordinary-weak-resolvent/source-reviewed-audit.0.snapshot.json",
      "raw_sha256": "172bfe0d2f429e5504be5b8da6c8e42cc285dbe8571fb69fa729e42646ff6898",
      "lf_sha256": "118a4aaab85c1feb1d432280f254ffd8d142932f96a8e2e808ff67bd9af27c7f",
      "bytes": 41098,
      "exact_case_path_checked": true,
      "git_commit": "e15c75690beb0c54c4ae3507b92696836a0201c5",
      "git_raw_sha256": "172bfe0d2f429e5504be5b8da6c8e42cc285dbe8571fb69fa729e42646ff6898",
      "git_lf_sha256": "118a4aaab85c1feb1d432280f254ffd8d142932f96a8e2e808ff67bd9af27c7f",
      "git_raw_equals_worktree": true,
      "git_lf_equals_worktree": true
    },
    {
      "path": "runs/20261006-companion-priority/ordinary-weak-resolvent/ASTIS-SHARED-ordinary-weak-resolvent.math-reviewed.snapshot.json",
      "raw_sha256": "c536fd6e88684501944409283f5ea4c443fc354b1da453ac074cea4093f13a7e",
      "lf_sha256": "e60e08d0046b2f7780a092509f20aa0c24c10086a59f3256767637ddfe03432d",
      "bytes": 9093,
      "exact_case_path_checked": true,
      "git_commit": "e15c75690beb0c54c4ae3507b92696836a0201c5",
      "git_raw_sha256": "c536fd6e88684501944409283f5ea4c443fc354b1da453ac074cea4093f13a7e",
      "git_lf_sha256": "e60e08d0046b2f7780a092509f20aa0c24c10086a59f3256767637ddfe03432d",
      "git_raw_equals_worktree": true,
      "git_lf_equals_worktree": true
    },
    {
      "path": "runs/20261006-companion-priority/ordinary-weak-resolvent/0.math-reviewed.audit.snapshot.json",
      "raw_sha256": "90a401ccce7c70625abf38049598dba19591e0b95705d5703dea88218ceb93f9",
      "lf_sha256": "d07c5d5838790d99dd0e07c0e67d0163318545f7f6ee5db8d96321a15d1d6021",
      "bytes": 36940,
      "exact_case_path_checked": true,
      "git_commit": "e15c75690beb0c54c4ae3507b92696836a0201c5",
      "git_raw_sha256": "90a401ccce7c70625abf38049598dba19591e0b95705d5703dea88218ceb93f9",
      "git_lf_sha256": "d07c5d5838790d99dd0e07c0e67d0163318545f7f6ee5db8d96321a15d1d6021",
      "git_raw_equals_worktree": true,
      "git_lf_equals_worktree": true
    },
    {
      "path": "runs/20261006-companion-priority/ordinary-weak-resolvent/source-review.lifecycle-reconciliation.json",
      "raw_sha256": "c623e03def104c8bd46db10e50f8520ba5cc8a5d478f98d4653d4adb5d3cbe74",
      "lf_sha256": "c623e03def104c8bd46db10e50f8520ba5cc8a5d478f98d4653d4adb5d3cbe74",
      "bytes": 7561,
      "exact_case_path_checked": true,
      "git_commit": "e15c75690beb0c54c4ae3507b92696836a0201c5",
      "git_raw_sha256": "c623e03def104c8bd46db10e50f8520ba5cc8a5d478f98d4653d4adb5d3cbe74",
      "git_lf_sha256": "c623e03def104c8bd46db10e50f8520ba5cc8a5d478f98d4653d4adb5d3cbe74",
      "git_raw_equals_worktree": true,
      "git_lf_equals_worktree": true
    },
    {
      "path": "research-wiki/cited-results/Weighted_ordinary_resolvent_source_preread.md",
      "raw_sha256": "f5c305e67eee455c1967bc7c6f2ac0c6a7ab75d0d420181d4b05ddf47f13545c",
      "lf_sha256": "f5c305e67eee455c1967bc7c6f2ac0c6a7ab75d0d420181d4b05ddf47f13545c",
      "bytes": 10428,
      "exact_case_path_checked": true,
      "git_commit": "e15c75690beb0c54c4ae3507b92696836a0201c5",
      "git_raw_sha256": "f5c305e67eee455c1967bc7c6f2ac0c6a7ab75d0d420181d4b05ddf47f13545c",
      "git_lf_sha256": "f5c305e67eee455c1967bc7c6f2ac0c6a7ab75d0d420181d4b05ddf47f13545c",
      "git_raw_equals_worktree": true,
      "git_lf_equals_worktree": true
    },
    {
      "path": "research-wiki/cited-results/Weighted_ordinary_resolvent_dependency_audit.md",
      "raw_sha256": "409d3f5aa725e467fda35eee7256d1fedd3295994cc7dcaa056fecc5c41fe3ff",
      "lf_sha256": "409d3f5aa725e467fda35eee7256d1fedd3295994cc7dcaa056fecc5c41fe3ff",
      "bytes": 12789,
      "exact_case_path_checked": true,
      "git_commit": "e15c75690beb0c54c4ae3507b92696836a0201c5",
      "git_raw_sha256": "409d3f5aa725e467fda35eee7256d1fedd3295994cc7dcaa056fecc5c41fe3ff",
      "git_lf_sha256": "409d3f5aa725e467fda35eee7256d1fedd3295994cc7dcaa056fecc5c41fe3ff",
      "git_raw_equals_worktree": true,
      "git_lf_equals_worktree": true
    },
    {
      "path": "research-wiki/cited-results/Weighted_C1_compact_domain_source_audit.md",
      "raw_sha256": "ddb32fa50100e1bbfb7416467c47a7e092594d24a79548cd65ede0a63fef284c",
      "lf_sha256": "ddb32fa50100e1bbfb7416467c47a7e092594d24a79548cd65ede0a63fef284c",
      "bytes": 14162,
      "exact_case_path_checked": true,
      "git_commit": "e15c75690beb0c54c4ae3507b92696836a0201c5",
      "git_raw_sha256": "ddb32fa50100e1bbfb7416467c47a7e092594d24a79548cd65ede0a63fef284c",
      "git_lf_sha256": "ddb32fa50100e1bbfb7416467c47a7e092594d24a79548cd65ede0a63fef284c",
      "git_raw_equals_worktree": true,
      "git_lf_equals_worktree": true
    },
    {
      "path": "lean-toolchain",
      "raw_sha256": "b2b5068d5a4835675e651ce83b29c0ddb308d28b80076e7c007aef4630af0477",
      "lf_sha256": "302cd63c54178885b89e669f33b38f12f4dd7ae7e5cac537b3203e3768d8fb2b",
      "bytes": 26,
      "exact_case_path_checked": true,
      "git_commit": "e15c75690beb0c54c4ae3507b92696836a0201c5",
      "git_raw_sha256": "302cd63c54178885b89e669f33b38f12f4dd7ae7e5cac537b3203e3768d8fb2b",
      "git_lf_sha256": "302cd63c54178885b89e669f33b38f12f4dd7ae7e5cac537b3203e3768d8fb2b",
      "git_raw_equals_worktree": false,
      "git_lf_equals_worktree": true
    },
    {
      "path": "lake-manifest.json",
      "raw_sha256": "b1f16b43aaf4a886cfe0382d5e3ae63d6904281c00afd8f35af20f0270a747e2",
      "lf_sha256": "b83ca83b9cf7caa85fa8b023c2ff9a3fb7a7cce7e1c332e810c348535ec49c37",
      "bytes": 3234,
      "exact_case_path_checked": true,
      "git_commit": "e15c75690beb0c54c4ae3507b92696836a0201c5",
      "git_raw_sha256": "b83ca83b9cf7caa85fa8b023c2ff9a3fb7a7cce7e1c332e810c348535ec49c37",
      "git_lf_sha256": "b83ca83b9cf7caa85fa8b023c2ff9a3fb7a7cce7e1c332e810c348535ec49c37",
      "git_raw_equals_worktree": false,
      "git_lf_equals_worktree": true
    },
    {
      "path": "AutoSamplingTheory/TechnicalLemmas/FunctionalInequalities/WeightedResolventC1.lean",
      "raw_sha256": "8c77d631912a6cd9a06e3a9302483076508be98665db25934fe3d8d58106a4be",
      "lf_sha256": "eeff8088dcf213d810af207340365b1bfec7e88398a9b711132a857c24beada5",
      "bytes": 5459,
      "exact_case_path_checked": true,
      "git_commit": "e15c75690beb0c54c4ae3507b92696836a0201c5",
      "git_raw_sha256": "eeff8088dcf213d810af207340365b1bfec7e88398a9b711132a857c24beada5",
      "git_lf_sha256": "eeff8088dcf213d810af207340365b1bfec7e88398a9b711132a857c24beada5",
      "git_raw_equals_worktree": false,
      "git_lf_equals_worktree": true
    },
    {
      "path": "AutoSamplingTheory/TechnicalLemmas/FunctionalInequalities/WeightedLocalL2.lean",
      "raw_sha256": "01ac3e08ef17d0b87fe3ff873a61ea138dc7a3ac81289f8742cf642ad0e7aee4",
      "lf_sha256": "a61421bdad21ef0ebf65dce11738f20146a7f53107ad6c355e31f7f973c14bb8",
      "bytes": 2279,
      "exact_case_path_checked": true,
      "git_commit": "e15c75690beb0c54c4ae3507b92696836a0201c5",
      "git_raw_sha256": "a61421bdad21ef0ebf65dce11738f20146a7f53107ad6c355e31f7f973c14bb8",
      "git_lf_sha256": "a61421bdad21ef0ebf65dce11738f20146a7f53107ad6c355e31f7f973c14bb8",
      "git_raw_equals_worktree": false,
      "git_lf_equals_worktree": true
    },
    {
      "path": "AutoSamplingTheory/TechnicalLemmas/FunctionalInequalities/WeightedGradientDistribution.lean",
      "raw_sha256": "212dc09403d2991e33d546bfeb2963e8ba2f3756fd5fd7a9b1004a1aed57329b",
      "lf_sha256": "0e4292c24ad6b24cff053cddd8a9fb4dc24ad3b573886284cfc7bb1f5b29c6fc",
      "bytes": 5557,
      "exact_case_path_checked": true,
      "git_commit": "e15c75690beb0c54c4ae3507b92696836a0201c5",
      "git_raw_sha256": "0e4292c24ad6b24cff053cddd8a9fb4dc24ad3b573886284cfc7bb1f5b29c6fc",
      "git_lf_sha256": "0e4292c24ad6b24cff053cddd8a9fb4dc24ad3b573886284cfc7bb1f5b29c6fc",
      "git_raw_equals_worktree": false,
      "git_lf_equals_worktree": true
    },
    {
      "path": "AutoSamplingTheory/TechnicalLemmas/FunctionalInequalities/WeightedGradientWeak.lean",
      "raw_sha256": "9a733bd21cf4d16b8ff1f0b204be9473755c75c1c7bedb3abc0f9696311d409c",
      "lf_sha256": "229fdeede8f2517cd6125ad74c2fd7feb9454c9268e18bd72d7bae141f32aa5c",
      "bytes": 8207,
      "exact_case_path_checked": true,
      "git_commit": "e15c75690beb0c54c4ae3507b92696836a0201c5",
      "git_raw_sha256": "229fdeede8f2517cd6125ad74c2fd7feb9454c9268e18bd72d7bae141f32aa5c",
      "git_lf_sha256": "229fdeede8f2517cd6125ad74c2fd7feb9454c9268e18bd72d7bae141f32aa5c",
      "git_raw_equals_worktree": false,
      "git_lf_equals_worktree": true
    },
    {
      "path": "AutoSamplingTheory/TechnicalLemmas/FunctionalInequalities/WeightedGradient.lean",
      "raw_sha256": "c2495b6ab8a4c82cadf0d86b910d663e0e4f65f6b96bc4b449149112756d4690",
      "lf_sha256": "5bd3402124330f69d7875e9bbfc6eb31760b70528850ac841d1ff7c84ab72149",
      "bytes": 14800,
      "exact_case_path_checked": true,
      "git_commit": "e15c75690beb0c54c4ae3507b92696836a0201c5",
      "git_raw_sha256": "5bd3402124330f69d7875e9bbfc6eb31760b70528850ac841d1ff7c84ab72149",
      "git_lf_sha256": "5bd3402124330f69d7875e9bbfc6eb31760b70528850ac841d1ff7c84ab72149",
      "git_raw_equals_worktree": false,
      "git_lf_equals_worktree": true
    },
    {
      "path": "AutoSamplingTheory/TechnicalLemmas/FunctionalInequalities/CompactC1GradientDomain.lean",
      "raw_sha256": "3a08a4dc62796d8a5d021755c841280010d92d2b3259efee311232bf8ab8d096",
      "lf_sha256": "dd6234dfec6d2dfb351d1ad45c3fcc0eb111e1c18038ebc4c6ab48035033a2f7",
      "bytes": 9200,
      "exact_case_path_checked": true,
      "git_commit": "e15c75690beb0c54c4ae3507b92696836a0201c5",
      "git_raw_sha256": "dd6234dfec6d2dfb351d1ad45c3fcc0eb111e1c18038ebc4c6ab48035033a2f7",
      "git_lf_sha256": "dd6234dfec6d2dfb351d1ad45c3fcc0eb111e1c18038ebc4c6ab48035033a2f7",
      "git_raw_equals_worktree": false,
      "git_lf_equals_worktree": true
    },
    {
      "path": "AutoSamplingTheory/TechnicalLemmas/FunctionalInequalities/ClosedGraphResolvent.lean",
      "raw_sha256": "1ab1ae53e9251ae4fc210fc3b5b938f3f503419dc817df8771817e2dd2821c98",
      "lf_sha256": "32ed6c367cdd5f52578366b83a448f96619f362b05d05e25963c3efbf870e022",
      "bytes": 5258,
      "exact_case_path_checked": true,
      "git_commit": "e15c75690beb0c54c4ae3507b92696836a0201c5",
      "git_raw_sha256": "32ed6c367cdd5f52578366b83a448f96619f362b05d05e25963c3efbf870e022",
      "git_lf_sha256": "32ed6c367cdd5f52578366b83a448f96619f362b05d05e25963c3efbf870e022",
      "git_raw_equals_worktree": false,
      "git_lf_equals_worktree": true
    },
    {
      "path": "AutoSamplingTheory/ExampleCases/ProximalBPS/ConditionalGradient.lean",
      "raw_sha256": "8453ea8758be0ce67c32a434b2b5b4e4523572447001c52de18238c662cfd2a7",
      "lf_sha256": "3452712be04429132cbebcb6b9e6e24835d1f5f3dee9ddcd0af83c7a2d268ed6",
      "bytes": 3193,
      "exact_case_path_checked": true,
      "git_commit": "e15c75690beb0c54c4ae3507b92696836a0201c5",
      "git_raw_sha256": "3452712be04429132cbebcb6b9e6e24835d1f5f3dee9ddcd0af83c7a2d268ed6",
      "git_lf_sha256": "3452712be04429132cbebcb6b9e6e24835d1f5f3dee9ddcd0af83c7a2d268ed6",
      "git_raw_equals_worktree": false,
      "git_lf_equals_worktree": true
    },
    {
      "path": ".lake/packages/mathlib/Mathlib/MeasureTheory/Function/LpSeminorm/Monotonicity.lean",
      "raw_sha256": "6e02d8a01ee68e9d32052c8b051850d52abf9695838edb73c4e1ac9ca8afab89",
      "lf_sha256": "ad0dc4d5ab0dcf884fe70ae9021e67a54c35c6ffe14f5ccedc839c84446176c3",
      "bytes": 12887,
      "exact_case_path_checked": true
    },
    {
      "path": ".lake/packages/mathlib/Mathlib/MeasureTheory/Function/LocallyIntegrable.lean",
      "raw_sha256": "74d200548ca3d31ffb48d64222af591a357c04b74d873d1c1523bc75e9038427",
      "lf_sha256": "b64a5dcc099b916bcf213f441092873475fb326bac913e03890c2f268d56540b",
      "bytes": 43187,
      "exact_case_path_checked": true
    },
    {
      "path": ".lake/packages/mathlib/Mathlib/MeasureTheory/Measure/Tilted.lean",
      "raw_sha256": "53cc37610d1b21725a178c7d8064c59bb28629625d844b02430a30714ecd0c3e",
      "lf_sha256": "355cce542b03dd9130d9511f80ae803cc11a12ba9e6a947e68402b124be2165f",
      "bytes": 17366,
      "exact_case_path_checked": true
    },
    {
      "path": ".lake/packages/mathlib/Mathlib/Analysis/Calculus/ContDiff/Comp.lean",
      "raw_sha256": "ddcbc08b40d60445b8a1e60a9f001cd79e903ac8dac73230f86f283a1ee4717d",
      "lf_sha256": "26495369d99d4815f99e8319623231a5fe25f0fdd1756c31162216323e27ed0f",
      "bytes": 45544,
      "exact_case_path_checked": true
    },
    {
      "path": ".lake/packages/mathlib/Mathlib/Analysis/Calculus/ContDiff/FTaylorSeries.lean",
      "raw_sha256": "d5f6b2343a4cd64a4805f3594015a2e6daa351fc6f76c894fb792d8702da74d1",
      "lf_sha256": "8c82bcae96ad4759777af750ea750ffe9af2721914dde7a4ce7438ac5940c9af",
      "bytes": 53965,
      "exact_case_path_checked": true
    },
    {
      "path": ".lake/packages/mathlib/Mathlib/Analysis/Calculus/FDeriv/Const.lean",
      "raw_sha256": "465c390129f71d294ad900df8c04d1e2ea4d9c286446ab058a902eca6caf3384",
      "lf_sha256": "f1ea8ce4160117f303b20fd4bccca2a40e30bed4d9a24887dcf82af5f1cdf5c1",
      "bytes": 15096,
      "exact_case_path_checked": true
    },
    {
      "path": ".lake/packages/mathlib/Mathlib/Analysis/InnerProductSpace/Laplacian.lean",
      "raw_sha256": "67c82a0517c6b5c08a30a5e4ff2fd7af170a1c904c5c29959c0cb3744fe35c21",
      "lf_sha256": "3ee312cd1638dc1a6c45f1944df13057eaf24609f7f6bea9057abda1b9a1cf9d",
      "bytes": 18962,
      "exact_case_path_checked": true
    },
    {
      "path": "website/content/publications/pbps-conditional-ordinary-resolvent.json",
      "raw_sha256": "1a7d9a8a9ae94a109a373eacd8f379f144434c7e5537a8ae51859feeb3ab84da",
      "lf_sha256": "50b0a278654f8973d1fb37062cf631f4d13c2e3ebb4bb5fd2ad749473ef296d3",
      "bytes": 7812,
      "exact_case_path_checked": true,
      "git_commit": "e15c75690beb0c54c4ae3507b92696836a0201c5",
      "git_raw_sha256": "50b0a278654f8973d1fb37062cf631f4d13c2e3ebb4bb5fd2ad749473ef296d3",
      "git_lf_sha256": "50b0a278654f8973d1fb37062cf631f4d13c2e3ebb4bb5fd2ad749473ef296d3",
      "git_raw_equals_worktree": false,
      "git_lf_equals_worktree": true
    },
    {
      "path": "website/content/declaration_lessons/pbps-conditional-ordinary-resolvent.json",
      "raw_sha256": "66c3aef45c4c12b78e11e0491ef7ac9a41398564347f5611650c111406282196",
      "lf_sha256": "1c2ce45f52c873bac1c50142b15949d1bd3a0a5f429740ebd98d8359bdadf681",
      "bytes": 8605,
      "exact_case_path_checked": true,
      "git_commit": "e15c75690beb0c54c4ae3507b92696836a0201c5",
      "git_raw_sha256": "1c2ce45f52c873bac1c50142b15949d1bd3a0a5f429740ebd98d8359bdadf681",
      "git_lf_sha256": "1c2ce45f52c873bac1c50142b15949d1bd3a0a5f429740ebd98d8359bdadf681",
      "git_raw_equals_worktree": false,
      "git_lf_equals_worktree": true
    },
    {
      "path": "runs/20261006-companion-priority/ordinary-weak-resolvent/source-review.1.json",
      "raw_sha256": "4104b1fdafb50ee39803e7323e5123d6b855f5fd26592d2e1d624dfadc4fc503",
      "lf_sha256": "a199e9c196b408b6924e4932484ff80a63333e42a5ca6aa68e6c96ae555ef920",
      "bytes": 32913,
      "exact_case_path_checked": true,
      "git_commit": "e15c75690beb0c54c4ae3507b92696836a0201c5",
      "git_raw_sha256": "4104b1fdafb50ee39803e7323e5123d6b855f5fd26592d2e1d624dfadc4fc503",
      "git_lf_sha256": "a199e9c196b408b6924e4932484ff80a63333e42a5ca6aa68e6c96ae555ef920",
      "git_raw_equals_worktree": true,
      "git_lf_equals_worktree": true
    },
    {
      "path": "runs/20261006-companion-priority/ordinary-weak-resolvent/anonymous.1.decoder.json",
      "raw_sha256": "ffa79381a5aa1f9cf2739cc47dc85ad28bd02d9fcaf3611627fd44ecbe0fb250",
      "lf_sha256": "fde71f4645625875306a9e801122a7126b4a9cb24c2197f79e7b42fb7cdc6b13",
      "bytes": 6134,
      "exact_case_path_checked": true,
      "git_commit": "e15c75690beb0c54c4ae3507b92696836a0201c5",
      "git_raw_sha256": "ffa79381a5aa1f9cf2739cc47dc85ad28bd02d9fcaf3611627fd44ecbe0fb250",
      "git_lf_sha256": "fde71f4645625875306a9e801122a7126b4a9cb24c2197f79e7b42fb7cdc6b13",
      "git_raw_equals_worktree": true,
      "git_lf_equals_worktree": true
    },
    {
      "path": "runs/20261006-companion-priority/ordinary-weak-resolvent/anonymous.1.reconstruction.json",
      "raw_sha256": "4c84120d7af9ca83d9cda3392671ad48a9821d187d0691d5bf55d96a6676fe57",
      "lf_sha256": "4c84120d7af9ca83d9cda3392671ad48a9821d187d0691d5bf55d96a6676fe57",
      "bytes": 12136,
      "exact_case_path_checked": true,
      "git_commit": "e15c75690beb0c54c4ae3507b92696836a0201c5",
      "git_raw_sha256": "4c84120d7af9ca83d9cda3392671ad48a9821d187d0691d5bf55d96a6676fe57",
      "git_lf_sha256": "4c84120d7af9ca83d9cda3392671ad48a9821d187d0691d5bf55d96a6676fe57",
      "git_raw_equals_worktree": true,
      "git_lf_equals_worktree": true
    },
    {
      "path": "runs/20261006-companion-priority/ordinary-weak-resolvent/source-reviewed-cell.1.snapshot.json",
      "raw_sha256": "69e774457deb818d4b346f9d9fce85291947f6e025ef6fe6b86fe7aaea370e43",
      "lf_sha256": "0868328826d9171ab59fa77862e3c4f5af31fd381ac975d7a420535bb32669c0",
      "bytes": 8908,
      "exact_case_path_checked": true,
      "git_commit": "e15c75690beb0c54c4ae3507b92696836a0201c5",
      "git_raw_sha256": "69e774457deb818d4b346f9d9fce85291947f6e025ef6fe6b86fe7aaea370e43",
      "git_lf_sha256": "0868328826d9171ab59fa77862e3c4f5af31fd381ac975d7a420535bb32669c0",
      "git_raw_equals_worktree": true,
      "git_lf_equals_worktree": true
    },
    {
      "path": "runs/20261006-companion-priority/ordinary-weak-resolvent/source-reviewed-audit.1.snapshot.json",
      "raw_sha256": "9b54fbb74abdb2e2640d28cd24586c0dc274091287e1db358e00514c7a609c25",
      "lf_sha256": "fd17e1c1258b669ae29acda93a8974f8ac8c102e8ce3b7ea9f372aff5e74f4b8",
      "bytes": 31858,
      "exact_case_path_checked": true,
      "git_commit": "e15c75690beb0c54c4ae3507b92696836a0201c5",
      "git_raw_sha256": "9b54fbb74abdb2e2640d28cd24586c0dc274091287e1db358e00514c7a609c25",
      "git_lf_sha256": "fd17e1c1258b669ae29acda93a8974f8ac8c102e8ce3b7ea9f372aff5e74f4b8",
      "git_raw_equals_worktree": true,
      "git_lf_equals_worktree": true
    },
    {
      "path": "runs/20261006-companion-priority/ordinary-weak-resolvent/ASTIS-SW-PBPS-conditional-ordinary-resolvent.math-reviewed.snapshot.json",
      "raw_sha256": "5796166eeb828146ffa4bd1c8182cdbc2098e74943eeeeb6a9318124b697bf8d",
      "lf_sha256": "f5e5a56edc3175d26ed1a2c4125ce2fd95d183f354a5eca856422da32a651d5f",
      "bytes": 8669,
      "exact_case_path_checked": true,
      "git_commit": "e15c75690beb0c54c4ae3507b92696836a0201c5",
      "git_raw_sha256": "5796166eeb828146ffa4bd1c8182cdbc2098e74943eeeeb6a9318124b697bf8d",
      "git_lf_sha256": "f5e5a56edc3175d26ed1a2c4125ce2fd95d183f354a5eca856422da32a651d5f",
      "git_raw_equals_worktree": true,
      "git_lf_equals_worktree": true
    },
    {
      "path": "runs/20261006-companion-priority/ordinary-weak-resolvent/1.math-reviewed.audit.snapshot.json",
      "raw_sha256": "17bb3586cda7e25205376aab2de0c22cb140848e471b5716b388547de2f25c8f",
      "lf_sha256": "508ab4d649110208852dac73b906d0662ab26763b0435994d007d9fbf657f671",
      "bytes": 26848,
      "exact_case_path_checked": true,
      "git_commit": "e15c75690beb0c54c4ae3507b92696836a0201c5",
      "git_raw_sha256": "17bb3586cda7e25205376aab2de0c22cb140848e471b5716b388547de2f25c8f",
      "git_lf_sha256": "508ab4d649110208852dac73b906d0662ab26763b0435994d007d9fbf657f671",
      "git_raw_equals_worktree": true,
      "git_lf_equals_worktree": true
    }
  ],
  "source_input_union_count": 42,
  "same_exact_proved_local_cells_before_verification": true,
  "math_direct_and_zero_dim_stress_reused_only_under_identical_inputs": true,
  "raw_original_compiler_evidence_unchanged": [
    {
      "path": "runs/20261006-companion-priority/ordinary-weak-resolvent/independent-direct-production.log",
      "raw_sha256": "6c661e107a7d1560d069e9b6be91fcf0e771b9da8248ac00d07cdaecadd77083",
      "lf_sha256": "6c661e107a7d1560d069e9b6be91fcf0e771b9da8248ac00d07cdaecadd77083",
      "bytes": 654,
      "exact_case_path_checked": true,
      "git_commit": "e15c75690beb0c54c4ae3507b92696836a0201c5",
      "git_raw_sha256": "6c661e107a7d1560d069e9b6be91fcf0e771b9da8248ac00d07cdaecadd77083",
      "git_lf_sha256": "6c661e107a7d1560d069e9b6be91fcf0e771b9da8248ac00d07cdaecadd77083",
      "git_raw_equals_worktree": true,
      "git_lf_equals_worktree": true
    },
    {
      "path": "runs/20261006-companion-priority/ordinary-weak-resolvent/independent-direct-conditional.log",
      "raw_sha256": "e3b0c44298fc1c149afbf4c8996fb92427ae41e4649b934ca495991b7852b855",
      "lf_sha256": "e3b0c44298fc1c149afbf4c8996fb92427ae41e4649b934ca495991b7852b855",
      "bytes": 0,
      "exact_case_path_checked": true,
      "git_commit": "e15c75690beb0c54c4ae3507b92696836a0201c5",
      "git_raw_sha256": "e3b0c44298fc1c149afbf4c8996fb92427ae41e4649b934ca495991b7852b855",
      "git_lf_sha256": "e3b0c44298fc1c149afbf4c8996fb92427ae41e4649b934ca495991b7852b855",
      "git_raw_equals_worktree": true,
      "git_lf_equals_worktree": true
    },
    {
      "path": "runs/20261006-companion-priority/ordinary-weak-resolvent/independent-direct-test.log",
      "raw_sha256": "85f3d329f4c39e70ad497ebdeda699149c7fd0aa2b3810f29cd8cea21dbb62f2",
      "lf_sha256": "85f3d329f4c39e70ad497ebdeda699149c7fd0aa2b3810f29cd8cea21dbb62f2",
      "bytes": 962,
      "exact_case_path_checked": true,
      "git_commit": "e15c75690beb0c54c4ae3507b92696836a0201c5",
      "git_raw_sha256": "85f3d329f4c39e70ad497ebdeda699149c7fd0aa2b3810f29cd8cea21dbb62f2",
      "git_lf_sha256": "85f3d329f4c39e70ad497ebdeda699149c7fd0aa2b3810f29cd8cea21dbb62f2",
      "git_raw_equals_worktree": true,
      "git_lf_equals_worktree": true
    },
    {
      "path": "runs/20261006-companion-priority/ordinary-weak-resolvent/independent-focused.log",
      "raw_sha256": "d4c9f0307d604fadfaf3618c98627b972320a78294e28a8833a68f6c893f17cf",
      "lf_sha256": "d4c9f0307d604fadfaf3618c98627b972320a78294e28a8833a68f6c893f17cf",
      "bytes": 3975,
      "exact_case_path_checked": true,
      "git_commit": "e15c75690beb0c54c4ae3507b92696836a0201c5",
      "git_raw_sha256": "d4c9f0307d604fadfaf3618c98627b972320a78294e28a8833a68f6c893f17cf",
      "git_lf_sha256": "d4c9f0307d604fadfaf3618c98627b972320a78294e28a8833a68f6c893f17cf",
      "git_raw_equals_worktree": true,
      "git_lf_equals_worktree": true
    },
    {
      "path": "runs/20261006-companion-priority/ordinary-weak-resolvent/independent-stress.log",
      "raw_sha256": "e3b0c44298fc1c149afbf4c8996fb92427ae41e4649b934ca495991b7852b855",
      "lf_sha256": "e3b0c44298fc1c149afbf4c8996fb92427ae41e4649b934ca495991b7852b855",
      "bytes": 0,
      "exact_case_path_checked": true,
      "git_commit": "e15c75690beb0c54c4ae3507b92696836a0201c5",
      "git_raw_sha256": "e3b0c44298fc1c149afbf4c8996fb92427ae41e4649b934ca495991b7852b855",
      "git_lf_sha256": "e3b0c44298fc1c149afbf4c8996fb92427ae41e4649b934ca495991b7852b855",
      "git_raw_equals_worktree": true,
      "git_lf_equals_worktree": true
    },
    {
      "path": "runs/20261006-companion-priority/ordinary-weak-resolvent/independent-stress.stdin.txt",
      "raw_sha256": "50a0d1060a02a7ad0f48daf9b920ce504c8565c71412d942d96dd1820a4264d3",
      "lf_sha256": "89a74e005904e27bc09bded0c214e0ddeddd610a99c3d14e1dcfce185e036118",
      "bytes": 3133,
      "exact_case_path_checked": true,
      "git_commit": "e15c75690beb0c54c4ae3507b92696836a0201c5",
      "git_raw_sha256": "50a0d1060a02a7ad0f48daf9b920ce504c8565c71412d942d96dd1820a4264d3",
      "git_lf_sha256": "89a74e005904e27bc09bded0c214e0ddeddd610a99c3d14e1dcfce185e036118",
      "git_raw_equals_worktree": true,
      "git_lf_equals_worktree": true
    }
  ],
  "fresh_focused": {
    "path": "runs/20261006-companion-priority/ordinary-weak-resolvent/picard-e15c7569-focused.log",
    "raw_sha256": "4603d711a5f190e2cb86aa8821c7d703eb0e6e14891bfe18ae36765571b829e6",
    "lf_sha256": "4603d711a5f190e2cb86aa8821c7d703eb0e6e14891bfe18ae36765571b829e6",
    "bytes": 3975,
    "exact_case_path_checked": true
  },
  "fresh_focused_jobs": 3307,
  "terminal_print_diagnostic": "First wrapper had GBK UnicodeEncodeError when printing successful captured output; lake subprocess exit0 and immutable raw focused log show PASS3307. No proof/build failure; no extra recompile credit.",
  "fake_closure_scan": {
    "status": "passed",
    "files": [
      "AutoSamplingTheory/TechnicalLemmas/FunctionalInequalities/OrdinaryWeakResolvent.lean",
      "AutoSamplingTheory/ExampleCases/ProximalBPS/ConditionalOrdinaryResolvent.lean",
      "Tests/OrdinaryWeakResolvent.lean",
      "AutoSamplingTheory/TechnicalLemmas/FunctionalInequalities/WeightedResolventC1.lean",
      "AutoSamplingTheory/TechnicalLemmas/FunctionalInequalities/WeightedLocalL2.lean",
      "AutoSamplingTheory/ExampleCases/ProximalBPS/ConditionalGradient.lean",
      "AutoSamplingTheory/TechnicalLemmas/FunctionalInequalities/CompactC1GradientDomain.lean",
      "AutoSamplingTheory/TechnicalLemmas/FunctionalInequalities/WeightedGradientDistribution.lean",
      "AutoSamplingTheory/TechnicalLemmas/FunctionalInequalities/WeightedGradient.lean",
      "AutoSamplingTheory/TechnicalLemmas/FunctionalInequalities/WeightedGradientWeak.lean",
      "AutoSamplingTheory/TechnicalLemmas/FunctionalInequalities/ClosedGraphResolvent.lean",
      "AutoSamplingTheory/ExampleCases/ProximalBPS/ConditionalBochner.lean",
      "AutoSamplingTheory/ExampleCases/ProximalBPS/ConditionalScoreDomain.lean",
      "AutoSamplingTheory/ExampleCases/ProximalBPS/ConditionalScore.lean",
      "AutoSamplingTheory/TechnicalLemmas/Analysis/Calculus/Gradient.lean"
    ],
    "matches": []
  },
  "standard_axioms": [
    "propext",
    "Classical.choice",
    "Quot.sound"
  ],
  "stabilizing_before": [
    {
      "advance_id": "ASTIS-SA-20261005-SPHMCImplementedPhaseKernel",
      "owner_id": "root-samplinglib-writer"
    }
  ],
  "scope": "Actual same-u/G ordinary weak distribution PDE/local compact-volume L2; no H2/core/BL/Poincare/fullmain/composition; ignored prototypes excluded.",
  "no_new_mathematical_credit": true,
  "created_utc": "2026-10-06T01:11:51.953378+00:00"
}
