runs/20261007-companion-priority/pbps-centered-root64/combined-draft-v8.lean:25:2: warning: Try this: 
  letI̵

The goal is a proposition, so `let` is preferred over `letI`.
The difference between `let` and `letI` is that `letI` inlines the value.
But this is not relevant for proofs because of proof irrelevance.

Note: This linter can be disabled with `set_option linter.style.haveILetI false`
runs/20261007-companion-priority/pbps-centered-root64/combined-draft-v8.lean:27:2: warning: Try this: 
  letI̵

The goal is a proposition, so `let` is preferred over `letI`.
The difference between `let` and `letI` is that `letI` inlines the value.
But this is not relevant for proofs because of proof irrelevance.

Note: This linter can be disabled with `set_option linter.style.haveILetI false`
runs/20261007-companion-priority/pbps-centered-root64/combined-draft-v8.lean:29:2: warning: Try this: 
  letI̵

The goal is a proposition, so `let` is preferred over `letI`.
The difference between `let` and `letI` is that `letI` inlines the value.
But this is not relevant for proofs because of proof irrelevance.

Note: This linter can be disabled with `set_option linter.style.haveILetI false`
runs/20261007-companion-priority/pbps-centered-root64/combined-draft-v8.lean:32:2: warning: Try this: 
  letI̵

The goal is a proposition, so `let` is preferred over `letI`.
The difference between `let` and `letI` is that `letI` inlines the value.
But this is not relevant for proofs because of proof irrelevance.

Note: This linter can be disabled with `set_option linter.style.haveILetI false`
runs/20261007-companion-priority/pbps-centered-root64/combined-draft-v8.lean:52:15: warning: `ContinuousLinearMap.sub_apply` has been deprecated: Use `sub_apply` instead

Note: The updated constant is in a different namespace. Dot notation may need to be changed (e.g., from `x.sub_apply` to `sub_apply x`).
runs/20261007-companion-priority/pbps-centered-root64/combined-draft-v8.lean:52:45: warning: `ContinuousLinearMap.mul_apply` has been deprecated: Use `mul_apply_eq_comp` instead

Note: The updated constant is in a different namespace. Dot notation may need to be changed (e.g., from `x.mul_apply` to `mul_apply_eq_comp x`).
runs/20261007-companion-priority/pbps-centered-root64/combined-draft-v8.lean:66:2: warning: Try this: 
  letI̵

The goal is a proposition, so `let` is preferred over `letI`.
The difference between `let` and `letI` is that `letI` inlines the value.
But this is not relevant for proofs because of proof irrelevance.

Note: This linter can be disabled with `set_option linter.style.haveILetI false`
runs/20261007-companion-priority/pbps-centered-root64/combined-draft-v8.lean:76:15: warning: `ContinuousLinearMap.sub_apply` has been deprecated: Use `sub_apply` instead

Note: The updated constant is in a different namespace. Dot notation may need to be changed (e.g., from `x.sub_apply` to `sub_apply x`).
'AutoSamplingTheory.TechnicalLemmas.Measure.L2RealSquareOrder.positive_square_order' depends on axioms: [propext,
 Classical.choice,
 Quot.sound]
runs/20261007-companion-priority/pbps-centered-root64/combined-draft-v8.lean:171:2: warning: Try this: 
  letI̵

The goal is a proposition, so `let` is preferred over `letI`.
The difference between `let` and `letI` is that `letI` inlines the value.
But this is not relevant for proofs because of proof irrelevance.

Note: This linter can be disabled with `set_option linter.style.haveILetI false`
runs/20261007-companion-priority/pbps-centered-root64/combined-draft-v8.lean:172:2: warning: Try this: 
  letI̵

The goal is a proposition, so `let` is preferred over `letI`.
The difference between `let` and `letI` is that `letI` inlines the value.
But this is not relevant for proofs because of proof irrelevance.

Note: This linter can be disabled with `set_option linter.style.haveILetI false`
runs/20261007-companion-priority/pbps-centered-root64/combined-draft-v8.lean:174:2: warning: Try this: 
  letI̵

The goal is a proposition, so `let` is preferred over `letI`.
The difference between `let` and `letI` is that `letI` inlines the value.
But this is not relevant for proofs because of proof irrelevance.

Note: This linter can be disabled with `set_option linter.style.haveILetI false`
runs/20261007-companion-priority/pbps-centered-root64/combined-draft-v8.lean:175:2: warning: Try this: 
  letI̵

The goal is a proposition, so `let` is preferred over `letI`.
The difference between `let` and `letI` is that `letI` inlines the value.
But this is not relevant for proofs because of proof irrelevance.

Note: This linter can be disabled with `set_option linter.style.haveILetI false`
runs/20261007-companion-priority/pbps-centered-root64/combined-draft-v8.lean:184:2: warning: Try this: 
  letI̵

The goal is a proposition, so `let` is preferred over `letI`.
The difference between `let` and `letI` is that `letI` inlines the value.
But this is not relevant for proofs because of proof irrelevance.

Note: This linter can be disabled with `set_option linter.style.haveILetI false`
runs/20261007-companion-priority/pbps-centered-root64/combined-draft-v8.lean:185:2: warning: Try this: 
  letI̵

The goal is a proposition, so `let` is preferred over `letI`.
The difference between `let` and `letI` is that `letI` inlines the value.
But this is not relevant for proofs because of proof irrelevance.

Note: This linter can be disabled with `set_option linter.style.haveILetI false`
runs/20261007-companion-priority/pbps-centered-root64/combined-draft-v8.lean:186:2: warning: Try this: 
  letI̵

The goal is a proposition, so `let` is preferred over `letI`.
The difference between `let` and `letI` is that `letI` inlines the value.
But this is not relevant for proofs because of proof irrelevance.

Note: This linter can be disabled with `set_option linter.style.haveILetI false`
runs/20261007-companion-priority/pbps-centered-root64/combined-draft-v8.lean:290:4: error: `simp` made no progress
runs/20261007-companion-priority/pbps-centered-root64/combined-draft-v8.lean:295:41: error: Tactic `rewrite` failed: Did not find an occurrence of the pattern
  ⟪q, Q u⟫_ℝ
in the target expression
  ⟪Q u, Q u⟫_ℝ + ⟪q, u⟫_ℝ * ⟪Q u, q⟫_ℝ = ‖Q u‖ ^ 2

E : Type u_1
inst✝⁴ : NormedAddCommGroup E
inst✝³ : InnerProductSpace ℝ E
inst✝² : FiniteDimensional ℝ E
inst✝¹ : MeasurableSpace E
inst✝ : BorelSpace E
V : E → ℝ
α β : ℝ≥0
η : ℝ
hα : 0 < ↑α
hαβ : α ≤ β
hV : ContDiff ℝ 2 V
hH : ∀ (x v : E), ↑α * ‖v‖ ^ 2 ≤ ((fderiv ℝ (fderiv ℝ V) x) v) v ∧ ((fderiv ℝ (fderiv ℝ V) x) v) v ≤ ↑β * ‖v‖ ^ 2
hη : 0 < η
hβη : ↑β * η ≤ 1
μ : Measure E := ℙ.tilted fun x => -V x
J : Measure (E × E) := Measure.map (fun p => (p.1, p.1 + √η • p.2)) (μ.prod (stdGaussian E))
ν : Measure E := J.snd
mY : MeasurableSpace (E × E) := MeasurableSpace.comap Prod.snd inferInstance
this✝⁵ : MeasurableSpace (E × E) := Prod.instMeasurableSpace
this✝⁴ : Fact (mY ≤ inferInstance) := { out := Measurable.comap_le measurable_snd }
HP : Submodule ℝ ↥(Lp ℝ 2 J) := lpMeas ℝ ℝ mY 2 J
this✝³ : NormedAddCommGroup ↥HP := HP.normedAddCommGroup
this✝² : InnerProductSpace ℝ ↥HP := HP.innerProductSpace
P : ↥(Lp ℝ 2 J) →L[ℝ] ↥(Lp ℝ 2 J) := HP.subtypeL ∘SL condExpL2 ℝ ℝ ⋯
hμ : IsProbabilityMeasure (ℙ.tilted fun x => -V x)
hJ : IsProbabilityMeasure (Measure.map (fun p => (p.1, p.1 + √η • p.2)) ((ℙ.tilted fun x => -V x).prod (stdGaussian E)))
hν :
  IsProbabilityMeasure
    (Measure.map (fun p => (p.1, p.1 + √η • p.2)) ((ℙ.tilted fun x => -V x).prod (stdGaussian E))).snd
hRange :
  lpMeas ℝ ℝ (MeasurableSpace.comap Prod.snd inferInstance) 2
      (Measure.map (fun p => (p.1, p.1 + √η • p.2)) ((ℙ.tilted fun x => -V x).prod (stdGaussian E))) =
    (↑((lpMeas ℝ ℝ (MeasurableSpace.comap Prod.snd inferInstance) 2
              (Measure.map (fun p => (p.1, p.1 + √η • p.2))
                ((ℙ.tilted fun x => -V x).prod (stdGaussian E)))).subtypeL ∘SL
          condExpL2 ℝ ℝ ⋯)).range
hPf :
  ∀
    (f :
      ↥(lpMeas ℝ ℝ (MeasurableSpace.comap Prod.snd inferInstance) 2
          (Measure.map (fun p => (p.1, p.1 + √η • p.2)) ((ℙ.tilted fun x => -V x).prod (stdGaussian E))))),
    ((lpMeas ℝ ℝ (MeasurableSpace.comap Prod.snd inferInstance) 2
              (Measure.map (fun p => (p.1, p.1 + √η • p.2))
                ((ℙ.tilted fun x => -V x).prod (stdGaussian E)))).subtypeL ∘SL
          condExpL2 ℝ ℝ ⋯)
        ↑f =
      ↑f
S : Kernel E E
hS : IsMarkovKernel S
hSd : ∀ (y : E), S y = ℙ.tilted fun x => -V ((1 / 2) • (y + x)) - ‖y - x‖ ^ 2 / (8 * η)
hSc :
  (Measure.map (fun p => (p.2, 2 • p.1 - p.2))
        (Measure.map (fun p => (p.1, p.1 + √η • p.2)) ((ℙ.tilted fun x => -V x).prod (stdGaussian E)))).IsCondKernel
    S
hSf :
  (Measure.map (fun p => (p.2, 2 • p.1 - p.2))
        (Measure.map (fun p => (p.1, p.1 + √η • p.2)) ((ℙ.tilted fun x => -V x).prod (stdGaussian E)))).fst =
    (Measure.map (fun p => (p.1, p.1 + √η • p.2)) ((ℙ.tilted fun x => -V x).prod (stdGaussian E))).snd
hSs :
  (Measure.map (fun p => (p.2, 2 • p.1 - p.2))
        (Measure.map (fun p => (p.1, p.1 + √η • p.2)) ((ℙ.tilted fun x => -V x).prod (stdGaussian E)))).snd =
    (Measure.map (fun p => (p.1, p.1 + √η • p.2)) ((ℙ.tilted fun x => -V x).prod (stdGaussian E))).snd
e :
  ↥(Lp ℝ 2 (Measure.map (fun p => (p.1, p.1 + √η • p.2)) ((ℙ.tilted fun x => -V x).prod (stdGaussian E))).snd) ≃ₗᵢ[ℝ]
    ↥(lpMeas ℝ ℝ (MeasurableSpace.comap Prod.snd inferInstance) 2
        (Measure.map (fun p => (p.1, p.1 + √η • p.2)) ((ℙ.tilted fun x => -V x).prod (stdGaussian E))))
he :
  ∀ (u : ↥(Lp ℝ 2 (Measure.map (fun p => (p.1, p.1 + √η • p.2)) ((ℙ.tilted fun x => -V x).prod (stdGaussian E))).snd)),
    ↑(e u) = (Lp.compMeasurePreservingₗᵢ ℝ Prod.snd ⋯) u
U :
  ↥(Lp ℝ 2 (Measure.map (fun p => (p.1, p.1 + √η • p.2)) ((ℙ.tilted fun x => -V x).prod (stdGaussian E)))) →ₗᵢ[ℝ]
    ↥(Lp ℝ 2 (Measure.map (fun p => (p.1, p.1 + √η • p.2)) ((ℙ.tilted fun x => -V x).prod (stdGaussian E))))
hU :
  ∀ (g : ↥(Lp ℝ 2 (Measure.map (fun p => (p.1, p.1 + √η • p.2)) ((ℙ.tilted fun x => -V x).prod (stdGaussian E))))),
    ↑↑(U g) =ᵐ[Measure.map (fun p => (p.1, p.1 + √η • p.2)) ((ℙ.tilted fun x => -V x).prod (stdGaussian E))]
      ↑↑g ∘ fun p => (p.1, 2 • p.1 - p.2)
hUi : Function.Involutive ⇑U
hUs : IsSelfAdjoint U.toContinuousLinearMap
T :
  ↥(Lp ℝ 2 (Measure.map (fun p => (p.1, p.1 + √η • p.2)) ((ℙ.tilted fun x => -V x).prod (stdGaussian E))).snd) →L[ℝ]
    ↥(Lp ℝ 2 (Measure.map (fun p => (p.1, p.1 + √η • p.2)) ((ℙ.tilted fun x => -V x).prod (stdGaussian E))).snd)
hTs : IsSelfAdjoint T
hAll :
  ∀ (u : ↥(Lp ℝ 2 (Measure.map (fun p => (p.1, p.1 + √η • p.2)) ((ℙ.tilted fun x => -V x).prod (stdGaussian E))).snd)),
    ‖T u‖ ≤ ‖u‖ ∧
      (↑↑(T u) =ᵐ[(Measure.map (fun p => (p.1, p.1 + √η • p.2)) ((ℙ.tilted fun x => -V x).prod (stdGaussian E))).snd]
          fun y => ∫ (x : E), ↑↑u x ∂S y) ∧
        ∫ (y : E),
            ↑↑(T u)
              y ∂(Measure.map (fun p => (p.1, p.1 + √η • p.2)) ((ℙ.tilted fun x => -V x).prod (stdGaussian E))).snd =
          ∫ (y : E),
            ↑↑u y ∂(Measure.map (fun p => (p.1, p.1 + √η • p.2)) ((ℙ.tilted fun x => -V x).prod (stdGaussian E))).snd
hAeq :
  (lpMeas ℝ ℝ (MeasurableSpace.comap Prod.snd inferInstance) 2
          (Measure.map (fun p => (p.1, p.1 + √η • p.2))
            ((ℙ.tilted fun x => -V x).prod (stdGaussian E)))).orthogonalProjectionOnto ∘SL
      U.toContinuousLinearMap ∘SL
        (lpMeas ℝ ℝ (MeasurableSpace.comap Prod.snd inferInstance) 2
            (Measure.map (fun p => (p.1, p.1 + √η • p.2)) ((ℙ.tilted fun x => -V x).prod (stdGaussian E)))).subtypeL =
    e.conjStarAlgEquiv T
hAs :
  IsSelfAdjoint
    ((lpMeas ℝ ℝ (MeasurableSpace.comap Prod.snd inferInstance) 2
          (Measure.map (fun p => (p.1, p.1 + √η • p.2))
            ((ℙ.tilted fun x => -V x).prod (stdGaussian E)))).orthogonalProjectionOnto ∘SL
      U.toContinuousLinearMap ∘SL
        (lpMeas ℝ ℝ (MeasurableSpace.comap Prod.snd inferInstance) 2
            (Measure.map (fun p => (p.1, p.1 + √η • p.2)) ((ℙ.tilted fun x => -V x).prod (stdGaussian E)))).subtypeL)
hAn :
  ∀
    (f :
      ↥(lpMeas ℝ ℝ (MeasurableSpace.comap Prod.snd inferInstance) 2
          (Measure.map (fun p => (p.1, p.1 + √η • p.2)) ((ℙ.tilted fun x => -V x).prod (stdGaussian E))))),
    ‖((lpMeas ℝ ℝ (MeasurableSpace.comap Prod.snd inferInstance) 2
                (Measure.map (fun p => (p.1, p.1 + √η • p.2))
                  ((ℙ.tilted fun x => -V x).prod (stdGaussian E)))).orthogonalProjectionOnto ∘SL
            U.toContinuousLinearMap ∘SL
              (lpMeas ℝ ℝ (MeasurableSpace.comap Prod.snd inferInstance) 2
                  (Measure.map (fun p => (p.1, p.1 + √η • p.2))
                    ((ℙ.tilted fun x => -V x).prod (stdGaussian E)))).subtypeL)
          f‖ ≤
      ‖f‖
hPB :
  ∀
    (f :
      ↥(lpMeas ℝ ℝ (MeasurableSpace.comap Prod.snd inferInstance) 2
          (Measure.map (fun p => (p.1, p.1 + √η • p.2)) ((ℙ.tilted fun x => -V x).prod (stdGaussian E))))),
    ((lpMeas ℝ ℝ (MeasurableSpace.comap Prod.snd inferInstance) 2
              (Measure.map (fun p => (p.1, p.1 + √η • p.2))
                ((ℙ.tilted fun x => -V x).prod (stdGaussian E)))).subtypeL ∘SL
          condExpL2 ℝ ℝ ⋯)
        ((((1 -
                  (lpMeas ℝ ℝ (MeasurableSpace.comap Prod.snd inferInstance) 2
                        (Measure.map (fun p => (p.1, p.1 + √η • p.2))
                          ((ℙ.tilted fun x => -V x).prod (stdGaussian E)))).subtypeL ∘SL
                    condExpL2 ℝ ℝ ⋯) *
                U.toContinuousLinearMap *
              (lpMeas ℝ ℝ (MeasurableSpace.comap Prod.snd inferInstance) 2
                    (Measure.map (fun p => (p.1, p.1 + √η • p.2))
                      ((ℙ.tilted fun x => -V x).prod (stdGaussian E)))).subtypeL ∘SL
                condExpL2 ℝ ℝ ⋯) ∘SL
            (lpMeas ℝ ℝ (MeasurableSpace.comap Prod.snd inferInstance) 2
                (Measure.map (fun p => (p.1, p.1 + √η • p.2))
                  ((ℙ.tilted fun x => -V x).prod (stdGaussian E)))).subtypeL)
          f) =
      0
Γ :
  ↥(Lp ℝ 2 (Measure.map (fun p => (p.1, p.1 + √η • p.2)) ((ℙ.tilted fun x => -V x).prod (stdGaussian E))).snd) →L[ℝ]
    ↥(Lp ℝ 2 (Measure.map (fun p => (p.1, p.1 + √η • p.2)) ((ℙ.tilted fun x => -V x).prod (stdGaussian E))).snd)
hΓ : Γ.IsPositive
hΓSq : Γ * Γ = 1 - T * T
hΓP : (e.conjStarAlgEquiv Γ).IsPositive
hΓPSq :
  e.conjStarAlgEquiv Γ * e.conjStarAlgEquiv Γ =
    1 -
      (lpMeas ℝ ℝ (MeasurableSpace.comap Prod.snd inferInstance) 2
              (Measure.map (fun p => (p.1, p.1 + √η • p.2))
                ((ℙ.tilted fun x => -V x).prod (stdGaussian E)))).orthogonalProjectionOnto ∘SL
          U.toContinuousLinearMap ∘SL
            (lpMeas ℝ ℝ (MeasurableSpace.comap Prod.snd inferInstance) 2
                (Measure.map (fun p => (p.1, p.1 + √η • p.2))
                  ((ℙ.tilted fun x => -V x).prod (stdGaussian E)))).subtypeL *
        (lpMeas ℝ ℝ (MeasurableSpace.comap Prod.snd inferInstance) 2
              (Measure.map (fun p => (p.1, p.1 + √η • p.2))
                ((ℙ.tilted fun x => -V x).prod (stdGaussian E)))).orthogonalProjectionOnto ∘SL
          U.toContinuousLinearMap ∘SL
            (lpMeas ℝ ℝ (MeasurableSpace.comap Prod.snd inferInstance) 2
                (Measure.map (fun p => (p.1, p.1 + √η • p.2)) ((ℙ.tilted fun x => -V x).prod (stdGaussian E)))).subtypeL
hGram :
  ContinuousLinearMap.adjoint
        (((1 -
                (lpMeas ℝ ℝ (MeasurableSpace.comap Prod.snd inferInstance) 2
                      (Measure.map (fun p => (p.1, p.1 + √η • p.2))
                        ((ℙ.tilted fun x => -V x).prod (stdGaussian E)))).subtypeL ∘SL
                  condExpL2 ℝ ℝ ⋯) *
              U.toContinuousLinearMap *
            (lpMeas ℝ ℝ (MeasurableSpace.comap Prod.snd inferInstance) 2
                  (Measure.map (fun p => (p.1, p.1 + √η • p.2))
                    ((ℙ.tilted fun x => -V x).prod (stdGaussian E)))).subtypeL ∘SL
              condExpL2 ℝ ℝ ⋯) ∘SL
          (lpMeas ℝ ℝ (MeasurableSpace.comap Prod.snd inferInstance) 2
              (Measure.map (fun p => (p.1, p.1 + √η • p.2))
                ((ℙ.tilted fun x => -V x).prod (stdGaussian E)))).subtypeL) ∘SL
      ((1 -
              (lpMeas ℝ ℝ (MeasurableSpace.comap Prod.snd inferInstance) 2
                    (Measure.map (fun p => (p.1, p.1 + √η • p.2))
                      ((ℙ.tilted fun x => -V x).prod (stdGaussian E)))).subtypeL ∘SL
                condExpL2 ℝ ℝ ⋯) *
            U.toContinuousLinearMap *
          (lpMeas ℝ ℝ (MeasurableSpace.comap Prod.snd inferInstance) 2
                (Measure.map (fun p => (p.1, p.1 + √η • p.2))
                  ((ℙ.tilted fun x => -V x).prod (stdGaussian E)))).subtypeL ∘SL
            condExpL2 ℝ ℝ ⋯) ∘SL
        (lpMeas ℝ ℝ (MeasurableSpace.comap Prod.snd inferInstance) 2
            (Measure.map (fun p => (p.1, p.1 + √η • p.2)) ((ℙ.tilted fun x => -V x).prod (stdGaussian E)))).subtypeL =
    e.conjStarAlgEquiv Γ * e.conjStarAlgEquiv Γ
hEnergy :
  ∀
    (f :
      ↥(lpMeas ℝ ℝ (MeasurableSpace.comap Prod.snd inferInstance) 2
          (Measure.map (fun p => (p.1, p.1 + √η • p.2)) ((ℙ.tilted fun x => -V x).prod (stdGaussian E))))),
    ‖(((1 -
                    (lpMeas ℝ ℝ (MeasurableSpace.comap Prod.snd inferInstance) 2
                          (Measure.map (fun p => (p.1, p.1 + √η • p.2))
                            ((ℙ.tilted fun x => -V x).prod (stdGaussian E)))).subtypeL ∘SL
                      condExpL2 ℝ ℝ ⋯) *
                  U.toContinuousLinearMap *
                (lpMeas ℝ ℝ (MeasurableSpace.comap Prod.snd inferInstance) 2
                      (Measure.map (fun p => (p.1, p.1 + √η • p.2))
                        ((ℙ.tilted fun x => -V x).prod (stdGaussian E)))).subtypeL ∘SL
                  condExpL2 ℝ ℝ ⋯) ∘SL
              (lpMeas ℝ ℝ (MeasurableSpace.comap Prod.snd inferInstance) 2
                  (Measure.map (fun p => (p.1, p.1 + √η • p.2))
                    ((ℙ.tilted fun x => -V x).prod (stdGaussian E)))).subtypeL)
            f‖ =
        ‖(e.conjStarAlgEquiv Γ) f‖ ∧
      ‖(e.conjStarAlgEquiv Γ) f‖ ^ 2 =
        ‖f‖ ^ 2 -
          ‖((lpMeas ℝ ℝ (MeasurableSpace.comap Prod.snd inferInstance) 2
                      (Measure.map (fun p => (p.1, p.1 + √η • p.2))
                        ((ℙ.tilted fun x => -V x).prod (stdGaussian E)))).orthogonalProjectionOnto ∘SL
                  U.toContinuousLinearMap ∘SL
                    (lpMeas ℝ ℝ (MeasurableSpace.comap Prod.snd inferInstance) 2
                        (Measure.map (fun p => (p.1, p.1 + √η • p.2))
                          ((ℙ.tilted fun x => -V x).prod (stdGaussian E)))).subtypeL)
                f‖ ^
            2
hUnique :
  ∀
    (G :
      ↥(lpMeas ℝ ℝ (MeasurableSpace.comap Prod.snd inferInstance) 2
            (Measure.map (fun p => (p.1, p.1 + √η • p.2)) ((ℙ.tilted fun x => -V x).prod (stdGaussian E)))) →L[ℝ]
        ↥(lpMeas ℝ ℝ (MeasurableSpace.comap Prod.snd inferInstance) 2
            (Measure.map (fun p => (p.1, p.1 + √η • p.2)) ((ℙ.tilted fun x => -V x).prod (stdGaussian E))))),
    G.IsPositive →
      G * G =
          1 -
            (lpMeas ℝ ℝ (MeasurableSpace.comap Prod.snd inferInstance) 2
                    (Measure.map (fun p => (p.1, p.1 + √η • p.2))
                      ((ℙ.tilted fun x => -V x).prod (stdGaussian E)))).orthogonalProjectionOnto ∘SL
                U.toContinuousLinearMap ∘SL
                  (lpMeas ℝ ℝ (MeasurableSpace.comap Prod.snd inferInstance) 2
                      (Measure.map (fun p => (p.1, p.1 + √η • p.2))
                        ((ℙ.tilted fun x => -V x).prod (stdGaussian E)))).subtypeL *
              (lpMeas ℝ ℝ (MeasurableSpace.comap Prod.snd inferInstance) 2
                    (Measure.map (fun p => (p.1, p.1 + √η • p.2))
                      ((ℙ.tilted fun x => -V x).prod (stdGaussian E)))).orthogonalProjectionOnto ∘SL
                U.toContinuousLinearMap ∘SL
                  (lpMeas ℝ ℝ (MeasurableSpace.comap Prod.snd inferInstance) 2
                      (Measure.map (fun p => (p.1, p.1 + √η • p.2))
                        ((ℙ.tilted fun x => -V x).prod (stdGaussian E)))).subtypeL →
        G = e.conjStarAlgEquiv Γ
this✝¹ : IsProbabilityMeasure μ := hμ
this✝ : IsProbabilityMeasure J := hJ
this : IsProbabilityMeasure ν := hν
A : ↥HP →L[ℝ] ↥HP := HP.orthogonalProjectionOnto ∘SL U.toContinuousLinearMap ∘SL HP.subtypeL
B : ↥HP →L[ℝ] ↥(Lp ℝ 2 J) := ((1 - P) * U.toContinuousLinearMap * P) ∘SL HP.subtypeL
ΓP : ↥HP →L[ℝ] ↥HP := e.conjStarAlgEquiv Γ
hAeqLocal : A = e.conjStarAlgEquiv T
q : ↥(Lp ℝ 2 ν) := TechnicalLemmas.Measure.L2Expectation.one ν
hq : ∀ (u : ↥(Lp ℝ 2 ν)), ⟪q, u⟫_ℝ = ∫ (y : E), ↑↑u y ∂ν
hqa : ↑↑q =ᵐ[ν] fun x => 1
hTq : T q = q
hqq : ⟪q, q⟫_ℝ = 1
hΓEnergy : ∀ (u : ↥(Lp ℝ 2 ν)), ‖Γ u‖ ^ 2 = ‖u‖ ^ 2 - ‖T u‖ ^ 2
hΓq : Γ q = 0
left✝⁵ :
  IsProbabilityMeasure
    (Measure.map (fun p => (p.1, p.1 + √η • p.2)) ((ℙ.tilted fun x => -V x).prod (stdGaussian E))).snd
G :
  ↥(Lp ℝ 2 (Measure.map (fun p => (p.1, p.1 + √η • p.2)) ((ℙ.tilted fun x => -V x).prod (stdGaussian E))).snd) →ₗ.[ℝ]
    ↥(Lp E 2 (Measure.map (fun p => (p.1, p.1 + √η • p.2)) ((ℙ.tilted fun x => -V x).prod (stdGaussian E))).snd)
left✝⁴ : Dense ↑G.domain
hClose : G.IsClosable
hClosed : G.closure.IsClosed
hGraph :
  ∀ (u : ↥(Lp ℝ 2 (Measure.map (fun p => (p.1, p.1 + √η • p.2)) ((ℙ.tilted fun x => -V x).prod (stdGaussian E))).snd))
    (v : ↥(Lp E 2 (Measure.map (fun p => (p.1, p.1 + √η • p.2)) ((ℙ.tilted fun x => -V x).prod (stdGaussian E))).snd)),
    (u, v) ∈ G.graph ↔
      ∃ φ,
        ContDiff ℝ ∞ φ ∧
          HasCompactSupport φ ∧
            ↑↑u =ᵐ[(Measure.map (fun p => (p.1, p.1 + √η • p.2)) ((ℙ.tilted fun x => -V x).prod (stdGaussian E))).snd]
                φ ∧
              ↑↑v =ᵐ[(Measure.map (fun p => (p.1, p.1 + √η • p.2)) ((ℙ.tilted fun x => -V x).prod (stdGaussian E))).snd]
                gradient φ
hPI :
  ∀ (z : ↥G.closure.domain),
    ∫ (x : E),
          ↑↑↑z x ∂(Measure.map (fun p => (p.1, p.1 + √η • p.2)) ((ℙ.tilted fun x => -V x).prod (stdGaussian E))).snd =
        0 →
      ↑α / (1 + ↑α * η) * ‖↑z‖ ^ 2 ≤ ‖↑G.closure z‖ ^ 2
left✝³ :
  IsProbabilityMeasure
    (Measure.map (fun p => (p.1, p.1 + √η • p.2)) ((ℙ.tilted fun x => -V x).prod (stdGaussian E))).snd
K :
  ↥(Lp ℝ 2 (Measure.map (fun p => (p.1, p.1 + √η • p.2)) ((ℙ.tilted fun x => -V x).prod (stdGaussian E))).snd) →L[ℝ]
    ↥(Lp E 2 (Measure.map (fun p => (p.1, p.1 + √η • p.2)) ((ℙ.tilted fun x => -V x).prod (stdGaussian E))).snd)
left✝² : Dense ↑G.domain
left✝¹ : G.IsClosable
left✝ : G.closure.IsClosed
hGraph' :
  ∀ (u : ↥(Lp ℝ 2 (Measure.map (fun p => (p.1, p.1 + √η • p.2)) ((ℙ.tilted fun x => -V x).prod (stdGaussian E))).snd))
    (v : ↥(Lp E 2 (Measure.map (fun p => (p.1, p.1 + √η • p.2)) ((ℙ.tilted fun x => -V x).prod (stdGaussian E))).snd)),
    (u, v) ∈ G.graph ↔
      ∃ φ,
        ContDiff ℝ ∞ φ ∧
          HasCompactSupport φ ∧
            ↑↑u =ᵐ[(Measure.map (fun p => (p.1, p.1 + √η • p.2)) ((ℙ.tilted fun x => -V x).prod (stdGaussian E))).snd]
                φ ∧
              ↑↑v =ᵐ[(Measure.map (fun p => (p.1, p.1 + √η • p.2)) ((ℙ.tilted fun x => -V x).prod (stdGaussian E))).snd]
                gradient φ
hRough :
  ∀ (u : ↥(Lp ℝ 2 (Measure.map (fun p => (p.1, p.1 + √η • p.2)) ((ℙ.tilted fun x => -V x).prod (stdGaussian E))).snd)),
    (T u, K u) ∈ G.closure.graph ∧
      ‖T u‖ ≤ ‖u‖ ∧
        (↑↑(T u) =ᵐ[(Measure.map (fun p => (p.1, p.1 + √η • p.2)) ((ℙ.tilted fun x => -V x).prod (stdGaussian E))).snd]
            fun y => ∫ (x : E), ↑↑u x ∂ℙ.tilted fun x => -V ((1 / 2) • (y + x)) - ‖y - x‖ ^ 2 / (8 * η)) ∧
          (∀ᵐ (y :
              E) ∂(Measure.map (fun p => (p.1, p.1 + √η • p.2)) ((ℙ.tilted fun x => -V x).prod (stdGaussian E))).snd,
              Integrable (↑↑u) (ℙ.tilted fun x => -V ((1 / 2) • (y + x)) - ‖y - x‖ ^ 2 / (8 * η)) ∧
                Integrable (fun x => ↑↑u x ^ 2) (ℙ.tilted fun x => -V ((1 / 2) • (y + x)) - ‖y - x‖ ^ 2 / (8 * η))) ∧
            η * ‖K u‖ ^ 2 ≤ (1 - ↑α * η) ^ 2 / (4 * (1 + ↑α * η)) * (‖u‖ ^ 2 - ‖T u‖ ^ 2) ∧
              4 * η * ‖K u‖ ^ 2 ≤ ‖u‖ ^ 2 - ‖T u‖ ^ 2
ha0 : 0 < ↑α * η
ha1 : ↑α * η ≤ 1
hd : 0 < 1 + ↑α * η
ρ : ℝ := (1 - ↑α * η) / (1 + ↑α * η)
γ : ℝ := 2 * √(↑α * η) / (1 + ↑α * η)
hρ : 0 ≤ ρ
hγ : 0 < γ
hγSq : γ ^ 2 = 1 - ρ ^ 2
hCon : ∀ (u : ↥(Lp ℝ 2 ν)), ∫ (y : E), ↑↑u y ∂ν = 0 → ‖T u‖ ≤ ρ * ‖u‖
Q : ↥(Lp ℝ 2 ν) →L[ℝ] ↥(Lp ℝ 2 ν) := 1 - ((innerSL ℝ) q).smulRight q
hQ : ∀ (u : ↥(Lp ℝ 2 ν)), Q u = u - ⟪q, u⟫_ℝ • q
hQmean : ∀ (u : ↥(Lp ℝ 2 ν)), ⟪q, Q u⟫_ℝ = 0
hDecomp : ∀ (u : ↥(Lp ℝ 2 ν)), u = Q u + ⟪q, u⟫_ℝ • q
hQself : IsSelfAdjoint Q
u : ↥(Lp ℝ 2 ν)
⊢ ⟪Q u, Q u⟫_ℝ + ⟪q, u⟫_ℝ * ⟪Q u, q⟫_ℝ = ‖Q u‖ ^ 2
runs/20261007-companion-priority/pbps-centered-root64/combined-draft-v8.lean:318:8: warning: `ContinuousLinearMap.sub_apply` has been deprecated: Use `sub_apply` instead

Note: The updated constant is in a different namespace. Dot notation may need to be changed (e.g., from `x.sub_apply` to `sub_apply x`).
runs/20261007-companion-priority/pbps-centered-root64/combined-draft-v8.lean:319:6: warning: `ContinuousLinearMap.smul_apply` has been deprecated: Use `smul_apply` instead

Note: The updated constant is in a different namespace. Dot notation may need to be changed (e.g., from `x.smul_apply` to `smul_apply x`).
runs/20261007-companion-priority/pbps-centered-root64/combined-draft-v8.lean:321:4: error: linarith failed to find a contradiction
E : Type u_1
inst✝⁴ : NormedAddCommGroup E
inst✝³ : InnerProductSpace ℝ E
inst✝² : FiniteDimensional ℝ E
inst✝¹ : MeasurableSpace E
inst✝ : BorelSpace E
V : E → ℝ
α β : ℝ≥0
η : ℝ
hα : 0 < ↑α
hαβ : α ≤ β
hV : ContDiff ℝ 2 V
hH : ∀ (x v : E), ↑α * ‖v‖ ^ 2 ≤ ((fderiv ℝ (fderiv ℝ V) x) v) v ∧ ((fderiv ℝ (fderiv ℝ V) x) v) v ≤ ↑β * ‖v‖ ^ 2
hη : 0 < η
hβη : ↑β * η ≤ 1
μ : Measure E := ℙ.tilted fun x => -V x
J : Measure (E × E) := Measure.map (fun p => (p.1, p.1 + √η • p.2)) (μ.prod (stdGaussian E))
ν : Measure E := J.snd
mY : MeasurableSpace (E × E) := MeasurableSpace.comap Prod.snd inferInstance
this✝⁵ : MeasurableSpace (E × E) := Prod.instMeasurableSpace
this✝⁴ : Fact (mY ≤ inferInstance) := { out := Measurable.comap_le measurable_snd }
HP : Submodule ℝ ↥(Lp ℝ 2 J) := lpMeas ℝ ℝ mY 2 J
this✝³ : NormedAddCommGroup ↥HP := HP.normedAddCommGroup
this✝² : InnerProductSpace ℝ ↥HP := HP.innerProductSpace
P : ↥(Lp ℝ 2 J) →L[ℝ] ↥(Lp ℝ 2 J) := HP.subtypeL ∘SL condExpL2 ℝ ℝ ⋯
hμ : IsProbabilityMeasure (ℙ.tilted fun x => -V x)
hJ : IsProbabilityMeasure (Measure.map (fun p => (p.1, p.1 + √η • p.2)) ((ℙ.tilted fun x => -V x).prod (stdGaussian E)))
hν :
  IsProbabilityMeasure
    (Measure.map (fun p => (p.1, p.1 + √η • p.2)) ((ℙ.tilted fun x => -V x).prod (stdGaussian E))).snd
hRange :
  lpMeas ℝ ℝ (MeasurableSpace.comap Prod.snd inferInstance) 2
      (Measure.map (fun p => (p.1, p.1 + √η • p.2)) ((ℙ.tilted fun x => -V x).prod (stdGaussian E))) =
    (↑((lpMeas ℝ ℝ (MeasurableSpace.comap Prod.snd inferInstance) 2
              (Measure.map (fun p => (p.1, p.1 + √η • p.2))
                ((ℙ.tilted fun x => -V x).prod (stdGaussian E)))).subtypeL ∘SL
          condExpL2 ℝ ℝ ⋯)).range
hPf :
  ∀
    (f :
      ↥(lpMeas ℝ ℝ (MeasurableSpace.comap Prod.snd inferInstance) 2
          (Measure.map (fun p => (p.1, p.1 + √η • p.2)) ((ℙ.tilted fun x => -V x).prod (stdGaussian E))))),
    ((lpMeas ℝ ℝ (MeasurableSpace.comap Prod.snd inferInstance) 2
              (Measure.map (fun p => (p.1, p.1 + √η • p.2))
                ((ℙ.tilted fun x => -V x).prod (stdGaussian E)))).subtypeL ∘SL
          condExpL2 ℝ ℝ ⋯)
        ↑f =
      ↑f
S : Kernel E E
hS : IsMarkovKernel S
hSd : ∀ (y : E), S y = ℙ.tilted fun x => -V ((1 / 2) • (y + x)) - ‖y - x‖ ^ 2 / (8 * η)
hSc :
  (Measure.map (fun p => (p.2, 2 • p.1 - p.2))
        (Measure.map (fun p => (p.1, p.1 + √η • p.2)) ((ℙ.tilted fun x => -V x).prod (stdGaussian E)))).IsCondKernel
    S
hSf :
  (Measure.map (fun p => (p.2, 2 • p.1 - p.2))
        (Measure.map (fun p => (p.1, p.1 + √η • p.2)) ((ℙ.tilted fun x => -V x).prod (stdGaussian E)))).fst =
    (Measure.map (fun p => (p.1, p.1 + √η • p.2)) ((ℙ.tilted fun x => -V x).prod (stdGaussian E))).snd
hSs :
  (Measure.map (fun p => (p.2, 2 • p.1 - p.2))
        (Measure.map (fun p => (p.1, p.1 + √η • p.2)) ((ℙ.tilted fun x => -V x).prod (stdGaussian E)))).snd =
    (Measure.map (fun p => (p.1, p.1 + √η • p.2)) ((ℙ.tilted fun x => -V x).prod (stdGaussian E))).snd
e :
  ↥(Lp ℝ 2 (Measure.map (fun p => (p.1, p.1 + √η • p.2)) ((ℙ.tilted fun x => -V x).prod (stdGaussian E))).snd) ≃ₗᵢ[ℝ]
    ↥(lpMeas ℝ ℝ (MeasurableSpace.comap Prod.snd inferInstance) 2
        (Measure.map (fun p => (p.1, p.1 + √η • p.2)) ((ℙ.tilted fun x => -V x).prod (stdGaussian E))))
he✝ :
  ∀ (u : ↥(Lp ℝ 2 (Measure.map (fun p => (p.1, p.1 + √η • p.2)) ((ℙ.tilted fun x => -V x).prod (stdGaussian E))).snd)),
    ↑(e u) = (Lp.compMeasurePreservingₗᵢ ℝ Prod.snd ⋯) u
U :
  ↥(Lp ℝ 2 (Measure.map (fun p => (p.1, p.1 + √η • p.2)) ((ℙ.tilted fun x => -V x).prod (stdGaussian E)))) →ₗᵢ[ℝ]
    ↥(Lp ℝ 2 (Measure.map (fun p => (p.1, p.1 + √η • p.2)) ((ℙ.tilted fun x => -V x).prod (stdGaussian E))))
hU :
  ∀ (g : ↥(Lp ℝ 2 (Measure.map (fun p => (p.1, p.1 + √η • p.2)) ((ℙ.tilted fun x => -V x).prod (stdGaussian E))))),
    ↑↑(U g) =ᵐ[Measure.map (fun p => (p.1, p.1 + √η • p.2)) ((ℙ.tilted fun x => -V x).prod (stdGaussian E))]
      ↑↑g ∘ fun p => (p.1, 2 • p.1 - p.2)
hUi : Function.Involutive ⇑U
hUs : IsSelfAdjoint U.toContinuousLinearMap
T :
  ↥(Lp ℝ 2 (Measure.map (fun p => (p.1, p.1 + √η • p.2)) ((ℙ.tilted fun x => -V x).prod (stdGaussian E))).snd) →L[ℝ]
    ↥(Lp ℝ 2 (Measure.map (fun p => (p.1, p.1 + √η • p.2)) ((ℙ.tilted fun x => -V x).prod (stdGaussian E))).snd)
hTs : IsSelfAdjoint T
hAll :
  ∀ (u : ↥(Lp ℝ 2 (Measure.map (fun p => (p.1, p.1 + √η • p.2)) ((ℙ.tilted fun x => -V x).prod (stdGaussian E))).snd)),
    ‖T u‖ ≤ ‖u‖ ∧
      (↑↑(T u) =ᵐ[(Measure.map (fun p => (p.1, p.1 + √η • p.2)) ((ℙ.tilted fun x => -V x).prod (stdGaussian E))).snd]
          fun y => ∫ (x : E), ↑↑u x ∂S y) ∧
        ∫ (y : E),
            ↑↑(T u)
              y ∂(Measure.map (fun p => (p.1, p.1 + √η • p.2)) ((ℙ.tilted fun x => -V x).prod (stdGaussian E))).snd =
          ∫ (y : E),
            ↑↑u y ∂(Measure.map (fun p => (p.1, p.1 + √η • p.2)) ((ℙ.tilted fun x => -V x).prod (stdGaussian E))).snd
hAeq :
  (lpMeas ℝ ℝ (MeasurableSpace.comap Prod.snd inferInstance) 2
          (Measure.map (fun p => (p.1, p.1 + √η • p.2))
            ((ℙ.tilted fun x => -V x).prod (stdGaussian E)))).orthogonalProjectionOnto ∘SL
      U.toContinuousLinearMap ∘SL
        (lpMeas ℝ ℝ (MeasurableSpace.comap Prod.snd inferInstance) 2
            (Measure.map (fun p => (p.1, p.1 + √η • p.2)) ((ℙ.tilted fun x => -V x).prod (stdGaussian E)))).subtypeL =
    e.conjStarAlgEquiv T
hAs :
  IsSelfAdjoint
    ((lpMeas ℝ ℝ (MeasurableSpace.comap Prod.snd inferInstance) 2
          (Measure.map (fun p => (p.1, p.1 + √η • p.2))
            ((ℙ.tilted fun x => -V x).prod (stdGaussian E)))).orthogonalProjectionOnto ∘SL
      U.toContinuousLinearMap ∘SL
        (lpMeas ℝ ℝ (MeasurableSpace.comap Prod.snd inferInstance) 2
            (Measure.map (fun p => (p.1, p.1 + √η • p.2)) ((ℙ.tilted fun x => -V x).prod (stdGaussian E)))).subtypeL)
hAn :
  ∀
    (f :
      ↥(lpMeas ℝ ℝ (MeasurableSpace.comap Prod.snd inferInstance) 2
          (Measure.map (fun p => (p.1, p.1 + √η • p.2)) ((ℙ.tilted fun x => -V x).prod (stdGaussian E))))),
    ‖((lpMeas ℝ ℝ (MeasurableSpace.comap Prod.snd inferInstance) 2
                (Measure.map (fun p => (p.1, p.1 + √η • p.2))
                  ((ℙ.tilted fun x => -V x).prod (stdGaussian E)))).orthogonalProjectionOnto ∘SL
            U.toContinuousLinearMap ∘SL
              (lpMeas ℝ ℝ (MeasurableSpace.comap Prod.snd inferInstance) 2
                  (Measure.map (fun p => (p.1, p.1 + √η • p.2))
                    ((ℙ.tilted fun x => -V x).prod (stdGaussian E)))).subtypeL)
          f‖ ≤
      ‖f‖
hPB :
  ∀
    (f :
      ↥(lpMeas ℝ ℝ (MeasurableSpace.comap Prod.snd inferInstance) 2
          (Measure.map (fun p => (p.1, p.1 + √η • p.2)) ((ℙ.tilted fun x => -V x).prod (stdGaussian E))))),
    ((lpMeas ℝ ℝ (MeasurableSpace.comap Prod.snd inferInstance) 2
              (Measure.map (fun p => (p.1, p.1 + √η • p.2))
                ((ℙ.tilted fun x => -V x).prod (stdGaussian E)))).subtypeL ∘SL
          condExpL2 ℝ ℝ ⋯)
        ((((1 -
                  (lpMeas ℝ ℝ (MeasurableSpace.comap Prod.snd inferInstance) 2
                        (Measure.map (fun p => (p.1, p.1 + √η • p.2))
                          ((ℙ.tilted fun x => -V x).prod (stdGaussian E)))).subtypeL ∘SL
                    condExpL2 ℝ ℝ ⋯) *
                U.toContinuousLinearMap *
              (lpMeas ℝ ℝ (MeasurableSpace.comap Prod.snd inferInstance) 2
                    (Measure.map (fun p => (p.1, p.1 + √η • p.2))
                      ((ℙ.tilted fun x => -V x).prod (stdGaussian E)))).subtypeL ∘SL
                condExpL2 ℝ ℝ ⋯) ∘SL
            (lpMeas ℝ ℝ (MeasurableSpace.comap Prod.snd inferInstance) 2
                (Measure.map (fun p => (p.1, p.1 + √η • p.2))
                  ((ℙ.tilted fun x => -V x).prod (stdGaussian E)))).subtypeL)
          f) =
      0
Γ :
  ↥(Lp ℝ 2 (Measure.map (fun p => (p.1, p.1 + √η • p.2)) ((ℙ.tilted fun x => -V x).prod (stdGaussian E))).snd) →L[ℝ]
    ↥(Lp ℝ 2 (Measure.map (fun p => (p.1, p.1 + √η • p.2)) ((ℙ.tilted fun x => -V x).prod (stdGaussian E))).snd)
hΓ : Γ.IsPositive
hΓSq : Γ * Γ = 1 - T * T
hΓP : (e.conjStarAlgEquiv Γ).IsPositive
hΓPSq :
  e.conjStarAlgEquiv Γ * e.conjStarAlgEquiv Γ =
    1 -
      (lpMeas ℝ ℝ (MeasurableSpace.comap Prod.snd inferInstance) 2
              (Measure.map (fun p => (p.1, p.1 + √η • p.2))
                ((ℙ.tilted fun x => -V x).prod (stdGaussian E)))).orthogonalProjectionOnto ∘SL
          U.toContinuousLinearMap ∘SL
            (lpMeas ℝ ℝ (MeasurableSpace.comap Prod.snd inferInstance) 2
                (Measure.map (fun p => (p.1, p.1 + √η • p.2))
                  ((ℙ.tilted fun x => -V x).prod (stdGaussian E)))).subtypeL *
        (lpMeas ℝ ℝ (MeasurableSpace.comap Prod.snd inferInstance) 2
              (Measure.map (fun p => (p.1, p.1 + √η • p.2))
                ((ℙ.tilted fun x => -V x).prod (stdGaussian E)))).orthogonalProjectionOnto ∘SL
          U.toContinuousLinearMap ∘SL
            (lpMeas ℝ ℝ (MeasurableSpace.comap Prod.snd inferInstance) 2
                (Measure.map (fun p => (p.1, p.1 + √η • p.2)) ((ℙ.tilted fun x => -V x).prod (stdGaussian E)))).subtypeL
hGram :
  ContinuousLinearMap.adjoint
        (((1 -
                (lpMeas ℝ ℝ (MeasurableSpace.comap Prod.snd inferInstance) 2
                      (Measure.map (fun p => (p.1, p.1 + √η • p.2))
                        ((ℙ.tilted fun x => -V x).prod (stdGaussian E)))).subtypeL ∘SL
                  condExpL2 ℝ ℝ ⋯) *
              U.toContinuousLinearMap *
            (lpMeas ℝ ℝ (MeasurableSpace.comap Prod.snd inferInstance) 2
                  (Measure.map (fun p => (p.1, p.1 + √η • p.2))
                    ((ℙ.tilted fun x => -V x).prod (stdGaussian E)))).subtypeL ∘SL
              condExpL2 ℝ ℝ ⋯) ∘SL
          (lpMeas ℝ ℝ (MeasurableSpace.comap Prod.snd inferInstance) 2
              (Measure.map (fun p => (p.1, p.1 + √η • p.2))
                ((ℙ.tilted fun x => -V x).prod (stdGaussian E)))).subtypeL) ∘SL
      ((1 -
              (lpMeas ℝ ℝ (MeasurableSpace.comap Prod.snd inferInstance) 2
                    (Measure.map (fun p => (p.1, p.1 + √η • p.2))
                      ((ℙ.tilted fun x => -V x).prod (stdGaussian E)))).subtypeL ∘SL
                condExpL2 ℝ ℝ ⋯) *
            U.toContinuousLinearMap *
          (lpMeas ℝ ℝ (MeasurableSpace.comap Prod.snd inferInstance) 2
                (Measure.map (fun p => (p.1, p.1 + √η • p.2))
                  ((ℙ.tilted fun x => -V x).prod (stdGaussian E)))).subtypeL ∘SL
            condExpL2 ℝ ℝ ⋯) ∘SL
        (lpMeas ℝ ℝ (MeasurableSpace.comap Prod.snd inferInstance) 2
            (Measure.map (fun p => (p.1, p.1 + √η • p.2)) ((ℙ.tilted fun x => -V x).prod (stdGaussian E)))).subtypeL =
    e.conjStarAlgEquiv Γ * e.conjStarAlgEquiv Γ
hEnergy :
  ∀
    (f :
      ↥(lpMeas ℝ ℝ (MeasurableSpace.comap Prod.snd inferInstance) 2
          (Measure.map (fun p => (p.1, p.1 + √η • p.2)) ((ℙ.tilted fun x => -V x).prod (stdGaussian E))))),
    ‖(((1 -
                    (lpMeas ℝ ℝ (MeasurableSpace.comap Prod.snd inferInstance) 2
                          (Measure.map (fun p => (p.1, p.1 + √η • p.2))
                            ((ℙ.tilted fun x => -V x).prod (stdGaussian E)))).subtypeL ∘SL
                      condExpL2 ℝ ℝ ⋯) *
                  U.toContinuousLinearMap *
                (lpMeas ℝ ℝ (MeasurableSpace.comap Prod.snd inferInstance) 2
                      (Measure.map (fun p => (p.1, p.1 + √η • p.2))
                        ((ℙ.tilted fun x => -V x).prod (stdGaussian E)))).subtypeL ∘SL
                  condExpL2 ℝ ℝ ⋯) ∘SL
              (lpMeas ℝ ℝ (MeasurableSpace.comap Prod.snd inferInstance) 2
                  (Measure.map (fun p => (p.1, p.1 + √η • p.2))
                    ((ℙ.tilted fun x => -V x).prod (stdGaussian E)))).subtypeL)
            f‖ =
        ‖(e.conjStarAlgEquiv Γ) f‖ ∧
      ‖(e.conjStarAlgEquiv Γ) f‖ ^ 2 =
        ‖f‖ ^ 2 -
          ‖((lpMeas ℝ ℝ (MeasurableSpace.comap Prod.snd inferInstance) 2
                      (Measure.map (fun p => (p.1, p.1 + √η • p.2))
                        ((ℙ.tilted fun x => -V x).prod (stdGaussian E)))).orthogonalProjectionOnto ∘SL
                  U.toContinuousLinearMap ∘SL
                    (lpMeas ℝ ℝ (MeasurableSpace.comap Prod.snd inferInstance) 2
                        (Measure.map (fun p => (p.1, p.1 + √η • p.2))
                          ((ℙ.tilted fun x => -V x).prod (stdGaussian E)))).subtypeL)
                f‖ ^
            2
hUnique :
  ∀
    (G :
      ↥(lpMeas ℝ ℝ (MeasurableSpace.comap Prod.snd inferInstance) 2
            (Measure.map (fun p => (p.1, p.1 + √η • p.2)) ((ℙ.tilted fun x => -V x).prod (stdGaussian E)))) →L[ℝ]
        ↥(lpMeas ℝ ℝ (MeasurableSpace.comap Prod.snd inferInstance) 2
            (Measure.map (fun p => (p.1, p.1 + √η • p.2)) ((ℙ.tilted fun x => -V x).prod (stdGaussian E))))),
    G.IsPositive →
      G * G =
          1 -
            (lpMeas ℝ ℝ (MeasurableSpace.comap Prod.snd inferInstance) 2
                    (Measure.map (fun p => (p.1, p.1 + √η • p.2))
                      ((ℙ.tilted fun x => -V x).prod (stdGaussian E)))).orthogonalProjectionOnto ∘SL
                U.toContinuousLinearMap ∘SL
                  (lpMeas ℝ ℝ (MeasurableSpace.comap Prod.snd inferInstance) 2
                      (Measure.map (fun p => (p.1, p.1 + √η • p.2))
                        ((ℙ.tilted fun x => -V x).prod (stdGaussian E)))).subtypeL *
              (lpMeas ℝ ℝ (MeasurableSpace.comap Prod.snd inferInstance) 2
                    (Measure.map (fun p => (p.1, p.1 + √η • p.2))
                      ((ℙ.tilted fun x => -V x).prod (stdGaussian E)))).orthogonalProjectionOnto ∘SL
                U.toContinuousLinearMap ∘SL
                  (lpMeas ℝ ℝ (MeasurableSpace.comap Prod.snd inferInstance) 2
                      (Measure.map (fun p => (p.1, p.1 + √η • p.2))
                        ((ℙ.tilted fun x => -V x).prod (stdGaussian E)))).subtypeL →
        G = e.conjStarAlgEquiv Γ
this✝¹ : IsProbabilityMeasure μ := hμ
this✝ : IsProbabilityMeasure J := hJ
this : IsProbabilityMeasure ν := hν
A : ↥HP →L[ℝ] ↥HP := HP.orthogonalProjectionOnto ∘SL U.toContinuousLinearMap ∘SL HP.subtypeL
B : ↥HP →L[ℝ] ↥(Lp ℝ 2 J) := ((1 - P) * U.toContinuousLinearMap * P) ∘SL HP.subtypeL
ΓP : ↥HP →L[ℝ] ↥HP := e.conjStarAlgEquiv Γ
hAeqLocal : A = e.conjStarAlgEquiv T
q : ↥(Lp ℝ 2 ν) := TechnicalLemmas.Measure.L2Expectation.one ν
hq : ∀ (u : ↥(Lp ℝ 2 ν)), ⟪q, u⟫_ℝ = ∫ (y : E), ↑↑u y ∂ν
hqa : ↑↑q =ᵐ[ν] fun x => 1
hTq : T q = q
hqq : ⟪q, q⟫_ℝ = 1
hΓEnergy : ∀ (u : ↥(Lp ℝ 2 ν)), ‖Γ u‖ ^ 2 = ‖u‖ ^ 2 - ‖T u‖ ^ 2
hΓq : Γ q = 0
left✝⁵ :
  IsProbabilityMeasure
    (Measure.map (fun p => (p.1, p.1 + √η • p.2)) ((ℙ.tilted fun x => -V x).prod (stdGaussian E))).snd
G :
  ↥(Lp ℝ 2 (Measure.map (fun p => (p.1, p.1 + √η • p.2)) ((ℙ.tilted fun x => -V x).prod (stdGaussian E))).snd) →ₗ.[ℝ]
    ↥(Lp E 2 (Measure.map (fun p => (p.1, p.1 + √η • p.2)) ((ℙ.tilted fun x => -V x).prod (stdGaussian E))).snd)
left✝⁴ : Dense ↑G.domain
hClose : G.IsClosable
hClosed : G.closure.IsClosed
hGraph :
  ∀ (u : ↥(Lp ℝ 2 (Measure.map (fun p => (p.1, p.1 + √η • p.2)) ((ℙ.tilted fun x => -V x).prod (stdGaussian E))).snd))
    (v : ↥(Lp E 2 (Measure.map (fun p => (p.1, p.1 + √η • p.2)) ((ℙ.tilted fun x => -V x).prod (stdGaussian E))).snd)),
    (u, v) ∈ G.graph ↔
      ∃ φ,
        ContDiff ℝ ∞ φ ∧
          HasCompactSupport φ ∧
            ↑↑u =ᵐ[(Measure.map (fun p => (p.1, p.1 + √η • p.2)) ((ℙ.tilted fun x => -V x).prod (stdGaussian E))).snd]
                φ ∧
              ↑↑v =ᵐ[(Measure.map (fun p => (p.1, p.1 + √η • p.2)) ((ℙ.tilted fun x => -V x).prod (stdGaussian E))).snd]
                gradient φ
hPI :
  ∀ (z : ↥G.closure.domain),
    ∫ (x : E),
          ↑↑↑z x ∂(Measure.map (fun p => (p.1, p.1 + √η • p.2)) ((ℙ.tilted fun x => -V x).prod (stdGaussian E))).snd =
        0 →
      ↑α / (1 + ↑α * η) * ‖↑z‖ ^ 2 ≤ ‖↑G.closure z‖ ^ 2
left✝³ :
  IsProbabilityMeasure
    (Measure.map (fun p => (p.1, p.1 + √η • p.2)) ((ℙ.tilted fun x => -V x).prod (stdGaussian E))).snd
K :
  ↥(Lp ℝ 2 (Measure.map (fun p => (p.1, p.1 + √η • p.2)) ((ℙ.tilted fun x => -V x).prod (stdGaussian E))).snd) →L[ℝ]
    ↥(Lp E 2 (Measure.map (fun p => (p.1, p.1 + √η • p.2)) ((ℙ.tilted fun x => -V x).prod (stdGaussian E))).snd)
left✝² : Dense ↑G.domain
left✝¹ : G.IsClosable
left✝ : G.closure.IsClosed
hGraph' :
  ∀ (u : ↥(Lp ℝ 2 (Measure.map (fun p => (p.1, p.1 + √η • p.2)) ((ℙ.tilted fun x => -V x).prod (stdGaussian E))).snd))
    (v : ↥(Lp E 2 (Measure.map (fun p => (p.1, p.1 + √η • p.2)) ((ℙ.tilted fun x => -V x).prod (stdGaussian E))).snd)),
    (u, v) ∈ G.graph ↔
      ∃ φ,
        ContDiff ℝ ∞ φ ∧
          HasCompactSupport φ ∧
            ↑↑u =ᵐ[(Measure.map (fun p => (p.1, p.1 + √η • p.2)) ((ℙ.tilted fun x => -V x).prod (stdGaussian E))).snd]
                φ ∧
              ↑↑v =ᵐ[(Measure.map (fun p => (p.1, p.1 + √η • p.2)) ((ℙ.tilted fun x => -V x).prod (stdGaussian E))).snd]
                gradient φ
hRough :
  ∀ (u : ↥(Lp ℝ 2 (Measure.map (fun p => (p.1, p.1 + √η • p.2)) ((ℙ.tilted fun x => -V x).prod (stdGaussian E))).snd)),
    (T u, K u) ∈ G.closure.graph ∧
      ‖T u‖ ≤ ‖u‖ ∧
        (↑↑(T u) =ᵐ[(Measure.map (fun p => (p.1, p.1 + √η • p.2)) ((ℙ.tilted fun x => -V x).prod (stdGaussian E))).snd]
            fun y => ∫ (x : E), ↑↑u x ∂ℙ.tilted fun x => -V ((1 / 2) • (y + x)) - ‖y - x‖ ^ 2 / (8 * η)) ∧
          (∀ᵐ (y :
              E) ∂(Measure.map (fun p => (p.1, p.1 + √η • p.2)) ((ℙ.tilted fun x => -V x).prod (stdGaussian E))).snd,
              Integrable (↑↑u) (ℙ.tilted fun x => -V ((1 / 2) • (y + x)) - ‖y - x‖ ^ 2 / (8 * η)) ∧
                Integrable (fun x => ↑↑u x ^ 2) (ℙ.tilted fun x => -V ((1 / 2) • (y + x)) - ‖y - x‖ ^ 2 / (8 * η))) ∧
            η * ‖K u‖ ^ 2 ≤ (1 - ↑α * η) ^ 2 / (4 * (1 + ↑α * η)) * (‖u‖ ^ 2 - ‖T u‖ ^ 2) ∧
              4 * η * ‖K u‖ ^ 2 ≤ ‖u‖ ^ 2 - ‖T u‖ ^ 2
ha0 : 0 < ↑α * η
ha1 : ↑α * η ≤ 1
hd : 0 < 1 + ↑α * η
ρ : ℝ := (1 - ↑α * η) / (1 + ↑α * η)
γ : ℝ := 2 * √(↑α * η) / (1 + ↑α * η)
hρ : 0 ≤ ρ
hγ : 0 < γ
hγSq : γ ^ 2 = 1 - ρ ^ 2
hCon : ∀ (u : ↥(Lp ℝ 2 ν)), ∫ (y : E), ↑↑u y ∂ν = 0 → ‖T u‖ ≤ ρ * ‖u‖
Q : ↥(Lp ℝ 2 ν) →L[ℝ] ↥(Lp ℝ 2 ν) := 1 - ((innerSL ℝ) q).smulRight q
hQ : ∀ (u : ↥(Lp ℝ 2 ν)), Q u = u - ⟪q, u⟫_ℝ • q
hQmean : ∀ (u : ↥(Lp ℝ 2 ν)), ⟪q, Q u⟫_ℝ = 0
hDecomp : ∀ (u : ↥(Lp ℝ 2 ν)), u = Q u + ⟪q, u⟫_ℝ • q
hQself : IsSelfAdjoint Q
hQinner : ∀ (u : ↥(Lp ℝ 2 ν)), ⟪Q u, u⟫_ℝ = ‖Q u‖ ^ 2
hQpos : Q.IsPositive
hQsq : Q * Q = Q
hΓQ : ∀ (u : ↥(Lp ℝ 2 ν)), Γ (Q u) = Γ u
u : ↥(Lp ℝ 2 (Measure.map (fun p => (p.1, p.1 + √η • p.2)) ((ℙ.tilted fun x => -V x).prod (stdGaussian E))).snd)
hc : ‖T (Q u)‖ ≤ ρ * ‖Q u‖
hcSq : ‖T (Q u)‖ ^ 2 ≤ (ρ * ‖Q u‖) ^ 2
he : ⟪(Γ * Γ) u, u⟫_ℝ = ‖Γ u‖ ^ 2
hm : γ • Q * γ • Q = (γ * γ) • Q
a✝ : ‖Q u‖ ^ 2 - ‖T (Q u)‖ ^ 2 - (starRingEnd ℝ) (1 - ρ ^ 2) * ‖Q u‖ ^ 2 < 0
⊢ False
failed
runs/20261007-companion-priority/pbps-centered-root64/combined-draft-v8.lean:327:2: warning: Try this: 
  letI̵

The goal is a proposition, so `let` is preferred over `letI`.
The difference between `let` and `letI` is that `letI` inlines the value.
But this is not relevant for proofs because of proof irrelevance.

Note: This linter can be disabled with `set_option linter.style.haveILetI false`
runs/20261007-companion-priority/pbps-centered-root64/combined-draft-v8.lean:328:2: warning: Try this: 
  letI̵

The goal is a proposition, so `let` is preferred over `letI`.
The difference between `let` and `letI` is that `letI` inlines the value.
But this is not relevant for proofs because of proof irrelevance.

Note: This linter can be disabled with `set_option linter.style.haveILetI false`
runs/20261007-companion-priority/pbps-centered-root64/combined-draft-v8.lean:329:63: error: unsolved goals
E : Type u_1
inst✝⁴ : NormedAddCommGroup E
inst✝³ : InnerProductSpace ℝ E
inst✝² : FiniteDimensional ℝ E
inst✝¹ : MeasurableSpace E
inst✝ : BorelSpace E
V : E → ℝ
α β : ℝ≥0
η : ℝ
hα : 0 < ↑α
hαβ : α ≤ β
hV : ContDiff ℝ 2 V
hH : ∀ (x v : E), ↑α * ‖v‖ ^ 2 ≤ ((fderiv ℝ (fderiv ℝ V) x) v) v ∧ ((fderiv ℝ (fderiv ℝ V) x) v) v ≤ ↑β * ‖v‖ ^ 2
hη : 0 < η
hβη : ↑β * η ≤ 1
μ : Measure E := ℙ.tilted fun x => -V x
J : Measure (E × E) := Measure.map (fun p => (p.1, p.1 + √η • p.2)) (μ.prod (stdGaussian E))
ν : Measure E := J.snd
mY : MeasurableSpace (E × E) := MeasurableSpace.comap Prod.snd inferInstance
this✝⁷ : MeasurableSpace (E × E) := Prod.instMeasurableSpace
this✝⁶ : Fact (mY ≤ inferInstance) := { out := Measurable.comap_le measurable_snd }
HP : Submodule ℝ ↥(Lp ℝ 2 J) := lpMeas ℝ ℝ mY 2 J
this✝⁵ : NormedAddCommGroup ↥HP := HP.normedAddCommGroup
this✝⁴ : InnerProductSpace ℝ ↥HP := HP.innerProductSpace
P : ↥(Lp ℝ 2 J) →L[ℝ] ↥(Lp ℝ 2 J) := HP.subtypeL ∘SL condExpL2 ℝ ℝ ⋯
hμ : IsProbabilityMeasure (ℙ.tilted fun x => -V x)
hJ : IsProbabilityMeasure (Measure.map (fun p => (p.1, p.1 + √η • p.2)) ((ℙ.tilted fun x => -V x).prod (stdGaussian E)))
hν :
  IsProbabilityMeasure
    (Measure.map (fun p => (p.1, p.1 + √η • p.2)) ((ℙ.tilted fun x => -V x).prod (stdGaussian E))).snd
hRange :
  lpMeas ℝ ℝ (MeasurableSpace.comap Prod.snd inferInstance) 2
      (Measure.map (fun p => (p.1, p.1 + √η • p.2)) ((ℙ.tilted fun x => -V x).prod (stdGaussian E))) =
    (↑((lpMeas ℝ ℝ (MeasurableSpace.comap Prod.snd inferInstance) 2
              (Measure.map (fun p => (p.1, p.1 + √η • p.2))
                ((ℙ.tilted fun x => -V x).prod (stdGaussian E)))).subtypeL ∘SL
          condExpL2 ℝ ℝ ⋯)).range
hPf :
  ∀
    (f :
      ↥(lpMeas ℝ ℝ (MeasurableSpace.comap Prod.snd inferInstance) 2
          (Measure.map (fun p => (p.1, p.1 + √η • p.2)) ((ℙ.tilted fun x => -V x).prod (stdGaussian E))))),
    ((lpMeas ℝ ℝ (MeasurableSpace.comap Prod.snd inferInstance) 2
              (Measure.map (fun p => (p.1, p.1 + √η • p.2))
                ((ℙ.tilted fun x => -V x).prod (stdGaussian E)))).subtypeL ∘SL
          condExpL2 ℝ ℝ ⋯)
        ↑f =
      ↑f
S : Kernel E E
hS : IsMarkovKernel S
hSd : ∀ (y : E), S y = ℙ.tilted fun x => -V ((1 / 2) • (y + x)) - ‖y - x‖ ^ 2 / (8 * η)
hSc :
  (Measure.map (fun p => (p.2, 2 • p.1 - p.2))
        (Measure.map (fun p => (p.1, p.1 + √η • p.2)) ((ℙ.tilted fun x => -V x).prod (stdGaussian E)))).IsCondKernel
    S
hSf :
  (Measure.map (fun p => (p.2, 2 • p.1 - p.2))
        (Measure.map (fun p => (p.1, p.1 + √η • p.2)) ((ℙ.tilted fun x => -V x).prod (stdGaussian E)))).fst =
    (Measure.map (fun p => (p.1, p.1 + √η • p.2)) ((ℙ.tilted fun x => -V x).prod (stdGaussian E))).snd
hSs :
  (Measure.map (fun p => (p.2, 2 • p.1 - p.2))
        (Measure.map (fun p => (p.1, p.1 + √η • p.2)) ((ℙ.tilted fun x => -V x).prod (stdGaussian E)))).snd =
    (Measure.map (fun p => (p.1, p.1 + √η • p.2)) ((ℙ.tilted fun x => -V x).prod (stdGaussian E))).snd
e :
  ↥(Lp ℝ 2 (Measure.map (fun p => (p.1, p.1 + √η • p.2)) ((ℙ.tilted fun x => -V x).prod (stdGaussian E))).snd) ≃ₗᵢ[ℝ]
    ↥(lpMeas ℝ ℝ (MeasurableSpace.comap Prod.snd inferInstance) 2
        (Measure.map (fun p => (p.1, p.1 + √η • p.2)) ((ℙ.tilted fun x => -V x).prod (stdGaussian E))))
he :
  ∀ (u : ↥(Lp ℝ 2 (Measure.map (fun p => (p.1, p.1 + √η • p.2)) ((ℙ.tilted fun x => -V x).prod (stdGaussian E))).snd)),
    ↑(e u) = (Lp.compMeasurePreservingₗᵢ ℝ Prod.snd ⋯) u
U :
  ↥(Lp ℝ 2 (Measure.map (fun p => (p.1, p.1 + √η • p.2)) ((ℙ.tilted fun x => -V x).prod (stdGaussian E)))) →ₗᵢ[ℝ]
    ↥(Lp ℝ 2 (Measure.map (fun p => (p.1, p.1 + √η • p.2)) ((ℙ.tilted fun x => -V x).prod (stdGaussian E))))
hU :
  ∀ (g : ↥(Lp ℝ 2 (Measure.map (fun p => (p.1, p.1 + √η • p.2)) ((ℙ.tilted fun x => -V x).prod (stdGaussian E))))),
    ↑↑(U g) =ᵐ[Measure.map (fun p => (p.1, p.1 + √η • p.2)) ((ℙ.tilted fun x => -V x).prod (stdGaussian E))]
      ↑↑g ∘ fun p => (p.1, 2 • p.1 - p.2)
hUi : Function.Involutive ⇑U
hUs : IsSelfAdjoint U.toContinuousLinearMap
T :
  ↥(Lp ℝ 2 (Measure.map (fun p => (p.1, p.1 + √η • p.2)) ((ℙ.tilted fun x => -V x).prod (stdGaussian E))).snd) →L[ℝ]
    ↥(Lp ℝ 2 (Measure.map (fun p => (p.1, p.1 + √η • p.2)) ((ℙ.tilted fun x => -V x).prod (stdGaussian E))).snd)
hTs : IsSelfAdjoint T
hAll :
  ∀ (u : ↥(Lp ℝ 2 (Measure.map (fun p => (p.1, p.1 + √η • p.2)) ((ℙ.tilted fun x => -V x).prod (stdGaussian E))).snd)),
    ‖T u‖ ≤ ‖u‖ ∧
      (↑↑(T u) =ᵐ[(Measure.map (fun p => (p.1, p.1 + √η • p.2)) ((ℙ.tilted fun x => -V x).prod (stdGaussian E))).snd]
          fun y => ∫ (x : E), ↑↑u x ∂S y) ∧
        ∫ (y : E),
            ↑↑(T u)
              y ∂(Measure.map (fun p => (p.1, p.1 + √η • p.2)) ((ℙ.tilted fun x => -V x).prod (stdGaussian E))).snd =
          ∫ (y : E),
            ↑↑u y ∂(Measure.map (fun p => (p.1, p.1 + √η • p.2)) ((ℙ.tilted fun x => -V x).prod (stdGaussian E))).snd
hAeq :
  (lpMeas ℝ ℝ (MeasurableSpace.comap Prod.snd inferInstance) 2
          (Measure.map (fun p => (p.1, p.1 + √η • p.2))
            ((ℙ.tilted fun x => -V x).prod (stdGaussian E)))).orthogonalProjectionOnto ∘SL
      U.toContinuousLinearMap ∘SL
        (lpMeas ℝ ℝ (MeasurableSpace.comap Prod.snd inferInstance) 2
            (Measure.map (fun p => (p.1, p.1 + √η • p.2)) ((ℙ.tilted fun x => -V x).prod (stdGaussian E)))).subtypeL =
    e.conjStarAlgEquiv T
hAs :
  IsSelfAdjoint
    ((lpMeas ℝ ℝ (MeasurableSpace.comap Prod.snd inferInstance) 2
          (Measure.map (fun p => (p.1, p.1 + √η • p.2))
            ((ℙ.tilted fun x => -V x).prod (stdGaussian E)))).orthogonalProjectionOnto ∘SL
      U.toContinuousLinearMap ∘SL
        (lpMeas ℝ ℝ (MeasurableSpace.comap Prod.snd inferInstance) 2
            (Measure.map (fun p => (p.1, p.1 + √η • p.2)) ((ℙ.tilted fun x => -V x).prod (stdGaussian E)))).subtypeL)
hAn :
  ∀
    (f :
      ↥(lpMeas ℝ ℝ (MeasurableSpace.comap Prod.snd inferInstance) 2
          (Measure.map (fun p => (p.1, p.1 + √η • p.2)) ((ℙ.tilted fun x => -V x).prod (stdGaussian E))))),
    ‖((lpMeas ℝ ℝ (MeasurableSpace.comap Prod.snd inferInstance) 2
                (Measure.map (fun p => (p.1, p.1 + √η • p.2))
                  ((ℙ.tilted fun x => -V x).prod (stdGaussian E)))).orthogonalProjectionOnto ∘SL
            U.toContinuousLinearMap ∘SL
              (lpMeas ℝ ℝ (MeasurableSpace.comap Prod.snd inferInstance) 2
                  (Measure.map (fun p => (p.1, p.1 + √η • p.2))
                    ((ℙ.tilted fun x => -V x).prod (stdGaussian E)))).subtypeL)
          f‖ ≤
      ‖f‖
hPB :
  ∀
    (f :
      ↥(lpMeas ℝ ℝ (MeasurableSpace.comap Prod.snd inferInstance) 2
          (Measure.map (fun p => (p.1, p.1 + √η • p.2)) ((ℙ.tilted fun x => -V x).prod (stdGaussian E))))),
    ((lpMeas ℝ ℝ (MeasurableSpace.comap Prod.snd inferInstance) 2
              (Measure.map (fun p => (p.1, p.1 + √η • p.2))
                ((ℙ.tilted fun x => -V x).prod (stdGaussian E)))).subtypeL ∘SL
          condExpL2 ℝ ℝ ⋯)
        ((((1 -
                  (lpMeas ℝ ℝ (MeasurableSpace.comap Prod.snd inferInstance) 2
                        (Measure.map (fun p => (p.1, p.1 + √η • p.2))
                          ((ℙ.tilted fun x => -V x).prod (stdGaussian E)))).subtypeL ∘SL
                    condExpL2 ℝ ℝ ⋯) *
                U.toContinuousLinearMap *
              (lpMeas ℝ ℝ (MeasurableSpace.comap Prod.snd inferInstance) 2
                    (Measure.map (fun p => (p.1, p.1 + √η • p.2))
                      ((ℙ.tilted fun x => -V x).prod (stdGaussian E)))).subtypeL ∘SL
                condExpL2 ℝ ℝ ⋯) ∘SL
            (lpMeas ℝ ℝ (MeasurableSpace.comap Prod.snd inferInstance) 2
                (Measure.map (fun p => (p.1, p.1 + √η • p.2))
                  ((ℙ.tilted fun x => -V x).prod (stdGaussian E)))).subtypeL)
          f) =
      0
Γ :
  ↥(Lp ℝ 2 (Measure.map (fun p => (p.1, p.1 + √η • p.2)) ((ℙ.tilted fun x => -V x).prod (stdGaussian E))).snd) →L[ℝ]
    ↥(Lp ℝ 2 (Measure.map (fun p => (p.1, p.1 + √η • p.2)) ((ℙ.tilted fun x => -V x).prod (stdGaussian E))).snd)
hΓ : Γ.IsPositive
hΓSq : Γ * Γ = 1 - T * T
hΓP : (e.conjStarAlgEquiv Γ).IsPositive
hΓPSq :
  e.conjStarAlgEquiv Γ * e.conjStarAlgEquiv Γ =
    1 -
      (lpMeas ℝ ℝ (MeasurableSpace.comap Prod.snd inferInstance) 2
              (Measure.map (fun p => (p.1, p.1 + √η • p.2))
                ((ℙ.tilted fun x => -V x).prod (stdGaussian E)))).orthogonalProjectionOnto ∘SL
          U.toContinuousLinearMap ∘SL
            (lpMeas ℝ ℝ (MeasurableSpace.comap Prod.snd inferInstance) 2
                (Measure.map (fun p => (p.1, p.1 + √η • p.2))
                  ((ℙ.tilted fun x => -V x).prod (stdGaussian E)))).subtypeL *
        (lpMeas ℝ ℝ (MeasurableSpace.comap Prod.snd inferInstance) 2
              (Measure.map (fun p => (p.1, p.1 + √η • p.2))
                ((ℙ.tilted fun x => -V x).prod (stdGaussian E)))).orthogonalProjectionOnto ∘SL
          U.toContinuousLinearMap ∘SL
            (lpMeas ℝ ℝ (MeasurableSpace.comap Prod.snd inferInstance) 2
                (Measure.map (fun p => (p.1, p.1 + √η • p.2)) ((ℙ.tilted fun x => -V x).prod (stdGaussian E)))).subtypeL
hGram :
  ContinuousLinearMap.adjoint
        (((1 -
                (lpMeas ℝ ℝ (MeasurableSpace.comap Prod.snd inferInstance) 2
                      (Measure.map (fun p => (p.1, p.1 + √η • p.2))
                        ((ℙ.tilted fun x => -V x).prod (stdGaussian E)))).subtypeL ∘SL
                  condExpL2 ℝ ℝ ⋯) *
              U.toContinuousLinearMap *
            (lpMeas ℝ ℝ (MeasurableSpace.comap Prod.snd inferInstance) 2
                  (Measure.map (fun p => (p.1, p.1 + √η • p.2))
                    ((ℙ.tilted fun x => -V x).prod (stdGaussian E)))).subtypeL ∘SL
              condExpL2 ℝ ℝ ⋯) ∘SL
          (lpMeas ℝ ℝ (MeasurableSpace.comap Prod.snd inferInstance) 2
              (Measure.map (fun p => (p.1, p.1 + √η • p.2))
                ((ℙ.tilted fun x => -V x).prod (stdGaussian E)))).subtypeL) ∘SL
      ((1 -
              (lpMeas ℝ ℝ (MeasurableSpace.comap Prod.snd inferInstance) 2
                    (Measure.map (fun p => (p.1, p.1 + √η • p.2))
                      ((ℙ.tilted fun x => -V x).prod (stdGaussian E)))).subtypeL ∘SL
                condExpL2 ℝ ℝ ⋯) *
            U.toContinuousLinearMap *
          (lpMeas ℝ ℝ (MeasurableSpace.comap Prod.snd inferInstance) 2
                (Measure.map (fun p => (p.1, p.1 + √η • p.2))
                  ((ℙ.tilted fun x => -V x).prod (stdGaussian E)))).subtypeL ∘SL
            condExpL2 ℝ ℝ ⋯) ∘SL
        (lpMeas ℝ ℝ (MeasurableSpace.comap Prod.snd inferInstance) 2
            (Measure.map (fun p => (p.1, p.1 + √η • p.2)) ((ℙ.tilted fun x => -V x).prod (stdGaussian E)))).subtypeL =
    e.conjStarAlgEquiv Γ * e.conjStarAlgEquiv Γ
hEnergy :
  ∀
    (f :
      ↥(lpMeas ℝ ℝ (MeasurableSpace.comap Prod.snd inferInstance) 2
          (Measure.map (fun p => (p.1, p.1 + √η • p.2)) ((ℙ.tilted fun x => -V x).prod (stdGaussian E))))),
    ‖(((1 -
                    (lpMeas ℝ ℝ (MeasurableSpace.comap Prod.snd inferInstance) 2
                          (Measure.map (fun p => (p.1, p.1 + √η • p.2))
                            ((ℙ.tilted fun x => -V x).prod (stdGaussian E)))).subtypeL ∘SL
                      condExpL2 ℝ ℝ ⋯) *
                  U.toContinuousLinearMap *
                (lpMeas ℝ ℝ (MeasurableSpace.comap Prod.snd inferInstance) 2
                      (Measure.map (fun p => (p.1, p.1 + √η • p.2))
                        ((ℙ.tilted fun x => -V x).prod (stdGaussian E)))).subtypeL ∘SL
                  condExpL2 ℝ ℝ ⋯) ∘SL
              (lpMeas ℝ ℝ (MeasurableSpace.comap Prod.snd inferInstance) 2
                  (Measure.map (fun p => (p.1, p.1 + √η • p.2))
                    ((ℙ.tilted fun x => -V x).prod (stdGaussian E)))).subtypeL)
            f‖ =
        ‖(e.conjStarAlgEquiv Γ) f‖ ∧
      ‖(e.conjStarAlgEquiv Γ) f‖ ^ 2 =
        ‖f‖ ^ 2 -
          ‖((lpMeas ℝ ℝ (MeasurableSpace.comap Prod.snd inferInstance) 2
                      (Measure.map (fun p => (p.1, p.1 + √η • p.2))
                        ((ℙ.tilted fun x => -V x).prod (stdGaussian E)))).orthogonalProjectionOnto ∘SL
                  U.toContinuousLinearMap ∘SL
                    (lpMeas ℝ ℝ (MeasurableSpace.comap Prod.snd inferInstance) 2
                        (Measure.map (fun p => (p.1, p.1 + √η • p.2))
                          ((ℙ.tilted fun x => -V x).prod (stdGaussian E)))).subtypeL)
                f‖ ^
            2
hUnique :
  ∀
    (G :
      ↥(lpMeas ℝ ℝ (MeasurableSpace.comap Prod.snd inferInstance) 2
            (Measure.map (fun p => (p.1, p.1 + √η • p.2)) ((ℙ.tilted fun x => -V x).prod (stdGaussian E)))) →L[ℝ]
        ↥(lpMeas ℝ ℝ (MeasurableSpace.comap Prod.snd inferInstance) 2
            (Measure.map (fun p => (p.1, p.1 + √η • p.2)) ((ℙ.tilted fun x => -V x).prod (stdGaussian E))))),
    G.IsPositive →
      G * G =
          1 -
            (lpMeas ℝ ℝ (MeasurableSpace.comap Prod.snd inferInstance) 2
                    (Measure.map (fun p => (p.1, p.1 + √η • p.2))
                      ((ℙ.tilted fun x => -V x).prod (stdGaussian E)))).orthogonalProjectionOnto ∘SL
                U.toContinuousLinearMap ∘SL
                  (lpMeas ℝ ℝ (MeasurableSpace.comap Prod.snd inferInstance) 2
                      (Measure.map (fun p => (p.1, p.1 + √η • p.2))
                        ((ℙ.tilted fun x => -V x).prod (stdGaussian E)))).subtypeL *
              (lpMeas ℝ ℝ (MeasurableSpace.comap Prod.snd inferInstance) 2
                    (Measure.map (fun p => (p.1, p.1 + √η • p.2))
                      ((ℙ.tilted fun x => -V x).prod (stdGaussian E)))).orthogonalProjectionOnto ∘SL
                U.toContinuousLinearMap ∘SL
                  (lpMeas ℝ ℝ (MeasurableSpace.comap Prod.snd inferInstance) 2
                      (Measure.map (fun p => (p.1, p.1 + √η • p.2))
                        ((ℙ.tilted fun x => -V x).prod (stdGaussian E)))).subtypeL →
        G = e.conjStarAlgEquiv Γ
this✝³ : IsProbabilityMeasure μ := hμ
this✝² : IsProbabilityMeasure J := hJ
this✝¹ : IsProbabilityMeasure ν := hν
A : ↥HP →L[ℝ] ↥HP := HP.orthogonalProjectionOnto ∘SL U.toContinuousLinearMap ∘SL HP.subtypeL
B : ↥HP →L[ℝ] ↥(Lp ℝ 2 J) := ((1 - P) * U.toContinuousLinearMap * P) ∘SL HP.subtypeL
ΓP : ↥HP →L[ℝ] ↥HP := e.conjStarAlgEquiv Γ
hAeqLocal : A = e.conjStarAlgEquiv T
q : ↥(Lp ℝ 2 ν) := TechnicalLemmas.Measure.L2Expectation.one ν
hq : ∀ (u : ↥(Lp ℝ 2 ν)), ⟪q, u⟫_ℝ = ∫ (y : E), ↑↑u y ∂ν
hqa : ↑↑q =ᵐ[ν] fun x => 1
hTq : T q = q
hqq : ⟪q, q⟫_ℝ = 1
hΓEnergy : ∀ (u : ↥(Lp ℝ 2 ν)), ‖Γ u‖ ^ 2 = ‖u‖ ^ 2 - ‖T u‖ ^ 2
hΓq : Γ q = 0
left✝⁵ :
  IsProbabilityMeasure
    (Measure.map (fun p => (p.1, p.1 + √η • p.2)) ((ℙ.tilted fun x => -V x).prod (stdGaussian E))).snd
G :
  ↥(Lp ℝ 2 (Measure.map (fun p => (p.1, p.1 + √η • p.2)) ((ℙ.tilted fun x => -V x).prod (stdGaussian E))).snd) →ₗ.[ℝ]
    ↥(Lp E 2 (Measure.map (fun p => (p.1, p.1 + √η • p.2)) ((ℙ.tilted fun x => -V x).prod (stdGaussian E))).snd)
left✝⁴ : Dense ↑G.domain
hClose : G.IsClosable
hClosed : G.closure.IsClosed
hGraph :
  ∀ (u : ↥(Lp ℝ 2 (Measure.map (fun p => (p.1, p.1 + √η • p.2)) ((ℙ.tilted fun x => -V x).prod (stdGaussian E))).snd))
    (v : ↥(Lp E 2 (Measure.map (fun p => (p.1, p.1 + √η • p.2)) ((ℙ.tilted fun x => -V x).prod (stdGaussian E))).snd)),
    (u, v) ∈ G.graph ↔
      ∃ φ,
        ContDiff ℝ ∞ φ ∧
          HasCompactSupport φ ∧
            ↑↑u =ᵐ[(Measure.map (fun p => (p.1, p.1 + √η • p.2)) ((ℙ.tilted fun x => -V x).prod (stdGaussian E))).snd]
                φ ∧
              ↑↑v =ᵐ[(Measure.map (fun p => (p.1, p.1 + √η • p.2)) ((ℙ.tilted fun x => -V x).prod (stdGaussian E))).snd]
                gradient φ
hPI :
  ∀ (z : ↥G.closure.domain),
    ∫ (x : E),
          ↑↑↑z x ∂(Measure.map (fun p => (p.1, p.1 + √η • p.2)) ((ℙ.tilted fun x => -V x).prod (stdGaussian E))).snd =
        0 →
      ↑α / (1 + ↑α * η) * ‖↑z‖ ^ 2 ≤ ‖↑G.closure z‖ ^ 2
left✝³ :
  IsProbabilityMeasure
    (Measure.map (fun p => (p.1, p.1 + √η • p.2)) ((ℙ.tilted fun x => -V x).prod (stdGaussian E))).snd
K :
  ↥(Lp ℝ 2 (Measure.map (fun p => (p.1, p.1 + √η • p.2)) ((ℙ.tilted fun x => -V x).prod (stdGaussian E))).snd) →L[ℝ]
    ↥(Lp E 2 (Measure.map (fun p => (p.1, p.1 + √η • p.2)) ((ℙ.tilted fun x => -V x).prod (stdGaussian E))).snd)
left✝² : Dense ↑G.domain
left✝¹ : G.IsClosable
left✝ : G.closure.IsClosed
hGraph' :
  ∀ (u : ↥(Lp ℝ 2 (Measure.map (fun p => (p.1, p.1 + √η • p.2)) ((ℙ.tilted fun x => -V x).prod (stdGaussian E))).snd))
    (v : ↥(Lp E 2 (Measure.map (fun p => (p.1, p.1 + √η • p.2)) ((ℙ.tilted fun x => -V x).prod (stdGaussian E))).snd)),
    (u, v) ∈ G.graph ↔
      ∃ φ,
        ContDiff ℝ ∞ φ ∧
          HasCompactSupport φ ∧
            ↑↑u =ᵐ[(Measure.map (fun p => (p.1, p.1 + √η • p.2)) ((ℙ.tilted fun x => -V x).prod (stdGaussian E))).snd]
                φ ∧
              ↑↑v =ᵐ[(Measure.map (fun p => (p.1, p.1 + √η • p.2)) ((ℙ.tilted fun x => -V x).prod (stdGaussian E))).snd]
                gradient φ
hRough :
  ∀ (u : ↥(Lp ℝ 2 (Measure.map (fun p => (p.1, p.1 + √η • p.2)) ((ℙ.tilted fun x => -V x).prod (stdGaussian E))).snd)),
    (T u, K u) ∈ G.closure.graph ∧
      ‖T u‖ ≤ ‖u‖ ∧
        (↑↑(T u) =ᵐ[(Measure.map (fun p => (p.1, p.1 + √η • p.2)) ((ℙ.tilted fun x => -V x).prod (stdGaussian E))).snd]
            fun y => ∫ (x : E), ↑↑u x ∂ℙ.tilted fun x => -V ((1 / 2) • (y + x)) - ‖y - x‖ ^ 2 / (8 * η)) ∧
          (∀ᵐ (y :
              E) ∂(Measure.map (fun p => (p.1, p.1 + √η • p.2)) ((ℙ.tilted fun x => -V x).prod (stdGaussian E))).snd,
              Integrable (↑↑u) (ℙ.tilted fun x => -V ((1 / 2) • (y + x)) - ‖y - x‖ ^ 2 / (8 * η)) ∧
                Integrable (fun x => ↑↑u x ^ 2) (ℙ.tilted fun x => -V ((1 / 2) • (y + x)) - ‖y - x‖ ^ 2 / (8 * η))) ∧
            η * ‖K u‖ ^ 2 ≤ (1 - ↑α * η) ^ 2 / (4 * (1 + ↑α * η)) * (‖u‖ ^ 2 - ‖T u‖ ^ 2) ∧
              4 * η * ‖K u‖ ^ 2 ≤ ‖u‖ ^ 2 - ‖T u‖ ^ 2
ha0 : 0 < ↑α * η
ha1 : ↑α * η ≤ 1
hd : 0 < 1 + ↑α * η
ρ : ℝ := (1 - ↑α * η) / (1 + ↑α * η)
γ : ℝ := 2 * √(↑α * η) / (1 + ↑α * η)
hρ : 0 ≤ ρ
hγ : 0 < γ
hγSq : γ ^ 2 = 1 - ρ ^ 2
hCon : ∀ (u : ↥(Lp ℝ 2 ν)), ∫ (y : E), ↑↑u y ∂ν = 0 → ‖T u‖ ≤ ρ * ‖u‖
Q : ↥(Lp ℝ 2 ν) →L[ℝ] ↥(Lp ℝ 2 ν) := 1 - ((innerSL ℝ) q).smulRight q
hQ : ∀ (u : ↥(Lp ℝ 2 ν)), Q u = u - ⟪q, u⟫_ℝ • q
hQmean : ∀ (u : ↥(Lp ℝ 2 ν)), ⟪q, Q u⟫_ℝ = 0
hDecomp : ∀ (u : ↥(Lp ℝ 2 ν)), u = Q u + ⟪q, u⟫_ℝ • q
hQself : IsSelfAdjoint Q
hQinner : ∀ (u : ↥(Lp ℝ 2 ν)), ⟪Q u, u⟫_ℝ = ‖Q u‖ ^ 2
hQpos : Q.IsPositive
hQsq : Q * Q = Q
hΓQ : ∀ (u : ↥(Lp ℝ 2 ν)), Γ (Q u) = Γ u
hSquare : (Γ * Γ - γ • Q * γ • Q).IsPositive
hOrder : (Γ - γ • Q).IsPositive
qP : ↥HP := e q
HP0 : Submodule ℝ ↥HP := (↑((innerSL ℝ) qP)).ker
this✝ : NormedAddCommGroup ↥HP0 := HP0.normedAddCommGroup
this : InnerProductSpace ℝ ↥HP0 := HP0.innerProductSpace
f : ↥HP
⊢ ∫ (y : E), ↑↑(e.symm f) y ∂ν = 0 ↔ ∫ (y : E), ↑↑(e.symm (e (e.symm f))) y ∂ν = 0
runs/20261007-companion-priority/pbps-centered-root64/combined-draft-v8.lean:356:15: warning: `ContinuousLinearMap.sub_apply` has been deprecated: Use `sub_apply` instead

Note: The updated constant is in a different namespace. Dot notation may need to be changed (e.g., from `x.sub_apply` to `sub_apply x`).
runs/20261007-companion-priority/pbps-centered-root64/combined-draft-v8.lean:356:45: warning: `ContinuousLinearMap.smul_apply` has been deprecated: Use `smul_apply` instead

Note: The updated constant is in a different namespace. Dot notation may need to be changed (e.g., from `x.smul_apply` to `smul_apply x`).
runs/20261007-companion-priority/pbps-centered-root64/combined-draft-v8.lean:357:6: warning: `ContinuousLinearMap.one_apply` has been deprecated: Use `one_apply_eq_self` instead

Note: The updated constant is in a different namespace. Dot notation may need to be changed (e.g., from `x.one_apply` to `one_apply_eq_self x`).
runs/20261007-companion-priority/pbps-centered-root64/combined-draft-v8.lean:370:15: warning: `ContinuousLinearMap.sub_apply` has been deprecated: Use `sub_apply` instead

Note: The updated constant is in a different namespace. Dot notation may need to be changed (e.g., from `x.sub_apply` to `sub_apply x`).
runs/20261007-companion-priority/pbps-centered-root64/combined-draft-v8.lean:370:45: warning: `ContinuousLinearMap.smul_apply` has been deprecated: Use `smul_apply` instead

Note: The updated constant is in a different namespace. Dot notation may need to be changed (e.g., from `x.smul_apply` to `smul_apply x`).
runs/20261007-companion-priority/pbps-centered-root64/combined-draft-v8.lean:371:6: warning: `ContinuousLinearMap.one_apply` has been deprecated: Use `one_apply_eq_self` instead

Note: The updated constant is in a different namespace. Dot notation may need to be changed (e.g., from `x.one_apply` to `one_apply_eq_self x`).
runs/20261007-companion-priority/pbps-centered-root64/combined-draft-v8.lean:372:4: error: linarith failed to find a contradiction
E : Type u_1
inst✝⁴ : NormedAddCommGroup E
inst✝³ : InnerProductSpace ℝ E
inst✝² : FiniteDimensional ℝ E
inst✝¹ : MeasurableSpace E
inst✝ : BorelSpace E
V : E → ℝ
α β : ℝ≥0
η : ℝ
hα : 0 < ↑α
hαβ : α ≤ β
hV : ContDiff ℝ 2 V
hH : ∀ (x v : E), ↑α * ‖v‖ ^ 2 ≤ ((fderiv ℝ (fderiv ℝ V) x) v) v ∧ ((fderiv ℝ (fderiv ℝ V) x) v) v ≤ ↑β * ‖v‖ ^ 2
hη : 0 < η
hβη : ↑β * η ≤ 1
μ : Measure E := ℙ.tilted fun x => -V x
J : Measure (E × E) := Measure.map (fun p => (p.1, p.1 + √η • p.2)) (μ.prod (stdGaussian E))
ν : Measure E := J.snd
mY : MeasurableSpace (E × E) := MeasurableSpace.comap Prod.snd inferInstance
this✝⁷ : MeasurableSpace (E × E) := Prod.instMeasurableSpace
this✝⁶ : Fact (mY ≤ inferInstance) := { out := Measurable.comap_le measurable_snd }
HP : Submodule ℝ ↥(Lp ℝ 2 J) := lpMeas ℝ ℝ mY 2 J
this✝⁵ : NormedAddCommGroup ↥HP := HP.normedAddCommGroup
this✝⁴ : InnerProductSpace ℝ ↥HP := HP.innerProductSpace
P : ↥(Lp ℝ 2 J) →L[ℝ] ↥(Lp ℝ 2 J) := HP.subtypeL ∘SL condExpL2 ℝ ℝ ⋯
hμ : IsProbabilityMeasure (ℙ.tilted fun x => -V x)
hJ : IsProbabilityMeasure (Measure.map (fun p => (p.1, p.1 + √η • p.2)) ((ℙ.tilted fun x => -V x).prod (stdGaussian E)))
hν :
  IsProbabilityMeasure
    (Measure.map (fun p => (p.1, p.1 + √η • p.2)) ((ℙ.tilted fun x => -V x).prod (stdGaussian E))).snd
hRange :
  lpMeas ℝ ℝ (MeasurableSpace.comap Prod.snd inferInstance) 2
      (Measure.map (fun p => (p.1, p.1 + √η • p.2)) ((ℙ.tilted fun x => -V x).prod (stdGaussian E))) =
    (↑((lpMeas ℝ ℝ (MeasurableSpace.comap Prod.snd inferInstance) 2
              (Measure.map (fun p => (p.1, p.1 + √η • p.2))
                ((ℙ.tilted fun x => -V x).prod (stdGaussian E)))).subtypeL ∘SL
          condExpL2 ℝ ℝ ⋯)).range
hPf :
  ∀
    (f :
      ↥(lpMeas ℝ ℝ (MeasurableSpace.comap Prod.snd inferInstance) 2
          (Measure.map (fun p => (p.1, p.1 + √η • p.2)) ((ℙ.tilted fun x => -V x).prod (stdGaussian E))))),
    ((lpMeas ℝ ℝ (MeasurableSpace.comap Prod.snd inferInstance) 2
              (Measure.map (fun p => (p.1, p.1 + √η • p.2))
                ((ℙ.tilted fun x => -V x).prod (stdGaussian E)))).subtypeL ∘SL
          condExpL2 ℝ ℝ ⋯)
        ↑f =
      ↑f
S : Kernel E E
hS : IsMarkovKernel S
hSd : ∀ (y : E), S y = ℙ.tilted fun x => -V ((1 / 2) • (y + x)) - ‖y - x‖ ^ 2 / (8 * η)
hSc :
  (Measure.map (fun p => (p.2, 2 • p.1 - p.2))
        (Measure.map (fun p => (p.1, p.1 + √η • p.2)) ((ℙ.tilted fun x => -V x).prod (stdGaussian E)))).IsCondKernel
    S
hSf :
  (Measure.map (fun p => (p.2, 2 • p.1 - p.2))
        (Measure.map (fun p => (p.1, p.1 + √η • p.2)) ((ℙ.tilted fun x => -V x).prod (stdGaussian E)))).fst =
    (Measure.map (fun p => (p.1, p.1 + √η • p.2)) ((ℙ.tilted fun x => -V x).prod (stdGaussian E))).snd
hSs :
  (Measure.map (fun p => (p.2, 2 • p.1 - p.2))
        (Measure.map (fun p => (p.1, p.1 + √η • p.2)) ((ℙ.tilted fun x => -V x).prod (stdGaussian E)))).snd =
    (Measure.map (fun p => (p.1, p.1 + √η • p.2)) ((ℙ.tilted fun x => -V x).prod (stdGaussian E))).snd
e :
  ↥(Lp ℝ 2 (Measure.map (fun p => (p.1, p.1 + √η • p.2)) ((ℙ.tilted fun x => -V x).prod (stdGaussian E))).snd) ≃ₗᵢ[ℝ]
    ↥(lpMeas ℝ ℝ (MeasurableSpace.comap Prod.snd inferInstance) 2
        (Measure.map (fun p => (p.1, p.1 + √η • p.2)) ((ℙ.tilted fun x => -V x).prod (stdGaussian E))))
he :
  ∀ (u : ↥(Lp ℝ 2 (Measure.map (fun p => (p.1, p.1 + √η • p.2)) ((ℙ.tilted fun x => -V x).prod (stdGaussian E))).snd)),
    ↑(e u) = (Lp.compMeasurePreservingₗᵢ ℝ Prod.snd ⋯) u
U :
  ↥(Lp ℝ 2 (Measure.map (fun p => (p.1, p.1 + √η • p.2)) ((ℙ.tilted fun x => -V x).prod (stdGaussian E)))) →ₗᵢ[ℝ]
    ↥(Lp ℝ 2 (Measure.map (fun p => (p.1, p.1 + √η • p.2)) ((ℙ.tilted fun x => -V x).prod (stdGaussian E))))
hU :
  ∀ (g : ↥(Lp ℝ 2 (Measure.map (fun p => (p.1, p.1 + √η • p.2)) ((ℙ.tilted fun x => -V x).prod (stdGaussian E))))),
    ↑↑(U g) =ᵐ[Measure.map (fun p => (p.1, p.1 + √η • p.2)) ((ℙ.tilted fun x => -V x).prod (stdGaussian E))]
      ↑↑g ∘ fun p => (p.1, 2 • p.1 - p.2)
hUi : Function.Involutive ⇑U
hUs : IsSelfAdjoint U.toContinuousLinearMap
T :
  ↥(Lp ℝ 2 (Measure.map (fun p => (p.1, p.1 + √η • p.2)) ((ℙ.tilted fun x => -V x).prod (stdGaussian E))).snd) →L[ℝ]
    ↥(Lp ℝ 2 (Measure.map (fun p => (p.1, p.1 + √η • p.2)) ((ℙ.tilted fun x => -V x).prod (stdGaussian E))).snd)
hTs : IsSelfAdjoint T
hAll :
  ∀ (u : ↥(Lp ℝ 2 (Measure.map (fun p => (p.1, p.1 + √η • p.2)) ((ℙ.tilted fun x => -V x).prod (stdGaussian E))).snd)),
    ‖T u‖ ≤ ‖u‖ ∧
      (↑↑(T u) =ᵐ[(Measure.map (fun p => (p.1, p.1 + √η • p.2)) ((ℙ.tilted fun x => -V x).prod (stdGaussian E))).snd]
          fun y => ∫ (x : E), ↑↑u x ∂S y) ∧
        ∫ (y : E),
            ↑↑(T u)
              y ∂(Measure.map (fun p => (p.1, p.1 + √η • p.2)) ((ℙ.tilted fun x => -V x).prod (stdGaussian E))).snd =
          ∫ (y : E),
            ↑↑u y ∂(Measure.map (fun p => (p.1, p.1 + √η • p.2)) ((ℙ.tilted fun x => -V x).prod (stdGaussian E))).snd
hAeq :
  (lpMeas ℝ ℝ (MeasurableSpace.comap Prod.snd inferInstance) 2
          (Measure.map (fun p => (p.1, p.1 + √η • p.2))
            ((ℙ.tilted fun x => -V x).prod (stdGaussian E)))).orthogonalProjectionOnto ∘SL
      U.toContinuousLinearMap ∘SL
        (lpMeas ℝ ℝ (MeasurableSpace.comap Prod.snd inferInstance) 2
            (Measure.map (fun p => (p.1, p.1 + √η • p.2)) ((ℙ.tilted fun x => -V x).prod (stdGaussian E)))).subtypeL =
    e.conjStarAlgEquiv T
hAs :
  IsSelfAdjoint
    ((lpMeas ℝ ℝ (MeasurableSpace.comap Prod.snd inferInstance) 2
          (Measure.map (fun p => (p.1, p.1 + √η • p.2))
            ((ℙ.tilted fun x => -V x).prod (stdGaussian E)))).orthogonalProjectionOnto ∘SL
      U.toContinuousLinearMap ∘SL
        (lpMeas ℝ ℝ (MeasurableSpace.comap Prod.snd inferInstance) 2
            (Measure.map (fun p => (p.1, p.1 + √η • p.2)) ((ℙ.tilted fun x => -V x).prod (stdGaussian E)))).subtypeL)
hAn :
  ∀
    (f :
      ↥(lpMeas ℝ ℝ (MeasurableSpace.comap Prod.snd inferInstance) 2
          (Measure.map (fun p => (p.1, p.1 + √η • p.2)) ((ℙ.tilted fun x => -V x).prod (stdGaussian E))))),
    ‖((lpMeas ℝ ℝ (MeasurableSpace.comap Prod.snd inferInstance) 2
                (Measure.map (fun p => (p.1, p.1 + √η • p.2))
                  ((ℙ.tilted fun x => -V x).prod (stdGaussian E)))).orthogonalProjectionOnto ∘SL
            U.toContinuousLinearMap ∘SL
              (lpMeas ℝ ℝ (MeasurableSpace.comap Prod.snd inferInstance) 2
                  (Measure.map (fun p => (p.1, p.1 + √η • p.2))
                    ((ℙ.tilted fun x => -V x).prod (stdGaussian E)))).subtypeL)
          f‖ ≤
      ‖f‖
hPB :
  ∀
    (f :
      ↥(lpMeas ℝ ℝ (MeasurableSpace.comap Prod.snd inferInstance) 2
          (Measure.map (fun p => (p.1, p.1 + √η • p.2)) ((ℙ.tilted fun x => -V x).prod (stdGaussian E))))),
    ((lpMeas ℝ ℝ (MeasurableSpace.comap Prod.snd inferInstance) 2
              (Measure.map (fun p => (p.1, p.1 + √η • p.2))
                ((ℙ.tilted fun x => -V x).prod (stdGaussian E)))).subtypeL ∘SL
          condExpL2 ℝ ℝ ⋯)
        ((((1 -
                  (lpMeas ℝ ℝ (MeasurableSpace.comap Prod.snd inferInstance) 2
                        (Measure.map (fun p => (p.1, p.1 + √η • p.2))
                          ((ℙ.tilted fun x => -V x).prod (stdGaussian E)))).subtypeL ∘SL
                    condExpL2 ℝ ℝ ⋯) *
                U.toContinuousLinearMap *
              (lpMeas ℝ ℝ (MeasurableSpace.comap Prod.snd inferInstance) 2
                    (Measure.map (fun p => (p.1, p.1 + √η • p.2))
                      ((ℙ.tilted fun x => -V x).prod (stdGaussian E)))).subtypeL ∘SL
                condExpL2 ℝ ℝ ⋯) ∘SL
            (lpMeas ℝ ℝ (MeasurableSpace.comap Prod.snd inferInstance) 2
                (Measure.map (fun p => (p.1, p.1 + √η • p.2))
                  ((ℙ.tilted fun x => -V x).prod (stdGaussian E)))).subtypeL)
          f) =
      0
Γ :
  ↥(Lp ℝ 2 (Measure.map (fun p => (p.1, p.1 + √η • p.2)) ((ℙ.tilted fun x => -V x).prod (stdGaussian E))).snd) →L[ℝ]
    ↥(Lp ℝ 2 (Measure.map (fun p => (p.1, p.1 + √η • p.2)) ((ℙ.tilted fun x => -V x).prod (stdGaussian E))).snd)
hΓ : Γ.IsPositive
hΓSq : Γ * Γ = 1 - T * T
hΓP : (e.conjStarAlgEquiv Γ).IsPositive
hΓPSq :
  e.conjStarAlgEquiv Γ * e.conjStarAlgEquiv Γ =
    1 -
      (lpMeas ℝ ℝ (MeasurableSpace.comap Prod.snd inferInstance) 2
              (Measure.map (fun p => (p.1, p.1 + √η • p.2))
                ((ℙ.tilted fun x => -V x).prod (stdGaussian E)))).orthogonalProjectionOnto ∘SL
          U.toContinuousLinearMap ∘SL
            (lpMeas ℝ ℝ (MeasurableSpace.comap Prod.snd inferInstance) 2
                (Measure.map (fun p => (p.1, p.1 + √η • p.2))
                  ((ℙ.tilted fun x => -V x).prod (stdGaussian E)))).subtypeL *
        (lpMeas ℝ ℝ (MeasurableSpace.comap Prod.snd inferInstance) 2
              (Measure.map (fun p => (p.1, p.1 + √η • p.2))
                ((ℙ.tilted fun x => -V x).prod (stdGaussian E)))).orthogonalProjectionOnto ∘SL
          U.toContinuousLinearMap ∘SL
            (lpMeas ℝ ℝ (MeasurableSpace.comap Prod.snd inferInstance) 2
                (Measure.map (fun p => (p.1, p.1 + √η • p.2)) ((ℙ.tilted fun x => -V x).prod (stdGaussian E)))).subtypeL
hGram :
  ContinuousLinearMap.adjoint
        (((1 -
                (lpMeas ℝ ℝ (MeasurableSpace.comap Prod.snd inferInstance) 2
                      (Measure.map (fun p => (p.1, p.1 + √η • p.2))
                        ((ℙ.tilted fun x => -V x).prod (stdGaussian E)))).subtypeL ∘SL
                  condExpL2 ℝ ℝ ⋯) *
              U.toContinuousLinearMap *
            (lpMeas ℝ ℝ (MeasurableSpace.comap Prod.snd inferInstance) 2
                  (Measure.map (fun p => (p.1, p.1 + √η • p.2))
                    ((ℙ.tilted fun x => -V x).prod (stdGaussian E)))).subtypeL ∘SL
              condExpL2 ℝ ℝ ⋯) ∘SL
          (lpMeas ℝ ℝ (MeasurableSpace.comap Prod.snd inferInstance) 2
              (Measure.map (fun p => (p.1, p.1 + √η • p.2))
                ((ℙ.tilted fun x => -V x).prod (stdGaussian E)))).subtypeL) ∘SL
      ((1 -
              (lpMeas ℝ ℝ (MeasurableSpace.comap Prod.snd inferInstance) 2
                    (Measure.map (fun p => (p.1, p.1 + √η • p.2))
                      ((ℙ.tilted fun x => -V x).prod (stdGaussian E)))).subtypeL ∘SL
                condExpL2 ℝ ℝ ⋯) *
            U.toContinuousLinearMap *
          (lpMeas ℝ ℝ (MeasurableSpace.comap Prod.snd inferInstance) 2
                (Measure.map (fun p => (p.1, p.1 + √η • p.2))
                  ((ℙ.tilted fun x => -V x).prod (stdGaussian E)))).subtypeL ∘SL
            condExpL2 ℝ ℝ ⋯) ∘SL
        (lpMeas ℝ ℝ (MeasurableSpace.comap Prod.snd inferInstance) 2
            (Measure.map (fun p => (p.1, p.1 + √η • p.2)) ((ℙ.tilted fun x => -V x).prod (stdGaussian E)))).subtypeL =
    e.conjStarAlgEquiv Γ * e.conjStarAlgEquiv Γ
hEnergy :
  ∀
    (f :
      ↥(lpMeas ℝ ℝ (MeasurableSpace.comap Prod.snd inferInstance) 2
          (Measure.map (fun p => (p.1, p.1 + √η • p.2)) ((ℙ.tilted fun x => -V x).prod (stdGaussian E))))),
    ‖(((1 -
                    (lpMeas ℝ ℝ (MeasurableSpace.comap Prod.snd inferInstance) 2
                          (Measure.map (fun p => (p.1, p.1 + √η • p.2))
                            ((ℙ.tilted fun x => -V x).prod (stdGaussian E)))).subtypeL ∘SL
                      condExpL2 ℝ ℝ ⋯) *
                  U.toContinuousLinearMap *
                (lpMeas ℝ ℝ (MeasurableSpace.comap Prod.snd inferInstance) 2
                      (Measure.map (fun p => (p.1, p.1 + √η • p.2))
                        ((ℙ.tilted fun x => -V x).prod (stdGaussian E)))).subtypeL ∘SL
                  condExpL2 ℝ ℝ ⋯) ∘SL
              (lpMeas ℝ ℝ (MeasurableSpace.comap Prod.snd inferInstance) 2
                  (Measure.map (fun p => (p.1, p.1 + √η • p.2))
                    ((ℙ.tilted fun x => -V x).prod (stdGaussian E)))).subtypeL)
            f‖ =
        ‖(e.conjStarAlgEquiv Γ) f‖ ∧
      ‖(e.conjStarAlgEquiv Γ) f‖ ^ 2 =
        ‖f‖ ^ 2 -
          ‖((lpMeas ℝ ℝ (MeasurableSpace.comap Prod.snd inferInstance) 2
                      (Measure.map (fun p => (p.1, p.1 + √η • p.2))
                        ((ℙ.tilted fun x => -V x).prod (stdGaussian E)))).orthogonalProjectionOnto ∘SL
                  U.toContinuousLinearMap ∘SL
                    (lpMeas ℝ ℝ (MeasurableSpace.comap Prod.snd inferInstance) 2
                        (Measure.map (fun p => (p.1, p.1 + √η • p.2))
                          ((ℙ.tilted fun x => -V x).prod (stdGaussian E)))).subtypeL)
                f‖ ^
            2
hUnique :
  ∀
    (G :
      ↥(lpMeas ℝ ℝ (MeasurableSpace.comap Prod.snd inferInstance) 2
            (Measure.map (fun p => (p.1, p.1 + √η • p.2)) ((ℙ.tilted fun x => -V x).prod (stdGaussian E)))) →L[ℝ]
        ↥(lpMeas ℝ ℝ (MeasurableSpace.comap Prod.snd inferInstance) 2
            (Measure.map (fun p => (p.1, p.1 + √η • p.2)) ((ℙ.tilted fun x => -V x).prod (stdGaussian E))))),
    G.IsPositive →
      G * G =
          1 -
            (lpMeas ℝ ℝ (MeasurableSpace.comap Prod.snd inferInstance) 2
                    (Measure.map (fun p => (p.1, p.1 + √η • p.2))
                      ((ℙ.tilted fun x => -V x).prod (stdGaussian E)))).orthogonalProjectionOnto ∘SL
                U.toContinuousLinearMap ∘SL
                  (lpMeas ℝ ℝ (MeasurableSpace.comap Prod.snd inferInstance) 2
                      (Measure.map (fun p => (p.1, p.1 + √η • p.2))
                        ((ℙ.tilted fun x => -V x).prod (stdGaussian E)))).subtypeL *
              (lpMeas ℝ ℝ (MeasurableSpace.comap Prod.snd inferInstance) 2
                    (Measure.map (fun p => (p.1, p.1 + √η • p.2))
                      ((ℙ.tilted fun x => -V x).prod (stdGaussian E)))).orthogonalProjectionOnto ∘SL
                U.toContinuousLinearMap ∘SL
                  (lpMeas ℝ ℝ (MeasurableSpace.comap Prod.snd inferInstance) 2
                      (Measure.map (fun p => (p.1, p.1 + √η • p.2))
                        ((ℙ.tilted fun x => -V x).prod (stdGaussian E)))).subtypeL →
        G = e.conjStarAlgEquiv Γ
this✝³ : IsProbabilityMeasure μ := hμ
this✝² : IsProbabilityMeasure J := hJ
this✝¹ : IsProbabilityMeasure ν := hν
A : ↥HP →L[ℝ] ↥HP := HP.orthogonalProjectionOnto ∘SL U.toContinuousLinearMap ∘SL HP.subtypeL
B : ↥HP →L[ℝ] ↥(Lp ℝ 2 J) := ((1 - P) * U.toContinuousLinearMap * P) ∘SL HP.subtypeL
ΓP : ↥HP →L[ℝ] ↥HP := e.conjStarAlgEquiv Γ
hAeqLocal : A = e.conjStarAlgEquiv T
q : ↥(Lp ℝ 2 ν) := TechnicalLemmas.Measure.L2Expectation.one ν
hq : ∀ (u : ↥(Lp ℝ 2 ν)), ⟪q, u⟫_ℝ = ∫ (y : E), ↑↑u y ∂ν
hqa : ↑↑q =ᵐ[ν] fun x => 1
hTq : T q = q
hqq : ⟪q, q⟫_ℝ = 1
hΓEnergy : ∀ (u : ↥(Lp ℝ 2 ν)), ‖Γ u‖ ^ 2 = ‖u‖ ^ 2 - ‖T u‖ ^ 2
hΓq : Γ q = 0
left✝⁵ :
  IsProbabilityMeasure
    (Measure.map (fun p => (p.1, p.1 + √η • p.2)) ((ℙ.tilted fun x => -V x).prod (stdGaussian E))).snd
G :
  ↥(Lp ℝ 2 (Measure.map (fun p => (p.1, p.1 + √η • p.2)) ((ℙ.tilted fun x => -V x).prod (stdGaussian E))).snd) →ₗ.[ℝ]
    ↥(Lp E 2 (Measure.map (fun p => (p.1, p.1 + √η • p.2)) ((ℙ.tilted fun x => -V x).prod (stdGaussian E))).snd)
left✝⁴ : Dense ↑G.domain
hClose : G.IsClosable
hClosed : G.closure.IsClosed
hGraph :
  ∀ (u : ↥(Lp ℝ 2 (Measure.map (fun p => (p.1, p.1 + √η • p.2)) ((ℙ.tilted fun x => -V x).prod (stdGaussian E))).snd))
    (v : ↥(Lp E 2 (Measure.map (fun p => (p.1, p.1 + √η • p.2)) ((ℙ.tilted fun x => -V x).prod (stdGaussian E))).snd)),
    (u, v) ∈ G.graph ↔
      ∃ φ,
        ContDiff ℝ ∞ φ ∧
          HasCompactSupport φ ∧
            ↑↑u =ᵐ[(Measure.map (fun p => (p.1, p.1 + √η • p.2)) ((ℙ.tilted fun x => -V x).prod (stdGaussian E))).snd]
                φ ∧
              ↑↑v =ᵐ[(Measure.map (fun p => (p.1, p.1 + √η • p.2)) ((ℙ.tilted fun x => -V x).prod (stdGaussian E))).snd]
                gradient φ
hPI :
  ∀ (z : ↥G.closure.domain),
    ∫ (x : E),
          ↑↑↑z x ∂(Measure.map (fun p => (p.1, p.1 + √η • p.2)) ((ℙ.tilted fun x => -V x).prod (stdGaussian E))).snd =
        0 →
      ↑α / (1 + ↑α * η) * ‖↑z‖ ^ 2 ≤ ‖↑G.closure z‖ ^ 2
left✝³ :
  IsProbabilityMeasure
    (Measure.map (fun p => (p.1, p.1 + √η • p.2)) ((ℙ.tilted fun x => -V x).prod (stdGaussian E))).snd
K :
  ↥(Lp ℝ 2 (Measure.map (fun p => (p.1, p.1 + √η • p.2)) ((ℙ.tilted fun x => -V x).prod (stdGaussian E))).snd) →L[ℝ]
    ↥(Lp E 2 (Measure.map (fun p => (p.1, p.1 + √η • p.2)) ((ℙ.tilted fun x => -V x).prod (stdGaussian E))).snd)
left✝² : Dense ↑G.domain
left✝¹ : G.IsClosable
left✝ : G.closure.IsClosed
hGraph' :
  ∀ (u : ↥(Lp ℝ 2 (Measure.map (fun p => (p.1, p.1 + √η • p.2)) ((ℙ.tilted fun x => -V x).prod (stdGaussian E))).snd))
    (v : ↥(Lp E 2 (Measure.map (fun p => (p.1, p.1 + √η • p.2)) ((ℙ.tilted fun x => -V x).prod (stdGaussian E))).snd)),
    (u, v) ∈ G.graph ↔
      ∃ φ,
        ContDiff ℝ ∞ φ ∧
          HasCompactSupport φ ∧
            ↑↑u =ᵐ[(Measure.map (fun p => (p.1, p.1 + √η • p.2)) ((ℙ.tilted fun x => -V x).prod (stdGaussian E))).snd]
                φ ∧
              ↑↑v =ᵐ[(Measure.map (fun p => (p.1, p.1 + √η • p.2)) ((ℙ.tilted fun x => -V x).prod (stdGaussian E))).snd]
                gradient φ
hRough :
  ∀ (u : ↥(Lp ℝ 2 (Measure.map (fun p => (p.1, p.1 + √η • p.2)) ((ℙ.tilted fun x => -V x).prod (stdGaussian E))).snd)),
    (T u, K u) ∈ G.closure.graph ∧
      ‖T u‖ ≤ ‖u‖ ∧
        (↑↑(T u) =ᵐ[(Measure.map (fun p => (p.1, p.1 + √η • p.2)) ((ℙ.tilted fun x => -V x).prod (stdGaussian E))).snd]
            fun y => ∫ (x : E), ↑↑u x ∂ℙ.tilted fun x => -V ((1 / 2) • (y + x)) - ‖y - x‖ ^ 2 / (8 * η)) ∧
          (∀ᵐ (y :
              E) ∂(Measure.map (fun p => (p.1, p.1 + √η • p.2)) ((ℙ.tilted fun x => -V x).prod (stdGaussian E))).snd,
              Integrable (↑↑u) (ℙ.tilted fun x => -V ((1 / 2) • (y + x)) - ‖y - x‖ ^ 2 / (8 * η)) ∧
                Integrable (fun x => ↑↑u x ^ 2) (ℙ.tilted fun x => -V ((1 / 2) • (y + x)) - ‖y - x‖ ^ 2 / (8 * η))) ∧
            η * ‖K u‖ ^ 2 ≤ (1 - ↑α * η) ^ 2 / (4 * (1 + ↑α * η)) * (‖u‖ ^ 2 - ‖T u‖ ^ 2) ∧
              4 * η * ‖K u‖ ^ 2 ≤ ‖u‖ ^ 2 - ‖T u‖ ^ 2
ha0 : 0 < ↑α * η
ha1 : ↑α * η ≤ 1
hd : 0 < 1 + ↑α * η
ρ : ℝ := (1 - ↑α * η) / (1 + ↑α * η)
γ : ℝ := 2 * √(↑α * η) / (1 + ↑α * η)
hρ : 0 ≤ ρ
hγ : 0 < γ
hγSq : γ ^ 2 = 1 - ρ ^ 2
hCon : ∀ (u : ↥(Lp ℝ 2 ν)), ∫ (y : E), ↑↑u y ∂ν = 0 → ‖T u‖ ≤ ρ * ‖u‖
Q : ↥(Lp ℝ 2 ν) →L[ℝ] ↥(Lp ℝ 2 ν) := 1 - ((innerSL ℝ) q).smulRight q
hQ : ∀ (u : ↥(Lp ℝ 2 ν)), Q u = u - ⟪q, u⟫_ℝ • q
hQmean : ∀ (u : ↥(Lp ℝ 2 ν)), ⟪q, Q u⟫_ℝ = 0
hDecomp : ∀ (u : ↥(Lp ℝ 2 ν)), u = Q u + ⟪q, u⟫_ℝ • q
hQself : IsSelfAdjoint Q
hQinner : ∀ (u : ↥(Lp ℝ 2 ν)), ⟪Q u, u⟫_ℝ = ‖Q u‖ ^ 2
hQpos : Q.IsPositive
hQsq : Q * Q = Q
hΓQ : ∀ (u : ↥(Lp ℝ 2 ν)), Γ (Q u) = Γ u
hSquare : (Γ * Γ - γ • Q * γ • Q).IsPositive
hOrder : (Γ - γ • Q).IsPositive
qP : ↥HP := e q
HP0 : Submodule ℝ ↥HP := (↑((innerSL ℝ) qP)).ker
this✝ : NormedAddCommGroup ↥HP0 := HP0.normedAddCommGroup
this : InnerProductSpace ℝ ↥HP0 := HP0.innerProductSpace
hCenter : ∀ (f : ↥HP), f ∈ HP0 ↔ ∫ (y : E), ↑↑(e.symm f) y ∂ν = 0
hΓPq : ΓP qP = 0
hInv : ∀ (f : ↥HP0), ΓP ↑f ∈ HP0
ΓP0 : ↥HP0 →L[ℝ] ↥HP0 := (ΓP ∘SL HP0.subtypeL).codRestrict HP0 hInv
hΓP0 : ∀ (f : ↥HP0), ↑(ΓP0 f) = ΓP ↑f
hPos0 : ΓP0.IsPositive
hOrder0 : (ΓP0 - γ • 1).IsPositive
f : ↥HP0
h : 0 ≤ ⟪ΓP0 f, f⟫_ℝ - (starRingEnd ℝ) γ * ‖f‖ ^ 2
a✝ : ⟪ΓP0 f, f⟫_ℝ < γ * ‖f‖ ^ 2
⊢ False
failed
runs/20261007-companion-priority/pbps-centered-root64/combined-draft-v8.lean:382:8: error: Tactic `rewrite` failed: motive is not type correct:
  fun _a => ↑hUnit.unit⁻¹ * _a = 1
Error: Application type mismatch: The argument
  hUnit
has type
  IsUnit ΓP0
but is expected to have type
  IsUnit _a
in the application
  hUnit.unit

Explanation: The rewrite tactic rewrites an expression 'e' using an equality 'a = b' by the following process. First, it looks for all 'a' in 'e'. Second, it tries to abstract these occurrences of 'a' to create a function 'm := fun _a => ...', called the *motive*, with the property that 'm a' is definitionally equal to 'e'. Third, we observe that 'congrArg' implies that 'm a = m b', which can be used with lemmas such as 'Eq.mpr' to change the goal. However, if 'e' depends on specific properties of 'a', then the motive 'm' might not typecheck.

Possible solutions: use rewrite's 'occs' configuration option to limit which occurrences are rewritten, or use 'simp' or 'conv' mode, which have strategies for certain kinds of dependencies (these tactics can handle proofs and 'Decidable' instances whose types depend on the rewritten term, and 'simp' can apply user-defined '@[congr]' theorems as well).

E : Type u_1
inst✝⁴ : NormedAddCommGroup E
inst✝³ : InnerProductSpace ℝ E
inst✝² : FiniteDimensional ℝ E
inst✝¹ : MeasurableSpace E
inst✝ : BorelSpace E
V : E → ℝ
α β : ℝ≥0
η : ℝ
hα : 0 < ↑α
hαβ : α ≤ β
hV : ContDiff ℝ 2 V
hH : ∀ (x v : E), ↑α * ‖v‖ ^ 2 ≤ ((fderiv ℝ (fderiv ℝ V) x) v) v ∧ ((fderiv ℝ (fderiv ℝ V) x) v) v ≤ ↑β * ‖v‖ ^ 2
hη : 0 < η
hβη : ↑β * η ≤ 1
μ : Measure E := ℙ.tilted fun x => -V x
J : Measure (E × E) := Measure.map (fun p => (p.1, p.1 + √η • p.2)) (μ.prod (stdGaussian E))
ν : Measure E := J.snd
mY : MeasurableSpace (E × E) := MeasurableSpace.comap Prod.snd inferInstance
this✝⁷ : MeasurableSpace (E × E) := Prod.instMeasurableSpace
this✝⁶ : Fact (mY ≤ inferInstance) := { out := Measurable.comap_le measurable_snd }
HP : Submodule ℝ ↥(Lp ℝ 2 J) := lpMeas ℝ ℝ mY 2 J
this✝⁵ : NormedAddCommGroup ↥HP := HP.normedAddCommGroup
this✝⁴ : InnerProductSpace ℝ ↥HP := HP.innerProductSpace
P : ↥(Lp ℝ 2 J) →L[ℝ] ↥(Lp ℝ 2 J) := HP.subtypeL ∘SL condExpL2 ℝ ℝ ⋯
hμ : IsProbabilityMeasure (ℙ.tilted fun x => -V x)
hJ : IsProbabilityMeasure (Measure.map (fun p => (p.1, p.1 + √η • p.2)) ((ℙ.tilted fun x => -V x).prod (stdGaussian E)))
hν :
  IsProbabilityMeasure
    (Measure.map (fun p => (p.1, p.1 + √η • p.2)) ((ℙ.tilted fun x => -V x).prod (stdGaussian E))).snd
hRange :
  lpMeas ℝ ℝ (MeasurableSpace.comap Prod.snd inferInstance) 2
      (Measure.map (fun p => (p.1, p.1 + √η • p.2)) ((ℙ.tilted fun x => -V x).prod (stdGaussian E))) =
    (↑((lpMeas ℝ ℝ (MeasurableSpace.comap Prod.snd inferInstance) 2
              (Measure.map (fun p => (p.1, p.1 + √η • p.2))
                ((ℙ.tilted fun x => -V x).prod (stdGaussian E)))).subtypeL ∘SL
          condExpL2 ℝ ℝ ⋯)).range
hPf :
  ∀
    (f :
      ↥(lpMeas ℝ ℝ (MeasurableSpace.comap Prod.snd inferInstance) 2
          (Measure.map (fun p => (p.1, p.1 + √η • p.2)) ((ℙ.tilted fun x => -V x).prod (stdGaussian E))))),
    ((lpMeas ℝ ℝ (MeasurableSpace.comap Prod.snd inferInstance) 2
              (Measure.map (fun p => (p.1, p.1 + √η • p.2))
                ((ℙ.tilted fun x => -V x).prod (stdGaussian E)))).subtypeL ∘SL
          condExpL2 ℝ ℝ ⋯)
        ↑f =
      ↑f
S : Kernel E E
hS : IsMarkovKernel S
hSd : ∀ (y : E), S y = ℙ.tilted fun x => -V ((1 / 2) • (y + x)) - ‖y - x‖ ^ 2 / (8 * η)
hSc :
  (Measure.map (fun p => (p.2, 2 • p.1 - p.2))
        (Measure.map (fun p => (p.1, p.1 + √η • p.2)) ((ℙ.tilted fun x => -V x).prod (stdGaussian E)))).IsCondKernel
    S
hSf :
  (Measure.map (fun p => (p.2, 2 • p.1 - p.2))
        (Measure.map (fun p => (p.1, p.1 + √η • p.2)) ((ℙ.tilted fun x => -V x).prod (stdGaussian E)))).fst =
    (Measure.map (fun p => (p.1, p.1 + √η • p.2)) ((ℙ.tilted fun x => -V x).prod (stdGaussian E))).snd
hSs :
  (Measure.map (fun p => (p.2, 2 • p.1 - p.2))
        (Measure.map (fun p => (p.1, p.1 + √η • p.2)) ((ℙ.tilted fun x => -V x).prod (stdGaussian E)))).snd =
    (Measure.map (fun p => (p.1, p.1 + √η • p.2)) ((ℙ.tilted fun x => -V x).prod (stdGaussian E))).snd
e :
  ↥(Lp ℝ 2 (Measure.map (fun p => (p.1, p.1 + √η • p.2)) ((ℙ.tilted fun x => -V x).prod (stdGaussian E))).snd) ≃ₗᵢ[ℝ]
    ↥(lpMeas ℝ ℝ (MeasurableSpace.comap Prod.snd inferInstance) 2
        (Measure.map (fun p => (p.1, p.1 + √η • p.2)) ((ℙ.tilted fun x => -V x).prod (stdGaussian E))))
he :
  ∀ (u : ↥(Lp ℝ 2 (Measure.map (fun p => (p.1, p.1 + √η • p.2)) ((ℙ.tilted fun x => -V x).prod (stdGaussian E))).snd)),
    ↑(e u) = (Lp.compMeasurePreservingₗᵢ ℝ Prod.snd ⋯) u
U :
  ↥(Lp ℝ 2 (Measure.map (fun p => (p.1, p.1 + √η • p.2)) ((ℙ.tilted fun x => -V x).prod (stdGaussian E)))) →ₗᵢ[ℝ]
    ↥(Lp ℝ 2 (Measure.map (fun p => (p.1, p.1 + √η • p.2)) ((ℙ.tilted fun x => -V x).prod (stdGaussian E))))
hU :
  ∀ (g : ↥(Lp ℝ 2 (Measure.map (fun p => (p.1, p.1 + √η • p.2)) ((ℙ.tilted fun x => -V x).prod (stdGaussian E))))),
    ↑↑(U g) =ᵐ[Measure.map (fun p => (p.1, p.1 + √η • p.2)) ((ℙ.tilted fun x => -V x).prod (stdGaussian E))]
      ↑↑g ∘ fun p => (p.1, 2 • p.1 - p.2)
hUi : Function.Involutive ⇑U
hUs : IsSelfAdjoint U.toContinuousLinearMap
T :
  ↥(Lp ℝ 2 (Measure.map (fun p => (p.1, p.1 + √η • p.2)) ((ℙ.tilted fun x => -V x).prod (stdGaussian E))).snd) →L[ℝ]
    ↥(Lp ℝ 2 (Measure.map (fun p => (p.1, p.1 + √η • p.2)) ((ℙ.tilted fun x => -V x).prod (stdGaussian E))).snd)
hTs : IsSelfAdjoint T
hAll :
  ∀ (u : ↥(Lp ℝ 2 (Measure.map (fun p => (p.1, p.1 + √η • p.2)) ((ℙ.tilted fun x => -V x).prod (stdGaussian E))).snd)),
    ‖T u‖ ≤ ‖u‖ ∧
      (↑↑(T u) =ᵐ[(Measure.map (fun p => (p.1, p.1 + √η • p.2)) ((ℙ.tilted fun x => -V x).prod (stdGaussian E))).snd]
          fun y => ∫ (x : E), ↑↑u x ∂S y) ∧
        ∫ (y : E),
            ↑↑(T u)
              y ∂(Measure.map (fun p => (p.1, p.1 + √η • p.2)) ((ℙ.tilted fun x => -V x).prod (stdGaussian E))).snd =
          ∫ (y : E),
            ↑↑u y ∂(Measure.map (fun p => (p.1, p.1 + √η • p.2)) ((ℙ.tilted fun x => -V x).prod (stdGaussian E))).snd
hAeq :
  (lpMeas ℝ ℝ (MeasurableSpace.comap Prod.snd inferInstance) 2
          (Measure.map (fun p => (p.1, p.1 + √η • p.2))
            ((ℙ.tilted fun x => -V x).prod (stdGaussian E)))).orthogonalProjectionOnto ∘SL
      U.toContinuousLinearMap ∘SL
        (lpMeas ℝ ℝ (MeasurableSpace.comap Prod.snd inferInstance) 2
            (Measure.map (fun p => (p.1, p.1 + √η • p.2)) ((ℙ.tilted fun x => -V x).prod (stdGaussian E)))).subtypeL =
    e.conjStarAlgEquiv T
hAs :
  IsSelfAdjoint
    ((lpMeas ℝ ℝ (MeasurableSpace.comap Prod.snd inferInstance) 2
          (Measure.map (fun p => (p.1, p.1 + √η • p.2))
            ((ℙ.tilted fun x => -V x).prod (stdGaussian E)))).orthogonalProjectionOnto ∘SL
      U.toContinuousLinearMap ∘SL
        (lpMeas ℝ ℝ (MeasurableSpace.comap Prod.snd inferInstance) 2
            (Measure.map (fun p => (p.1, p.1 + √η • p.2)) ((ℙ.tilted fun x => -V x).prod (stdGaussian E)))).subtypeL)
hAn :
  ∀
    (f :
      ↥(lpMeas ℝ ℝ (MeasurableSpace.comap Prod.snd inferInstance) 2
          (Measure.map (fun p => (p.1, p.1 + √η • p.2)) ((ℙ.tilted fun x => -V x).prod (stdGaussian E))))),
    ‖((lpMeas ℝ ℝ (MeasurableSpace.comap Prod.snd inferInstance) 2
                (Measure.map (fun p => (p.1, p.1 + √η • p.2))
                  ((ℙ.tilted fun x => -V x).prod (stdGaussian E)))).orthogonalProjectionOnto ∘SL
            U.toContinuousLinearMap ∘SL
              (lpMeas ℝ ℝ (MeasurableSpace.comap Prod.snd inferInstance) 2
                  (Measure.map (fun p => (p.1, p.1 + √η • p.2))
                    ((ℙ.tilted fun x => -V x).prod (stdGaussian E)))).subtypeL)
          f‖ ≤
      ‖f‖
hPB :
  ∀
    (f :
      ↥(lpMeas ℝ ℝ (MeasurableSpace.comap Prod.snd inferInstance) 2
          (Measure.map (fun p => (p.1, p.1 + √η • p.2)) ((ℙ.tilted fun x => -V x).prod (stdGaussian E))))),
    ((lpMeas ℝ ℝ (MeasurableSpace.comap Prod.snd inferInstance) 2
              (Measure.map (fun p => (p.1, p.1 + √η • p.2))
                ((ℙ.tilted fun x => -V x).prod (stdGaussian E)))).subtypeL ∘SL
          condExpL2 ℝ ℝ ⋯)
        ((((1 -
                  (lpMeas ℝ ℝ (MeasurableSpace.comap Prod.snd inferInstance) 2
                        (Measure.map (fun p => (p.1, p.1 + √η • p.2))
                          ((ℙ.tilted fun x => -V x).prod (stdGaussian E)))).subtypeL ∘SL
                    condExpL2 ℝ ℝ ⋯) *
                U.toContinuousLinearMap *
              (lpMeas ℝ ℝ (MeasurableSpace.comap Prod.snd inferInstance) 2
                    (Measure.map (fun p => (p.1, p.1 + √η • p.2))
                      ((ℙ.tilted fun x => -V x).prod (stdGaussian E)))).subtypeL ∘SL
                condExpL2 ℝ ℝ ⋯) ∘SL
            (lpMeas ℝ ℝ (MeasurableSpace.comap Prod.snd inferInstance) 2
                (Measure.map (fun p => (p.1, p.1 + √η • p.2))
                  ((ℙ.tilted fun x => -V x).prod (stdGaussian E)))).subtypeL)
          f) =
      0
Γ :
  ↥(Lp ℝ 2 (Measure.map (fun p => (p.1, p.1 + √η • p.2)) ((ℙ.tilted fun x => -V x).prod (stdGaussian E))).snd) →L[ℝ]
    ↥(Lp ℝ 2 (Measure.map (fun p => (p.1, p.1 + √η • p.2)) ((ℙ.tilted fun x => -V x).prod (stdGaussian E))).snd)
hΓ : Γ.IsPositive
hΓSq : Γ * Γ = 1 - T * T
hΓP : (e.conjStarAlgEquiv Γ).IsPositive
hΓPSq :
  e.conjStarAlgEquiv Γ * e.conjStarAlgEquiv Γ =
    1 -
      (lpMeas ℝ ℝ (MeasurableSpace.comap Prod.snd inferInstance) 2
              (Measure.map (fun p => (p.1, p.1 + √η • p.2))
                ((ℙ.tilted fun x => -V x).prod (stdGaussian E)))).orthogonalProjectionOnto ∘SL
          U.toContinuousLinearMap ∘SL
            (lpMeas ℝ ℝ (MeasurableSpace.comap Prod.snd inferInstance) 2
                (Measure.map (fun p => (p.1, p.1 + √η • p.2))
                  ((ℙ.tilted fun x => -V x).prod (stdGaussian E)))).subtypeL *
        (lpMeas ℝ ℝ (MeasurableSpace.comap Prod.snd inferInstance) 2
              (Measure.map (fun p => (p.1, p.1 + √η • p.2))
                ((ℙ.tilted fun x => -V x).prod (stdGaussian E)))).orthogonalProjectionOnto ∘SL
          U.toContinuousLinearMap ∘SL
            (lpMeas ℝ ℝ (MeasurableSpace.comap Prod.snd inferInstance) 2
                (Measure.map (fun p => (p.1, p.1 + √η • p.2)) ((ℙ.tilted fun x => -V x).prod (stdGaussian E)))).subtypeL
hGram :
  ContinuousLinearMap.adjoint
        (((1 -
                (lpMeas ℝ ℝ (MeasurableSpace.comap Prod.snd inferInstance) 2
                      (Measure.map (fun p => (p.1, p.1 + √η • p.2))
                        ((ℙ.tilted fun x => -V x).prod (stdGaussian E)))).subtypeL ∘SL
                  condExpL2 ℝ ℝ ⋯) *
              U.toContinuousLinearMap *
            (lpMeas ℝ ℝ (MeasurableSpace.comap Prod.snd inferInstance) 2
                  (Measure.map (fun p => (p.1, p.1 + √η • p.2))
                    ((ℙ.tilted fun x => -V x).prod (stdGaussian E)))).subtypeL ∘SL
              condExpL2 ℝ ℝ ⋯) ∘SL
          (lpMeas ℝ ℝ (MeasurableSpace.comap Prod.snd inferInstance) 2
              (Measure.map (fun p => (p.1, p.1 + √η • p.2))
                ((ℙ.tilted fun x => -V x).prod (stdGaussian E)))).subtypeL) ∘SL
      ((1 -
              (lpMeas ℝ ℝ (MeasurableSpace.comap Prod.snd inferInstance) 2
                    (Measure.map (fun p => (p.1, p.1 + √η • p.2))
                      ((ℙ.tilted fun x => -V x).prod (stdGaussian E)))).subtypeL ∘SL
                condExpL2 ℝ ℝ ⋯) *
            U.toContinuousLinearMap *
          (lpMeas ℝ ℝ (MeasurableSpace.comap Prod.snd inferInstance) 2
                (Measure.map (fun p => (p.1, p.1 + √η • p.2))
                  ((ℙ.tilted fun x => -V x).prod (stdGaussian E)))).subtypeL ∘SL
            condExpL2 ℝ ℝ ⋯) ∘SL
        (lpMeas ℝ ℝ (MeasurableSpace.comap Prod.snd inferInstance) 2
            (Measure.map (fun p => (p.1, p.1 + √η • p.2)) ((ℙ.tilted fun x => -V x).prod (stdGaussian E)))).subtypeL =
    e.conjStarAlgEquiv Γ * e.conjStarAlgEquiv Γ
hEnergy :
  ∀
    (f :
      ↥(lpMeas ℝ ℝ (MeasurableSpace.comap Prod.snd inferInstance) 2
          (Measure.map (fun p => (p.1, p.1 + √η • p.2)) ((ℙ.tilted fun x => -V x).prod (stdGaussian E))))),
    ‖(((1 -
                    (lpMeas ℝ ℝ (MeasurableSpace.comap Prod.snd inferInstance) 2
                          (Measure.map (fun p => (p.1, p.1 + √η • p.2))
                            ((ℙ.tilted fun x => -V x).prod (stdGaussian E)))).subtypeL ∘SL
                      condExpL2 ℝ ℝ ⋯) *
                  U.toContinuousLinearMap *
                (lpMeas ℝ ℝ (MeasurableSpace.comap Prod.snd inferInstance) 2
                      (Measure.map (fun p => (p.1, p.1 + √η • p.2))
                        ((ℙ.tilted fun x => -V x).prod (stdGaussian E)))).subtypeL ∘SL
                  condExpL2 ℝ ℝ ⋯) ∘SL
              (lpMeas ℝ ℝ (MeasurableSpace.comap Prod.snd inferInstance) 2
                  (Measure.map (fun p => (p.1, p.1 + √η • p.2))
                    ((ℙ.tilted fun x => -V x).prod (stdGaussian E)))).subtypeL)
            f‖ =
        ‖(e.conjStarAlgEquiv Γ) f‖ ∧
      ‖(e.conjStarAlgEquiv Γ) f‖ ^ 2 =
        ‖f‖ ^ 2 -
          ‖((lpMeas ℝ ℝ (MeasurableSpace.comap Prod.snd inferInstance) 2
                      (Measure.map (fun p => (p.1, p.1 + √η • p.2))
                        ((ℙ.tilted fun x => -V x).prod (stdGaussian E)))).orthogonalProjectionOnto ∘SL
                  U.toContinuousLinearMap ∘SL
                    (lpMeas ℝ ℝ (MeasurableSpace.comap Prod.snd inferInstance) 2
                        (Measure.map (fun p => (p.1, p.1 + √η • p.2))
                          ((ℙ.tilted fun x => -V x).prod (stdGaussian E)))).subtypeL)
                f‖ ^
            2
hUnique :
  ∀
    (G :
      ↥(lpMeas ℝ ℝ (MeasurableSpace.comap Prod.snd inferInstance) 2
            (Measure.map (fun p => (p.1, p.1 + √η • p.2)) ((ℙ.tilted fun x => -V x).prod (stdGaussian E)))) →L[ℝ]
        ↥(lpMeas ℝ ℝ (MeasurableSpace.comap Prod.snd inferInstance) 2
            (Measure.map (fun p => (p.1, p.1 + √η • p.2)) ((ℙ.tilted fun x => -V x).prod (stdGaussian E))))),
    G.IsPositive →
      G * G =
          1 -
            (lpMeas ℝ ℝ (MeasurableSpace.comap Prod.snd inferInstance) 2
                    (Measure.map (fun p => (p.1, p.1 + √η • p.2))
                      ((ℙ.tilted fun x => -V x).prod (stdGaussian E)))).orthogonalProjectionOnto ∘SL
                U.toContinuousLinearMap ∘SL
                  (lpMeas ℝ ℝ (MeasurableSpace.comap Prod.snd inferInstance) 2
                      (Measure.map (fun p => (p.1, p.1 + √η • p.2))
                        ((ℙ.tilted fun x => -V x).prod (stdGaussian E)))).subtypeL *
              (lpMeas ℝ ℝ (MeasurableSpace.comap Prod.snd inferInstance) 2
                    (Measure.map (fun p => (p.1, p.1 + √η • p.2))
                      ((ℙ.tilted fun x => -V x).prod (stdGaussian E)))).orthogonalProjectionOnto ∘SL
                U.toContinuousLinearMap ∘SL
                  (lpMeas ℝ ℝ (MeasurableSpace.comap Prod.snd inferInstance) 2
                      (Measure.map (fun p => (p.1, p.1 + √η • p.2))
                        ((ℙ.tilted fun x => -V x).prod (stdGaussian E)))).subtypeL →
        G = e.conjStarAlgEquiv Γ
this✝³ : IsProbabilityMeasure μ := hμ
this✝² : IsProbabilityMeasure J := hJ
this✝¹ : IsProbabilityMeasure ν := hν
A : ↥HP →L[ℝ] ↥HP := HP.orthogonalProjectionOnto ∘SL U.toContinuousLinearMap ∘SL HP.subtypeL
B : ↥HP →L[ℝ] ↥(Lp ℝ 2 J) := ((1 - P) * U.toContinuousLinearMap * P) ∘SL HP.subtypeL
ΓP : ↥HP →L[ℝ] ↥HP := e.conjStarAlgEquiv Γ
hAeqLocal : A = e.conjStarAlgEquiv T
q : ↥(Lp ℝ 2 ν) := TechnicalLemmas.Measure.L2Expectation.one ν
hq : ∀ (u : ↥(Lp ℝ 2 ν)), ⟪q, u⟫_ℝ = ∫ (y : E), ↑↑u y ∂ν
hqa : ↑↑q =ᵐ[ν] fun x => 1
hTq : T q = q
hqq : ⟪q, q⟫_ℝ = 1
hΓEnergy : ∀ (u : ↥(Lp ℝ 2 ν)), ‖Γ u‖ ^ 2 = ‖u‖ ^ 2 - ‖T u‖ ^ 2
hΓq : Γ q = 0
left✝⁵ :
  IsProbabilityMeasure
    (Measure.map (fun p => (p.1, p.1 + √η • p.2)) ((ℙ.tilted fun x => -V x).prod (stdGaussian E))).snd
G :
  ↥(Lp ℝ 2 (Measure.map (fun p => (p.1, p.1 + √η • p.2)) ((ℙ.tilted fun x => -V x).prod (stdGaussian E))).snd) →ₗ.[ℝ]
    ↥(Lp E 2 (Measure.map (fun p => (p.1, p.1 + √η • p.2)) ((ℙ.tilted fun x => -V x).prod (stdGaussian E))).snd)
left✝⁴ : Dense ↑G.domain
hClose : G.IsClosable
hClosed : G.closure.IsClosed
hGraph :
  ∀ (u : ↥(Lp ℝ 2 (Measure.map (fun p => (p.1, p.1 + √η • p.2)) ((ℙ.tilted fun x => -V x).prod (stdGaussian E))).snd))
    (v : ↥(Lp E 2 (Measure.map (fun p => (p.1, p.1 + √η • p.2)) ((ℙ.tilted fun x => -V x).prod (stdGaussian E))).snd)),
    (u, v) ∈ G.graph ↔
      ∃ φ,
        ContDiff ℝ ∞ φ ∧
          HasCompactSupport φ ∧
            ↑↑u =ᵐ[(Measure.map (fun p => (p.1, p.1 + √η • p.2)) ((ℙ.tilted fun x => -V x).prod (stdGaussian E))).snd]
                φ ∧
              ↑↑v =ᵐ[(Measure.map (fun p => (p.1, p.1 + √η • p.2)) ((ℙ.tilted fun x => -V x).prod (stdGaussian E))).snd]
                gradient φ
hPI :
  ∀ (z : ↥G.closure.domain),
    ∫ (x : E),
          ↑↑↑z x ∂(Measure.map (fun p => (p.1, p.1 + √η • p.2)) ((ℙ.tilted fun x => -V x).prod (stdGaussian E))).snd =
        0 →
      ↑α / (1 + ↑α * η) * ‖↑z‖ ^ 2 ≤ ‖↑G.closure z‖ ^ 2
left✝³ :
  IsProbabilityMeasure
    (Measure.map (fun p => (p.1, p.1 + √η • p.2)) ((ℙ.tilted fun x => -V x).prod (stdGaussian E))).snd
K :
  ↥(Lp ℝ 2 (Measure.map (fun p => (p.1, p.1 + √η • p.2)) ((ℙ.tilted fun x => -V x).prod (stdGaussian E))).snd) →L[ℝ]
    ↥(Lp E 2 (Measure.map (fun p => (p.1, p.1 + √η • p.2)) ((ℙ.tilted fun x => -V x).prod (stdGaussian E))).snd)
left✝² : Dense ↑G.domain
left✝¹ : G.IsClosable
left✝ : G.closure.IsClosed
hGraph' :
  ∀ (u : ↥(Lp ℝ 2 (Measure.map (fun p => (p.1, p.1 + √η • p.2)) ((ℙ.tilted fun x => -V x).prod (stdGaussian E))).snd))
    (v : ↥(Lp E 2 (Measure.map (fun p => (p.1, p.1 + √η • p.2)) ((ℙ.tilted fun x => -V x).prod (stdGaussian E))).snd)),
    (u, v) ∈ G.graph ↔
      ∃ φ,
        ContDiff ℝ ∞ φ ∧
          HasCompactSupport φ ∧
            ↑↑u =ᵐ[(Measure.map (fun p => (p.1, p.1 + √η • p.2)) ((ℙ.tilted fun x => -V x).prod (stdGaussian E))).snd]
                φ ∧
              ↑↑v =ᵐ[(Measure.map (fun p => (p.1, p.1 + √η • p.2)) ((ℙ.tilted fun x => -V x).prod (stdGaussian E))).snd]
                gradient φ
hRough :
  ∀ (u : ↥(Lp ℝ 2 (Measure.map (fun p => (p.1, p.1 + √η • p.2)) ((ℙ.tilted fun x => -V x).prod (stdGaussian E))).snd)),
    (T u, K u) ∈ G.closure.graph ∧
      ‖T u‖ ≤ ‖u‖ ∧
        (↑↑(T u) =ᵐ[(Measure.map (fun p => (p.1, p.1 + √η • p.2)) ((ℙ.tilted fun x => -V x).prod (stdGaussian E))).snd]
            fun y => ∫ (x : E), ↑↑u x ∂ℙ.tilted fun x => -V ((1 / 2) • (y + x)) - ‖y - x‖ ^ 2 / (8 * η)) ∧
          (∀ᵐ (y :
              E) ∂(Measure.map (fun p => (p.1, p.1 + √η • p.2)) ((ℙ.tilted fun x => -V x).prod (stdGaussian E))).snd,
              Integrable (↑↑u) (ℙ.tilted fun x => -V ((1 / 2) • (y + x)) - ‖y - x‖ ^ 2 / (8 * η)) ∧
                Integrable (fun x => ↑↑u x ^ 2) (ℙ.tilted fun x => -V ((1 / 2) • (y + x)) - ‖y - x‖ ^ 2 / (8 * η))) ∧
            η * ‖K u‖ ^ 2 ≤ (1 - ↑α * η) ^ 2 / (4 * (1 + ↑α * η)) * (‖u‖ ^ 2 - ‖T u‖ ^ 2) ∧
              4 * η * ‖K u‖ ^ 2 ≤ ‖u‖ ^ 2 - ‖T u‖ ^ 2
ha0 : 0 < ↑α * η
ha1 : ↑α * η ≤ 1
hd : 0 < 1 + ↑α * η
ρ : ℝ := (1 - ↑α * η) / (1 + ↑α * η)
γ : ℝ := 2 * √(↑α * η) / (1 + ↑α * η)
hρ : 0 ≤ ρ
hγ : 0 < γ
hγSq : γ ^ 2 = 1 - ρ ^ 2
hCon : ∀ (u : ↥(Lp ℝ 2 ν)), ∫ (y : E), ↑↑u y ∂ν = 0 → ‖T u‖ ≤ ρ * ‖u‖
Q : ↥(Lp ℝ 2 ν) →L[ℝ] ↥(Lp ℝ 2 ν) := 1 - ((innerSL ℝ) q).smulRight q
hQ : ∀ (u : ↥(Lp ℝ 2 ν)), Q u = u - ⟪q, u⟫_ℝ • q
hQmean : ∀ (u : ↥(Lp ℝ 2 ν)), ⟪q, Q u⟫_ℝ = 0
hDecomp : ∀ (u : ↥(Lp ℝ 2 ν)), u = Q u + ⟪q, u⟫_ℝ • q
hQself : IsSelfAdjoint Q
hQinner : ∀ (u : ↥(Lp ℝ 2 ν)), ⟪Q u, u⟫_ℝ = ‖Q u‖ ^ 2
hQpos : Q.IsPositive
hQsq : Q * Q = Q
hΓQ : ∀ (u : ↥(Lp ℝ 2 ν)), Γ (Q u) = Γ u
hSquare : (Γ * Γ - γ • Q * γ • Q).IsPositive
hOrder : (Γ - γ • Q).IsPositive
qP : ↥HP := e q
HP0 : Submodule ℝ ↥HP := (↑((innerSL ℝ) qP)).ker
this✝ : NormedAddCommGroup ↥HP0 := HP0.normedAddCommGroup
this : InnerProductSpace ℝ ↥HP0 := HP0.innerProductSpace
hCenter : ∀ (f : ↥HP), f ∈ HP0 ↔ ∫ (y : E), ↑↑(e.symm f) y ∂ν = 0
hΓPq : ΓP qP = 0
hInv : ∀ (f : ↥HP0), ΓP ↑f ∈ HP0
ΓP0 : ↥HP0 →L[ℝ] ↥HP0 := (ΓP ∘SL HP0.subtypeL).codRestrict HP0 hInv
hΓP0 : ∀ (f : ↥HP0), ↑(ΓP0 f) = ΓP ↑f
hPos0 : ΓP0.IsPositive
hOrder0 : (ΓP0 - γ • 1).IsPositive
hCoerc : ∀ (f : ↥HP0), γ * ‖f‖ ^ 2 ≤ ⟪ΓP0 f, f⟫_ℝ
hUnit : IsUnit ΓP0
Inv : ↥HP0 →L[ℝ] ↥HP0 := ↑hUnit.unit⁻¹
⊢ ↑hUnit.unit⁻¹ * ΓP0 = 1
runs/20261007-companion-priority/pbps-centered-root64/combined-draft-v8.lean:386:8: error: Tactic `rewrite` failed: motive is not type correct:
  fun _a => _a * ↑hUnit.unit⁻¹ = 1
Error: Application type mismatch: The argument
  hUnit
has type
  IsUnit ΓP0
but is expected to have type
  IsUnit _a
in the application
  hUnit.unit

Explanation: The rewrite tactic rewrites an expression 'e' using an equality 'a = b' by the following process. First, it looks for all 'a' in 'e'. Second, it tries to abstract these occurrences of 'a' to create a function 'm := fun _a => ...', called the *motive*, with the property that 'm a' is definitionally equal to 'e'. Third, we observe that 'congrArg' implies that 'm a = m b', which can be used with lemmas such as 'Eq.mpr' to change the goal. However, if 'e' depends on specific properties of 'a', then the motive 'm' might not typecheck.

Possible solutions: use rewrite's 'occs' configuration option to limit which occurrences are rewritten, or use 'simp' or 'conv' mode, which have strategies for certain kinds of dependencies (these tactics can handle proofs and 'Decidable' instances whose types depend on the rewritten term, and 'simp' can apply user-defined '@[congr]' theorems as well).

E : Type u_1
inst✝⁴ : NormedAddCommGroup E
inst✝³ : InnerProductSpace ℝ E
inst✝² : FiniteDimensional ℝ E
inst✝¹ : MeasurableSpace E
inst✝ : BorelSpace E
V : E → ℝ
α β : ℝ≥0
η : ℝ
hα : 0 < ↑α
hαβ : α ≤ β
hV : ContDiff ℝ 2 V
hH : ∀ (x v : E), ↑α * ‖v‖ ^ 2 ≤ ((fderiv ℝ (fderiv ℝ V) x) v) v ∧ ((fderiv ℝ (fderiv ℝ V) x) v) v ≤ ↑β * ‖v‖ ^ 2
hη : 0 < η
hβη : ↑β * η ≤ 1
μ : Measure E := ℙ.tilted fun x => -V x
J : Measure (E × E) := Measure.map (fun p => (p.1, p.1 + √η • p.2)) (μ.prod (stdGaussian E))
ν : Measure E := J.snd
mY : MeasurableSpace (E × E) := MeasurableSpace.comap Prod.snd inferInstance
this✝⁷ : MeasurableSpace (E × E) := Prod.instMeasurableSpace
this✝⁶ : Fact (mY ≤ inferInstance) := { out := Measurable.comap_le measurable_snd }
HP : Submodule ℝ ↥(Lp ℝ 2 J) := lpMeas ℝ ℝ mY 2 J
this✝⁵ : NormedAddCommGroup ↥HP := HP.normedAddCommGroup
this✝⁴ : InnerProductSpace ℝ ↥HP := HP.innerProductSpace
P : ↥(Lp ℝ 2 J) →L[ℝ] ↥(Lp ℝ 2 J) := HP.subtypeL ∘SL condExpL2 ℝ ℝ ⋯
hμ : IsProbabilityMeasure (ℙ.tilted fun x => -V x)
hJ : IsProbabilityMeasure (Measure.map (fun p => (p.1, p.1 + √η • p.2)) ((ℙ.tilted fun x => -V x).prod (stdGaussian E)))
hν :
  IsProbabilityMeasure
    (Measure.map (fun p => (p.1, p.1 + √η • p.2)) ((ℙ.tilted fun x => -V x).prod (stdGaussian E))).snd
hRange :
  lpMeas ℝ ℝ (MeasurableSpace.comap Prod.snd inferInstance) 2
      (Measure.map (fun p => (p.1, p.1 + √η • p.2)) ((ℙ.tilted fun x => -V x).prod (stdGaussian E))) =
    (↑((lpMeas ℝ ℝ (MeasurableSpace.comap Prod.snd inferInstance) 2
              (Measure.map (fun p => (p.1, p.1 + √η • p.2))
                ((ℙ.tilted fun x => -V x).prod (stdGaussian E)))).subtypeL ∘SL
          condExpL2 ℝ ℝ ⋯)).range
hPf :
  ∀
    (f :
      ↥(lpMeas ℝ ℝ (MeasurableSpace.comap Prod.snd inferInstance) 2
          (Measure.map (fun p => (p.1, p.1 + √η • p.2)) ((ℙ.tilted fun x => -V x).prod (stdGaussian E))))),
    ((lpMeas ℝ ℝ (MeasurableSpace.comap Prod.snd inferInstance) 2
              (Measure.map (fun p => (p.1, p.1 + √η • p.2))
                ((ℙ.tilted fun x => -V x).prod (stdGaussian E)))).subtypeL ∘SL
          condExpL2 ℝ ℝ ⋯)
        ↑f =
      ↑f
S : Kernel E E
hS : IsMarkovKernel S
hSd : ∀ (y : E), S y = ℙ.tilted fun x => -V ((1 / 2) • (y + x)) - ‖y - x‖ ^ 2 / (8 * η)
hSc :
  (Measure.map (fun p => (p.2, 2 • p.1 - p.2))
        (Measure.map (fun p => (p.1, p.1 + √η • p.2)) ((ℙ.tilted fun x => -V x).prod (stdGaussian E)))).IsCondKernel
    S
hSf :
  (Measure.map (fun p => (p.2, 2 • p.1 - p.2))
        (Measure.map (fun p => (p.1, p.1 + √η • p.2)) ((ℙ.tilted fun x => -V x).prod (stdGaussian E)))).fst =
    (Measure.map (fun p => (p.1, p.1 + √η • p.2)) ((ℙ.tilted fun x => -V x).prod (stdGaussian E))).snd
hSs :
  (Measure.map (fun p => (p.2, 2 • p.1 - p.2))
        (Measure.map (fun p => (p.1, p.1 + √η • p.2)) ((ℙ.tilted fun x => -V x).prod (stdGaussian E)))).snd =
    (Measure.map (fun p => (p.1, p.1 + √η • p.2)) ((ℙ.tilted fun x => -V x).prod (stdGaussian E))).snd
e :
  ↥(Lp ℝ 2 (Measure.map (fun p => (p.1, p.1 + √η • p.2)) ((ℙ.tilted fun x => -V x).prod (stdGaussian E))).snd) ≃ₗᵢ[ℝ]
    ↥(lpMeas ℝ ℝ (MeasurableSpace.comap Prod.snd inferInstance) 2
        (Measure.map (fun p => (p.1, p.1 + √η • p.2)) ((ℙ.tilted fun x => -V x).prod (stdGaussian E))))
he :
  ∀ (u : ↥(Lp ℝ 2 (Measure.map (fun p => (p.1, p.1 + √η • p.2)) ((ℙ.tilted fun x => -V x).prod (stdGaussian E))).snd)),
    ↑(e u) = (Lp.compMeasurePreservingₗᵢ ℝ Prod.snd ⋯) u
U :
  ↥(Lp ℝ 2 (Measure.map (fun p => (p.1, p.1 + √η • p.2)) ((ℙ.tilted fun x => -V x).prod (stdGaussian E)))) →ₗᵢ[ℝ]
    ↥(Lp ℝ 2 (Measure.map (fun p => (p.1, p.1 + √η • p.2)) ((ℙ.tilted fun x => -V x).prod (stdGaussian E))))
hU :
  ∀ (g : ↥(Lp ℝ 2 (Measure.map (fun p => (p.1, p.1 + √η • p.2)) ((ℙ.tilted fun x => -V x).prod (stdGaussian E))))),
    ↑↑(U g) =ᵐ[Measure.map (fun p => (p.1, p.1 + √η • p.2)) ((ℙ.tilted fun x => -V x).prod (stdGaussian E))]
      ↑↑g ∘ fun p => (p.1, 2 • p.1 - p.2)
hUi : Function.Involutive ⇑U
hUs : IsSelfAdjoint U.toContinuousLinearMap
T :
  ↥(Lp ℝ 2 (Measure.map (fun p => (p.1, p.1 + √η • p.2)) ((ℙ.tilted fun x => -V x).prod (stdGaussian E))).snd) →L[ℝ]
    ↥(Lp ℝ 2 (Measure.map (fun p => (p.1, p.1 + √η • p.2)) ((ℙ.tilted fun x => -V x).prod (stdGaussian E))).snd)
hTs : IsSelfAdjoint T
hAll :
  ∀ (u : ↥(Lp ℝ 2 (Measure.map (fun p => (p.1, p.1 + √η • p.2)) ((ℙ.tilted fun x => -V x).prod (stdGaussian E))).snd)),
    ‖T u‖ ≤ ‖u‖ ∧
      (↑↑(T u) =ᵐ[(Measure.map (fun p => (p.1, p.1 + √η • p.2)) ((ℙ.tilted fun x => -V x).prod (stdGaussian E))).snd]
          fun y => ∫ (x : E), ↑↑u x ∂S y) ∧
        ∫ (y : E),
            ↑↑(T u)
              y ∂(Measure.map (fun p => (p.1, p.1 + √η • p.2)) ((ℙ.tilted fun x => -V x).prod (stdGaussian E))).snd =
          ∫ (y : E),
            ↑↑u y ∂(Measure.map (fun p => (p.1, p.1 + √η • p.2)) ((ℙ.tilted fun x => -V x).prod (stdGaussian E))).snd
hAeq :
  (lpMeas ℝ ℝ (MeasurableSpace.comap Prod.snd inferInstance) 2
          (Measure.map (fun p => (p.1, p.1 + √η • p.2))
            ((ℙ.tilted fun x => -V x).prod (stdGaussian E)))).orthogonalProjectionOnto ∘SL
      U.toContinuousLinearMap ∘SL
        (lpMeas ℝ ℝ (MeasurableSpace.comap Prod.snd inferInstance) 2
            (Measure.map (fun p => (p.1, p.1 + √η • p.2)) ((ℙ.tilted fun x => -V x).prod (stdGaussian E)))).subtypeL =
    e.conjStarAlgEquiv T
hAs :
  IsSelfAdjoint
    ((lpMeas ℝ ℝ (MeasurableSpace.comap Prod.snd inferInstance) 2
          (Measure.map (fun p => (p.1, p.1 + √η • p.2))
            ((ℙ.tilted fun x => -V x).prod (stdGaussian E)))).orthogonalProjectionOnto ∘SL
      U.toContinuousLinearMap ∘SL
        (lpMeas ℝ ℝ (MeasurableSpace.comap Prod.snd inferInstance) 2
            (Measure.map (fun p => (p.1, p.1 + √η • p.2)) ((ℙ.tilted fun x => -V x).prod (stdGaussian E)))).subtypeL)
hAn :
  ∀
    (f :
      ↥(lpMeas ℝ ℝ (MeasurableSpace.comap Prod.snd inferInstance) 2
          (Measure.map (fun p => (p.1, p.1 + √η • p.2)) ((ℙ.tilted fun x => -V x).prod (stdGaussian E))))),
    ‖((lpMeas ℝ ℝ (MeasurableSpace.comap Prod.snd inferInstance) 2
                (Measure.map (fun p => (p.1, p.1 + √η • p.2))
                  ((ℙ.tilted fun x => -V x).prod (stdGaussian E)))).orthogonalProjectionOnto ∘SL
            U.toContinuousLinearMap ∘SL
              (lpMeas ℝ ℝ (MeasurableSpace.comap Prod.snd inferInstance) 2
                  (Measure.map (fun p => (p.1, p.1 + √η • p.2))
                    ((ℙ.tilted fun x => -V x).prod (stdGaussian E)))).subtypeL)
          f‖ ≤
      ‖f‖
hPB :
  ∀
    (f :
      ↥(lpMeas ℝ ℝ (MeasurableSpace.comap Prod.snd inferInstance) 2
          (Measure.map (fun p => (p.1, p.1 + √η • p.2)) ((ℙ.tilted fun x => -V x).prod (stdGaussian E))))),
    ((lpMeas ℝ ℝ (MeasurableSpace.comap Prod.snd inferInstance) 2
              (Measure.map (fun p => (p.1, p.1 + √η • p.2))
                ((ℙ.tilted fun x => -V x).prod (stdGaussian E)))).subtypeL ∘SL
          condExpL2 ℝ ℝ ⋯)
        ((((1 -
                  (lpMeas ℝ ℝ (MeasurableSpace.comap Prod.snd inferInstance) 2
                        (Measure.map (fun p => (p.1, p.1 + √η • p.2))
                          ((ℙ.tilted fun x => -V x).prod (stdGaussian E)))).subtypeL ∘SL
                    condExpL2 ℝ ℝ ⋯) *
                U.toContinuousLinearMap *
              (lpMeas ℝ ℝ (MeasurableSpace.comap Prod.snd inferInstance) 2
                    (Measure.map (fun p => (p.1, p.1 + √η • p.2))
                      ((ℙ.tilted fun x => -V x).prod (stdGaussian E)))).subtypeL ∘SL
                condExpL2 ℝ ℝ ⋯) ∘SL
            (lpMeas ℝ ℝ (MeasurableSpace.comap Prod.snd inferInstance) 2
                (Measure.map (fun p => (p.1, p.1 + √η • p.2))
                  ((ℙ.tilted fun x => -V x).prod (stdGaussian E)))).subtypeL)
          f) =
      0
Γ :
  ↥(Lp ℝ 2 (Measure.map (fun p => (p.1, p.1 + √η • p.2)) ((ℙ.tilted fun x => -V x).prod (stdGaussian E))).snd) →L[ℝ]
    ↥(Lp ℝ 2 (Measure.map (fun p => (p.1, p.1 + √η • p.2)) ((ℙ.tilted fun x => -V x).prod (stdGaussian E))).snd)
hΓ : Γ.IsPositive
hΓSq : Γ * Γ = 1 - T * T
hΓP : (e.conjStarAlgEquiv Γ).IsPositive
hΓPSq :
  e.conjStarAlgEquiv Γ * e.conjStarAlgEquiv Γ =
    1 -
      (lpMeas ℝ ℝ (MeasurableSpace.comap Prod.snd inferInstance) 2
              (Measure.map (fun p => (p.1, p.1 + √η • p.2))
                ((ℙ.tilted fun x => -V x).prod (stdGaussian E)))).orthogonalProjectionOnto ∘SL
          U.toContinuousLinearMap ∘SL
            (lpMeas ℝ ℝ (MeasurableSpace.comap Prod.snd inferInstance) 2
                (Measure.map (fun p => (p.1, p.1 + √η • p.2))
                  ((ℙ.tilted fun x => -V x).prod (stdGaussian E)))).subtypeL *
        (lpMeas ℝ ℝ (MeasurableSpace.comap Prod.snd inferInstance) 2
              (Measure.map (fun p => (p.1, p.1 + √η • p.2))
                ((ℙ.tilted fun x => -V x).prod (stdGaussian E)))).orthogonalProjectionOnto ∘SL
          U.toContinuousLinearMap ∘SL
            (lpMeas ℝ ℝ (MeasurableSpace.comap Prod.snd inferInstance) 2
                (Measure.map (fun p => (p.1, p.1 + √η • p.2)) ((ℙ.tilted fun x => -V x).prod (stdGaussian E)))).subtypeL
hGram :
  ContinuousLinearMap.adjoint
        (((1 -
                (lpMeas ℝ ℝ (MeasurableSpace.comap Prod.snd inferInstance) 2
                      (Measure.map (fun p => (p.1, p.1 + √η • p.2))
                        ((ℙ.tilted fun x => -V x).prod (stdGaussian E)))).subtypeL ∘SL
                  condExpL2 ℝ ℝ ⋯) *
              U.toContinuousLinearMap *
            (lpMeas ℝ ℝ (MeasurableSpace.comap Prod.snd inferInstance) 2
                  (Measure.map (fun p => (p.1, p.1 + √η • p.2))
                    ((ℙ.tilted fun x => -V x).prod (stdGaussian E)))).subtypeL ∘SL
              condExpL2 ℝ ℝ ⋯) ∘SL
          (lpMeas ℝ ℝ (MeasurableSpace.comap Prod.snd inferInstance) 2
              (Measure.map (fun p => (p.1, p.1 + √η • p.2))
                ((ℙ.tilted fun x => -V x).prod (stdGaussian E)))).subtypeL) ∘SL
      ((1 -
              (lpMeas ℝ ℝ (MeasurableSpace.comap Prod.snd inferInstance) 2
                    (Measure.map (fun p => (p.1, p.1 + √η • p.2))
                      ((ℙ.tilted fun x => -V x).prod (stdGaussian E)))).subtypeL ∘SL
                condExpL2 ℝ ℝ ⋯) *
            U.toContinuousLinearMap *
          (lpMeas ℝ ℝ (MeasurableSpace.comap Prod.snd inferInstance) 2
                (Measure.map (fun p => (p.1, p.1 + √η • p.2))
                  ((ℙ.tilted fun x => -V x).prod (stdGaussian E)))).subtypeL ∘SL
            condExpL2 ℝ ℝ ⋯) ∘SL
        (lpMeas ℝ ℝ (MeasurableSpace.comap Prod.snd inferInstance) 2
            (Measure.map (fun p => (p.1, p.1 + √η • p.2)) ((ℙ.tilted fun x => -V x).prod (stdGaussian E)))).subtypeL =
    e.conjStarAlgEquiv Γ * e.conjStarAlgEquiv Γ
hEnergy :
  ∀
    (f :
      ↥(lpMeas ℝ ℝ (MeasurableSpace.comap Prod.snd inferInstance) 2
          (Measure.map (fun p => (p.1, p.1 + √η • p.2)) ((ℙ.tilted fun x => -V x).prod (stdGaussian E))))),
    ‖(((1 -
                    (lpMeas ℝ ℝ (MeasurableSpace.comap Prod.snd inferInstance) 2
                          (Measure.map (fun p => (p.1, p.1 + √η • p.2))
                            ((ℙ.tilted fun x => -V x).prod (stdGaussian E)))).subtypeL ∘SL
                      condExpL2 ℝ ℝ ⋯) *
                  U.toContinuousLinearMap *
                (lpMeas ℝ ℝ (MeasurableSpace.comap Prod.snd inferInstance) 2
                      (Measure.map (fun p => (p.1, p.1 + √η • p.2))
                        ((ℙ.tilted fun x => -V x).prod (stdGaussian E)))).subtypeL ∘SL
                  condExpL2 ℝ ℝ ⋯) ∘SL
              (lpMeas ℝ ℝ (MeasurableSpace.comap Prod.snd inferInstance) 2
                  (Measure.map (fun p => (p.1, p.1 + √η • p.2))
                    ((ℙ.tilted fun x => -V x).prod (stdGaussian E)))).subtypeL)
            f‖ =
        ‖(e.conjStarAlgEquiv Γ) f‖ ∧
      ‖(e.conjStarAlgEquiv Γ) f‖ ^ 2 =
        ‖f‖ ^ 2 -
          ‖((lpMeas ℝ ℝ (MeasurableSpace.comap Prod.snd inferInstance) 2
                      (Measure.map (fun p => (p.1, p.1 + √η • p.2))
                        ((ℙ.tilted fun x => -V x).prod (stdGaussian E)))).orthogonalProjectionOnto ∘SL
                  U.toContinuousLinearMap ∘SL
                    (lpMeas ℝ ℝ (MeasurableSpace.comap Prod.snd inferInstance) 2
                        (Measure.map (fun p => (p.1, p.1 + √η • p.2))
                          ((ℙ.tilted fun x => -V x).prod (stdGaussian E)))).subtypeL)
                f‖ ^
            2
hUnique :
  ∀
    (G :
      ↥(lpMeas ℝ ℝ (MeasurableSpace.comap Prod.snd inferInstance) 2
            (Measure.map (fun p => (p.1, p.1 + √η • p.2)) ((ℙ.tilted fun x => -V x).prod (stdGaussian E)))) →L[ℝ]
        ↥(lpMeas ℝ ℝ (MeasurableSpace.comap Prod.snd inferInstance) 2
            (Measure.map (fun p => (p.1, p.1 + √η • p.2)) ((ℙ.tilted fun x => -V x).prod (stdGaussian E))))),
    G.IsPositive →
      G * G =
          1 -
            (lpMeas ℝ ℝ (MeasurableSpace.comap Prod.snd inferInstance) 2
                    (Measure.map (fun p => (p.1, p.1 + √η • p.2))
                      ((ℙ.tilted fun x => -V x).prod (stdGaussian E)))).orthogonalProjectionOnto ∘SL
                U.toContinuousLinearMap ∘SL
                  (lpMeas ℝ ℝ (MeasurableSpace.comap Prod.snd inferInstance) 2
                      (Measure.map (fun p => (p.1, p.1 + √η • p.2))
                        ((ℙ.tilted fun x => -V x).prod (stdGaussian E)))).subtypeL *
              (lpMeas ℝ ℝ (MeasurableSpace.comap Prod.snd inferInstance) 2
                    (Measure.map (fun p => (p.1, p.1 + √η • p.2))
                      ((ℙ.tilted fun x => -V x).prod (stdGaussian E)))).orthogonalProjectionOnto ∘SL
                U.toContinuousLinearMap ∘SL
                  (lpMeas ℝ ℝ (MeasurableSpace.comap Prod.snd inferInstance) 2
                      (Measure.map (fun p => (p.1, p.1 + √η • p.2))
                        ((ℙ.tilted fun x => -V x).prod (stdGaussian E)))).subtypeL →
        G = e.conjStarAlgEquiv Γ
this✝³ : IsProbabilityMeasure μ := hμ
this✝² : IsProbabilityMeasure J := hJ
this✝¹ : IsProbabilityMeasure ν := hν
A : ↥HP →L[ℝ] ↥HP := HP.orthogonalProjectionOnto ∘SL U.toContinuousLinearMap ∘SL HP.subtypeL
B : ↥HP →L[ℝ] ↥(Lp ℝ 2 J) := ((1 - P) * U.toContinuousLinearMap * P) ∘SL HP.subtypeL
ΓP : ↥HP →L[ℝ] ↥HP := e.conjStarAlgEquiv Γ
hAeqLocal : A = e.conjStarAlgEquiv T
q : ↥(Lp ℝ 2 ν) := TechnicalLemmas.Measure.L2Expectation.one ν
hq : ∀ (u : ↥(Lp ℝ 2 ν)), ⟪q, u⟫_ℝ = ∫ (y : E), ↑↑u y ∂ν
hqa : ↑↑q =ᵐ[ν] fun x => 1
hTq : T q = q
hqq : ⟪q, q⟫_ℝ = 1
hΓEnergy : ∀ (u : ↥(Lp ℝ 2 ν)), ‖Γ u‖ ^ 2 = ‖u‖ ^ 2 - ‖T u‖ ^ 2
hΓq : Γ q = 0
left✝⁵ :
  IsProbabilityMeasure
    (Measure.map (fun p => (p.1, p.1 + √η • p.2)) ((ℙ.tilted fun x => -V x).prod (stdGaussian E))).snd
G :
  ↥(Lp ℝ 2 (Measure.map (fun p => (p.1, p.1 + √η • p.2)) ((ℙ.tilted fun x => -V x).prod (stdGaussian E))).snd) →ₗ.[ℝ]
    ↥(Lp E 2 (Measure.map (fun p => (p.1, p.1 + √η • p.2)) ((ℙ.tilted fun x => -V x).prod (stdGaussian E))).snd)
left✝⁴ : Dense ↑G.domain
hClose : G.IsClosable
hClosed : G.closure.IsClosed
hGraph :
  ∀ (u : ↥(Lp ℝ 2 (Measure.map (fun p => (p.1, p.1 + √η • p.2)) ((ℙ.tilted fun x => -V x).prod (stdGaussian E))).snd))
    (v : ↥(Lp E 2 (Measure.map (fun p => (p.1, p.1 + √η • p.2)) ((ℙ.tilted fun x => -V x).prod (stdGaussian E))).snd)),
    (u, v) ∈ G.graph ↔
      ∃ φ,
        ContDiff ℝ ∞ φ ∧
          HasCompactSupport φ ∧
            ↑↑u =ᵐ[(Measure.map (fun p => (p.1, p.1 + √η • p.2)) ((ℙ.tilted fun x => -V x).prod (stdGaussian E))).snd]
                φ ∧
              ↑↑v =ᵐ[(Measure.map (fun p => (p.1, p.1 + √η • p.2)) ((ℙ.tilted fun x => -V x).prod (stdGaussian E))).snd]
                gradient φ
hPI :
  ∀ (z : ↥G.closure.domain),
    ∫ (x : E),
          ↑↑↑z x ∂(Measure.map (fun p => (p.1, p.1 + √η • p.2)) ((ℙ.tilted fun x => -V x).prod (stdGaussian E))).snd =
        0 →
      ↑α / (1 + ↑α * η) * ‖↑z‖ ^ 2 ≤ ‖↑G.closure z‖ ^ 2
left✝³ :
  IsProbabilityMeasure
    (Measure.map (fun p => (p.1, p.1 + √η • p.2)) ((ℙ.tilted fun x => -V x).prod (stdGaussian E))).snd
K :
  ↥(Lp ℝ 2 (Measure.map (fun p => (p.1, p.1 + √η • p.2)) ((ℙ.tilted fun x => -V x).prod (stdGaussian E))).snd) →L[ℝ]
    ↥(Lp E 2 (Measure.map (fun p => (p.1, p.1 + √η • p.2)) ((ℙ.tilted fun x => -V x).prod (stdGaussian E))).snd)
left✝² : Dense ↑G.domain
left✝¹ : G.IsClosable
left✝ : G.closure.IsClosed
hGraph' :
  ∀ (u : ↥(Lp ℝ 2 (Measure.map (fun p => (p.1, p.1 + √η • p.2)) ((ℙ.tilted fun x => -V x).prod (stdGaussian E))).snd))
    (v : ↥(Lp E 2 (Measure.map (fun p => (p.1, p.1 + √η • p.2)) ((ℙ.tilted fun x => -V x).prod (stdGaussian E))).snd)),
    (u, v) ∈ G.graph ↔
      ∃ φ,
        ContDiff ℝ ∞ φ ∧
          HasCompactSupport φ ∧
            ↑↑u =ᵐ[(Measure.map (fun p => (p.1, p.1 + √η • p.2)) ((ℙ.tilted fun x => -V x).prod (stdGaussian E))).snd]
                φ ∧
              ↑↑v =ᵐ[(Measure.map (fun p => (p.1, p.1 + √η • p.2)) ((ℙ.tilted fun x => -V x).prod (stdGaussian E))).snd]
                gradient φ
hRough :
  ∀ (u : ↥(Lp ℝ 2 (Measure.map (fun p => (p.1, p.1 + √η • p.2)) ((ℙ.tilted fun x => -V x).prod (stdGaussian E))).snd)),
    (T u, K u) ∈ G.closure.graph ∧
      ‖T u‖ ≤ ‖u‖ ∧
        (↑↑(T u) =ᵐ[(Measure.map (fun p => (p.1, p.1 + √η • p.2)) ((ℙ.tilted fun x => -V x).prod (stdGaussian E))).snd]
            fun y => ∫ (x : E), ↑↑u x ∂ℙ.tilted fun x => -V ((1 / 2) • (y + x)) - ‖y - x‖ ^ 2 / (8 * η)) ∧
          (∀ᵐ (y :
              E) ∂(Measure.map (fun p => (p.1, p.1 + √η • p.2)) ((ℙ.tilted fun x => -V x).prod (stdGaussian E))).snd,
              Integrable (↑↑u) (ℙ.tilted fun x => -V ((1 / 2) • (y + x)) - ‖y - x‖ ^ 2 / (8 * η)) ∧
                Integrable (fun x => ↑↑u x ^ 2) (ℙ.tilted fun x => -V ((1 / 2) • (y + x)) - ‖y - x‖ ^ 2 / (8 * η))) ∧
            η * ‖K u‖ ^ 2 ≤ (1 - ↑α * η) ^ 2 / (4 * (1 + ↑α * η)) * (‖u‖ ^ 2 - ‖T u‖ ^ 2) ∧
              4 * η * ‖K u‖ ^ 2 ≤ ‖u‖ ^ 2 - ‖T u‖ ^ 2
ha0 : 0 < ↑α * η
ha1 : ↑α * η ≤ 1
hd : 0 < 1 + ↑α * η
ρ : ℝ := (1 - ↑α * η) / (1 + ↑α * η)
γ : ℝ := 2 * √(↑α * η) / (1 + ↑α * η)
hρ : 0 ≤ ρ
hγ : 0 < γ
hγSq : γ ^ 2 = 1 - ρ ^ 2
hCon : ∀ (u : ↥(Lp ℝ 2 ν)), ∫ (y : E), ↑↑u y ∂ν = 0 → ‖T u‖ ≤ ρ * ‖u‖
Q : ↥(Lp ℝ 2 ν) →L[ℝ] ↥(Lp ℝ 2 ν) := 1 - ((innerSL ℝ) q).smulRight q
hQ : ∀ (u : ↥(Lp ℝ 2 ν)), Q u = u - ⟪q, u⟫_ℝ • q
hQmean : ∀ (u : ↥(Lp ℝ 2 ν)), ⟪q, Q u⟫_ℝ = 0
hDecomp : ∀ (u : ↥(Lp ℝ 2 ν)), u = Q u + ⟪q, u⟫_ℝ • q
hQself : IsSelfAdjoint Q
hQinner : ∀ (u : ↥(Lp ℝ 2 ν)), ⟪Q u, u⟫_ℝ = ‖Q u‖ ^ 2
hQpos : Q.IsPositive
hQsq : Q * Q = Q
hΓQ : ∀ (u : ↥(Lp ℝ 2 ν)), Γ (Q u) = Γ u
hSquare : (Γ * Γ - γ • Q * γ • Q).IsPositive
hOrder : (Γ - γ • Q).IsPositive
qP : ↥HP := e q
HP0 : Submodule ℝ ↥HP := (↑((innerSL ℝ) qP)).ker
this✝ : NormedAddCommGroup ↥HP0 := HP0.normedAddCommGroup
this : InnerProductSpace ℝ ↥HP0 := HP0.innerProductSpace
hCenter : ∀ (f : ↥HP), f ∈ HP0 ↔ ∫ (y : E), ↑↑(e.symm f) y ∂ν = 0
hΓPq : ΓP qP = 0
hInv : ∀ (f : ↥HP0), ΓP ↑f ∈ HP0
ΓP0 : ↥HP0 →L[ℝ] ↥HP0 := (ΓP ∘SL HP0.subtypeL).codRestrict HP0 hInv
hΓP0 : ∀ (f : ↥HP0), ↑(ΓP0 f) = ΓP ↑f
hPos0 : ΓP0.IsPositive
hOrder0 : (ΓP0 - γ • 1).IsPositive
hCoerc : ∀ (f : ↥HP0), γ * ‖f‖ ^ 2 ≤ ⟪ΓP0 f, f⟫_ℝ
hUnit : IsUnit ΓP0
Inv : ↥HP0 →L[ℝ] ↥HP0 := ↑hUnit.unit⁻¹
hLeft : Inv * ΓP0 = 1
⊢ ΓP0 * ↑hUnit.unit⁻¹ = 1
runs/20261007-companion-priority/pbps-centered-root64/combined-draft-v8.lean:397:4: error: Tactic `apply` failed: could not unify the conclusion of `ContinuousLinearMap.opNorm_le_bound ?m.5273`
  ‖?m.5273‖ ≤ ?m.5274
with the goal
  ‖Inv‖ ≤ 1 / γ

Note: The full type of `ContinuousLinearMap.opNorm_le_bound ?m.5273` is
  0 ≤ ?m.5274 → (∀ (x : ?m.5264), ‖?m.5273 x‖ ≤ ?m.5274 * ‖x‖) → ‖?m.5273‖ ≤ ?m.5274

E : Type u_1
inst✝⁴ : NormedAddCommGroup E
inst✝³ : InnerProductSpace ℝ E
inst✝² : FiniteDimensional ℝ E
inst✝¹ : MeasurableSpace E
inst✝ : BorelSpace E
V : E → ℝ
α β : ℝ≥0
η : ℝ
hα : 0 < ↑α
hαβ : α ≤ β
hV : ContDiff ℝ 2 V
hH : ∀ (x v : E), ↑α * ‖v‖ ^ 2 ≤ ((fderiv ℝ (fderiv ℝ V) x) v) v ∧ ((fderiv ℝ (fderiv ℝ V) x) v) v ≤ ↑β * ‖v‖ ^ 2
hη : 0 < η
hβη : ↑β * η ≤ 1
μ : Measure E := ℙ.tilted fun x => -V x
J : Measure (E × E) := Measure.map (fun p => (p.1, p.1 + √η • p.2)) (μ.prod (stdGaussian E))
ν : Measure E := J.snd
mY : MeasurableSpace (E × E) := MeasurableSpace.comap Prod.snd inferInstance
this✝⁷ : MeasurableSpace (E × E) := Prod.instMeasurableSpace
this✝⁶ : Fact (mY ≤ inferInstance) := { out := Measurable.comap_le measurable_snd }
HP : Submodule ℝ ↥(Lp ℝ 2 J) := lpMeas ℝ ℝ mY 2 J
this✝⁵ : NormedAddCommGroup ↥HP := HP.normedAddCommGroup
this✝⁴ : InnerProductSpace ℝ ↥HP := HP.innerProductSpace
P : ↥(Lp ℝ 2 J) →L[ℝ] ↥(Lp ℝ 2 J) := HP.subtypeL ∘SL condExpL2 ℝ ℝ ⋯
hμ : IsProbabilityMeasure (ℙ.tilted fun x => -V x)
hJ : IsProbabilityMeasure (Measure.map (fun p => (p.1, p.1 + √η • p.2)) ((ℙ.tilted fun x => -V x).prod (stdGaussian E)))
hν :
  IsProbabilityMeasure
    (Measure.map (fun p => (p.1, p.1 + √η • p.2)) ((ℙ.tilted fun x => -V x).prod (stdGaussian E))).snd
hRange :
  lpMeas ℝ ℝ (MeasurableSpace.comap Prod.snd inferInstance) 2
      (Measure.map (fun p => (p.1, p.1 + √η • p.2)) ((ℙ.tilted fun x => -V x).prod (stdGaussian E))) =
    (↑((lpMeas ℝ ℝ (MeasurableSpace.comap Prod.snd inferInstance) 2
              (Measure.map (fun p => (p.1, p.1 + √η • p.2))
                ((ℙ.tilted fun x => -V x).prod (stdGaussian E)))).subtypeL ∘SL
          condExpL2 ℝ ℝ ⋯)).range
hPf :
  ∀
    (f :
      ↥(lpMeas ℝ ℝ (MeasurableSpace.comap Prod.snd inferInstance) 2
          (Measure.map (fun p => (p.1, p.1 + √η • p.2)) ((ℙ.tilted fun x => -V x).prod (stdGaussian E))))),
    ((lpMeas ℝ ℝ (MeasurableSpace.comap Prod.snd inferInstance) 2
              (Measure.map (fun p => (p.1, p.1 + √η • p.2))
                ((ℙ.tilted fun x => -V x).prod (stdGaussian E)))).subtypeL ∘SL
          condExpL2 ℝ ℝ ⋯)
        ↑f =
      ↑f
S : Kernel E E
hS : IsMarkovKernel S
hSd : ∀ (y : E), S y = ℙ.tilted fun x => -V ((1 / 2) • (y + x)) - ‖y - x‖ ^ 2 / (8 * η)
hSc :
  (Measure.map (fun p => (p.2, 2 • p.1 - p.2))
        (Measure.map (fun p => (p.1, p.1 + √η • p.2)) ((ℙ.tilted fun x => -V x).prod (stdGaussian E)))).IsCondKernel
    S
hSf :
  (Measure.map (fun p => (p.2, 2 • p.1 - p.2))
        (Measure.map (fun p => (p.1, p.1 + √η • p.2)) ((ℙ.tilted fun x => -V x).prod (stdGaussian E)))).fst =
    (Measure.map (fun p => (p.1, p.1 + √η • p.2)) ((ℙ.tilted fun x => -V x).prod (stdGaussian E))).snd
hSs :
  (Measure.map (fun p => (p.2, 2 • p.1 - p.2))
        (Measure.map (fun p => (p.1, p.1 + √η • p.2)) ((ℙ.tilted fun x => -V x).prod (stdGaussian E)))).snd =
    (Measure.map (fun p => (p.1, p.1 + √η • p.2)) ((ℙ.tilted fun x => -V x).prod (stdGaussian E))).snd
e :
  ↥(Lp ℝ 2 (Measure.map (fun p => (p.1, p.1 + √η • p.2)) ((ℙ.tilted fun x => -V x).prod (stdGaussian E))).snd) ≃ₗᵢ[ℝ]
    ↥(lpMeas ℝ ℝ (MeasurableSpace.comap Prod.snd inferInstance) 2
        (Measure.map (fun p => (p.1, p.1 + √η • p.2)) ((ℙ.tilted fun x => -V x).prod (stdGaussian E))))
he :
  ∀ (u : ↥(Lp ℝ 2 (Measure.map (fun p => (p.1, p.1 + √η • p.2)) ((ℙ.tilted fun x => -V x).prod (stdGaussian E))).snd)),
    ↑(e u) = (Lp.compMeasurePreservingₗᵢ ℝ Prod.snd ⋯) u
U :
  ↥(Lp ℝ 2 (Measure.map (fun p => (p.1, p.1 + √η • p.2)) ((ℙ.tilted fun x => -V x).prod (stdGaussian E)))) →ₗᵢ[ℝ]
    ↥(Lp ℝ 2 (Measure.map (fun p => (p.1, p.1 + √η • p.2)) ((ℙ.tilted fun x => -V x).prod (stdGaussian E))))
hU :
  ∀ (g : ↥(Lp ℝ 2 (Measure.map (fun p => (p.1, p.1 + √η • p.2)) ((ℙ.tilted fun x => -V x).prod (stdGaussian E))))),
    ↑↑(U g) =ᵐ[Measure.map (fun p => (p.1, p.1 + √η • p.2)) ((ℙ.tilted fun x => -V x).prod (stdGaussian E))]
      ↑↑g ∘ fun p => (p.1, 2 • p.1 - p.2)
hUi : Function.Involutive ⇑U
hUs : IsSelfAdjoint U.toContinuousLinearMap
T :
  ↥(Lp ℝ 2 (Measure.map (fun p => (p.1, p.1 + √η • p.2)) ((ℙ.tilted fun x => -V x).prod (stdGaussian E))).snd) →L[ℝ]
    ↥(Lp ℝ 2 (Measure.map (fun p => (p.1, p.1 + √η • p.2)) ((ℙ.tilted fun x => -V x).prod (stdGaussian E))).snd)
hTs : IsSelfAdjoint T
hAll :
  ∀ (u : ↥(Lp ℝ 2 (Measure.map (fun p => (p.1, p.1 + √η • p.2)) ((ℙ.tilted fun x => -V x).prod (stdGaussian E))).snd)),
    ‖T u‖ ≤ ‖u‖ ∧
      (↑↑(T u) =ᵐ[(Measure.map (fun p => (p.1, p.1 + √η • p.2)) ((ℙ.tilted fun x => -V x).prod (stdGaussian E))).snd]
          fun y => ∫ (x : E), ↑↑u x ∂S y) ∧
        ∫ (y : E),
            ↑↑(T u)
              y ∂(Measure.map (fun p => (p.1, p.1 + √η • p.2)) ((ℙ.tilted fun x => -V x).prod (stdGaussian E))).snd =
          ∫ (y : E),
            ↑↑u y ∂(Measure.map (fun p => (p.1, p.1 + √η • p.2)) ((ℙ.tilted fun x => -V x).prod (stdGaussian E))).snd
hAeq :
  (lpMeas ℝ ℝ (MeasurableSpace.comap Prod.snd inferInstance) 2
          (Measure.map (fun p => (p.1, p.1 + √η • p.2))
            ((ℙ.tilted fun x => -V x).prod (stdGaussian E)))).orthogonalProjectionOnto ∘SL
      U.toContinuousLinearMap ∘SL
        (lpMeas ℝ ℝ (MeasurableSpace.comap Prod.snd inferInstance) 2
            (Measure.map (fun p => (p.1, p.1 + √η • p.2)) ((ℙ.tilted fun x => -V x).prod (stdGaussian E)))).subtypeL =
    e.conjStarAlgEquiv T
hAs :
  IsSelfAdjoint
    ((lpMeas ℝ ℝ (MeasurableSpace.comap Prod.snd inferInstance) 2
          (Measure.map (fun p => (p.1, p.1 + √η • p.2))
            ((ℙ.tilted fun x => -V x).prod (stdGaussian E)))).orthogonalProjectionOnto ∘SL
      U.toContinuousLinearMap ∘SL
        (lpMeas ℝ ℝ (MeasurableSpace.comap Prod.snd inferInstance) 2
            (Measure.map (fun p => (p.1, p.1 + √η • p.2)) ((ℙ.tilted fun x => -V x).prod (stdGaussian E)))).subtypeL)
hAn :
  ∀
    (f :
      ↥(lpMeas ℝ ℝ (MeasurableSpace.comap Prod.snd inferInstance) 2
          (Measure.map (fun p => (p.1, p.1 + √η • p.2)) ((ℙ.tilted fun x => -V x).prod (stdGaussian E))))),
    ‖((lpMeas ℝ ℝ (MeasurableSpace.comap Prod.snd inferInstance) 2
                (Measure.map (fun p => (p.1, p.1 + √η • p.2))
                  ((ℙ.tilted fun x => -V x).prod (stdGaussian E)))).orthogonalProjectionOnto ∘SL
            U.toContinuousLinearMap ∘SL
              (lpMeas ℝ ℝ (MeasurableSpace.comap Prod.snd inferInstance) 2
                  (Measure.map (fun p => (p.1, p.1 + √η • p.2))
                    ((ℙ.tilted fun x => -V x).prod (stdGaussian E)))).subtypeL)
          f‖ ≤
      ‖f‖
hPB :
  ∀
    (f :
      ↥(lpMeas ℝ ℝ (MeasurableSpace.comap Prod.snd inferInstance) 2
          (Measure.map (fun p => (p.1, p.1 + √η • p.2)) ((ℙ.tilted fun x => -V x).prod (stdGaussian E))))),
    ((lpMeas ℝ ℝ (MeasurableSpace.comap Prod.snd inferInstance) 2
              (Measure.map (fun p => (p.1, p.1 + √η • p.2))
                ((ℙ.tilted fun x => -V x).prod (stdGaussian E)))).subtypeL ∘SL
          condExpL2 ℝ ℝ ⋯)
        ((((1 -
                  (lpMeas ℝ ℝ (MeasurableSpace.comap Prod.snd inferInstance) 2
                        (Measure.map (fun p => (p.1, p.1 + √η • p.2))
                          ((ℙ.tilted fun x => -V x).prod (stdGaussian E)))).subtypeL ∘SL
                    condExpL2 ℝ ℝ ⋯) *
                U.toContinuousLinearMap *
              (lpMeas ℝ ℝ (MeasurableSpace.comap Prod.snd inferInstance) 2
                    (Measure.map (fun p => (p.1, p.1 + √η • p.2))
                      ((ℙ.tilted fun x => -V x).prod (stdGaussian E)))).subtypeL ∘SL
                condExpL2 ℝ ℝ ⋯) ∘SL
            (lpMeas ℝ ℝ (MeasurableSpace.comap Prod.snd inferInstance) 2
                (Measure.map (fun p => (p.1, p.1 + √η • p.2))
                  ((ℙ.tilted fun x => -V x).prod (stdGaussian E)))).subtypeL)
          f) =
      0
Γ :
  ↥(Lp ℝ 2 (Measure.map (fun p => (p.1, p.1 + √η • p.2)) ((ℙ.tilted fun x => -V x).prod (stdGaussian E))).snd) →L[ℝ]
    ↥(Lp ℝ 2 (Measure.map (fun p => (p.1, p.1 + √η • p.2)) ((ℙ.tilted fun x => -V x).prod (stdGaussian E))).snd)
hΓ : Γ.IsPositive
hΓSq : Γ * Γ = 1 - T * T
hΓP : (e.conjStarAlgEquiv Γ).IsPositive
hΓPSq :
  e.conjStarAlgEquiv Γ * e.conjStarAlgEquiv Γ =
    1 -
      (lpMeas ℝ ℝ (MeasurableSpace.comap Prod.snd inferInstance) 2
              (Measure.map (fun p => (p.1, p.1 + √η • p.2))
                ((ℙ.tilted fun x => -V x).prod (stdGaussian E)))).orthogonalProjectionOnto ∘SL
          U.toContinuousLinearMap ∘SL
            (lpMeas ℝ ℝ (MeasurableSpace.comap Prod.snd inferInstance) 2
                (Measure.map (fun p => (p.1, p.1 + √η • p.2))
                  ((ℙ.tilted fun x => -V x).prod (stdGaussian E)))).subtypeL *
        (lpMeas ℝ ℝ (MeasurableSpace.comap Prod.snd inferInstance) 2
              (Measure.map (fun p => (p.1, p.1 + √η • p.2))
                ((ℙ.tilted fun x => -V x).prod (stdGaussian E)))).orthogonalProjectionOnto ∘SL
          U.toContinuousLinearMap ∘SL
            (lpMeas ℝ ℝ (MeasurableSpace.comap Prod.snd inferInstance) 2
                (Measure.map (fun p => (p.1, p.1 + √η • p.2)) ((ℙ.tilted fun x => -V x).prod (stdGaussian E)))).subtypeL
hGram :
  ContinuousLinearMap.adjoint
        (((1 -
                (lpMeas ℝ ℝ (MeasurableSpace.comap Prod.snd inferInstance) 2
                      (Measure.map (fun p => (p.1, p.1 + √η • p.2))
                        ((ℙ.tilted fun x => -V x).prod (stdGaussian E)))).subtypeL ∘SL
                  condExpL2 ℝ ℝ ⋯) *
              U.toContinuousLinearMap *
            (lpMeas ℝ ℝ (MeasurableSpace.comap Prod.snd inferInstance) 2
                  (Measure.map (fun p => (p.1, p.1 + √η • p.2))
                    ((ℙ.tilted fun x => -V x).prod (stdGaussian E)))).subtypeL ∘SL
              condExpL2 ℝ ℝ ⋯) ∘SL
          (lpMeas ℝ ℝ (MeasurableSpace.comap Prod.snd inferInstance) 2
              (Measure.map (fun p => (p.1, p.1 + √η • p.2))
                ((ℙ.tilted fun x => -V x).prod (stdGaussian E)))).subtypeL) ∘SL
      ((1 -
              (lpMeas ℝ ℝ (MeasurableSpace.comap Prod.snd inferInstance) 2
                    (Measure.map (fun p => (p.1, p.1 + √η • p.2))
                      ((ℙ.tilted fun x => -V x).prod (stdGaussian E)))).subtypeL ∘SL
                condExpL2 ℝ ℝ ⋯) *
            U.toContinuousLinearMap *
          (lpMeas ℝ ℝ (MeasurableSpace.comap Prod.snd inferInstance) 2
                (Measure.map (fun p => (p.1, p.1 + √η • p.2))
                  ((ℙ.tilted fun x => -V x).prod (stdGaussian E)))).subtypeL ∘SL
            condExpL2 ℝ ℝ ⋯) ∘SL
        (lpMeas ℝ ℝ (MeasurableSpace.comap Prod.snd inferInstance) 2
            (Measure.map (fun p => (p.1, p.1 + √η • p.2)) ((ℙ.tilted fun x => -V x).prod (stdGaussian E)))).subtypeL =
    e.conjStarAlgEquiv Γ * e.conjStarAlgEquiv Γ
hEnergy :
  ∀
    (f :
      ↥(lpMeas ℝ ℝ (MeasurableSpace.comap Prod.snd inferInstance) 2
          (Measure.map (fun p => (p.1, p.1 + √η • p.2)) ((ℙ.tilted fun x => -V x).prod (stdGaussian E))))),
    ‖(((1 -
                    (lpMeas ℝ ℝ (MeasurableSpace.comap Prod.snd inferInstance) 2
                          (Measure.map (fun p => (p.1, p.1 + √η • p.2))
                            ((ℙ.tilted fun x => -V x).prod (stdGaussian E)))).subtypeL ∘SL
                      condExpL2 ℝ ℝ ⋯) *
                  U.toContinuousLinearMap *
                (lpMeas ℝ ℝ (MeasurableSpace.comap Prod.snd inferInstance) 2
                      (Measure.map (fun p => (p.1, p.1 + √η • p.2))
                        ((ℙ.tilted fun x => -V x).prod (stdGaussian E)))).subtypeL ∘SL
                  condExpL2 ℝ ℝ ⋯) ∘SL
              (lpMeas ℝ ℝ (MeasurableSpace.comap Prod.snd inferInstance) 2
                  (Measure.map (fun p => (p.1, p.1 + √η • p.2))
                    ((ℙ.tilted fun x => -V x).prod (stdGaussian E)))).subtypeL)
            f‖ =
        ‖(e.conjStarAlgEquiv Γ) f‖ ∧
      ‖(e.conjStarAlgEquiv Γ) f‖ ^ 2 =
        ‖f‖ ^ 2 -
          ‖((lpMeas ℝ ℝ (MeasurableSpace.comap Prod.snd inferInstance) 2
                      (Measure.map (fun p => (p.1, p.1 + √η • p.2))
                        ((ℙ.tilted fun x => -V x).prod (stdGaussian E)))).orthogonalProjectionOnto ∘SL
                  U.toContinuousLinearMap ∘SL
                    (lpMeas ℝ ℝ (MeasurableSpace.comap Prod.snd inferInstance) 2
                        (Measure.map (fun p => (p.1, p.1 + √η • p.2))
                          ((ℙ.tilted fun x => -V x).prod (stdGaussian E)))).subtypeL)
                f‖ ^
            2
hUnique :
  ∀
    (G :
      ↥(lpMeas ℝ ℝ (MeasurableSpace.comap Prod.snd inferInstance) 2
            (Measure.map (fun p => (p.1, p.1 + √η • p.2)) ((ℙ.tilted fun x => -V x).prod (stdGaussian E)))) →L[ℝ]
        ↥(lpMeas ℝ ℝ (MeasurableSpace.comap Prod.snd inferInstance) 2
            (Measure.map (fun p => (p.1, p.1 + √η • p.2)) ((ℙ.tilted fun x => -V x).prod (stdGaussian E))))),
    G.IsPositive →
      G * G =
          1 -
            (lpMeas ℝ ℝ (MeasurableSpace.comap Prod.snd inferInstance) 2
                    (Measure.map (fun p => (p.1, p.1 + √η • p.2))
                      ((ℙ.tilted fun x => -V x).prod (stdGaussian E)))).orthogonalProjectionOnto ∘SL
                U.toContinuousLinearMap ∘SL
                  (lpMeas ℝ ℝ (MeasurableSpace.comap Prod.snd inferInstance) 2
                      (Measure.map (fun p => (p.1, p.1 + √η • p.2))
                        ((ℙ.tilted fun x => -V x).prod (stdGaussian E)))).subtypeL *
              (lpMeas ℝ ℝ (MeasurableSpace.comap Prod.snd inferInstance) 2
                    (Measure.map (fun p => (p.1, p.1 + √η • p.2))
                      ((ℙ.tilted fun x => -V x).prod (stdGaussian E)))).orthogonalProjectionOnto ∘SL
                U.toContinuousLinearMap ∘SL
                  (lpMeas ℝ ℝ (MeasurableSpace.comap Prod.snd inferInstance) 2
                      (Measure.map (fun p => (p.1, p.1 + √η • p.2))
                        ((ℙ.tilted fun x => -V x).prod (stdGaussian E)))).subtypeL →
        G = e.conjStarAlgEquiv Γ
this✝³ : IsProbabilityMeasure μ := hμ
this✝² : IsProbabilityMeasure J := hJ
this✝¹ : IsProbabilityMeasure ν := hν
A : ↥HP →L[ℝ] ↥HP := HP.orthogonalProjectionOnto ∘SL U.toContinuousLinearMap ∘SL HP.subtypeL
B : ↥HP →L[ℝ] ↥(Lp ℝ 2 J) := ((1 - P) * U.toContinuousLinearMap * P) ∘SL HP.subtypeL
ΓP : ↥HP →L[ℝ] ↥HP := e.conjStarAlgEquiv Γ
hAeqLocal : A = e.conjStarAlgEquiv T
q : ↥(Lp ℝ 2 ν) := TechnicalLemmas.Measure.L2Expectation.one ν
hq : ∀ (u : ↥(Lp ℝ 2 ν)), ⟪q, u⟫_ℝ = ∫ (y : E), ↑↑u y ∂ν
hqa : ↑↑q =ᵐ[ν] fun x => 1
hTq : T q = q
hqq : ⟪q, q⟫_ℝ = 1
hΓEnergy : ∀ (u : ↥(Lp ℝ 2 ν)), ‖Γ u‖ ^ 2 = ‖u‖ ^ 2 - ‖T u‖ ^ 2
hΓq : Γ q = 0
left✝⁵ :
  IsProbabilityMeasure
    (Measure.map (fun p => (p.1, p.1 + √η • p.2)) ((ℙ.tilted fun x => -V x).prod (stdGaussian E))).snd
G :
  ↥(Lp ℝ 2 (Measure.map (fun p => (p.1, p.1 + √η • p.2)) ((ℙ.tilted fun x => -V x).prod (stdGaussian E))).snd) →ₗ.[ℝ]
    ↥(Lp E 2 (Measure.map (fun p => (p.1, p.1 + √η • p.2)) ((ℙ.tilted fun x => -V x).prod (stdGaussian E))).snd)
left✝⁴ : Dense ↑G.domain
hClose : G.IsClosable
hClosed : G.closure.IsClosed
hGraph :
  ∀ (u : ↥(Lp ℝ 2 (Measure.map (fun p => (p.1, p.1 + √η • p.2)) ((ℙ.tilted fun x => -V x).prod (stdGaussian E))).snd))
    (v : ↥(Lp E 2 (Measure.map (fun p => (p.1, p.1 + √η • p.2)) ((ℙ.tilted fun x => -V x).prod (stdGaussian E))).snd)),
    (u, v) ∈ G.graph ↔
      ∃ φ,
        ContDiff ℝ ∞ φ ∧
          HasCompactSupport φ ∧
            ↑↑u =ᵐ[(Measure.map (fun p => (p.1, p.1 + √η • p.2)) ((ℙ.tilted fun x => -V x).prod (stdGaussian E))).snd]
                φ ∧
              ↑↑v =ᵐ[(Measure.map (fun p => (p.1, p.1 + √η • p.2)) ((ℙ.tilted fun x => -V x).prod (stdGaussian E))).snd]
                gradient φ
hPI :
  ∀ (z : ↥G.closure.domain),
    ∫ (x : E),
          ↑↑↑z x ∂(Measure.map (fun p => (p.1, p.1 + √η • p.2)) ((ℙ.tilted fun x => -V x).prod (stdGaussian E))).snd =
        0 →
      ↑α / (1 + ↑α * η) * ‖↑z‖ ^ 2 ≤ ‖↑G.closure z‖ ^ 2
left✝³ :
  IsProbabilityMeasure
    (Measure.map (fun p => (p.1, p.1 + √η • p.2)) ((ℙ.tilted fun x => -V x).prod (stdGaussian E))).snd
K :
  ↥(Lp ℝ 2 (Measure.map (fun p => (p.1, p.1 + √η • p.2)) ((ℙ.tilted fun x => -V x).prod (stdGaussian E))).snd) →L[ℝ]
    ↥(Lp E 2 (Measure.map (fun p => (p.1, p.1 + √η • p.2)) ((ℙ.tilted fun x => -V x).prod (stdGaussian E))).snd)
left✝² : Dense ↑G.domain
left✝¹ : G.IsClosable
left✝ : G.closure.IsClosed
hGraph' :
  ∀ (u : ↥(Lp ℝ 2 (Measure.map (fun p => (p.1, p.1 + √η • p.2)) ((ℙ.tilted fun x => -V x).prod (stdGaussian E))).snd))
    (v : ↥(Lp E 2 (Measure.map (fun p => (p.1, p.1 + √η • p.2)) ((ℙ.tilted fun x => -V x).prod (stdGaussian E))).snd)),
    (u, v) ∈ G.graph ↔
      ∃ φ,
        ContDiff ℝ ∞ φ ∧
          HasCompactSupport φ ∧
            ↑↑u =ᵐ[(Measure.map (fun p => (p.1, p.1 + √η • p.2)) ((ℙ.tilted fun x => -V x).prod (stdGaussian E))).snd]
                φ ∧
              ↑↑v =ᵐ[(Measure.map (fun p => (p.1, p.1 + √η • p.2)) ((ℙ.tilted fun x => -V x).prod (stdGaussian E))).snd]
                gradient φ
hRough :
  ∀ (u : ↥(Lp ℝ 2 (Measure.map (fun p => (p.1, p.1 + √η • p.2)) ((ℙ.tilted fun x => -V x).prod (stdGaussian E))).snd)),
    (T u, K u) ∈ G.closure.graph ∧
      ‖T u‖ ≤ ‖u‖ ∧
        (↑↑(T u) =ᵐ[(Measure.map (fun p => (p.1, p.1 + √η • p.2)) ((ℙ.tilted fun x => -V x).prod (stdGaussian E))).snd]
            fun y => ∫ (x : E), ↑↑u x ∂ℙ.tilted fun x => -V ((1 / 2) • (y + x)) - ‖y - x‖ ^ 2 / (8 * η)) ∧
          (∀ᵐ (y :
              E) ∂(Measure.map (fun p => (p.1, p.1 + √η • p.2)) ((ℙ.tilted fun x => -V x).prod (stdGaussian E))).snd,
              Integrable (↑↑u) (ℙ.tilted fun x => -V ((1 / 2) • (y + x)) - ‖y - x‖ ^ 2 / (8 * η)) ∧
                Integrable (fun x => ↑↑u x ^ 2) (ℙ.tilted fun x => -V ((1 / 2) • (y + x)) - ‖y - x‖ ^ 2 / (8 * η))) ∧
            η * ‖K u‖ ^ 2 ≤ (1 - ↑α * η) ^ 2 / (4 * (1 + ↑α * η)) * (‖u‖ ^ 2 - ‖T u‖ ^ 2) ∧
              4 * η * ‖K u‖ ^ 2 ≤ ‖u‖ ^ 2 - ‖T u‖ ^ 2
ha0 : 0 < ↑α * η
ha1 : ↑α * η ≤ 1
hd : 0 < 1 + ↑α * η
ρ : ℝ := (1 - ↑α * η) / (1 + ↑α * η)
γ : ℝ := 2 * √(↑α * η) / (1 + ↑α * η)
hρ : 0 ≤ ρ
hγ : 0 < γ
hγSq : γ ^ 2 = 1 - ρ ^ 2
hCon : ∀ (u : ↥(Lp ℝ 2 ν)), ∫ (y : E), ↑↑u y ∂ν = 0 → ‖T u‖ ≤ ρ * ‖u‖
Q : ↥(Lp ℝ 2 ν) →L[ℝ] ↥(Lp ℝ 2 ν) := 1 - ((innerSL ℝ) q).smulRight q
hQ : ∀ (u : ↥(Lp ℝ 2 ν)), Q u = u - ⟪q, u⟫_ℝ • q
hQmean : ∀ (u : ↥(Lp ℝ 2 ν)), ⟪q, Q u⟫_ℝ = 0
hDecomp : ∀ (u : ↥(Lp ℝ 2 ν)), u = Q u + ⟪q, u⟫_ℝ • q
hQself : IsSelfAdjoint Q
hQinner : ∀ (u : ↥(Lp ℝ 2 ν)), ⟪Q u, u⟫_ℝ = ‖Q u‖ ^ 2
hQpos : Q.IsPositive
hQsq : Q * Q = Q
hΓQ : ∀ (u : ↥(Lp ℝ 2 ν)), Γ (Q u) = Γ u
hSquare : (Γ * Γ - γ • Q * γ • Q).IsPositive
hOrder : (Γ - γ • Q).IsPositive
qP : ↥HP := e q
HP0 : Submodule ℝ ↥HP := (↑((innerSL ℝ) qP)).ker
this✝ : NormedAddCommGroup ↥HP0 := HP0.normedAddCommGroup
this : InnerProductSpace ℝ ↥HP0 := HP0.innerProductSpace
hCenter : ∀ (f : ↥HP), f ∈ HP0 ↔ ∫ (y : E), ↑↑(e.symm f) y ∂ν = 0
hΓPq : ΓP qP = 0
hInv : ∀ (f : ↥HP0), ΓP ↑f ∈ HP0
ΓP0 : ↥HP0 →L[ℝ] ↥HP0 := (ΓP ∘SL HP0.subtypeL).codRestrict HP0 hInv
hΓP0 : ∀ (f : ↥HP0), ↑(ΓP0 f) = ΓP ↑f
hPos0 : ΓP0.IsPositive
hOrder0 : (ΓP0 - γ • 1).IsPositive
hCoerc : ∀ (f : ↥HP0), γ * ‖f‖ ^ 2 ≤ ⟪ΓP0 f, f⟫_ℝ
hUnit : IsUnit ΓP0
Inv : ↥HP0 →L[ℝ] ↥HP0 := ↑hUnit.unit⁻¹
hLeft : Inv * ΓP0 = 1
hRight : ΓP0 * Inv = 1
hNormCoerc : ∀ (f : ↥HP0), γ * ‖f‖ ≤ ‖ΓP0 f‖
⊢ ‖Inv‖ ≤ 1 / γ
runs/20261007-companion-priority/pbps-centered-root64/combined-draft-v8.lean:397:50: error: not a positivity goal
'AutoSamplingTheory.ExampleCases.ProximalBPS.CenteredRootOrderInverse.actual_centered_root_order_inverse' depends on axioms: [propext,
 sorryAx,
 Classical.choice,
 Quot.sound]
