Lean / Mathlib formalization	UNKNOWN STEP	﻿2026-10-09T02:59:59.5986744Z Current runner version: '2.337.0'
Lean / Mathlib formalization	UNKNOWN STEP	2026-10-09T02:59:59.6003179Z ##[group]Runner Image Provisioner
Lean / Mathlib formalization	UNKNOWN STEP	2026-10-09T02:59:59.6003754Z Hosted Compute Agent
Lean / Mathlib formalization	UNKNOWN STEP	2026-10-09T02:59:59.6004101Z Version: 20261002.596
Lean / Mathlib formalization	UNKNOWN STEP	2026-10-09T02:59:59.6004465Z Commit: c3d12f3313a95f25162a1503be624f3b0617f8c0
Lean / Mathlib formalization	UNKNOWN STEP	2026-10-09T02:59:59.6004968Z Build Date: 2026-10-02T22:28:27Z
Lean / Mathlib formalization	UNKNOWN STEP	2026-10-09T02:59:59.6005368Z Worker ID: {ad4648b2-35aa-4bc5-a589-467913119e84}
Lean / Mathlib formalization	UNKNOWN STEP	2026-10-09T02:59:59.6005808Z Region: centralus
Lean / Mathlib formalization	UNKNOWN STEP	2026-10-09T02:59:59.6006150Z Cloud: Azure
Lean / Mathlib formalization	UNKNOWN STEP	2026-10-09T02:59:59.6006476Z ##[endgroup]
Lean / Mathlib formalization	UNKNOWN STEP	2026-10-09T02:59:59.6007391Z ##[group]Operating System
Lean / Mathlib formalization	UNKNOWN STEP	2026-10-09T02:59:59.6007971Z Ubuntu
Lean / Mathlib formalization	UNKNOWN STEP	2026-10-09T02:59:59.6008328Z 24.04.5
Lean / Mathlib formalization	UNKNOWN STEP	2026-10-09T02:59:59.6008648Z LTS
Lean / Mathlib formalization	UNKNOWN STEP	2026-10-09T02:59:59.6008959Z ##[endgroup]
Lean / Mathlib formalization	UNKNOWN STEP	2026-10-09T02:59:59.6009352Z ##[group]Runner Image
Lean / Mathlib formalization	UNKNOWN STEP	2026-10-09T02:59:59.6009699Z Image: ubuntu-24.04
Lean / Mathlib formalization	UNKNOWN STEP	2026-10-09T02:59:59.6010026Z Version: 20261004.327.1
Lean / Mathlib formalization	UNKNOWN STEP	2026-10-09T02:59:59.6010830Z Included Software: https://github.com/actions/runner-images/blob/ubuntu24/20261004.327/images/ubuntu/Ubuntu2404-Readme.md
Lean / Mathlib formalization	UNKNOWN STEP	2026-10-09T02:59:59.6011768Z Image Release: https://github.com/actions/runner-images/releases/tag/ubuntu24%2F20261004.327
Lean / Mathlib formalization	UNKNOWN STEP	2026-10-09T02:59:59.6012334Z ##[endgroup]
Lean / Mathlib formalization	UNKNOWN STEP	2026-10-09T02:59:59.6013026Z ##[group]GITHUB_TOKEN Permissions
Lean / Mathlib formalization	UNKNOWN STEP	2026-10-09T02:59:59.6014182Z Contents: read
Lean / Mathlib formalization	UNKNOWN STEP	2026-10-09T02:59:59.6014553Z Metadata: read
Lean / Mathlib formalization	UNKNOWN STEP	2026-10-09T02:59:59.6014950Z ##[endgroup]
Lean / Mathlib formalization	UNKNOWN STEP	2026-10-09T02:59:59.6016226Z Secret source: Actions
Lean / Mathlib formalization	UNKNOWN STEP	2026-10-09T02:59:59.6016820Z Cache mode: write
Lean / Mathlib formalization	UNKNOWN STEP	2026-10-09T02:59:59.6017228Z Prepare workflow directory
Lean / Mathlib formalization	UNKNOWN STEP	2026-10-09T02:59:59.6222204Z Prepare all required actions
Lean / Mathlib formalization	UNKNOWN STEP	2026-10-09T02:59:59.6254804Z Getting action download info
Lean / Mathlib formalization	UNKNOWN STEP	2026-10-09T02:59:59.8628679Z Download action repository 'actions/checkout@v4' (SHA:11d5960a326750d5838078e36cf38b85af677262)
Lean / Mathlib formalization	UNKNOWN STEP	2026-10-09T02:59:59.9417163Z Download action repository 'actions/setup-python@v5' (SHA:a26af69be951a213d495a4c3e4e4022e16d87065)
Lean / Mathlib formalization	UNKNOWN STEP	2026-10-09T03:00:00.0308899Z Download action repository 'leanprover/lean-action@v1' (SHA:f061402b660e0c34644504b324e830f2991d4865)
Lean / Mathlib formalization	UNKNOWN STEP	2026-10-09T03:00:00.2987931Z Getting action download info
Lean / Mathlib formalization	UNKNOWN STEP	2026-10-09T03:00:00.3844759Z Download action repository 'actions/cache@caa296126883cff596d87d8935842f9db880ef25' (SHA:caa296126883cff596d87d8935842f9db880ef25)
Lean / Mathlib formalization	UNKNOWN STEP	2026-10-09T03:00:00.6482543Z Complete job name: Lean / Mathlib formalization
Lean / Mathlib formalization	UNKNOWN STEP	2026-10-09T03:00:00.7116417Z ##[group]Run actions/checkout@v4
Lean / Mathlib formalization	UNKNOWN STEP	2026-10-09T03:00:00.7117178Z with:
Lean / Mathlib formalization	UNKNOWN STEP	2026-10-09T03:00:00.7117947Z   fetch-depth: 0
Lean / Mathlib formalization	UNKNOWN STEP	2026-10-09T03:00:00.7118755Z   repository: DakeBU/Automization-Sampling-Optimisation-Geometry-Lib
Lean / Mathlib formalization	UNKNOWN STEP	2026-10-09T03:00:00.7123859Z   token: ***
Lean / Mathlib formalization	UNKNOWN STEP	2026-10-09T03:00:00.7124374Z   ssh-strict: true
Lean / Mathlib formalization	UNKNOWN STEP	2026-10-09T03:00:00.7124900Z   ssh-user: git
Lean / Mathlib formalization	UNKNOWN STEP	2026-10-09T03:00:00.7125439Z   persist-credentials: true
Lean / Mathlib formalization	UNKNOWN STEP	2026-10-09T03:00:00.7126017Z   clean: true
Lean / Mathlib formalization	UNKNOWN STEP	2026-10-09T03:00:00.7126558Z   sparse-checkout-cone-mode: true
Lean / Mathlib formalization	UNKNOWN STEP	2026-10-09T03:00:00.7127185Z   fetch-tags: false
Lean / Mathlib formalization	UNKNOWN STEP	2026-10-09T03:00:00.7127807Z   show-progress: true
Lean / Mathlib formalization	UNKNOWN STEP	2026-10-09T03:00:00.7128344Z   lfs: false
Lean / Mathlib formalization	UNKNOWN STEP	2026-10-09T03:00:00.7128871Z   submodules: false
Lean / Mathlib formalization	UNKNOWN STEP	2026-10-09T03:00:00.7129427Z   set-safe-directory: true
Lean / Mathlib formalization	UNKNOWN STEP	2026-10-09T03:00:00.7130037Z   allow-unsafe-pr-checkout: false
Lean / Mathlib formalization	UNKNOWN STEP	2026-10-09T03:00:00.7130781Z ##[endgroup]
Lean / Mathlib formalization	UNKNOWN STEP	2026-10-09T03:00:00.7784022Z Syncing repository: DakeBU/Automization-Sampling-Optimisation-Geometry-Lib
Lean / Mathlib formalization	UNKNOWN STEP	2026-10-09T03:00:00.7787145Z ##[group]Getting Git version info
Lean / Mathlib formalization	UNKNOWN STEP	2026-10-09T03:00:00.7790085Z Working directory is '/home/runner/work/Automization-Sampling-Optimisation-Geometry-Lib/Automization-Sampling-Optimisation-Geometry-Lib'
Lean / Mathlib formalization	UNKNOWN STEP	2026-10-09T03:00:00.7793138Z [command]/usr/bin/git version
Lean / Mathlib formalization	UNKNOWN STEP	2026-10-09T03:00:00.7898187Z git version 2.55.0
Lean / Mathlib formalization	UNKNOWN STEP	2026-10-09T03:00:00.7913599Z ##[endgroup]
Lean / Mathlib formalization	UNKNOWN STEP	2026-10-09T03:00:00.7925405Z Temporarily overriding HOME='/home/runner/work/_temp/50a503f7-b2ae-4e8f-b5ba-f31b80c4138d' before making global git config changes
Lean / Mathlib formalization	UNKNOWN STEP	2026-10-09T03:00:00.7927035Z Adding repository directory to the temporary git global config as a safe directory
Lean / Mathlib formalization	UNKNOWN STEP	2026-10-09T03:00:00.7929838Z [command]/usr/bin/git config --global --add safe.directory /home/runner/work/Automization-Sampling-Optimisation-Geometry-Lib/Automization-Sampling-Optimisation-Geometry-Lib
Lean / Mathlib formalization	UNKNOWN STEP	2026-10-09T03:00:00.7976614Z Deleting the contents of '/home/runner/work/Automization-Sampling-Optimisation-Geometry-Lib/Automization-Sampling-Optimisation-Geometry-Lib'
Lean / Mathlib formalization	UNKNOWN STEP	2026-10-09T03:00:00.7980083Z ##[group]Initializing the repository
Lean / Mathlib formalization	UNKNOWN STEP	2026-10-09T03:00:00.7984723Z [command]/usr/bin/git init /home/runner/work/Automization-Sampling-Optimisation-Geometry-Lib/Automization-Sampling-Optimisation-Geometry-Lib
Lean / Mathlib formalization	UNKNOWN STEP	2026-10-09T03:00:00.8091918Z hint: Using 'master' as the name for the initial branch. This default branch name
Lean / Mathlib formalization	UNKNOWN STEP	2026-10-09T03:00:00.8093556Z hint: will change to "main" in Git 3.0. To configure the initial branch name
Lean / Mathlib formalization	UNKNOWN STEP	2026-10-09T03:00:00.8095182Z hint: to use in all of your new repositories, which will suppress this warning,
Lean / Mathlib formalization	UNKNOWN STEP	2026-10-09T03:00:00.8096860Z hint: call:
Lean / Mathlib formalization	UNKNOWN STEP	2026-10-09T03:00:00.8097494Z hint:
Lean / Mathlib formalization	UNKNOWN STEP	2026-10-09T03:00:00.8098292Z hint: 	git config --global init.defaultBranch <name>
Lean / Mathlib formalization	UNKNOWN STEP	2026-10-09T03:00:00.8099043Z hint:
Lean / Mathlib formalization	UNKNOWN STEP	2026-10-09T03:00:00.8099726Z hint: Names commonly chosen instead of 'master' are 'main', 'trunk' and
Lean / Mathlib formalization	UNKNOWN STEP	2026-10-09T03:00:00.8100766Z hint: 'development'. The just-created branch can be renamed via this command:
Lean / Mathlib formalization	UNKNOWN STEP	2026-10-09T03:00:00.8101593Z hint:
Lean / Mathlib formalization	UNKNOWN STEP	2026-10-09T03:00:00.8102087Z hint: 	git branch -m <name>
Lean / Mathlib formalization	UNKNOWN STEP	2026-10-09T03:00:00.8102675Z hint:
Lean / Mathlib formalization	UNKNOWN STEP	2026-10-09T03:00:00.8103511Z hint: Disable this message with "git config set advice.defaultBranchName false"
Lean / Mathlib formalization	UNKNOWN STEP	2026-10-09T03:00:00.8105265Z Initialized empty Git repository in /home/runner/work/Automization-Sampling-Optimisation-Geometry-Lib/Automization-Sampling-Optimisation-Geometry-Lib/.git/
Lean / Mathlib formalization	UNKNOWN STEP	2026-10-09T03:00:00.8109586Z [command]/usr/bin/git remote add origin https://github.com/DakeBU/Automization-Sampling-Optimisation-Geometry-Lib
Lean / Mathlib formalization	UNKNOWN STEP	2026-10-09T03:00:00.8155006Z ##[endgroup]
Lean / Mathlib formalization	UNKNOWN STEP	2026-10-09T03:00:00.8156449Z ##[group]Disabling automatic garbage collection
Lean / Mathlib formalization	UNKNOWN STEP	2026-10-09T03:00:00.8157811Z [command]/usr/bin/git config --local gc.auto 0
Lean / Mathlib formalization	UNKNOWN STEP	2026-10-09T03:00:00.8209371Z ##[endgroup]
Lean / Mathlib formalization	UNKNOWN STEP	2026-10-09T03:00:00.8210292Z ##[group]Setting up auth
Lean / Mathlib formalization	UNKNOWN STEP	2026-10-09T03:00:00.8228697Z [command]/usr/bin/git config --local --name-only --get-regexp core\.sshCommand
Lean / Mathlib formalization	UNKNOWN STEP	2026-10-09T03:00:00.8247345Z [command]/usr/bin/git submodule foreach --recursive sh -c "git config --local --name-only --get-regexp 'core\.sshCommand' && git config --local --unset-all 'core.sshCommand' || :"
Lean / Mathlib formalization	UNKNOWN STEP	2026-10-09T03:00:00.8532442Z [command]/usr/bin/git config --local --name-only --get-regexp http\.https\:\/\/github\.com\/\.extraheader
Lean / Mathlib formalization	UNKNOWN STEP	2026-10-09T03:00:00.8560186Z [command]/usr/bin/git submodule foreach --recursive sh -c "git config --local --name-only --get-regexp 'http\.https\:\/\/github\.com\/\.extraheader' && git config --local --unset-all 'http.https://github.com/.extraheader' || :"
Lean / Mathlib formalization	UNKNOWN STEP	2026-10-09T03:00:00.8734022Z [command]/usr/bin/git config --local --name-only --get-regexp ^includeIf\.gitdir:
Lean / Mathlib formalization	UNKNOWN STEP	2026-10-09T03:00:00.8762254Z [command]/usr/bin/git submodule foreach --recursive git config --local --show-origin --name-only --get-regexp remote.origin.url
Lean / Mathlib formalization	UNKNOWN STEP	2026-10-09T03:00:00.8934896Z [command]/usr/bin/git config --local http.https://github.com/.extraheader AUTHORIZATION: basic ***
Lean / Mathlib formalization	UNKNOWN STEP	2026-10-09T03:00:00.8967255Z ##[endgroup]
Lean / Mathlib formalization	UNKNOWN STEP	2026-10-09T03:00:00.8968672Z ##[group]Fetching the repository
Lean / Mathlib formalization	UNKNOWN STEP	2026-10-09T03:00:00.8974286Z [command]/usr/bin/git -c protocol.version=2 fetch --prune --no-recurse-submodules origin +refs/heads/*:refs/remotes/origin/* +refs/tags/*:refs/tags/* +54c6082afde7962b781fdbd0c6cc6b34908d79ea:refs/remotes/pull/315/merge
Lean / Mathlib formalization	UNKNOWN STEP	2026-10-09T03:00:07.9788140Z From https://github.com/DakeBU/Automization-Sampling-Optimisation-Geometry-Lib
Lean / Mathlib formalization	UNKNOWN STEP	2026-10-09T03:00:07.9788907Z  * [new branch]        automation/samplewiki-sync               -> origin/automation/samplewiki-sync
Lean / Mathlib formalization	UNKNOWN STEP	2026-10-09T03:00:07.9789316Z  * [new branch]        chapter-1-1-final-closure                -> origin/chapter-1-1-final-closure
Lean / Mathlib formalization	UNKNOWN STEP	2026-10-09T03:00:07.9789820Z  * [new branch]        chapter-1-markov-semigroup-foundations   -> origin/chapter-1-markov-semigroup-foundations
Lean / Mathlib formalization	UNKNOWN STEP	2026-10-09T03:00:07.9790475Z  * [new branch]        chapter-1-qv-grid-l2                     -> origin/chapter-1-qv-grid-l2
Lean / Mathlib formalization	UNKNOWN STEP	2026-10-09T03:00:07.9790825Z  * [new branch]        chapter-1-qv-l2-cell                     -> origin/chapter-1-qv-l2-cell
Lean / Mathlib formalization	UNKNOWN STEP	2026-10-09T03:00:07.9791259Z  * [new branch]        codex/acceleration-geometry-shared-spine -> origin/codex/acceleration-geometry-shared-spine
Lean / Mathlib formalization	UNKNOWN STEP	2026-10-09T03:00:07.9791700Z  * [new branch]        codex/hudson-ot-p2-final                 -> origin/codex/hudson-ot-p2-final
Lean / Mathlib formalization	UNKNOWN STEP	2026-10-09T03:00:07.9792074Z  * [new branch]        codex/oai-result-digestion               -> origin/codex/oai-result-digestion
Lean / Mathlib formalization	UNKNOWN STEP	2026-10-09T03:00:07.9792487Z  * [new branch]        codex/sphmc-standardized-rgo             -> origin/codex/sphmc-standardized-rgo
Lean / Mathlib formalization	UNKNOWN STEP	2026-10-09T03:00:07.9792932Z  * [new branch]        continuous-cost-weak-lsc-main            -> origin/continuous-cost-weak-lsc-main
Lean / Mathlib formalization	UNKNOWN STEP	2026-10-09T03:00:07.9793338Z  * [new branch]        continuous-cost-weak-lsc-v2              -> origin/continuous-cost-weak-lsc-v2
Lean / Mathlib formalization	UNKNOWN STEP	2026-10-09T03:00:07.9793759Z  * [new branch]        continuous-nnreal-cost-weak-lsc          -> origin/continuous-nnreal-cost-weak-lsc
Lean / Mathlib formalization	UNKNOWN STEP	2026-10-09T03:00:07.9794200Z  * [new branch]        fixed-marginal-coupling-compactness      -> origin/fixed-marginal-coupling-compactness
Lean / Mathlib formalization	UNKNOWN STEP	2026-10-09T03:00:07.9794646Z  * [new branch]        gh-pages                                 -> origin/gh-pages
Lean / Mathlib formalization	UNKNOWN STEP	2026-10-09T03:00:07.9794980Z  * [new branch]        main                                     -> origin/main
Lean / Mathlib formalization	UNKNOWN STEP	2026-10-09T03:00:07.9795426Z  * [new branch]        proposal/curvature-higher-order-optimisation-route -> origin/proposal/curvature-higher-order-optimisation-route
Lean / Mathlib formalization	UNKNOWN STEP	2026-10-09T03:00:07.9795930Z  * [new branch]        quadratic-optimal-coupling-existence     -> origin/quadratic-optimal-coupling-existence
Lean / Mathlib formalization	UNKNOWN STEP	2026-10-09T03:00:07.9796404Z  * [new branch]        quadratic-optimal-coupling-existence-v2  -> origin/quadratic-optimal-coupling-existence-v2
Lean / Mathlib formalization	UNKNOWN STEP	2026-10-09T03:00:07.9796872Z  * [new branch]        quadratic-optimal-map-uniqueness         -> origin/quadratic-optimal-map-uniqueness
Lean / Mathlib formalization	UNKNOWN STEP	2026-10-09T03:00:07.9797291Z  * [new branch]        quadratic-optimal-midpoint-v2            -> origin/quadratic-optimal-midpoint-v2
Lean / Mathlib formalization	UNKNOWN STEP	2026-10-09T03:00:07.9798285Z  * [new branch]        release/quadratic-optimal-coupling-existence -> origin/release/quadratic-optimal-coupling-existence
Lean / Mathlib formalization	UNKNOWN STEP	2026-10-09T03:00:07.9799031Z  * [new branch]        review/mathai-2026-anonymous             -> origin/review/mathai-2026-anonymous
Lean / Mathlib formalization	UNKNOWN STEP	2026-10-09T03:00:07.9799650Z  * [new branch]        review/mathai-2026-frozen                -> origin/review/mathai-2026-frozen
Lean / Mathlib formalization	UNKNOWN STEP	2026-10-09T03:00:07.9800345Z  * [new branch]        samplewiki-carre-product-rule-20260830   -> origin/samplewiki-carre-product-rule-20260830
Lean / Mathlib formalization	UNKNOWN STEP	2026-10-09T03:00:07.9801083Z  * [new branch]        samplewiki-chewi-8-3-1-target-20260831   -> origin/samplewiki-chewi-8-3-1-target-20260831
Lean / Mathlib formalization	UNKNOWN STEP	2026-10-09T03:00:07.9801889Z  * [new branch]        samplewiki-common-reference-rn-quotient-20260831 -> origin/samplewiki-common-reference-rn-quotient-20260831
Lean / Mathlib formalization	UNKNOWN STEP	2026-10-09T03:00:07.9802807Z  * [new branch]        samplewiki-common-reference-rn-real-density-20260831 -> origin/samplewiki-common-reference-rn-real-density-20260831
Lean / Mathlib formalization	UNKNOWN STEP	2026-10-09T03:00:07.9803771Z  * [new branch]        samplewiki-diffusion-chain-equivalence-ex2-8-20260831 -> origin/samplewiki-diffusion-chain-equivalence-ex2-8-20260831
Lean / Mathlib formalization	UNKNOWN STEP	2026-10-09T03:00:07.9804819Z  * [new branch]        samplewiki-diffusion-chain-rule-20260830 -> origin/samplewiki-diffusion-chain-rule-20260830
Lean / Mathlib formalization	UNKNOWN STEP	2026-10-09T03:00:07.9805701Z  * [new branch]        samplewiki-displacement-logdet-spectral-20260830 -> origin/samplewiki-displacement-logdet-spectral-20260830
Lean / Mathlib formalization	UNKNOWN STEP	2026-10-09T03:00:07.9806425Z  * [new branch]        samplewiki-fdivergence-common-reference-20260831 -> origin/samplewiki-fdivergence-common-reference-20260831
Lean / Mathlib formalization	UNKNOWN STEP	2026-10-09T03:00:07.9806936Z  * [new branch]        samplewiki-fdivergence-definition-20260831 -> origin/samplewiki-fdivergence-definition-20260831
Lean / Mathlib formalization	UNKNOWN STEP	2026-10-09T03:00:07.9807417Z  * [new branch]        samplewiki-fdivergence-finite-ac-20260831 -> origin/samplewiki-fdivergence-finite-ac-20260831
Lean / Mathlib formalization	UNKNOWN STEP	2026-10-09T03:00:07.9808424Z  * [new branch]        samplewiki-generator-diffusion-chain-rule-20260830 -> origin/samplewiki-generator-diffusion-chain-rule-20260830
Lean / Mathlib formalization	UNKNOWN STEP	2026-10-09T03:00:07.9809349Z  * [new branch]        samplewiki-shared-geodesic-convexity-add-20260830 -> origin/samplewiki-shared-geodesic-convexity-add-20260830
Lean / Mathlib formalization	UNKNOWN STEP	2026-10-09T03:00:07.9810043Z  * [new branch]        samplewiki-simultaneous-fdiv-abstract-cancellation-20260830 -> origin/samplewiki-simultaneous-fdiv-abstract-cancellation-20260830
Lean / Mathlib formalization	UNKNOWN STEP	2026-10-09T03:00:07.9810775Z  * [new branch]        samplewiki-simultaneous-fdiv-abstract-dissipation-derivative-20260831 -> origin/samplewiki-simultaneous-fdiv-abstract-dissipation-derivative-20260831
Lean / Mathlib formalization	UNKNOWN STEP	2026-10-09T03:00:07.9811509Z  * [new branch]        samplewiki-simultaneous-fdiv-abstract-integral-join-20260831 -> origin/samplewiki-simultaneous-fdiv-abstract-integral-join-20260831
Lean / Mathlib formalization	UNKNOWN STEP	2026-10-09T03:00:07.9812156Z  * [new branch]        samplewiki-simultaneous-fdiv-dissipation-port-20260830 -> origin/samplewiki-simultaneous-fdiv-dissipation-port-20260830
Lean / Mathlib formalization	UNKNOWN STEP	2026-10-09T03:00:07.9812782Z  * [new branch]        samplewiki-simultaneous-fdiv-finite-ac-wrapper-20260831 -> origin/samplewiki-simultaneous-fdiv-finite-ac-wrapper-20260831
Lean / Mathlib formalization	UNKNOWN STEP	2026-10-09T03:00:07.9813427Z  * [new branch]        samplewiki-simultaneous-fdiv-gradient-identities-20260830 -> origin/samplewiki-simultaneous-fdiv-gradient-identities-20260830
Lean / Mathlib formalization	UNKNOWN STEP	2026-10-09T03:00:07.9814075Z  * [new branch]        samplewiki-simultaneous-fdiv-weak-adjoint-rewrite-20260830 -> origin/samplewiki-simultaneous-fdiv-weak-adjoint-rewrite-20260830
Lean / Mathlib formalization	UNKNOWN STEP	2026-10-09T03:00:07.9814681Z  * [new branch]        samplewiki-weak-adjoint-density-contract-20260831 -> origin/samplewiki-weak-adjoint-density-contract-20260831
Lean / Mathlib formalization	UNKNOWN STEP	2026-10-09T03:00:07.9815172Z  * [new branch]        shared/conditional-resampling-law        -> origin/shared/conditional-resampling-law
Lean / Mathlib formalization	UNKNOWN STEP	2026-10-09T03:00:07.9815594Z  * [new branch]        shared/kernel-invariant-powers           -> origin/shared/kernel-invariant-powers
Lean / Mathlib formalization	UNKNOWN STEP	2026-10-09T03:00:07.9816064Z  * [new branch]        simultaneous-f-divergence-spatial-gradients -> origin/simultaneous-f-divergence-spatial-gradients
Lean / Mathlib formalization	UNKNOWN STEP	2026-10-09T03:00:07.9816749Z  * [new branch]        simultaneous-f-divergence-weak-fp-dissipation -> origin/simultaneous-f-divergence-weak-fp-dissipation
Lean / Mathlib formalization	UNKNOWN STEP	2026-10-09T03:00:07.9817246Z  * [new branch]        whole-space-cutoff-cross-term            -> origin/whole-space-cutoff-cross-term
Lean / Mathlib formalization	UNKNOWN STEP	2026-10-09T03:00:07.9818019Z  * [new tag]           archive/main-consolidation-20261007/andi/opt-gradient-converse -> archive/main-consolidation-20261007/andi/opt-gradient-converse
Lean / Mathlib formalization	UNKNOWN STEP	2026-10-09T03:00:07.9818656Z  * [new tag]           archive/main-consolidation-20261007/brenier-common-mass-cross-cost -> archive/main-consolidation-20261007/brenier-common-mass-cross-cost
Lean / Mathlib formalization	UNKNOWN STEP	2026-10-09T03:00:07.9819324Z  * [new tag]           archive/main-consolidation-20261007/brenier-common-mass-slice -> archive/main-consolidation-20261007/brenier-common-mass-slice
Lean / Mathlib formalization	UNKNOWN STEP	2026-10-09T03:00:07.9820003Z  * [new tag]           archive/main-consolidation-20261007/brenier-common-mass-slice-core -> archive/main-consolidation-20261007/brenier-common-mass-slice-core
Lean / Mathlib formalization	UNKNOWN STEP	2026-10-09T03:00:07.9820679Z  * [new tag]           archive/main-consolidation-20261007/brenier-common-removable-parts -> archive/main-consolidation-20261007/brenier-common-removable-parts
Lean / Mathlib formalization	UNKNOWN STEP	2026-10-09T03:00:07.9821313Z  * [new tag]           archive/main-consolidation-20261007/brenier-permuted-marginal-core -> archive/main-consolidation-20261007/brenier-permuted-marginal-core
Lean / Mathlib formalization	UNKNOWN STEP	2026-10-09T03:00:07.9821988Z  * [new tag]           archive/main-consolidation-20261007/brenier-permuted-marginal-replacement -> archive/main-consolidation-20261007/brenier-permuted-marginal-replacement
Lean / Mathlib formalization	UNKNOWN STEP	2026-10-09T03:00:07.9822669Z  * [new tag]           archive/main-consolidation-20261007/brenier-rockafellar-finite-chain -> archive/main-consolidation-20261007/brenier-rockafellar-finite-chain
Lean / Mathlib formalization	UNKNOWN STEP	2026-10-09T03:00:07.9823333Z  * [new tag]           archive/main-consolidation-20261007/brenier-rockafellar-root-proper -> archive/main-consolidation-20261007/brenier-rockafellar-root-proper
Lean / Mathlib formalization	UNKNOWN STEP	2026-10-09T03:00:07.9824112Z  * [new tag]           archive/main-consolidation-20261007/chapter-1-2-stationarity-equivalence -> archive/main-consolidation-20261007/chapter-1-2-stationarity-equivalence
Lean / Mathlib formalization	UNKNOWN STEP	2026-10-09T03:00:07.9824750Z  * [new tag]           archive/main-consolidation-20261007/chapter-1-qv-mesh-algebra -> archive/main-consolidation-20261007/chapter-1-qv-mesh-algebra
Lean / Mathlib formalization	UNKNOWN STEP	2026-10-09T03:00:07.9825333Z  * [new tag]           archive/main-consolidation-20261007/codex/hudson-ot-p2-clean -> archive/main-consolidation-20261007/codex/hudson-ot-p2-clean
Lean / Mathlib formalization	UNKNOWN STEP	2026-10-09T03:00:07.9825896Z  * [new tag]           archive/main-consolidation-20261007/codex/opt-cocoercivity -> archive/main-consolidation-20261007/codex/opt-cocoercivity
Lean / Mathlib formalization	UNKNOWN STEP	2026-10-09T03:00:07.9826450Z  * [new tag]           archive/main-consolidation-20261007/codex/opt-convexity-c1 -> archive/main-consolidation-20261007/codex/opt-convexity-c1
Lean / Mathlib formalization	UNKNOWN STEP	2026-10-09T03:00:07.9827152Z  * [new tag]           archive/main-consolidation-20261007/codex/opt-convexity-c2 -> archive/main-consolidation-20261007/codex/opt-convexity-c2
Lean / Mathlib formalization	UNKNOWN STEP	2026-10-09T03:00:07.9828398Z  * [new tag]           archive/main-consolidation-20261007/codex/opt-gradient-descent-contraction -> archive/main-consolidation-20261007/codex/opt-gradient-descent-contraction
Lean / Mathlib formalization	UNKNOWN STEP	2026-10-09T03:00:07.9829505Z  * [new tag]           archive/main-consolidation-20261007/codex/opt-smoothness-equivalences -> archive/main-consolidation-20261007/codex/opt-smoothness-equivalences
Lean / Mathlib formalization	UNKNOWN STEP	2026-10-09T03:00:07.9830596Z  * [new tag]           archive/main-consolidation-20261007/codex/sphmc-proximal-execution-20260918 -> archive/main-consolidation-20261007/codex/sphmc-proximal-execution-20260918
Lean / Mathlib formalization	UNKNOWN STEP	2026-10-09T03:00:07.9831624Z  * [new tag]           archive/main-consolidation-20261007/convex-ae-differentiable -> archive/main-consolidation-20261007/convex-ae-differentiable
Lean / Mathlib formalization	UNKNOWN STEP	2026-10-09T03:00:07.9832595Z  * [new tag]           archive/main-consolidation-20261007/convex-subgradient-uniqueness -> archive/main-consolidation-20261007/convex-subgradient-uniqueness
Lean / Mathlib formalization	UNKNOWN STEP	2026-10-09T03:00:07.9833812Z  * [new tag]           archive/main-consolidation-20261007/displacement-entropy-pushforward-algebra -> archive/main-consolidation-20261007/displacement-entropy-pushforward-algebra
Lean / Mathlib formalization	UNKNOWN STEP	2026-10-09T03:00:07.9835026Z  * [new tag]           archive/main-consolidation-20261007/displacement-potential-marginal-bookkeeping -> archive/main-consolidation-20261007/displacement-potential-marginal-bookkeeping
Lean / Mathlib formalization	UNKNOWN STEP	2026-10-09T03:00:07.9836218Z  * [new tag]           archive/main-consolidation-20261007/feat/discrete-sampling-library-20260907 -> archive/main-consolidation-20261007/feat/discrete-sampling-library-20260907
Lean / Mathlib formalization	UNKNOWN STEP	2026-10-09T03:00:07.9837304Z  * [new tag]           archive/main-consolidation-20261007/feat/semantic-roundtrip-denoiser -> archive/main-consolidation-20261007/feat/semantic-roundtrip-denoiser
Lean / Mathlib formalization	UNKNOWN STEP	2026-10-09T03:00:07.9838561Z  * [new tag]           archive/main-consolidation-20261007/feller-generator-constants -> archive/main-consolidation-20261007/feller-generator-constants
Lean / Mathlib formalization	UNKNOWN STEP	2026-10-09T03:00:07.9839636Z  * [new tag]           archive/main-consolidation-20261007/gaussian-heat-smoothing-normalization -> archive/main-consolidation-20261007/gaussian-heat-smoothing-normalization
Lean / Mathlib formalization	UNKNOWN STEP	2026-10-09T03:00:07.9840726Z  * [new tag]           archive/main-consolidation-20261007/gaussian-smoothing-contraction -> archive/main-consolidation-20261007/gaussian-smoothing-contraction
Lean / Mathlib formalization	UNKNOWN STEP	2026-10-09T03:00:07.9841780Z  * [new tag]           archive/main-consolidation-20261007/gradient-product-chain-rules -> archive/main-consolidation-20261007/gradient-product-chain-rules
Lean / Mathlib formalization	UNKNOWN STEP	2026-10-09T03:00:07.9842819Z  * [new tag]           archive/main-consolidation-20261007/gradient-product-chain-rules-main -> archive/main-consolidation-20261007/gradient-product-chain-rules-main
Lean / Mathlib formalization	UNKNOWN STEP	2026-10-09T03:00:07.9843829Z  * [new tag]           archive/main-consolidation-20261007/kl-geodesic-potential-energy -> archive/main-consolidation-20261007/kl-geodesic-potential-energy
Lean / Mathlib formalization	UNKNOWN STEP	2026-10-09T03:00:07.9844903Z  * [new tag]           archive/main-consolidation-20261007/l2-expectation-bridge -> archive/main-consolidation-20261007/l2-expectation-bridge
Lean / Mathlib formalization	UNKNOWN STEP	2026-10-09T03:00:07.9845676Z  * [new tag]           archive/main-consolidation-20261007/noop -> archive/main-consolidation-20261007/noop
Lean / Mathlib formalization	UNKNOWN STEP	2026-10-09T03:00:07.9846341Z  * [new tag]           archive/main-consolidation-20261007/noop2 -> archive/main-consolidation-20261007/noop2
Lean / Mathlib formalization	UNKNOWN STEP	2026-10-09T03:00:07.9847485Z  * [new tag]           archive/main-consolidation-20261007/samplewiki-simultaneous-fdiv-generator-cancellation-20260830 -> archive/main-consolidation-20261007/samplewiki-simultaneous-fdiv-generator-cancellation-20260830
Lean / Mathlib formalization	UNKNOWN STEP	2026-10-09T03:00:07.9853892Z  * [new tag]           archive/main-consolidation-20261007/simultaneous-f-divergence-dominated-integral -> archive/main-consolidation-20261007/simultaneous-f-divergence-dominated-integral
Lean / Mathlib formalization	UNKNOWN STEP	2026-10-09T03:00:07.9854683Z  * [new tag]           archive/main-consolidation-20261007/simultaneous-f-divergence-gradient-cancellation -> archive/main-consolidation-20261007/simultaneous-f-divergence-gradient-cancellation
Lean / Mathlib formalization	UNKNOWN STEP	2026-10-09T03:00:07.9855486Z  * [new tag]           archive/main-consolidation-20261007/tmp-sync-227-20260831 -> archive/main-consolidation-20261007/tmp-sync-227-20260831
Lean / Mathlib formalization	UNKNOWN STEP	2026-10-09T03:00:07.9856020Z  * [new tag]           archive/main-consolidation-20261007/transport-gluing-root -> archive/main-consolidation-20261007/transport-gluing-root
Lean / Mathlib formalization	UNKNOWN STEP	2026-10-09T03:00:07.9856610Z  * [new tag]           archive/main-consolidation-20261007/transport-near-optimal-coupling -> archive/main-consolidation-20261007/transport-near-optimal-coupling
Lean / Mathlib formalization	UNKNOWN STEP	2026-10-09T03:00:07.9857265Z  * [new tag]           archive/main-consolidation-20261007/wasserstein-common-noise-contraction -> archive/main-consolidation-20261007/wasserstein-common-noise-contraction
Lean / Mathlib formalization	UNKNOWN STEP	2026-10-09T03:00:07.9859807Z  * [new tag]           archive/main-consolidation-20261007/wasserstein-displacement-constant-speed-ordered -> archive/main-consolidation-20261007/wasserstein-displacement-constant-speed-ordered
Lean / Mathlib formalization	UNKNOWN STEP	2026-10-09T03:00:07.9860834Z  * [new tag]           archive/main-consolidation-20261007/wasserstein-displacement-geodesic-full -> archive/main-consolidation-20261007/wasserstein-displacement-geodesic-full
Lean / Mathlib formalization	UNKNOWN STEP	2026-10-09T03:00:07.9861545Z  * [new tag]           archive/main-consolidation-20261007/wasserstein-interpolation-cost-scaling -> archive/main-consolidation-20261007/wasserstein-interpolation-cost-scaling
Lean / Mathlib formalization	UNKNOWN STEP	2026-10-09T03:00:07.9862232Z  * [new tag]           archive/main-consolidation-20261007/wasserstein-interpolation-coupling -> archive/main-consolidation-20261007/wasserstein-interpolation-coupling
Lean / Mathlib formalization	UNKNOWN STEP	2026-10-09T03:00:07.9862908Z  * [new tag]           archive/main-consolidation-20261007/wasserstein-near-optimal-l2-coupling -> archive/main-consolidation-20261007/wasserstein-near-optimal-l2-coupling
Lean / Mathlib formalization	UNKNOWN STEP	2026-10-09T03:00:07.9863511Z  * [new tag]           archive/main-consolidation-20261007/wasserstein-symmetry -> archive/main-consolidation-20261007/wasserstein-symmetry
Lean / Mathlib formalization	UNKNOWN STEP	2026-10-09T03:00:07.9864082Z  * [new tag]           archive/main-consolidation-20261007/wasserstein-triangle-l2-core -> archive/main-consolidation-20261007/wasserstein-triangle-l2-core
Lean / Mathlib formalization	UNKNOWN STEP	2026-10-09T03:00:07.9864717Z  * [new tag]           archive/main-consolidation-20261007/wasserstein-triangle-marginal-cost -> archive/main-consolidation-20261007/wasserstein-triangle-marginal-cost
Lean / Mathlib formalization	UNKNOWN STEP	2026-10-09T03:00:07.9865341Z  * [new tag]           archive/website-20260909/codex/samplewiki-shared-stabilization -> archive/website-20260909/codex/samplewiki-shared-stabilization
Lean / Mathlib formalization	UNKNOWN STEP	2026-10-09T03:00:07.9865925Z  * [new tag]           archive/website-20260909/harness-frontier-cells-vnext1 -> archive/website-20260909/harness-frontier-cells-vnext1
Lean / Mathlib formalization	UNKNOWN STEP	2026-10-09T03:00:07.9866538Z  * [new tag]           archive/website-20260909/harness-vnext1-public-copy-fix -> archive/website-20260909/harness-vnext1-public-copy-fix
Lean / Mathlib formalization	UNKNOWN STEP	2026-10-09T03:00:07.9867166Z  * [new tag]           archive/website-20260909/library-shelves-beck-boumal-20260829 -> archive/website-20260909/library-shelves-beck-boumal-20260829
Lean / Mathlib formalization	UNKNOWN STEP	2026-10-09T03:00:07.9867921Z  * [new tag]           archive/website-20260909/live-pages-verification -> archive/website-20260909/live-pages-verification
Lean / Mathlib formalization	UNKNOWN STEP	2026-10-09T03:00:07.9868475Z  * [new tag]           archive/website-20260909/progress-routes-theme-harness-20260830 -> archive/website-20260909/progress-routes-theme-harness-20260830
Lean / Mathlib formalization	UNKNOWN STEP	2026-10-09T03:00:07.9868923Z  * [new ref]           54c6082afde7962b781fdbd0c6cc6b34908d79ea -> pull/315/merge
Lean / Mathlib formalization	UNKNOWN STEP	2026-10-09T03:00:07.9869953Z ##[endgroup]
Lean / Mathlib formalization	UNKNOWN STEP	2026-10-09T03:00:07.9870320Z ##[group]Determining the checkout info
Lean / Mathlib formalization	UNKNOWN STEP	2026-10-09T03:00:07.9870732Z ##[endgroup]
Lean / Mathlib formalization	UNKNOWN STEP	2026-10-09T03:00:07.9871028Z [command]/usr/bin/git sparse-checkout disable
Lean / Mathlib formalization	UNKNOWN STEP	2026-10-09T03:00:07.9877497Z [command]/usr/bin/git config --local --unset-all extensions.worktreeConfig
Lean / Mathlib formalization	UNKNOWN STEP	2026-10-09T03:00:07.9906145Z ##[group]Checking out the ref
Lean / Mathlib formalization	UNKNOWN STEP	2026-10-09T03:00:07.9909025Z [command]/usr/bin/git checkout --progress --force refs/remotes/pull/315/merge
Lean / Mathlib formalization	UNKNOWN STEP	2026-10-09T03:00:09.0577346Z Updating files:  21% (11247/51822)
Lean / Mathlib formalization	UNKNOWN STEP	2026-10-09T03:00:09.1170740Z Updating files:  22% (11401/51822)
Lean / Mathlib formalization	UNKNOWN STEP	2026-10-09T03:00:09.1689399Z Updating files:  23% (11920/51822)
Lean / Mathlib formalization	UNKNOWN STEP	2026-10-09T03:00:09.2131683Z Updating files:  24% (12438/51822)
Lean / Mathlib formalization	UNKNOWN STEP	2026-10-09T03:00:09.2865178Z Updating files:  25% (12956/51822)
Lean / Mathlib formalization	UNKNOWN STEP	2026-10-09T03:00:09.3350754Z Updating files:  26% (13474/51822)
Lean / Mathlib formalization	UNKNOWN STEP	2026-10-09T03:00:09.3760878Z Updating files:  27% (13992/51822)
Lean / Mathlib formalization	UNKNOWN STEP	2026-10-09T03:00:09.4195619Z Updating files:  28% (14511/51822)
Lean / Mathlib formalization	UNKNOWN STEP	2026-10-09T03:00:09.4549918Z Updating files:  29% (15029/51822)
Lean / Mathlib formalization	UNKNOWN STEP	2026-10-09T03:00:09.4741877Z Updating files:  30% (15547/51822)
Lean / Mathlib formalization	UNKNOWN STEP	2026-10-09T03:00:09.5168082Z Updating files:  31% (16065/51822)
Lean / Mathlib formalization	UNKNOWN STEP	2026-10-09T03:00:09.5631862Z Updating files:  32% (16584/51822)
Lean / Mathlib formalization	UNKNOWN STEP	2026-10-09T03:00:09.5999220Z Updating files:  33% (17102/51822)
Lean / Mathlib formalization	UNKNOWN STEP	2026-10-09T03:00:09.6402348Z Updating files:  34% (17620/51822)
Lean / Mathlib formalization	UNKNOWN STEP	2026-10-09T03:00:09.7180933Z Updating files:  35% (18138/51822)
Lean / Mathlib formalization	UNKNOWN STEP	2026-10-09T03:00:09.7825843Z Updating files:  36% (18656/51822)
Lean / Mathlib formalization	UNKNOWN STEP	2026-10-09T03:00:09.8480158Z Updating files:  37% (19175/51822)
Lean / Mathlib formalization	UNKNOWN STEP	2026-10-09T03:00:09.9152336Z Updating files:  38% (19693/51822)
Lean / Mathlib formalization	UNKNOWN STEP	2026-10-09T03:00:09.9529295Z Updating files:  39% (20211/51822)
Lean / Mathlib formalization	UNKNOWN STEP	2026-10-09T03:00:10.0177257Z Updating files:  40% (20729/51822)
Lean / Mathlib formalization	UNKNOWN STEP	2026-10-09T03:00:10.0184250Z Updating files:  41% (21248/51822)
Lean / Mathlib formalization	UNKNOWN STEP	2026-10-09T03:00:10.0625778Z Updating files:  41% (21275/51822)
Lean / Mathlib formalization	UNKNOWN STEP	2026-10-09T03:00:10.1189589Z Updating files:  42% (21766/51822)
Lean / Mathlib formalization	UNKNOWN STEP	2026-10-09T03:00:10.1920846Z Updating files:  43% (22284/51822)
Lean / Mathlib formalization	UNKNOWN STEP	2026-10-09T03:00:10.2395625Z Updating files:  44% (22802/51822)
Lean / Mathlib formalization	UNKNOWN STEP	2026-10-09T03:00:10.2797791Z Updating files:  45% (23320/51822)
Lean / Mathlib formalization	UNKNOWN STEP	2026-10-09T03:00:10.3161413Z Updating files:  46% (23839/51822)
Lean / Mathlib formalization	UNKNOWN STEP	2026-10-09T03:00:10.3639108Z Updating files:  47% (24357/51822)
Lean / Mathlib formalization	UNKNOWN STEP	2026-10-09T03:00:10.3970958Z Updating files:  48% (24875/51822)
Lean / Mathlib formalization	UNKNOWN STEP	2026-10-09T03:00:10.4241876Z Updating files:  49% (25393/51822)
Lean / Mathlib formalization	UNKNOWN STEP	2026-10-09T03:00:10.4630676Z Updating files:  50% (25911/51822)
Lean / Mathlib formalization	UNKNOWN STEP	2026-10-09T03:00:10.4953798Z Updating files:  51% (26430/51822)
Lean / Mathlib formalization	UNKNOWN STEP	2026-10-09T03:00:10.5108715Z Updating files:  52% (26948/51822)
Lean / Mathlib formalization	UNKNOWN STEP	2026-10-09T03:00:10.5291302Z Updating files:  53% (27466/51822)
Lean / Mathlib formalization	UNKNOWN STEP	2026-10-09T03:00:10.5921670Z Updating files:  54% (27984/51822)
Lean / Mathlib formalization	UNKNOWN STEP	2026-10-09T03:00:10.6379965Z Updating files:  55% (28503/51822)
Lean / Mathlib formalization	UNKNOWN STEP	2026-10-09T03:00:10.6734207Z Updating files:  56% (29021/51822)
Lean / Mathlib formalization	UNKNOWN STEP	2026-10-09T03:00:10.7016022Z Updating files:  57% (29539/51822)
Lean / Mathlib formalization	UNKNOWN STEP	2026-10-09T03:00:10.7173147Z Updating files:  58% (30057/51822)
Lean / Mathlib formalization	UNKNOWN STEP	2026-10-09T03:00:10.7463450Z Updating files:  59% (30575/51822)
Lean / Mathlib formalization	UNKNOWN STEP	2026-10-09T03:00:10.8534661Z Updating files:  60% (31094/51822)
Lean / Mathlib formalization	UNKNOWN STEP	2026-10-09T03:00:10.9126312Z Updating files:  61% (31612/51822)
Lean / Mathlib formalization	UNKNOWN STEP	2026-10-09T03:00:10.9453950Z Updating files:  62% (32130/51822)
Lean / Mathlib formalization	UNKNOWN STEP	2026-10-09T03:00:11.0012774Z Updating files:  63% (32648/51822)
Lean / Mathlib formalization	UNKNOWN STEP	2026-10-09T03:00:11.0184876Z Updating files:  64% (33167/51822)
Lean / Mathlib formalization	UNKNOWN STEP	2026-10-09T03:00:11.0504218Z Updating files:  64% (33409/51822)
Lean / Mathlib formalization	UNKNOWN STEP	2026-10-09T03:00:11.1078380Z Updating files:  65% (33685/51822)
Lean / Mathlib formalization	UNKNOWN STEP	2026-10-09T03:00:11.2271751Z Updating files:  66% (34203/51822)
Lean / Mathlib formalization	UNKNOWN STEP	2026-10-09T03:00:11.2655028Z Updating files:  67% (34721/51822)
Lean / Mathlib formalization	UNKNOWN STEP	2026-10-09T03:00:11.3179175Z Updating files:  68% (35239/51822)
Lean / Mathlib formalization	UNKNOWN STEP	2026-10-09T03:00:11.3432221Z Updating files:  69% (35758/51822)
Lean / Mathlib formalization	UNKNOWN STEP	2026-10-09T03:00:11.3626755Z Updating files:  70% (36276/51822)
Lean / Mathlib formalization	UNKNOWN STEP	2026-10-09T03:00:11.4052747Z Updating files:  71% (36794/51822)
Lean / Mathlib formalization	UNKNOWN STEP	2026-10-09T03:00:11.4458840Z Updating files:  72% (37312/51822)
Lean / Mathlib formalization	UNKNOWN STEP	2026-10-09T03:00:11.4636871Z Updating files:  73% (37831/51822)
Lean / Mathlib formalization	UNKNOWN STEP	2026-10-09T03:00:11.5039643Z Updating files:  74% (38349/51822)
Lean / Mathlib formalization	UNKNOWN STEP	2026-10-09T03:00:11.6327004Z Updating files:  75% (38867/51822)
Lean / Mathlib formalization	UNKNOWN STEP	2026-10-09T03:00:11.6524103Z Updating files:  76% (39385/51822)
Lean / Mathlib formalization	UNKNOWN STEP	2026-10-09T03:00:11.6784246Z Updating files:  77% (39903/51822)
Lean / Mathlib formalization	UNKNOWN STEP	2026-10-09T03:00:11.7254693Z Updating files:  78% (40422/51822)
Lean / Mathlib formalization	UNKNOWN STEP	2026-10-09T03:00:11.7901994Z Updating files:  79% (40940/51822)
Lean / Mathlib formalization	UNKNOWN STEP	2026-10-09T03:00:11.8124399Z Updating files:  80% (41458/51822)
Lean / Mathlib formalization	UNKNOWN STEP	2026-10-09T03:00:11.8373676Z Updating files:  81% (41976/51822)
Lean / Mathlib formalization	UNKNOWN STEP	2026-10-09T03:00:11.8948556Z Updating files:  82% (42495/51822)
Lean / Mathlib formalization	UNKNOWN STEP	2026-10-09T03:00:11.9237311Z Updating files:  83% (43013/51822)
Lean / Mathlib formalization	UNKNOWN STEP	2026-10-09T03:00:11.9648000Z Updating files:  84% (43531/51822)
Lean / Mathlib formalization	UNKNOWN STEP	2026-10-09T03:00:11.9866916Z Updating files:  85% (44049/51822)
Lean / Mathlib formalization	UNKNOWN STEP	2026-10-09T03:00:12.0186895Z Updating files:  86% (44567/51822)
Lean / Mathlib formalization	UNKNOWN STEP	2026-10-09T03:00:12.0574733Z Updating files:  86% (44709/51822)
Lean / Mathlib formalization	UNKNOWN STEP	2026-10-09T03:00:12.0812174Z Updating files:  87% (45086/51822)
Lean / Mathlib formalization	UNKNOWN STEP	2026-10-09T03:00:12.1725025Z Updating files:  88% (45604/51822)
Lean / Mathlib formalization	UNKNOWN STEP	2026-10-09T03:00:12.2325377Z Updating files:  89% (46122/51822)
Lean / Mathlib formalization	UNKNOWN STEP	2026-10-09T03:00:12.2598425Z Updating files:  90% (46640/51822)
Lean / Mathlib formalization	UNKNOWN STEP	2026-10-09T03:00:12.3172300Z Updating files:  91% (47159/51822)
Lean / Mathlib formalization	UNKNOWN STEP	2026-10-09T03:00:12.3449266Z Updating files:  92% (47677/51822)
Lean / Mathlib formalization	UNKNOWN STEP	2026-10-09T03:00:12.3793024Z Updating files:  93% (48195/51822)
Lean / Mathlib formalization	UNKNOWN STEP	2026-10-09T03:00:12.4020695Z Updating files:  94% (48713/51822)
Lean / Mathlib formalization	UNKNOWN STEP	2026-10-09T03:00:12.4418154Z Updating files:  95% (49231/51822)
Lean / Mathlib formalization	UNKNOWN STEP	2026-10-09T03:00:12.4915920Z Updating files:  96% (49750/51822)
Lean / Mathlib formalization	UNKNOWN STEP	2026-10-09T03:00:12.5507296Z Updating files:  97% (50268/51822)
Lean / Mathlib formalization	UNKNOWN STEP	2026-10-09T03:00:12.5930116Z Updating files:  98% (50786/51822)
Lean / Mathlib formalization	UNKNOWN STEP	2026-10-09T03:00:12.6348895Z Updating files:  99% (51304/51822)
Lean / Mathlib formalization	UNKNOWN STEP	2026-10-09T03:00:12.6349181Z Updating files: 100% (51822/51822)
Lean / Mathlib formalization	UNKNOWN STEP	2026-10-09T03:00:12.6349400Z Updating files: 100% (51822/51822), done.
Lean / Mathlib formalization	UNKNOWN STEP	2026-10-09T03:00:12.6882467Z Note: switching to 'refs/remotes/pull/315/merge'.
Lean / Mathlib formalization	UNKNOWN STEP	2026-10-09T03:00:12.6882715Z 
Lean / Mathlib formalization	UNKNOWN STEP	2026-10-09T03:00:12.6882882Z You are in 'detached HEAD' state. You can look around, make experimental
Lean / Mathlib formalization	UNKNOWN STEP	2026-10-09T03:00:12.6883278Z changes and commit them, and you can discard any commits you make in this
Lean / Mathlib formalization	UNKNOWN STEP	2026-10-09T03:00:12.6883712Z state without impacting any branches by switching back to a branch.
Lean / Mathlib formalization	UNKNOWN STEP	2026-10-09T03:00:12.6883944Z 
Lean / Mathlib formalization	UNKNOWN STEP	2026-10-09T03:00:12.6884095Z If you want to create a new branch to retain commits you create, you may
Lean / Mathlib formalization	UNKNOWN STEP	2026-10-09T03:00:12.6884503Z do so (now or later) by using -c with the switch command. Example:
Lean / Mathlib formalization	UNKNOWN STEP	2026-10-09T03:00:12.6884745Z 
Lean / Mathlib formalization	UNKNOWN STEP	2026-10-09T03:00:12.6884842Z   git switch -c <new-branch-name>
Lean / Mathlib formalization	UNKNOWN STEP	2026-10-09T03:00:12.6885023Z 
Lean / Mathlib formalization	UNKNOWN STEP	2026-10-09T03:00:12.6885111Z Or undo this operation with:
Lean / Mathlib formalization	UNKNOWN STEP	2026-10-09T03:00:12.6885243Z 
Lean / Mathlib formalization	UNKNOWN STEP	2026-10-09T03:00:12.6885315Z   git switch -
Lean / Mathlib formalization	UNKNOWN STEP	2026-10-09T03:00:12.6885415Z 
Lean / Mathlib formalization	UNKNOWN STEP	2026-10-09T03:00:12.6885593Z Turn off this advice by setting config variable advice.detachedHead to false
Lean / Mathlib formalization	UNKNOWN STEP	2026-10-09T03:00:12.6885850Z 
Lean / Mathlib formalization	UNKNOWN STEP	2026-10-09T03:00:12.6886144Z HEAD is now at 54c6082a Merge 4d02622332d02d0bd6c977d3cee48fd535ebf203 into c05de12e6a8ca7af8ce2df8608836f8d4e90f617
Lean / Mathlib formalization	UNKNOWN STEP	2026-10-09T03:00:12.6979437Z ##[endgroup]
Lean / Mathlib formalization	UNKNOWN STEP	2026-10-09T03:00:12.7021553Z [command]/usr/bin/git log -1 --format=%H
Lean / Mathlib formalization	UNKNOWN STEP	2026-10-09T03:00:12.7045859Z 54c6082afde7962b781fdbd0c6cc6b34908d79ea
Lean / Mathlib formalization	UNKNOWN STEP	2026-10-09T03:00:12.7596484Z ##[group]Run actions/checkout@v4
Lean / Mathlib formalization	UNKNOWN STEP	2026-10-09T03:00:12.7596628Z with:
Lean / Mathlib formalization	UNKNOWN STEP	2026-10-09T03:00:12.7596757Z   repository: facebookresearch/atlas-lean
Lean / Mathlib formalization	UNKNOWN STEP	2026-10-09T03:00:12.7596939Z   ref: e8b31c5cb0bec89b487ce33fe525a2c0b0f8b9c6
Lean / Mathlib formalization	UNKNOWN STEP	2026-10-09T03:00:12.7597105Z   path: .atlas-upstream
Lean / Mathlib formalization	UNKNOWN STEP	2026-10-09T03:00:12.7598663Z   token: ***
Lean / Mathlib formalization	UNKNOWN STEP	2026-10-09T03:00:12.7598908Z   ssh-strict: true
Lean / Mathlib formalization	UNKNOWN STEP	2026-10-09T03:00:12.7599019Z   ssh-user: git
Lean / Mathlib formalization	UNKNOWN STEP	2026-10-09T03:00:12.7599135Z   persist-credentials: true
Lean / Mathlib formalization	UNKNOWN STEP	2026-10-09T03:00:12.7599264Z   clean: true
Lean / Mathlib formalization	UNKNOWN STEP	2026-10-09T03:00:12.7599388Z   sparse-checkout-cone-mode: true
Lean / Mathlib formalization	UNKNOWN STEP	2026-10-09T03:00:12.7599529Z   fetch-depth: 1
Lean / Mathlib formalization	UNKNOWN STEP	2026-10-09T03:00:12.7599640Z   fetch-tags: false
Lean / Mathlib formalization	UNKNOWN STEP	2026-10-09T03:00:12.7599756Z   show-progress: true
Lean / Mathlib formalization	UNKNOWN STEP	2026-10-09T03:00:12.7599871Z   lfs: false
Lean / Mathlib formalization	UNKNOWN STEP	2026-10-09T03:00:12.7599976Z   submodules: false
Lean / Mathlib formalization	UNKNOWN STEP	2026-10-09T03:00:12.7600093Z   set-safe-directory: true
Lean / Mathlib formalization	UNKNOWN STEP	2026-10-09T03:00:12.7600230Z   allow-unsafe-pr-checkout: false
Lean / Mathlib formalization	UNKNOWN STEP	2026-10-09T03:00:12.7600378Z ##[endgroup]
Lean / Mathlib formalization	UNKNOWN STEP	2026-10-09T03:00:12.8172903Z Syncing repository: facebookresearch/atlas-lean
Lean / Mathlib formalization	UNKNOWN STEP	2026-10-09T03:00:12.8182163Z ##[group]Getting Git version info
Lean / Mathlib formalization	UNKNOWN STEP	2026-10-09T03:00:12.8182815Z Working directory is '/home/runner/work/Automization-Sampling-Optimisation-Geometry-Lib/Automization-Sampling-Optimisation-Geometry-Lib/.atlas-upstream'
Lean / Mathlib formalization	UNKNOWN STEP	2026-10-09T03:00:12.8217154Z [command]/usr/bin/git version
Lean / Mathlib formalization	UNKNOWN STEP	2026-10-09T03:00:12.8247686Z git version 2.55.0
Lean / Mathlib formalization	UNKNOWN STEP	2026-10-09T03:00:12.8259938Z ##[endgroup]
Lean / Mathlib formalization	UNKNOWN STEP	2026-10-09T03:00:12.8269349Z Temporarily overriding HOME='/home/runner/work/_temp/57485220-33ca-4a6a-b85f-056f4a1ff12e' before making global git config changes
Lean / Mathlib formalization	UNKNOWN STEP	2026-10-09T03:00:12.8269966Z Adding repository directory to the temporary git global config as a safe directory
Lean / Mathlib formalization	UNKNOWN STEP	2026-10-09T03:00:12.8272683Z [command]/usr/bin/git config --global --add safe.directory /home/runner/work/Automization-Sampling-Optimisation-Geometry-Lib/Automization-Sampling-Optimisation-Geometry-Lib/.atlas-upstream
Lean / Mathlib formalization	UNKNOWN STEP	2026-10-09T03:00:12.8532037Z ##[group]Initializing the repository
Lean / Mathlib formalization	UNKNOWN STEP	2026-10-09T03:00:12.8536738Z [command]/usr/bin/git init /home/runner/work/Automization-Sampling-Optimisation-Geometry-Lib/Automization-Sampling-Optimisation-Geometry-Lib/.atlas-upstream
Lean / Mathlib formalization	UNKNOWN STEP	2026-10-09T03:00:12.8789407Z hint: Using 'master' as the name for the initial branch. This default branch name
Lean / Mathlib formalization	UNKNOWN STEP	2026-10-09T03:00:12.8789862Z hint: will change to "main" in Git 3.0. To configure the initial branch name
Lean / Mathlib formalization	UNKNOWN STEP	2026-10-09T03:00:12.8790323Z hint: to use in all of your new repositories, which will suppress this warning,
Lean / Mathlib formalization	UNKNOWN STEP	2026-10-09T03:00:12.8790605Z hint: call:
Lean / Mathlib formalization	UNKNOWN STEP	2026-10-09T03:00:12.8790707Z hint:
Lean / Mathlib formalization	UNKNOWN STEP	2026-10-09T03:00:12.8790848Z hint: 	git config --global init.defaultBranch <name>
Lean / Mathlib formalization	UNKNOWN STEP	2026-10-09T03:00:12.8791007Z hint:
Lean / Mathlib formalization	UNKNOWN STEP	2026-10-09T03:00:12.8791164Z hint: Names commonly chosen instead of 'master' are 'main', 'trunk' and
Lean / Mathlib formalization	UNKNOWN STEP	2026-10-09T03:00:12.8791433Z hint: 'development'. The just-created branch can be renamed via this command:
Lean / Mathlib formalization	UNKNOWN STEP	2026-10-09T03:00:12.8791683Z hint:
Lean / Mathlib formalization	UNKNOWN STEP	2026-10-09T03:00:12.8791850Z hint: 	git branch -m <name>
Lean / Mathlib formalization	UNKNOWN STEP	2026-10-09T03:00:12.8792018Z hint:
Lean / Mathlib formalization	UNKNOWN STEP	2026-10-09T03:00:12.8792192Z hint: Disable this message with "git config set advice.defaultBranchName false"
Lean / Mathlib formalization	UNKNOWN STEP	2026-10-09T03:00:12.8792676Z Initialized empty Git repository in /home/runner/work/Automization-Sampling-Optimisation-Geometry-Lib/Automization-Sampling-Optimisation-Geometry-Lib/.atlas-upstream/.git/
Lean / Mathlib formalization	UNKNOWN STEP	2026-10-09T03:00:12.8798830Z [command]/usr/bin/git remote add origin https://github.com/facebookresearch/atlas-lean
Lean / Mathlib formalization	UNKNOWN STEP	2026-10-09T03:00:12.9398349Z ##[endgroup]
Lean / Mathlib formalization	UNKNOWN STEP	2026-10-09T03:00:12.9398596Z ##[group]Disabling automatic garbage collection
Lean / Mathlib formalization	UNKNOWN STEP	2026-10-09T03:00:12.9401499Z [command]/usr/bin/git config --local gc.auto 0
Lean / Mathlib formalization	UNKNOWN STEP	2026-10-09T03:00:13.0091961Z ##[endgroup]
Lean / Mathlib formalization	UNKNOWN STEP	2026-10-09T03:00:13.0092344Z ##[group]Setting up auth
Lean / Mathlib formalization	UNKNOWN STEP	2026-10-09T03:00:13.0097863Z [command]/usr/bin/git config --local --name-only --get-regexp core\.sshCommand
Lean / Mathlib formalization	UNKNOWN STEP	2026-10-09T03:00:13.0129426Z [command]/usr/bin/git submodule foreach --recursive sh -c "git config --local --name-only --get-regexp 'core\.sshCommand' && git config --local --unset-all 'core.sshCommand' || :"
Lean / Mathlib formalization	UNKNOWN STEP	2026-10-09T03:00:13.0305690Z [command]/usr/bin/git config --local --name-only --get-regexp http\.https\:\/\/github\.com\/\.extraheader
Lean / Mathlib formalization	UNKNOWN STEP	2026-10-09T03:00:13.0332374Z [command]/usr/bin/git submodule foreach --recursive sh -c "git config --local --name-only --get-regexp 'http\.https\:\/\/github\.com\/\.extraheader' && git config --local --unset-all 'http.https://github.com/.extraheader' || :"
Lean / Mathlib formalization	UNKNOWN STEP	2026-10-09T03:00:13.0502949Z [command]/usr/bin/git config --local --name-only --get-regexp ^includeIf\.gitdir:
Lean / Mathlib formalization	UNKNOWN STEP	2026-10-09T03:00:13.0529877Z [command]/usr/bin/git submodule foreach --recursive git config --local --show-origin --name-only --get-regexp remote.origin.url
Lean / Mathlib formalization	UNKNOWN STEP	2026-10-09T03:00:13.0701173Z [command]/usr/bin/git config --local http.https://github.com/.extraheader AUTHORIZATION: basic ***
Lean / Mathlib formalization	UNKNOWN STEP	2026-10-09T03:00:13.2495895Z ##[endgroup]
Lean / Mathlib formalization	UNKNOWN STEP	2026-10-09T03:00:13.2496435Z ##[group]Fetching the repository
Lean / Mathlib formalization	UNKNOWN STEP	2026-10-09T03:00:13.2505436Z [command]/usr/bin/git -c protocol.version=2 fetch --no-tags --prune --no-recurse-submodules --depth=1 origin e8b31c5cb0bec89b487ce33fe525a2c0b0f8b9c6
Lean / Mathlib formalization	UNKNOWN STEP	2026-10-09T03:00:14.2958320Z From https://github.com/facebookresearch/atlas-lean
Lean / Mathlib formalization	UNKNOWN STEP	2026-10-09T03:00:14.2958773Z  * branch            e8b31c5cb0bec89b487ce33fe525a2c0b0f8b9c6 -> FETCH_HEAD
Lean / Mathlib formalization	UNKNOWN STEP	2026-10-09T03:00:14.2962121Z ##[endgroup]
Lean / Mathlib formalization	UNKNOWN STEP	2026-10-09T03:00:14.2962432Z ##[group]Determining the checkout info
Lean / Mathlib formalization	UNKNOWN STEP	2026-10-09T03:00:14.2964155Z ##[endgroup]
Lean / Mathlib formalization	UNKNOWN STEP	2026-10-09T03:00:14.2968538Z [command]/usr/bin/git sparse-checkout disable
Lean / Mathlib formalization	UNKNOWN STEP	2026-10-09T03:00:14.4048870Z [command]/usr/bin/git config --local --unset-all extensions.worktreeConfig
Lean / Mathlib formalization	UNKNOWN STEP	2026-10-09T03:00:14.4222493Z ##[group]Checking out the ref
Lean / Mathlib formalization	UNKNOWN STEP	2026-10-09T03:00:14.4225769Z [command]/usr/bin/git checkout --progress --force e8b31c5cb0bec89b487ce33fe525a2c0b0f8b9c6
Lean / Mathlib formalization	UNKNOWN STEP	2026-10-09T03:00:14.6327280Z Note: switching to 'e8b31c5cb0bec89b487ce33fe525a2c0b0f8b9c6'.
Lean / Mathlib formalization	UNKNOWN STEP	2026-10-09T03:00:14.6328007Z 
Lean / Mathlib formalization	UNKNOWN STEP	2026-10-09T03:00:14.6328419Z You are in 'detached HEAD' state. You can look around, make experimental
Lean / Mathlib formalization	UNKNOWN STEP	2026-10-09T03:00:14.6329008Z changes and commit them, and you can discard any commits you make in this
Lean / Mathlib formalization	UNKNOWN STEP	2026-10-09T03:00:14.6329559Z state without impacting any branches by switching back to a branch.
Lean / Mathlib formalization	UNKNOWN STEP	2026-10-09T03:00:14.6329927Z 
Lean / Mathlib formalization	UNKNOWN STEP	2026-10-09T03:00:14.6330220Z If you want to create a new branch to retain commits you create, you may
Lean / Mathlib formalization	UNKNOWN STEP	2026-10-09T03:00:14.6330739Z do so (now or later) by using -c with the switch command. Example:
Lean / Mathlib formalization	UNKNOWN STEP	2026-10-09T03:00:14.6331106Z 
Lean / Mathlib formalization	UNKNOWN STEP	2026-10-09T03:00:14.6331339Z   git switch -c <new-branch-name>
Lean / Mathlib formalization	UNKNOWN STEP	2026-10-09T03:00:14.6331624Z 
Lean / Mathlib formalization	UNKNOWN STEP	2026-10-09T03:00:14.6331838Z Or undo this operation with:
Lean / Mathlib formalization	UNKNOWN STEP	2026-10-09T03:00:14.6332092Z 
Lean / Mathlib formalization	UNKNOWN STEP	2026-10-09T03:00:14.6332290Z   git switch -
Lean / Mathlib formalization	UNKNOWN STEP	2026-10-09T03:00:14.6332518Z 
Lean / Mathlib formalization	UNKNOWN STEP	2026-10-09T03:00:14.6332827Z Turn off this advice by setting config variable advice.detachedHead to false
Lean / Mathlib formalization	UNKNOWN STEP	2026-10-09T03:00:14.6333214Z 
Lean / Mathlib formalization	UNKNOWN STEP	2026-10-09T03:00:14.6333540Z HEAD is now at e8b31c5 Merge pull request #6 from facebookresearch/prepare-atlas-v2
Lean / Mathlib formalization	UNKNOWN STEP	2026-10-09T03:00:14.6336609Z ##[endgroup]
Lean / Mathlib formalization	UNKNOWN STEP	2026-10-09T03:00:14.6375325Z [command]/usr/bin/git log -1 --format=%H
Lean / Mathlib formalization	UNKNOWN STEP	2026-10-09T03:00:14.6397465Z e8b31c5cb0bec89b487ce33fe525a2c0b0f8b9c6
Lean / Mathlib formalization	UNKNOWN STEP	2026-10-09T03:00:14.6943857Z ##[group]Run actions/setup-python@v5
Lean / Mathlib formalization	UNKNOWN STEP	2026-10-09T03:00:14.6944015Z with:
Lean / Mathlib formalization	UNKNOWN STEP	2026-10-09T03:00:14.6944129Z   python-version: 3.12
Lean / Mathlib formalization	UNKNOWN STEP	2026-10-09T03:00:14.6944254Z   check-latest: false
Lean / Mathlib formalization	UNKNOWN STEP	2026-10-09T03:00:14.6945631Z   token: ***
Lean / Mathlib formalization	UNKNOWN STEP	2026-10-09T03:00:14.6945749Z   update-environment: true
Lean / Mathlib formalization	UNKNOWN STEP	2026-10-09T03:00:14.6945905Z   allow-prereleases: false
Lean / Mathlib formalization	UNKNOWN STEP	2026-10-09T03:00:14.6946039Z   freethreaded: false
Lean / Mathlib formalization	UNKNOWN STEP	2026-10-09T03:00:14.6946161Z ##[endgroup]
Lean / Mathlib formalization	UNKNOWN STEP	2026-10-09T03:00:14.7778751Z ##[group]Installed versions
Lean / Mathlib formalization	UNKNOWN STEP	2026-10-09T03:00:14.7884267Z (node:2212) [DEP0040] DeprecationWarning: The `punycode` module is deprecated. Please use a userland alternative instead.
Lean / Mathlib formalization	UNKNOWN STEP	2026-10-09T03:00:14.7884827Z (Use `node --trace-deprecation ...` to show where the warning was created)
Lean / Mathlib formalization	UNKNOWN STEP	2026-10-09T03:00:14.7885385Z Successfully set up CPython (3.12.15)
Lean / Mathlib formalization	UNKNOWN STEP	2026-10-09T03:00:14.7885808Z ##[endgroup]
Lean / Mathlib formalization	UNKNOWN STEP	2026-10-09T03:00:14.8054870Z ##[group]Run python3 tools/astis_publication.py check --ci
Lean / Mathlib formalization	UNKNOWN STEP	2026-10-09T03:00:14.8055316Z ^[[36;1mpython3 tools/astis_publication.py check --ci^[[0m
Lean / Mathlib formalization	UNKNOWN STEP	2026-10-09T03:00:14.8578593Z shell: /usr/bin/bash -e {0}
Lean / Mathlib formalization	UNKNOWN STEP	2026-10-09T03:00:14.8578793Z env:
Lean / Mathlib formalization	UNKNOWN STEP	2026-10-09T03:00:14.8578966Z   pythonLocation: /opt/hostedtoolcache/Python/3.12.15/x64
Lean / Mathlib formalization	UNKNOWN STEP	2026-10-09T03:00:14.8579243Z   PKG_CONFIG_PATH: /opt/hostedtoolcache/Python/3.12.15/x64/lib/pkgconfig
Lean / Mathlib formalization	UNKNOWN STEP	2026-10-09T03:00:14.8579793Z   Python_ROOT_DIR: /opt/hostedtoolcache/Python/3.12.15/x64
Lean / Mathlib formalization	UNKNOWN STEP	2026-10-09T03:00:14.8580009Z   Python2_ROOT_DIR: /opt/hostedtoolcache/Python/3.12.15/x64
Lean / Mathlib formalization	UNKNOWN STEP	2026-10-09T03:00:14.8580220Z   Python3_ROOT_DIR: /opt/hostedtoolcache/Python/3.12.15/x64
Lean / Mathlib formalization	UNKNOWN STEP	2026-10-09T03:00:14.8580442Z   LD_LIBRARY_PATH: /opt/hostedtoolcache/Python/3.12.15/x64/lib
Lean / Mathlib formalization	UNKNOWN STEP	2026-10-09T03:00:14.8580669Z   PUBLICATION_BASE: c05de12e6a8ca7af8ce2df8608836f8d4e90f617
Lean / Mathlib formalization	UNKNOWN STEP	2026-10-09T03:00:14.8580859Z ##[endgroup]
Lean / Mathlib formalization	UNKNOWN STEP	2026-10-09T03:00:19.2847406Z Private implementation coverage: {"file": "AutoSamplingTheory/ExampleCases/ProximalBPS/ConditionalGradientEnergy.lean", "line": 17, "column": 9, "kind": "theorem", "visibility": "private", "name": "AutoSamplingTheory.ExampleCases.ProximalBPS.ConditionalGradientEnergy.reflected_second_moment", "anonymous": false, "owner": "AutoSamplingTheory.ExampleCases.ProximalBPS.ConditionalGradientEnergy.reflected_conditional_gradient_energy"}
Lean / Mathlib formalization	UNKNOWN STEP	2026-10-09T03:00:19.2850518Z Private implementation coverage: {"file": "AutoSamplingTheory/TechnicalLemmas/Measure/L2RealSquareRoot.lean", "line": 16, "column": 9, "kind": "abbrev", "visibility": "private", "name": "AutoSamplingTheory.TechnicalLemmas.Measure.L2RealSquareRoot.embed", "anonymous": false, "owner": "AutoSamplingTheory.TechnicalLemmas.Measure.L2RealSquareRoot.exists_positive_real_square_root"}
Lean / Mathlib formalization	UNKNOWN STEP	2026-10-09T03:00:19.2852979Z Private implementation coverage: {"file": "AutoSamplingTheory/TechnicalLemmas/Measure/L2RealSquareRoot.lean", "line": 17, "column": 9, "kind": "abbrev", "visibility": "private", "name": "AutoSamplingTheory.TechnicalLemmas.Measure.L2RealSquareRoot.realPart", "anonymous": false, "owner": "AutoSamplingTheory.TechnicalLemmas.Measure.L2RealSquareRoot.exists_positive_real_square_root"}
Lean / Mathlib formalization	UNKNOWN STEP	2026-10-09T03:00:19.2855383Z Private implementation coverage: {"file": "AutoSamplingTheory/TechnicalLemmas/Measure/L2RealSquareRoot.lean", "line": 18, "column": 9, "kind": "abbrev", "visibility": "private", "name": "AutoSamplingTheory.TechnicalLemmas.Measure.L2RealSquareRoot.conjugate", "anonymous": false, "owner": "AutoSamplingTheory.TechnicalLemmas.Measure.L2RealSquareRoot.exists_positive_real_square_root"}
Lean / Mathlib formalization	UNKNOWN STEP	2026-10-09T03:00:19.2857907Z Private implementation coverage: {"file": "AutoSamplingTheory/TechnicalLemmas/Measure/L2RealSquareRoot.lean", "line": 21, "column": 9, "kind": "theorem", "visibility": "private", "name": "AutoSamplingTheory.TechnicalLemmas.Measure.L2RealSquareRoot.real_embed", "anonymous": false, "owner": "AutoSamplingTheory.TechnicalLemmas.Measure.L2RealSquareRoot.exists_positive_real_square_root"}
Lean / Mathlib formalization	UNKNOWN STEP	2026-10-09T03:00:19.2860306Z Private implementation coverage: {"file": "AutoSamplingTheory/TechnicalLemmas/Measure/L2RealSquareRoot.lean", "line": 29, "column": 9, "kind": "theorem", "visibility": "private", "name": "AutoSamplingTheory.TechnicalLemmas.Measure.L2RealSquareRoot.inner_embed", "anonymous": false, "owner": "AutoSamplingTheory.TechnicalLemmas.Measure.L2RealSquareRoot.exists_positive_real_square_root"}
Lean / Mathlib formalization	UNKNOWN STEP	2026-10-09T03:00:19.2862773Z Private implementation coverage: {"file": "AutoSamplingTheory/TechnicalLemmas/Measure/L2RealSquareRoot.lean", "line": 38, "column": 9, "kind": "theorem", "visibility": "private", "name": "AutoSamplingTheory.TechnicalLemmas.Measure.L2RealSquareRoot.conjugate_involutive", "anonymous": false, "owner": "AutoSamplingTheory.TechnicalLemmas.Measure.L2RealSquareRoot.exists_positive_real_square_root"}
Lean / Mathlib formalization	UNKNOWN STEP	2026-10-09T03:00:19.2865607Z Private implementation coverage: {"file": "AutoSamplingTheory/TechnicalLemmas/Measure/L2RealSquareRoot.lean", "line": 46, "column": 9, "kind": "theorem", "visibility": "private", "name": "AutoSamplingTheory.TechnicalLemmas.Measure.L2RealSquareRoot.conjugate_smul", "anonymous": false, "owner": "AutoSamplingTheory.TechnicalLemmas.Measure.L2RealSquareRoot.exists_positive_real_square_root"}
Lean / Mathlib formalization	UNKNOWN STEP	2026-10-09T03:00:19.2868106Z Private implementation coverage: {"file": "AutoSamplingTheory/TechnicalLemmas/Measure/L2RealSquareRoot.lean", "line": 55, "column": 9, "kind": "theorem", "visibility": "private", "name": "AutoSamplingTheory.TechnicalLemmas.Measure.L2RealSquareRoot.inner_conjugate", "anonymous": false, "owner": "AutoSamplingTheory.TechnicalLemmas.Measure.L2RealSquareRoot.exists_positive_real_square_root"}
Lean / Mathlib formalization	UNKNOWN STEP	2026-10-09T03:00:19.2870650Z Private implementation coverage: {"file": "AutoSamplingTheory/TechnicalLemmas/Measure/L2RealSquareRoot.lean", "line": 67, "column": 9, "kind": "def", "visibility": "private", "name": "AutoSamplingTheory.TechnicalLemmas.Measure.L2RealSquareRoot.conjugateOperator", "anonymous": false, "owner": "AutoSamplingTheory.TechnicalLemmas.Measure.L2RealSquareRoot.exists_positive_real_square_root"}
Lean / Mathlib formalization	UNKNOWN STEP	2026-10-09T03:00:19.2873098Z Private implementation coverage: {"file": "AutoSamplingTheory/TechnicalLemmas/Measure/L2RealSquareRoot.lean", "line": 76, "column": 9, "kind": "theorem", "visibility": "private", "name": "AutoSamplingTheory.TechnicalLemmas.Measure.L2RealSquareRoot.conjugateOperator_positive", "anonymous": false, "owner": "AutoSamplingTheory.TechnicalLemmas.Measure.L2RealSquareRoot.exists_positive_real_square_root"}
Lean / Mathlib formalization	UNKNOWN STEP	2026-10-09T03:00:19.2875549Z Private implementation coverage: {"file": "AutoSamplingTheory/TechnicalLemmas/Measure/L2RealComplexOperator.lean", "line": 16, "column": 9, "kind": "abbrev", "visibility": "private", "name": "AutoSamplingTheory.TechnicalLemmas.Measure.L2RealComplexOperator.embed", "anonymous": false, "owner": "AutoSamplingTheory.TechnicalLemmas.Measure.L2RealComplexOperator.exists_positive_complex_lift"}
Lean / Mathlib formalization	UNKNOWN STEP	2026-10-09T03:00:19.2878138Z Private implementation coverage: {"file": "AutoSamplingTheory/TechnicalLemmas/Measure/L2RealComplexOperator.lean", "line": 17, "column": 9, "kind": "abbrev", "visibility": "private", "name": "AutoSamplingTheory.TechnicalLemmas.Measure.L2RealComplexOperator.realPart", "anonymous": false, "owner": "AutoSamplingTheory.TechnicalLemmas.Measure.L2RealComplexOperator.exists_positive_complex_lift"}
Lean / Mathlib formalization	UNKNOWN STEP	2026-10-09T03:00:19.2880511Z Private implementation coverage: {"file": "AutoSamplingTheory/TechnicalLemmas/Measure/L2RealComplexOperator.lean", "line": 18, "column": 9, "kind": "abbrev", "visibility": "private", "name": "AutoSamplingTheory.TechnicalLemmas.Measure.L2RealComplexOperator.imagPart", "anonymous": false, "owner": "AutoSamplingTheory.TechnicalLemmas.Measure.L2RealComplexOperator.exists_positive_complex_lift"}
Lean / Mathlib formalization	UNKNOWN STEP	2026-10-09T03:00:19.2882792Z Private implementation coverage: {"file": "AutoSamplingTheory/TechnicalLemmas/Measure/L2RealComplexOperator.lean", "line": 19, "column": 9, "kind": "abbrev", "visibility": "private", "name": "AutoSamplingTheory.TechnicalLemmas.Measure.L2RealComplexOperator.conjugate", "anonymous": false, "owner": "AutoSamplingTheory.TechnicalLemmas.Measure.L2RealComplexOperator.exists_positive_complex_lift"}
Lean / Mathlib formalization	UNKNOWN STEP	2026-10-09T03:00:19.2885059Z Private implementation coverage: {"file": "AutoSamplingTheory/TechnicalLemmas/Measure/L2RealComplexOperator.lean", "line": 22, "column": 9, "kind": "theorem", "visibility": "private", "name": "AutoSamplingTheory.TechnicalLemmas.Measure.L2RealComplexOperator.real_embed", "anonymous": false, "owner": "AutoSamplingTheory.TechnicalLemmas.Measure.L2RealComplexOperator.exists_positive_complex_lift"}
Lean / Mathlib formalization	UNKNOWN STEP	2026-10-09T03:00:19.2887314Z Private implementation coverage: {"file": "AutoSamplingTheory/TechnicalLemmas/Measure/L2RealComplexOperator.lean", "line": 30, "column": 9, "kind": "theorem", "visibility": "private", "name": "AutoSamplingTheory.TechnicalLemmas.Measure.L2RealComplexOperator.imag_embed", "anonymous": false, "owner": "AutoSamplingTheory.TechnicalLemmas.Measure.L2RealComplexOperator.exists_positive_complex_lift"}
Lean / Mathlib formalization	UNKNOWN STEP	2026-10-09T03:00:19.2889816Z Private implementation coverage: {"file": "AutoSamplingTheory/TechnicalLemmas/Measure/L2RealComplexOperator.lean", "line": 38, "column": 9, "kind": "theorem", "visibility": "private", "name": "AutoSamplingTheory.TechnicalLemmas.Measure.L2RealComplexOperator.parts", "anonymous": false, "owner": "AutoSamplingTheory.TechnicalLemmas.Measure.L2RealComplexOperator.exists_positive_complex_lift"}
Lean / Mathlib formalization	UNKNOWN STEP	2026-10-09T03:00:19.2892055Z Private implementation coverage: {"file": "AutoSamplingTheory/TechnicalLemmas/Measure/L2RealComplexOperator.lean", "line": 49, "column": 9, "kind": "theorem", "visibility": "private", "name": "AutoSamplingTheory.TechnicalLemmas.Measure.L2RealComplexOperator.real_I", "anonymous": false, "owner": "AutoSamplingTheory.TechnicalLemmas.Measure.L2RealComplexOperator.exists_positive_complex_lift"}
Lean / Mathlib formalization	UNKNOWN STEP	2026-10-09T03:00:19.2894411Z Private implementation coverage: {"file": "AutoSamplingTheory/TechnicalLemmas/Measure/L2RealComplexOperator.lean", "line": 58, "column": 9, "kind": "theorem", "visibility": "private", "name": "AutoSamplingTheory.TechnicalLemmas.Measure.L2RealComplexOperator.imag_I", "anonymous": false, "owner": "AutoSamplingTheory.TechnicalLemmas.Measure.L2RealComplexOperator.exists_positive_complex_lift"}
Lean / Mathlib formalization	UNKNOWN STEP	2026-10-09T03:00:19.2896591Z Private implementation coverage: {"file": "AutoSamplingTheory/TechnicalLemmas/Measure/L2RealComplexOperator.lean", "line": 66, "column": 9, "kind": "theorem", "visibility": "private", "name": "AutoSamplingTheory.TechnicalLemmas.Measure.L2RealComplexOperator.inner_embed", "anonymous": false, "owner": "AutoSamplingTheory.TechnicalLemmas.Measure.L2RealComplexOperator.exists_positive_complex_lift"}
Lean / Mathlib formalization	UNKNOWN STEP	2026-10-09T03:00:19.2898896Z Private implementation coverage: {"file": "AutoSamplingTheory/TechnicalLemmas/Measure/L2RealComplexOperator.lean", "line": 75, "column": 9, "kind": "theorem", "visibility": "private", "name": "AutoSamplingTheory.TechnicalLemmas.Measure.L2RealComplexOperator.norm_embed", "anonymous": false, "owner": "AutoSamplingTheory.TechnicalLemmas.Measure.L2RealComplexOperator.exists_positive_complex_lift"}
Lean / Mathlib formalization	UNKNOWN STEP	2026-10-09T03:00:19.2901117Z Private implementation coverage: {"file": "AutoSamplingTheory/TechnicalLemmas/Measure/L2RealComplexOperator.lean", "line": 82, "column": 9, "kind": "theorem", "visibility": "private", "name": "AutoSamplingTheory.TechnicalLemmas.Measure.L2RealComplexOperator.conjugate_embed", "anonymous": false, "owner": "AutoSamplingTheory.TechnicalLemmas.Measure.L2RealComplexOperator.exists_positive_complex_lift"}
Lean / Mathlib formalization	UNKNOWN STEP	2026-10-09T03:00:19.2903352Z Private implementation coverage: {"file": "AutoSamplingTheory/TechnicalLemmas/Measure/L2RealComplexOperator.lean", "line": 90, "column": 9, "kind": "theorem", "visibility": "private", "name": "AutoSamplingTheory.TechnicalLemmas.Measure.L2RealComplexOperator.conjugate_parts", "anonymous": false, "owner": "AutoSamplingTheory.TechnicalLemmas.Measure.L2RealComplexOperator.exists_positive_complex_lift"}
Lean / Mathlib formalization	UNKNOWN STEP	2026-10-09T03:00:19.2905604Z Private implementation coverage: {"file": "AutoSamplingTheory/TechnicalLemmas/Measure/L2RealComplexOperator.lean", "line": 102, "column": 9, "kind": "theorem", "visibility": "private", "name": "AutoSamplingTheory.TechnicalLemmas.Measure.L2RealComplexOperator.fixed_range", "anonymous": false, "owner": "AutoSamplingTheory.TechnicalLemmas.Measure.L2RealComplexOperator.exists_positive_complex_lift"}
Lean / Mathlib formalization	UNKNOWN STEP	2026-10-09T03:00:19.2907997Z Private implementation coverage: {"file": "AutoSamplingTheory/TechnicalLemmas/Measure/L2RealComplexOperator.lean", "line": 121, "column": 9, "kind": "def", "visibility": "private", "name": "AutoSamplingTheory.TechnicalLemmas.Measure.L2RealComplexOperator.liftReal", "anonymous": false, "owner": "AutoSamplingTheory.TechnicalLemmas.Measure.L2RealComplexOperator.exists_positive_complex_lift"}
Lean / Mathlib formalization	UNKNOWN STEP	2026-10-09T03:00:19.2910328Z Private implementation coverage: {"file": "AutoSamplingTheory/TechnicalLemmas/Measure/L2RealComplexOperator.lean", "line": 125, "column": 9, "kind": "theorem", "visibility": "private", "name": "AutoSamplingTheory.TechnicalLemmas.Measure.L2RealComplexOperator.liftReal_I", "anonymous": false, "owner": "AutoSamplingTheory.TechnicalLemmas.Measure.L2RealComplexOperator.exists_positive_complex_lift"}
Lean / Mathlib formalization	UNKNOWN STEP	2026-10-09T03:00:19.2912525Z Private implementation coverage: {"file": "AutoSamplingTheory/TechnicalLemmas/Measure/L2RealComplexOperator.lean", "line": 133, "column": 9, "kind": "def", "visibility": "private", "name": "AutoSamplingTheory.TechnicalLemmas.Measure.L2RealComplexOperator.liftComplex", "anonymous": false, "owner": "AutoSamplingTheory.TechnicalLemmas.Measure.L2RealComplexOperator.exists_positive_complex_lift"}
Lean / Mathlib formalization	UNKNOWN STEP	2026-10-09T03:00:19.2914883Z Private implementation coverage: {"file": "AutoSamplingTheory/TechnicalLemmas/Measure/L2RealComplexOperator.lean", "line": 147, "column": 9, "kind": "theorem", "visibility": "private", "name": "AutoSamplingTheory.TechnicalLemmas.Measure.L2RealComplexOperator.liftComplex_apply", "anonymous": false, "owner": "AutoSamplingTheory.TechnicalLemmas.Measure.L2RealComplexOperator.exists_positive_complex_lift"}
Lean / Mathlib formalization	UNKNOWN STEP	2026-10-09T03:00:19.2917215Z Private implementation coverage: {"file": "AutoSamplingTheory/TechnicalLemmas/Measure/L2RealComplexOperator.lean", "line": 151, "column": 9, "kind": "theorem", "visibility": "private", "name": "AutoSamplingTheory.TechnicalLemmas.Measure.L2RealComplexOperator.liftComplex_embed", "anonymous": false, "owner": "AutoSamplingTheory.TechnicalLemmas.Measure.L2RealComplexOperator.exists_positive_complex_lift"}
Lean / Mathlib formalization	UNKNOWN STEP	2026-10-09T03:00:19.2919597Z Private implementation coverage: {"file": "AutoSamplingTheory/TechnicalLemmas/Measure/L2RealComplexOperator.lean", "line": 155, "column": 9, "kind": "theorem", "visibility": "private", "name": "AutoSamplingTheory.TechnicalLemmas.Measure.L2RealComplexOperator.real_lift", "anonymous": false, "owner": "AutoSamplingTheory.TechnicalLemmas.Measure.L2RealComplexOperator.exists_positive_complex_lift"}
Lean / Mathlib formalization	UNKNOWN STEP	2026-10-09T03:00:19.2921840Z Private implementation coverage: {"file": "AutoSamplingTheory/TechnicalLemmas/Measure/L2RealComplexOperator.lean", "line": 159, "column": 9, "kind": "theorem", "visibility": "private", "name": "AutoSamplingTheory.TechnicalLemmas.Measure.L2RealComplexOperator.imag_lift", "anonymous": false, "owner": "AutoSamplingTheory.TechnicalLemmas.Measure.L2RealComplexOperator.exists_positive_complex_lift"}
Lean / Mathlib formalization	UNKNOWN STEP	2026-10-09T03:00:19.2924101Z Private implementation coverage: {"file": "AutoSamplingTheory/TechnicalLemmas/Measure/L2RealComplexOperator.lean", "line": 163, "column": 9, "kind": "theorem", "visibility": "private", "name": "AutoSamplingTheory.TechnicalLemmas.Measure.L2RealComplexOperator.real_conjugate", "anonymous": false, "owner": "AutoSamplingTheory.TechnicalLemmas.Measure.L2RealComplexOperator.exists_positive_complex_lift"}
Lean / Mathlib formalization	UNKNOWN STEP	2026-10-09T03:00:19.2926400Z Private implementation coverage: {"file": "AutoSamplingTheory/TechnicalLemmas/Measure/L2RealComplexOperator.lean", "line": 167, "column": 9, "kind": "theorem", "visibility": "private", "name": "AutoSamplingTheory.TechnicalLemmas.Measure.L2RealComplexOperator.imag_conjugate", "anonymous": false, "owner": "AutoSamplingTheory.TechnicalLemmas.Measure.L2RealComplexOperator.exists_positive_complex_lift"}
Lean / Mathlib formalization	UNKNOWN STEP	2026-10-09T03:00:19.2928847Z Private implementation coverage: {"file": "AutoSamplingTheory/TechnicalLemmas/Measure/L2RealComplexOperator.lean", "line": 171, "column": 9, "kind": "theorem", "visibility": "private", "name": "AutoSamplingTheory.TechnicalLemmas.Measure.L2RealComplexOperator.liftComplex_conjugate", "anonymous": false, "owner": "AutoSamplingTheory.TechnicalLemmas.Measure.L2RealComplexOperator.exists_positive_complex_lift"}
Lean / Mathlib formalization	UNKNOWN STEP	2026-10-09T03:00:19.2931161Z Private implementation coverage: {"file": "AutoSamplingTheory/TechnicalLemmas/Measure/L2RealComplexOperator.lean", "line": 176, "column": 9, "kind": "theorem", "visibility": "private", "name": "AutoSamplingTheory.TechnicalLemmas.Measure.L2RealComplexOperator.inner_lift", "anonymous": false, "owner": "AutoSamplingTheory.TechnicalLemmas.Measure.L2RealComplexOperator.exists_positive_complex_lift"}
Lean / Mathlib formalization	UNKNOWN STEP	2026-10-09T03:00:19.2933583Z Private implementation coverage: {"file": "AutoSamplingTheory/TechnicalLemmas/Measure/L2RealComplexOperator.lean", "line": 199, "column": 9, "kind": "theorem", "visibility": "private", "name": "AutoSamplingTheory.TechnicalLemmas.Measure.L2RealComplexOperator.liftComplex_positive", "anonymous": false, "owner": "AutoSamplingTheory.TechnicalLemmas.Measure.L2RealComplexOperator.exists_positive_complex_lift"}
Lean / Mathlib formalization	UNKNOWN STEP	2026-10-09T03:00:19.2935123Z Publication PASS: 229 source items; code, prose, assumptions and semantic-audit links checked. Legacy audit debt remains explicit.
Lean / Mathlib formalization	UNKNOWN STEP	2026-10-09T03:00:19.3439008Z ##[group]Run leanprover/lean-action@v1
Lean / Mathlib formalization	UNKNOWN STEP	2026-10-09T03:00:19.3439178Z with:
Lean / Mathlib formalization	UNKNOWN STEP	2026-10-09T03:00:19.3439295Z   auto-config: false
Lean / Mathlib formalization	UNKNOWN STEP	2026-10-09T03:00:19.3439410Z   build: false
Lean / Mathlib formalization	UNKNOWN STEP	2026-10-09T03:00:19.3439517Z   test: false
Lean / Mathlib formalization	UNKNOWN STEP	2026-10-09T03:00:19.3439632Z   use-mathlib-cache: true
Lean / Mathlib formalization	UNKNOWN STEP	2026-10-09T03:00:19.3439758Z   lint: default
Lean / Mathlib formalization	UNKNOWN STEP	2026-10-09T03:00:19.3439870Z   mk_all-check: false
Lean / Mathlib formalization	UNKNOWN STEP	2026-10-09T03:00:19.3440004Z   check-reservoir-eligibility: false
Lean / Mathlib formalization	UNKNOWN STEP	2026-10-09T03:00:19.3440151Z   leanchecker: false
Lean / Mathlib formalization	UNKNOWN STEP	2026-10-09T03:00:19.3440268Z   lean4checker: false
Lean / Mathlib formalization	UNKNOWN STEP	2026-10-09T03:00:19.3440382Z   nanoda: false
Lean / Mathlib formalization	UNKNOWN STEP	2026-10-09T03:00:19.3440498Z   nanoda-allow-sorry: true
Lean / Mathlib formalization	UNKNOWN STEP	2026-10-09T03:00:19.3440625Z   axiom-audit: false
Lean / Mathlib formalization	UNKNOWN STEP	2026-10-09T03:00:19.3440781Z   axiom-audit-allow: propext,Classical.choice,Quot.sound
Lean / Mathlib formalization	UNKNOWN STEP	2026-10-09T03:00:19.3440970Z   use-github-cache: true
Lean / Mathlib formalization	UNKNOWN STEP	2026-10-09T03:00:19.3441101Z   lake-package-directory: .
Lean / Mathlib formalization	UNKNOWN STEP	2026-10-09T03:00:19.3441247Z   reinstall-transient-toolchain: false
Lean / Mathlib formalization	UNKNOWN STEP	2026-10-09T03:00:19.3441400Z env:
Lean / Mathlib formalization	UNKNOWN STEP	2026-10-09T03:00:19.3441569Z   pythonLocation: /opt/hostedtoolcache/Python/3.12.15/x64
Lean / Mathlib formalization	UNKNOWN STEP	2026-10-09T03:00:19.3441806Z   PKG_CONFIG_PATH: /opt/hostedtoolcache/Python/3.12.15/x64/lib/pkgconfig
Lean / Mathlib formalization	UNKNOWN STEP	2026-10-09T03:00:19.3442041Z   Python_ROOT_DIR: /opt/hostedtoolcache/Python/3.12.15/x64
Lean / Mathlib formalization	UNKNOWN STEP	2026-10-09T03:00:19.3442256Z   Python2_ROOT_DIR: /opt/hostedtoolcache/Python/3.12.15/x64
Lean / Mathlib formalization	UNKNOWN STEP	2026-10-09T03:00:19.3442470Z   Python3_ROOT_DIR: /opt/hostedtoolcache/Python/3.12.15/x64
Lean / Mathlib formalization	UNKNOWN STEP	2026-10-09T03:00:19.3442684Z   LD_LIBRARY_PATH: /opt/hostedtoolcache/Python/3.12.15/x64/lib
Lean / Mathlib formalization	UNKNOWN STEP	2026-10-09T03:00:19.3442863Z ##[endgroup]
Lean / Mathlib formalization	UNKNOWN STEP	2026-10-09T03:00:19.3488687Z ##[start-action display=install elan;id=__leanprover_lean-action.__run]
Lean / Mathlib formalization	UNKNOWN STEP	2026-10-09T03:00:19.3677109Z ##[group]Run : Install Elan
Lean / Mathlib formalization	UNKNOWN STEP	2026-10-09T03:00:19.3677295Z ^[[36;1m: Install Elan^[[0m
Lean / Mathlib formalization	UNKNOWN STEP	2026-10-09T03:00:19.3677461Z ^[[36;1m${GITHUB_ACTION_PATH}/scripts/install_elan.sh^[[0m
Lean / Mathlib formalization	UNKNOWN STEP	2026-10-09T03:00:19.3733404Z shell: /usr/bin/bash --noprofile --norc -e -o pipefail {0}
Lean / Mathlib formalization	UNKNOWN STEP	2026-10-09T03:00:19.3733594Z env:
Lean / Mathlib formalization	UNKNOWN STEP	2026-10-09T03:00:19.3733773Z   pythonLocation: /opt/hostedtoolcache/Python/3.12.15/x64
Lean / Mathlib formalization	UNKNOWN STEP	2026-10-09T03:00:19.3734011Z   PKG_CONFIG_PATH: /opt/hostedtoolcache/Python/3.12.15/x64/lib/pkgconfig
Lean / Mathlib formalization	UNKNOWN STEP	2026-10-09T03:00:19.3734243Z   Python_ROOT_DIR: /opt/hostedtoolcache/Python/3.12.15/x64
Lean / Mathlib formalization	UNKNOWN STEP	2026-10-09T03:00:19.3734457Z   Python2_ROOT_DIR: /opt/hostedtoolcache/Python/3.12.15/x64
Lean / Mathlib formalization	UNKNOWN STEP	2026-10-09T03:00:19.3734671Z   Python3_ROOT_DIR: /opt/hostedtoolcache/Python/3.12.15/x64
Lean / Mathlib formalization	UNKNOWN STEP	2026-10-09T03:00:19.3734884Z   LD_LIBRARY_PATH: /opt/hostedtoolcache/Python/3.12.15/x64/lib
Lean / Mathlib formalization	UNKNOWN STEP	2026-10-09T03:00:19.3735067Z ##[endgroup]
Lean / Mathlib formalization	UNKNOWN STEP	2026-10-09T03:00:19.3840134Z ##[group]Elan Installation Output
Lean / Mathlib formalization	UNKNOWN STEP	2026-10-09T03:00:19.4731549Z info: downloading installer
Lean / Mathlib formalization	UNKNOWN STEP	2026-10-09T03:00:20.6148860Z info: downloading https://releases.lean-lang.org/lean4/v4.33.0/lean-4.33.0-linux.tar.zst
Lean / Mathlib formalization	UNKNOWN STEP	2026-10-09T03:00:25.4212210Z info: installing /home/runner/.elan/toolchains/leanprover--lean4---v4.33.0
Lean / Mathlib formalization	UNKNOWN STEP	2026-10-09T03:00:34.3398104Z Lean (version 4.33.0, x86_64-unknown-linux-gnu, commit d8b18978322de05a8f3dba51ef03cf5461676c17, Release)
Lean / Mathlib formalization	UNKNOWN STEP	2026-10-09T03:00:34.3731672Z Lake version 5.0.0-src+d8b1897 (Lean version 4.33.0)
Lean / Mathlib formalization	UNKNOWN STEP	2026-10-09T03:00:34.3765527Z ##[endgroup]
Lean / Mathlib formalization	UNKNOWN STEP	2026-10-09T03:00:34.3765622Z 
Lean / Mathlib formalization	UNKNOWN STEP	2026-10-09T03:00:34.3781356Z ##[end-action id=__leanprover_lean-action.__run;outcome=success;conclusion=success;duration_ms=15029]
Lean / Mathlib formalization	UNKNOWN STEP	2026-10-09T03:00:34.3784898Z ##[start-action display=configure `lean-action`;id=__leanprover_lean-action.config]
Lean / Mathlib formalization	UNKNOWN STEP	2026-10-09T03:00:34.3873435Z ##[group]Run : Configure Lean Action
Lean / Mathlib formalization	UNKNOWN STEP	2026-10-09T03:00:34.3873629Z ^[[36;1m: Configure Lean Action^[[0m
Lean / Mathlib formalization	UNKNOWN STEP	2026-10-09T03:00:34.3873792Z ^[[36;1m${GITHUB_ACTION_PATH}/scripts/config.sh^[[0m
Lean / Mathlib formalization	UNKNOWN STEP	2026-10-09T03:00:34.3926207Z shell: /usr/bin/bash --noprofile --norc -e -o pipefail {0}
Lean / Mathlib formalization	UNKNOWN STEP	2026-10-09T03:00:34.3926392Z env:
Lean / Mathlib formalization	UNKNOWN STEP	2026-10-09T03:00:34.3926543Z   pythonLocation: /opt/hostedtoolcache/Python/3.12.15/x64
Lean / Mathlib formalization	UNKNOWN STEP	2026-10-09T03:00:34.3926784Z   PKG_CONFIG_PATH: /opt/hostedtoolcache/Python/3.12.15/x64/lib/pkgconfig
Lean / Mathlib formalization	UNKNOWN STEP	2026-10-09T03:00:34.3927018Z   Python_ROOT_DIR: /opt/hostedtoolcache/Python/3.12.15/x64
Lean / Mathlib formalization	UNKNOWN STEP	2026-10-09T03:00:34.3927548Z   Python2_ROOT_DIR: /opt/hostedtoolcache/Python/3.12.15/x64
Lean / Mathlib formalization	UNKNOWN STEP	2026-10-09T03:00:34.3927949Z   Python3_ROOT_DIR: /opt/hostedtoolcache/Python/3.12.15/x64
Lean / Mathlib formalization	UNKNOWN STEP	2026-10-09T03:00:34.3928166Z   LD_LIBRARY_PATH: /opt/hostedtoolcache/Python/3.12.15/x64/lib
Lean / Mathlib formalization	UNKNOWN STEP	2026-10-09T03:00:34.3928349Z   AUTO_CONFIG: false
Lean / Mathlib formalization	UNKNOWN STEP	2026-10-09T03:00:34.3928469Z   BUILD: false
Lean / Mathlib formalization	UNKNOWN STEP	2026-10-09T03:00:34.3928576Z   TEST: false
Lean / Mathlib formalization	UNKNOWN STEP	2026-10-09T03:00:34.3928682Z   LINT: default
Lean / Mathlib formalization	UNKNOWN STEP	2026-10-09T03:00:34.3928793Z ##[endgroup]
Lean / Mathlib formalization	UNKNOWN STEP	2026-10-09T03:00:34.4054536Z ##[group]Configure lean-action
Lean / Mathlib formalization	UNKNOWN STEP	2026-10-09T03:00:34.4094692Z ##[end-action id=__leanprover_lean-action.config;outcome=success;conclusion=success;duration_ms=30]
Lean / Mathlib formalization	UNKNOWN STEP	2026-10-09T03:00:34.4097866Z ##[start-action display=reinstall transient toolchain;id=__leanprover_lean-action.__run_2]
Lean / Mathlib formalization	UNKNOWN STEP	2026-10-09T03:00:34.4101401Z ##[end-action id=__leanprover_lean-action.__run_2;outcome=skipped;conclusion=skipped;duration_ms=0]
Lean / Mathlib formalization	UNKNOWN STEP	2026-10-09T03:00:34.4102874Z ##[start-action display=ensure all files are imported;id=__leanprover_lean-action.mk_all]
Lean / Mathlib formalization	UNKNOWN STEP	2026-10-09T03:00:34.4104775Z ##[end-action id=__leanprover_lean-action.mk_all;outcome=skipped;conclusion=skipped;duration_ms=0]
Lean / Mathlib formalization	UNKNOWN STEP	2026-10-09T03:00:34.4105879Z ##[start-action display=Run actions/cache/restore@caa296126883cff596d87d8935842f9db880ef25;id=__leanprover_lean-action.__actions_cache]
Lean / Mathlib formalization	UNKNOWN STEP	2026-10-09T03:00:34.5650406Z ##[group]Run actions/cache/restore@caa296126883cff596d87d8935842f9db880ef25
Lean / Mathlib formalization	UNKNOWN STEP	2026-10-09T03:00:34.5650633Z with:
Lean / Mathlib formalization	UNKNOWN STEP	2026-10-09T03:00:34.5650746Z   path: ./.lake
Lean / Mathlib formalization	UNKNOWN STEP	2026-10-09T03:00:34.5651212Z   key: lake-Linux-X64-a4f1c540c0851e641d87133aa9cd01066f797f32d242b983c6f78fe58dcaaa8a-a24233a3048a36ce3f6a844dd8f630fcc185adf6db0aa5348bad52d966bfac50-54c6082afde7962b781fdbd0c6cc6b34908d79ea
Lean / Mathlib formalization	UNKNOWN STEP	2026-10-09T03:00:34.5651963Z   restore-keys: lake-Linux-X64-a4f1c540c0851e641d87133aa9cd01066f797f32d242b983c6f78fe58dcaaa8a-a24233a3048a36ce3f6a844dd8f630fcc185adf6db0aa5348bad52d966bfac50
Lean / Mathlib formalization	UNKNOWN STEP	2026-10-09T03:00:34.5652376Z   enableCrossOsArchive: false
Lean / Mathlib formalization	UNKNOWN STEP	2026-10-09T03:00:34.5652541Z   fail-on-cache-miss: false
Lean / Mathlib formalization	UNKNOWN STEP	2026-10-09T03:00:34.5652682Z   lookup-only: false
Lean / Mathlib formalization	UNKNOWN STEP	2026-10-09T03:00:34.5652798Z env:
Lean / Mathlib formalization	UNKNOWN STEP	2026-10-09T03:00:34.5652943Z   pythonLocation: /opt/hostedtoolcache/Python/3.12.15/x64
Lean / Mathlib formalization	UNKNOWN STEP	2026-10-09T03:00:34.5653181Z   PKG_CONFIG_PATH: /opt/hostedtoolcache/Python/3.12.15/x64/lib/pkgconfig
Lean / Mathlib formalization	UNKNOWN STEP	2026-10-09T03:00:34.5653413Z   Python_ROOT_DIR: /opt/hostedtoolcache/Python/3.12.15/x64
Lean / Mathlib formalization	UNKNOWN STEP	2026-10-09T03:00:34.5653620Z   Python2_ROOT_DIR: /opt/hostedtoolcache/Python/3.12.15/x64
Lean / Mathlib formalization	UNKNOWN STEP	2026-10-09T03:00:34.5653828Z   Python3_ROOT_DIR: /opt/hostedtoolcache/Python/3.12.15/x64
Lean / Mathlib formalization	UNKNOWN STEP	2026-10-09T03:00:34.5654042Z   LD_LIBRARY_PATH: /opt/hostedtoolcache/Python/3.12.15/x64/lib
Lean / Mathlib formalization	UNKNOWN STEP	2026-10-09T03:00:34.5654219Z ##[endgroup]
Lean / Mathlib formalization	UNKNOWN STEP	2026-10-09T03:00:34.8351075Z Cache hit for restore-key: lake-Linux-X64-a4f1c540c0851e641d87133aa9cd01066f797f32d242b983c6f78fe58dcaaa8a-a24233a3048a36ce3f6a844dd8f630fcc185adf6db0aa5348bad52d966bfac50-4a5da690ec2deb254cca2f5236c42e816d8078b9
Lean / Mathlib formalization	UNKNOWN STEP	2026-10-09T03:00:35.9752070Z Received 125829120 of 2529885472 (5.0%), 120.0 MBs/sec
Lean / Mathlib formalization	UNKNOWN STEP	2026-10-09T03:00:36.9741607Z Received 264241152 of 2529885472 (10.4%), 125.9 MBs/sec
Lean / Mathlib formalization	UNKNOWN STEP	2026-10-09T03:00:37.9785816Z Received 448790528 of 2529885472 (17.7%), 142.5 MBs/sec
Lean / Mathlib formalization	UNKNOWN STEP	2026-10-09T03:00:38.9780000Z Received 574619648 of 2529885472 (22.7%), 136.9 MBs/sec
Lean / Mathlib formalization	UNKNOWN STEP	2026-10-09T03:00:39.9755725Z Received 679477248 of 2529885472 (26.9%), 129.5 MBs/sec
Lean / Mathlib formalization	UNKNOWN STEP	2026-10-09T03:00:40.9765510Z Received 805306368 of 2529885472 (31.8%), 127.9 MBs/sec
Lean / Mathlib formalization	UNKNOWN STEP	2026-10-09T03:00:41.9776244Z Received 939524096 of 2529885472 (37.1%), 127.9 MBs/sec
Lean / Mathlib formalization	UNKNOWN STEP	2026-10-09T03:00:42.9787703Z Received 1073741824 of 2529885472 (42.4%), 127.9 MBs/sec
Lean / Mathlib formalization	UNKNOWN STEP	2026-10-09T03:00:43.9791894Z Received 1224736768 of 2529885472 (48.4%), 129.7 MBs/sec
Lean / Mathlib formalization	UNKNOWN STEP	2026-10-09T03:00:44.9799746Z Received 1392508928 of 2529885472 (55.0%), 132.7 MBs/sec
Lean / Mathlib formalization	UNKNOWN STEP	2026-10-09T03:00:45.9828906Z Received 1551892480 of 2529885472 (61.3%), 134.4 MBs/sec
Lean / Mathlib formalization	UNKNOWN STEP	2026-10-09T03:00:46.9815826Z Received 1723858944 of 2529885472 (68.1%), 136.9 MBs/sec
Lean / Mathlib formalization	UNKNOWN STEP	2026-10-09T03:00:47.9817356Z Received 1879048192 of 2529885472 (74.3%), 137.8 MBs/sec
Lean / Mathlib formalization	UNKNOWN STEP	2026-10-09T03:00:48.9833027Z Received 2013265920 of 2529885472 (79.6%), 137.0 MBs/sec
Lean / Mathlib formalization	UNKNOWN STEP	2026-10-09T03:00:49.9832898Z Received 2181038080 of 2529885472 (86.2%), 138.6 MBs/sec
Lean / Mathlib formalization	UNKNOWN STEP	2026-10-09T03:00:50.9835805Z Received 2340421632 of 2529885472 (92.5%), 139.4 MBs/sec
Lean / Mathlib formalization	UNKNOWN STEP	2026-10-09T03:00:51.9833910Z Received 2499805184 of 2529885472 (98.8%), 140.1 MBs/sec
Lean / Mathlib formalization	UNKNOWN STEP	2026-10-09T03:00:52.1569491Z Received 2529885472 of 2529885472 (100.0%), 140.4 MBs/sec
Lean / Mathlib formalization	UNKNOWN STEP	2026-10-09T03:00:52.1570550Z Cache Size: ~2413 MB (2529885472 B)
Lean / Mathlib formalization	UNKNOWN STEP	2026-10-09T03:00:52.1657106Z [command]/usr/bin/tar -xf /home/runner/work/_temp/a75e2ec1-745d-4f17-8141-f232e2a7d3b7/cache.tzst -P -C /home/runner/work/Automization-Sampling-Optimisation-Geometry-Lib/Automization-Sampling-Optimisation-Geometry-Lib --use-compress-program unzstd
Lean / Mathlib formalization	UNKNOWN STEP	2026-10-09T03:01:33.8680723Z Cache restored successfully
Lean / Mathlib formalization	UNKNOWN STEP	2026-10-09T03:01:33.9767837Z Cache restored from key: lake-Linux-X64-a4f1c540c0851e641d87133aa9cd01066f797f32d242b983c6f78fe58dcaaa8a-a24233a3048a36ce3f6a844dd8f630fcc185adf6db0aa5348bad52d966bfac50-4a5da690ec2deb254cca2f5236c42e816d8078b9
Lean / Mathlib formalization	UNKNOWN STEP	2026-10-09T03:01:33.9888238Z ##[end-action id=__leanprover_lean-action.__actions_cache;outcome=success;conclusion=success;duration_ms=59578]
Lean / Mathlib formalization	UNKNOWN STEP	2026-10-09T03:01:33.9891389Z ##[start-action display=detect mathlib;id=__leanprover_lean-action.detect-mathlib]
Lean / Mathlib formalization	UNKNOWN STEP	2026-10-09T03:01:33.9895918Z ##[end-action id=__leanprover_lean-action.detect-mathlib;outcome=skipped;conclusion=skipped;duration_ms=0]
Lean / Mathlib formalization	UNKNOWN STEP	2026-10-09T03:01:33.9898631Z ##[start-action display=get mathlib cache;id=__leanprover_lean-action.__run_3]
Lean / Mathlib formalization	UNKNOWN STEP	2026-10-09T03:01:34.0064484Z ##[group]Run : Get Mathlib Cache
Lean / Mathlib formalization	UNKNOWN STEP	2026-10-09T03:01:34.0064756Z ^[[36;1m: Get Mathlib Cache^[[0m
Lean / Mathlib formalization	UNKNOWN STEP	2026-10-09T03:01:34.0064989Z ^[[36;1mecho "::group::Mathlib Cache"^[[0m
Lean / Mathlib formalization	UNKNOWN STEP	2026-10-09T03:01:34.0065240Z ^[[36;1mlake exe cache get^[[0m
Lean / Mathlib formalization	UNKNOWN STEP	2026-10-09T03:01:34.0065459Z ^[[36;1mecho "::endgroup::"^[[0m
Lean / Mathlib formalization	UNKNOWN STEP	2026-10-09T03:01:34.0065668Z ^[[36;1mecho^[[0m
Lean / Mathlib formalization	UNKNOWN STEP	2026-10-09T03:01:34.0639284Z shell: /usr/bin/bash --noprofile --norc -e -o pipefail {0}
Lean / Mathlib formalization	UNKNOWN STEP	2026-10-09T03:01:34.0639493Z env:
Lean / Mathlib formalization	UNKNOWN STEP	2026-10-09T03:01:34.0639686Z   pythonLocation: /opt/hostedtoolcache/Python/3.12.15/x64
Lean / Mathlib formalization	UNKNOWN STEP	2026-10-09T03:01:34.0639941Z   PKG_CONFIG_PATH: /opt/hostedtoolcache/Python/3.12.15/x64/lib/pkgconfig
Lean / Mathlib formalization	UNKNOWN STEP	2026-10-09T03:01:34.0640189Z   Python_ROOT_DIR: /opt/hostedtoolcache/Python/3.12.15/x64
Lean / Mathlib formalization	UNKNOWN STEP	2026-10-09T03:01:34.0640411Z   Python2_ROOT_DIR: /opt/hostedtoolcache/Python/3.12.15/x64
Lean / Mathlib formalization	UNKNOWN STEP	2026-10-09T03:01:34.0640633Z   Python3_ROOT_DIR: /opt/hostedtoolcache/Python/3.12.15/x64
Lean / Mathlib formalization	UNKNOWN STEP	2026-10-09T03:01:34.0640858Z   LD_LIBRARY_PATH: /opt/hostedtoolcache/Python/3.12.15/x64/lib
Lean / Mathlib formalization	UNKNOWN STEP	2026-10-09T03:01:34.0641050Z ##[endgroup]
Lean / Mathlib formalization	UNKNOWN STEP	2026-10-09T03:01:34.0731295Z ##[group]Mathlib Cache
Lean / Mathlib formalization	UNKNOWN STEP	2026-10-09T03:01:39.5047149Z Current branch: HEAD
Lean / Mathlib formalization	UNKNOWN STEP	2026-10-09T03:01:39.5047417Z Using cache from origin: (some leanprover-community/mathlib4)
Lean / Mathlib formalization	UNKNOWN STEP	2026-10-09T03:01:39.5048073Z Attempting to download 8690 file(s) from leanprover-community/mathlib4 cache at https://lakecache.blob.core.windows.net/mathlib4-master
Lean / Mathlib formalization	UNKNOWN STEP	2026-10-09T03:01:40.1890801Z 
Lean / Mathlib formalization	UNKNOWN STEP	2026-10-09T03:01:40.2903130Z Downloaded: 1 file(s) [attempted 1/8690 = 0%, 39 KB/s], Decompressed: 0
Lean / Mathlib formalization	UNKNOWN STEP	2026-10-09T03:01:40.3897526Z Downloaded: 271 file(s) [attempted 271/8690 = 3%, 1493 KB/s], Decompressed: 250
Lean / Mathlib formalization	UNKNOWN STEP	2026-10-09T03:01:40.4924426Z Downloaded: 720 file(s) [attempted 720/8690 = 8%, 4088 KB/s], Decompressed: 708
Lean / Mathlib formalization	UNKNOWN STEP	2026-10-09T03:01:40.6520510Z Downloaded: 1190 file(s) [attempted 1190/8690 = 13%, 13959 KB/s], Decompressed: 1187
Lean / Mathlib formalization	UNKNOWN STEP	2026-10-09T03:01:40.7514034Z Downloaded: 1600 file(s) [attempted 1600/8690 = 18%, 8894 KB/s], Decompressed: 1583
Lean / Mathlib formalization	UNKNOWN STEP	2026-10-09T03:01:40.8511332Z Downloaded: 2051 file(s) [attempted 2051/8690 = 23%, 596 KB/s], Decompressed: 2050
Lean / Mathlib formalization	UNKNOWN STEP	2026-10-09T03:01:40.9514858Z Downloaded: 2513 file(s) [attempted 2513/8690 = 28%, 9486 KB/s], Decompressed: 2483
Lean / Mathlib formalization	UNKNOWN STEP	2026-10-09T03:01:41.0558140Z Downloaded: 2954 file(s) [attempted 2954/8690 = 33%, 2711 KB/s], Decompressed: 2934
Lean / Mathlib formalization	UNKNOWN STEP	2026-10-09T03:01:41.1558022Z Downloaded: 3374 file(s) [attempted 3374/8690 = 38%, 4969 KB/s], Decompressed: 3372
Lean / Mathlib formalization	UNKNOWN STEP	2026-10-09T03:01:41.2555567Z Downloaded: 3838 file(s) [attempted 3838/8690 = 44%, 906 KB/s], Decompressed: 3822
Lean / Mathlib formalization	UNKNOWN STEP	2026-10-09T03:01:41.3551466Z Downloaded: 4285 file(s) [attempted 4285/8690 = 49%, 14705 KB/s], Decompressed: 4275
Lean / Mathlib formalization	UNKNOWN STEP	2026-10-09T03:01:41.4567800Z Downloaded: 4752 file(s) [attempted 4752/8690 = 54%, 1713 KB/s], Decompressed: 4734
Lean / Mathlib formalization	UNKNOWN STEP	2026-10-09T03:01:41.5565347Z Downloaded: 5242 file(s) [attempted 5242/8690 = 60%, 10744 KB/s], Decompressed: 5235
Lean / Mathlib formalization	UNKNOWN STEP	2026-10-09T03:01:41.7637801Z Downloaded: 5705 file(s) [attempted 5705/8690 = 65%, 4627 KB/s], Decompressed: 5694
Lean / Mathlib formalization	UNKNOWN STEP	2026-10-09T03:01:41.8658814Z Downloaded: 6018 file(s) [attempted 6018/8690 = 69%, 6197 KB/s], Decompressed: 5994
Lean / Mathlib formalization	UNKNOWN STEP	2026-10-09T03:01:41.9642110Z Downloaded: 6462 file(s) [attempted 6462/8690 = 74%, 22768 KB/s], Decompressed: 6454
Lean / Mathlib formalization	UNKNOWN STEP	2026-10-09T03:01:42.0661246Z Downloaded: 6964 file(s) [attempted 6964/8690 = 80%, 4921 KB/s], Decompressed: 6943
Lean / Mathlib formalization	UNKNOWN STEP	2026-10-09T03:01:42.1666445Z Downloaded: 7367 file(s) [attempted 7367/8690 = 84%, 1358 KB/s], Decompressed: 7346
Lean / Mathlib formalization	UNKNOWN STEP	2026-10-09T03:01:42.2659502Z Downloaded: 7808 file(s) [attempted 7808/8690 = 89%, 5583 KB/s], Decompressed: 7786
Lean / Mathlib formalization	UNKNOWN STEP	2026-10-09T03:01:42.3679463Z Downloaded: 8218 file(s) [attempted 8218/8690 = 94%, 6819 KB/s], Decompressed: 8211
Lean / Mathlib formalization	UNKNOWN STEP	2026-10-09T03:01:42.5534882Z Downloaded: 8423 file(s) [attempted 8423/8690 = 96%, 2827 KB/s], Decompressed: 8401
Lean / Mathlib formalization	UNKNOWN STEP	2026-10-09T03:01:42.5564579Z Downloaded: 8688 file(s) [attempted 8688/8690 = 99%, 988 KB/s], Decompressed: 8684
Lean / Mathlib formalization	UNKNOWN STEP	2026-10-09T03:01:42.5565055Z Downloaded: 8690 file(s) [attempted 8690/8690 = 100%, 988 KB/s], Decompressed: 8684
Lean / Mathlib formalization	UNKNOWN STEP	2026-10-09T03:01:43.1170180Z Decompressed 8690 file(s)
Lean / Mathlib formalization	UNKNOWN STEP	2026-10-09T03:01:43.1170405Z Already decompressed 8690 file(s)
Lean / Mathlib formalization	UNKNOWN STEP	2026-10-09T03:01:43.1530640Z ##[endgroup]
Lean / Mathlib formalization	UNKNOWN STEP	2026-10-09T03:01:43.1530814Z 
Lean / Mathlib formalization	UNKNOWN STEP	2026-10-09T03:01:43.1537531Z ##[end-action id=__leanprover_lean-action.__run_3;outcome=success;conclusion=success;duration_ms=9163]
Lean / Mathlib formalization	UNKNOWN STEP	2026-10-09T03:01:43.1550919Z ##[start-action display=build DakeBU/Automization-Sampling-Optimisation-Geometry-Lib;id=__leanprover_lean-action.build]
Lean / Mathlib formalization	UNKNOWN STEP	2026-10-09T03:01:43.1553922Z ##[end-action id=__leanprover_lean-action.build;outcome=skipped;conclusion=skipped;duration_ms=0]
Lean / Mathlib formalization	UNKNOWN STEP	2026-10-09T03:01:43.1555309Z ##[start-action display=Run actions/cache/save@caa296126883cff596d87d8935842f9db880ef25;id=__leanprover_lean-action.__actions_cache_2]
Lean / Mathlib formalization	UNKNOWN STEP	2026-10-09T03:01:43.2319635Z ##[group]Run actions/cache/save@caa296126883cff596d87d8935842f9db880ef25
Lean / Mathlib formalization	UNKNOWN STEP	2026-10-09T03:01:43.2319865Z with:
Lean / Mathlib formalization	UNKNOWN STEP	2026-10-09T03:01:43.2319983Z   path: ./.lake
Lean / Mathlib formalization	UNKNOWN STEP	2026-10-09T03:01:43.2320462Z   key: lake-Linux-X64-a4f1c540c0851e641d87133aa9cd01066f797f32d242b983c6f78fe58dcaaa8a-a24233a3048a36ce3f6a844dd8f630fcc185adf6db0aa5348bad52d966bfac50-54c6082afde7962b781fdbd0c6cc6b34908d79ea
Lean / Mathlib formalization	UNKNOWN STEP	2026-10-09T03:01:43.2320983Z   enableCrossOsArchive: false
Lean / Mathlib formalization	UNKNOWN STEP	2026-10-09T03:01:43.2321125Z env:
Lean / Mathlib formalization	UNKNOWN STEP	2026-10-09T03:01:43.2321276Z   pythonLocation: /opt/hostedtoolcache/Python/3.12.15/x64
Lean / Mathlib formalization	UNKNOWN STEP	2026-10-09T03:01:43.2321522Z   PKG_CONFIG_PATH: /opt/hostedtoolcache/Python/3.12.15/x64/lib/pkgconfig
Lean / Mathlib formalization	UNKNOWN STEP	2026-10-09T03:01:43.2321755Z   Python_ROOT_DIR: /opt/hostedtoolcache/Python/3.12.15/x64
Lean / Mathlib formalization	UNKNOWN STEP	2026-10-09T03:01:43.2322007Z   Python2_ROOT_DIR: /opt/hostedtoolcache/Python/3.12.15/x64
Lean / Mathlib formalization	UNKNOWN STEP	2026-10-09T03:01:43.2322221Z   Python3_ROOT_DIR: /opt/hostedtoolcache/Python/3.12.15/x64
Lean / Mathlib formalization	UNKNOWN STEP	2026-10-09T03:01:43.2322440Z   LD_LIBRARY_PATH: /opt/hostedtoolcache/Python/3.12.15/x64/lib
Lean / Mathlib formalization	UNKNOWN STEP	2026-10-09T03:01:43.2322622Z ##[endgroup]
Lean / Mathlib formalization	UNKNOWN STEP	2026-10-09T03:01:43.3287838Z [command]/usr/bin/tar --posix -cf cache.tzst --exclude cache.tzst -P -C /home/runner/work/Automization-Sampling-Optimisation-Geometry-Lib/Automization-Sampling-Optimisation-Geometry-Lib --files-from manifest.txt --use-compress-program zstdmt
Lean / Mathlib formalization	UNKNOWN STEP	2026-10-09T03:01:56.1527168Z Sent 0 of 2529788832 (0.0%), 0.0 MBs/sec
Lean / Mathlib formalization	UNKNOWN STEP	2026-10-09T03:01:57.1549187Z Sent 536870912 of 2529788832 (21.2%), 256.0 MBs/sec
Lean / Mathlib formalization	UNKNOWN STEP	2026-10-09T03:01:58.1568784Z Sent 1073741824 of 2529788832 (42.4%), 341.1 MBs/sec
Lean / Mathlib formalization	UNKNOWN STEP	2026-10-09T03:01:59.1576388Z Sent 1543503872 of 2529788832 (61.0%), 367.8 MBs/sec
Lean / Mathlib formalization	UNKNOWN STEP	2026-10-09T03:02:00.1543329Z Sent 2013265920 of 2529788832 (79.6%), 383.8 MBs/sec
Lean / Mathlib formalization	UNKNOWN STEP	2026-10-09T03:02:01.0207445Z Sent 2529788832 of 2529788832 (100.0%), 411.1 MBs/sec
Lean / Mathlib formalization	UNKNOWN STEP	2026-10-09T03:02:01.3648541Z Cache saved with key: lake-Linux-X64-a4f1c540c0851e641d87133aa9cd01066f797f32d242b983c6f78fe58dcaaa8a-a24233a3048a36ce3f6a844dd8f630fcc185adf6db0aa5348bad52d966bfac50-54c6082afde7962b781fdbd0c6cc6b34908d79ea
Lean / Mathlib formalization	UNKNOWN STEP	2026-10-09T03:02:01.3743100Z ##[end-action id=__leanprover_lean-action.__actions_cache_2;outcome=success;conclusion=success;duration_ms=18218]
Lean / Mathlib formalization	UNKNOWN STEP	2026-10-09T03:02:01.3748370Z ##[start-action display=test DakeBU/Automization-Sampling-Optimisation-Geometry-Lib;id=__leanprover_lean-action.test]
Lean / Mathlib formalization	UNKNOWN STEP	2026-10-09T03:02:01.3751455Z ##[end-action id=__leanprover_lean-action.test;outcome=skipped;conclusion=skipped;duration_ms=0]
Lean / Mathlib formalization	UNKNOWN STEP	2026-10-09T03:02:01.3753155Z ##[start-action display=lint DakeBU/Automization-Sampling-Optimisation-Geometry-Lib;id=__leanprover_lean-action.lint]
Lean / Mathlib formalization	UNKNOWN STEP	2026-10-09T03:02:01.3755575Z ##[end-action id=__leanprover_lean-action.lint;outcome=skipped;conclusion=skipped;duration_ms=0]
Lean / Mathlib formalization	UNKNOWN STEP	2026-10-09T03:02:01.3756578Z ##[start-action display=check reservoir eligibility;id=__leanprover_lean-action.__run_4]
Lean / Mathlib formalization	UNKNOWN STEP	2026-10-09T03:02:01.3758497Z ##[end-action id=__leanprover_lean-action.__run_4;outcome=skipped;conclusion=skipped;duration_ms=0]
Lean / Mathlib formalization	UNKNOWN STEP	2026-10-09T03:02:01.3759757Z ##[start-action display=check environment with leanchecker;id=__leanprover_lean-action.__run_5]
Lean / Mathlib formalization	UNKNOWN STEP	2026-10-09T03:02:01.3762199Z ##[end-action id=__leanprover_lean-action.__run_5;outcome=skipped;conclusion=skipped;duration_ms=0]
Lean / Mathlib formalization	UNKNOWN STEP	2026-10-09T03:02:01.3763265Z ##[start-action display=check environment with nanoda;id=__leanprover_lean-action.nanoda]
Lean / Mathlib formalization	UNKNOWN STEP	2026-10-09T03:02:01.3764974Z ##[end-action id=__leanprover_lean-action.nanoda;outcome=skipped;conclusion=skipped;duration_ms=0]
Lean / Mathlib formalization	UNKNOWN STEP	2026-10-09T03:02:01.3766075Z ##[start-action display=audit axioms with axiom-audit;id=__leanprover_lean-action.axiom-audit]
Lean / Mathlib formalization	UNKNOWN STEP	2026-10-09T03:02:01.3767912Z ##[end-action id=__leanprover_lean-action.axiom-audit;outcome=skipped;conclusion=skipped;duration_ms=0]
Lean / Mathlib formalization	UNKNOWN STEP	2026-10-09T03:02:01.3808481Z ##[group]Run python3 -m unittest \
Lean / Mathlib formalization	UNKNOWN STEP	2026-10-09T03:02:01.3808682Z ^[[36;1mpython3 -m unittest \^[[0m
Lean / Mathlib formalization	UNKNOWN STEP	2026-10-09T03:02:01.3808860Z ^[[36;1m  tools.tests.test_astis_formalizer \^[[0m
Lean / Mathlib formalization	UNKNOWN STEP	2026-10-09T03:02:01.3809043Z ^[[36;1m  tools.tests.test_astis_source \^[[0m
Lean / Mathlib formalization	UNKNOWN STEP	2026-10-09T03:02:01.3809217Z ^[[36;1m  tools.tests.test_astis_advance \^[[0m
Lean / Mathlib formalization	UNKNOWN STEP	2026-10-09T03:02:01.3809407Z ^[[36;1m  tools.tests.test_astis_semantic_roundtrip \^[[0m
Lean / Mathlib formalization	UNKNOWN STEP	2026-10-09T03:02:01.3809608Z ^[[36;1m  tools.tests.test_astis_publication \^[[0m
Lean / Mathlib formalization	UNKNOWN STEP	2026-10-09T03:02:01.3809786Z ^[[36;1m  tools.tests.test_atlas_memory^[[0m
Lean / Mathlib formalization	UNKNOWN STEP	2026-10-09T03:02:01.3809956Z ^[[36;1mpython3 tools/astis.py harness-test^[[0m
Lean / Mathlib formalization	UNKNOWN STEP	2026-10-09T03:02:01.3866369Z shell: /usr/bin/bash -e {0}
Lean / Mathlib formalization	UNKNOWN STEP	2026-10-09T03:02:01.3866512Z env:
Lean / Mathlib formalization	UNKNOWN STEP	2026-10-09T03:02:01.3866670Z   pythonLocation: /opt/hostedtoolcache/Python/3.12.15/x64
Lean / Mathlib formalization	UNKNOWN STEP	2026-10-09T03:02:01.3866914Z   PKG_CONFIG_PATH: /opt/hostedtoolcache/Python/3.12.15/x64/lib/pkgconfig
Lean / Mathlib formalization	UNKNOWN STEP	2026-10-09T03:02:01.3867190Z   Python_ROOT_DIR: /opt/hostedtoolcache/Python/3.12.15/x64
Lean / Mathlib formalization	UNKNOWN STEP	2026-10-09T03:02:01.3867411Z   Python2_ROOT_DIR: /opt/hostedtoolcache/Python/3.12.15/x64
Lean / Mathlib formalization	UNKNOWN STEP	2026-10-09T03:02:01.3867754Z   Python3_ROOT_DIR: /opt/hostedtoolcache/Python/3.12.15/x64
Lean / Mathlib formalization	UNKNOWN STEP	2026-10-09T03:02:01.3867978Z   LD_LIBRARY_PATH: /opt/hostedtoolcache/Python/3.12.15/x64/lib
Lean / Mathlib formalization	UNKNOWN STEP	2026-10-09T03:02:01.3868163Z ##[endgroup]
Lean / Mathlib formalization	UNKNOWN STEP	2026-10-09T03:02:46.6611053Z .......................................................................................
Lean / Mathlib formalization	UNKNOWN STEP	2026-10-09T03:02:46.6611373Z ----------------------------------------------------------------------
Lean / Mathlib formalization	UNKNOWN STEP	2026-10-09T03:02:46.6611590Z Ran 87 tests in 44.531s
Lean / Mathlib formalization	UNKNOWN STEP	2026-10-09T03:02:46.6611684Z 
Lean / Mathlib formalization	UNKNOWN STEP	2026-10-09T03:02:46.6611739Z OK
Lean / Mathlib formalization	UNKNOWN STEP	2026-10-09T03:02:47.2086813Z /home/runner/work/Automization-Sampling-Optimisation-Geometry-Lib/Automization-Sampling-Optimisation-Geometry-Lib/website/scripts/samplewiki_reader_contract.py:552: SyntaxWarning: invalid escape sequence '\('
Lean / Mathlib formalization	UNKNOWN STEP	2026-10-09T03:02:47.2087386Z   cases: list[dict[str, Any]],
Lean / Mathlib formalization	UNKNOWN STEP	2026-10-09T03:02:47.2088122Z /home/runner/work/Automization-Sampling-Optimisation-Geometry-Lib/Automization-Sampling-Optimisation-Geometry-Lib/website/scripts/samplewiki_reader_contract.py:547: SyntaxWarning: invalid escape sequence '\)'
Lean / Mathlib formalization	UNKNOWN STEP	2026-10-09T03:02:47.2088826Z   """
Lean / Mathlib formalization	UNKNOWN STEP	2026-10-09T03:02:47.2089290Z /home/runner/work/Automization-Sampling-Optimisation-Geometry-Lib/Automization-Sampling-Optimisation-Geometry-Lib/website/scripts/samplewiki_reader_contract.py:547: SyntaxWarning: invalid escape sequence '\)'
Lean / Mathlib formalization	UNKNOWN STEP	2026-10-09T03:02:47.2089777Z   """
Lean / Mathlib formalization	UNKNOWN STEP	2026-10-09T03:02:47.2391426Z test_blocked_advance_must_be_reclaimed_before_reentry (test_astis_advance.SubstantiveAdvanceHarnessTest.test_blocked_advance_must_be_reclaimed_before_reentry) ... ok
Lean / Mathlib formalization	UNKNOWN STEP	2026-10-09T03:02:47.2412674Z test_blocked_requires_a_strictly_smaller_boundary (test_astis_advance.SubstantiveAdvanceHarnessTest.test_blocked_requires_a_strictly_smaller_boundary) ... ok
Lean / Mathlib formalization	UNKNOWN STEP	2026-10-09T03:02:47.2431940Z test_conceptual_mirror_audit_rejects_unknown_discovery (test_astis_advance.SubstantiveAdvanceHarnessTest.test_conceptual_mirror_audit_rejects_unknown_discovery) ... ok
Lean / Mathlib formalization	UNKNOWN STEP	2026-10-09T03:02:47.2466789Z test_conceptual_mirror_discovery_is_typed_linked_and_independently_validated (test_astis_advance.SubstantiveAdvanceHarnessTest.test_conceptual_mirror_discovery_is_typed_linked_and_independently_validated) ... ok
Lean / Mathlib formalization	UNKNOWN STEP	2026-10-09T03:02:47.2494257Z test_discovery_bus_deduplicates_and_carries_cell_synthesis (test_astis_advance.SubstantiveAdvanceHarnessTest.test_discovery_bus_deduplicates_and_carries_cell_synthesis) ... ok
Lean / Mathlib formalization	UNKNOWN STEP	2026-10-09T03:02:47.2504419Z test_duplicate_active_fingerprint_normalizes_presentation (test_astis_advance.SubstantiveAdvanceHarnessTest.test_duplicate_active_fingerprint_normalizes_presentation) ... ok
Lean / Mathlib formalization	UNKNOWN STEP	2026-10-09T03:02:47.2554991Z test_full_advance_state_machine_and_single_stabilization_lane (test_astis_advance.SubstantiveAdvanceHarnessTest.test_full_advance_state_machine_and_single_stabilization_lane) ... ok
Lean / Mathlib formalization	UNKNOWN STEP	2026-10-09T03:02:47.2566689Z test_interrupted_tail_is_recovered (test_astis_advance.SubstantiveAdvanceHarnessTest.test_interrupted_tail_is_recovered) ... ok
Lean / Mathlib formalization	UNKNOWN STEP	2026-10-09T03:02:47.2599223Z test_no_progress_guard_freezes_fourth_unchanged_checkpoint (test_astis_advance.SubstantiveAdvanceHarnessTest.test_no_progress_guard_freezes_fourth_unchanged_checkpoint) ... ok
Lean / Mathlib formalization	UNKNOWN STEP	2026-10-09T03:02:47.2625698Z test_only_stabilization_owner_can_publish_merged (test_astis_advance.SubstantiveAdvanceHarnessTest.test_only_stabilization_owner_can_publish_merged) ... ok
Lean / Mathlib formalization	UNKNOWN STEP	2026-10-09T03:02:47.2642633Z test_proved_local_requires_conceptual_mirror_audit (test_astis_advance.SubstantiveAdvanceHarnessTest.test_proved_local_requires_conceptual_mirror_audit) ... ok
Lean / Mathlib formalization	UNKNOWN STEP	2026-10-09T03:02:47.2658421Z test_proved_local_requires_substantive_evidence (test_astis_advance.SubstantiveAdvanceHarnessTest.test_proved_local_requires_substantive_evidence) ... ok
Lean / Mathlib formalization	UNKNOWN STEP	2026-10-09T03:02:47.2677558Z test_verification_must_be_independent_and_evidenced (test_astis_advance.SubstantiveAdvanceHarnessTest.test_verification_must_be_independent_and_evidenced) ... ok
Lean / Mathlib formalization	UNKNOWN STEP	2026-10-09T03:02:47.2702673Z test_verified_reentry_returns_to_original_worker (test_astis_advance.SubstantiveAdvanceHarnessTest.test_verified_reentry_returns_to_original_worker) ... ok
Lean / Mathlib formalization	UNKNOWN STEP	2026-10-09T03:02:47.2718208Z test_worker_lane_is_owned_end_to_end (test_astis_advance.SubstantiveAdvanceHarnessTest.test_worker_lane_is_owned_end_to_end) ... ok
Lean / Mathlib formalization	UNKNOWN STEP	2026-10-09T03:02:47.3071491Z test_binding_edit_does_not_select_sibling (test_astis_contributor_contract.MetadataScopeTest.test_binding_edit_does_not_select_sibling) ... ok
Lean / Mathlib formalization	UNKNOWN STEP	2026-10-09T03:02:47.3256796Z test_changed_unbound_planned_cell_needs_contract (test_astis_contributor_contract.MetadataScopeTest.test_changed_unbound_planned_cell_needs_contract) ... ok
Lean / Mathlib formalization	UNKNOWN STEP	2026-10-09T03:02:47.3404335Z test_ci_requires_base_instead_of_assuming_head_parent (test_astis_contributor_contract.MetadataScopeTest.test_ci_requires_base_instead_of_assuming_head_parent) ... ok
Lean / Mathlib formalization	UNKNOWN STEP	2026-10-09T03:02:47.3733971Z test_ci_zero_base_never_falls_back_to_last_commit (test_astis_contributor_contract.MetadataScopeTest.test_ci_zero_base_never_falls_back_to_last_commit) ... ok
Lean / Mathlib formalization	UNKNOWN STEP	2026-10-09T03:02:47.3931482Z test_deleted_lesson_keeps_original_target (test_astis_contributor_contract.MetadataScopeTest.test_deleted_lesson_keeps_original_target) ... ok
Lean / Mathlib formalization	UNKNOWN STEP	2026-10-09T03:02:47.4082956Z test_explicit_base_wins_over_environment (test_astis_contributor_contract.MetadataScopeTest.test_explicit_base_wins_over_environment) ... ok
Lean / Mathlib formalization	UNKNOWN STEP	2026-10-09T03:02:47.4227969Z test_initial_main_push_requires_explicit_base (test_astis_contributor_contract.MetadataScopeTest.test_initial_main_push_requires_explicit_base) ... ok
Lean / Mathlib formalization	UNKNOWN STEP	2026-10-09T03:02:47.4401522Z test_lesson_and_publication_filenames_cannot_hide_changes (test_astis_contributor_contract.MetadataScopeTest.test_lesson_and_publication_filenames_cannot_hide_changes) ... ok
Lean / Mathlib formalization	UNKNOWN STEP	2026-10-09T03:02:47.4590106Z test_malformed_metadata_fails_closed (test_astis_contributor_contract.MetadataScopeTest.test_malformed_metadata_fails_closed) ... ok
Lean / Mathlib formalization	UNKNOWN STEP	2026-10-09T03:02:47.4728393Z test_no_base_fails_instead_of_empty_pass (test_astis_contributor_contract.MetadataScopeTest.test_no_base_fails_instead_of_empty_pass) ... ok
Lean / Mathlib formalization	UNKNOWN STEP	2026-10-09T03:02:47.4897061Z test_no_changes_is_explicitly_empty (test_astis_contributor_contract.MetadataScopeTest.test_no_changes_is_explicitly_empty) ... ok
Lean / Mathlib formalization	UNKNOWN STEP	2026-10-09T03:02:47.5098880Z test_no_targets_prints_na_not_pass (test_astis_contributor_contract.MetadataScopeTest.test_no_targets_prints_na_not_pass) ... ok
Lean / Mathlib formalization	UNKNOWN STEP	2026-10-09T03:02:47.5269964Z test_production_targets_still_require_coverage (test_astis_contributor_contract.MetadataScopeTest.test_production_targets_still_require_coverage) ... ok
Lean / Mathlib formalization	UNKNOWN STEP	2026-10-09T03:02:47.5459971Z test_removed_binding_cannot_disappear_from_review (test_astis_contributor_contract.MetadataScopeTest.test_removed_binding_cannot_disappear_from_review) ... ok
Lean / Mathlib formalization	UNKNOWN STEP	2026-10-09T03:02:47.5650343Z test_removed_cell_contract_is_selected_and_rejected (test_astis_contributor_contract.MetadataScopeTest.test_removed_cell_contract_is_selected_and_rejected) ... ok
Lean / Mathlib formalization	UNKNOWN STEP	2026-10-09T03:02:47.5841352Z test_removed_publication_file_keeps_all_old_bindings (test_astis_contributor_contract.MetadataScopeTest.test_removed_publication_file_keeps_all_old_bindings) ... ok
Lean / Mathlib formalization	UNKNOWN STEP	2026-10-09T03:02:47.6071986Z test_source_edit_selects_all_its_bindings (test_astis_contributor_contract.MetadataScopeTest.test_source_edit_selects_all_its_bindings) ... ok
Lean / Mathlib formalization	UNKNOWN STEP	2026-10-09T03:02:47.6214541Z test_unchanged_unbound_inventory_is_not_certified (test_astis_contributor_contract.MetadataScopeTest.test_unchanged_unbound_inventory_is_not_certified) ... ok
Lean / Mathlib formalization	UNKNOWN STEP	2026-10-09T03:02:47.6396369Z test_untracked_lesson_is_checked (test_astis_contributor_contract.MetadataScopeTest.test_untracked_lesson_is_checked) ... ok
Lean / Mathlib formalization	UNKNOWN STEP	2026-10-09T03:02:47.6397128Z test_empty_input_is_rejected (test_astis_formalizer.FormalizerTests.test_empty_input_is_rejected) ... ok
Lean / Mathlib formalization	UNKNOWN STEP	2026-10-09T03:02:47.6423511Z test_poincare_template_returns_typed_candidate (test_astis_formalizer.FormalizerTests.test_poincare_template_returns_typed_candidate) ... ok
Lean / Mathlib formalization	UNKNOWN STEP	2026-10-09T03:02:47.6443916Z test_unknown_formula_remains_unresolved (test_astis_formalizer.FormalizerTests.test_unknown_formula_remains_unresolved) ... ok
Lean / Mathlib formalization	UNKNOWN STEP	2026-10-09T03:02:47.6444799Z test_role_artifact_schema_is_restored_per_role (test_astis_harness.FrontierReplayTests.test_role_artifact_schema_is_restored_per_role) ... ok
Lean / Mathlib formalization	UNKNOWN STEP	2026-10-09T03:02:47.7392185Z test_role_preflight_is_role_specific (test_astis_harness.FrontierReplayTests.test_role_preflight_is_role_specific) ... ok
Lean / Mathlib formalization	UNKNOWN STEP	2026-10-09T03:02:47.7392788Z test_shadow_replay_ignores_stale_cycle_28_frontier (test_astis_harness.FrontierReplayTests.test_shadow_replay_ignores_stale_cycle_28_frontier) ... ok
Lean / Mathlib formalization	UNKNOWN STEP	2026-10-09T03:02:47.7393328Z test_bounded_capsule_preserves_exact_assumptions (test_astis_harness.HarnessMemoryTests.test_bounded_capsule_preserves_exact_assumptions) ... ok
Lean / Mathlib formalization	UNKNOWN STEP	2026-10-09T03:02:47.7418088Z test_immutable_branch_tree_restores_exact_contract (test_astis_harness.HarnessMemoryTests.test_immutable_branch_tree_restores_exact_contract) ... ok
Lean / Mathlib formalization	UNKNOWN STEP	2026-10-09T03:02:47.7419021Z test_statement_fence_ignores_proof_body (test_astis_harness.HarnessMemoryTests.test_statement_fence_ignores_proof_body) ... ok
Lean / Mathlib formalization	UNKNOWN STEP	2026-10-09T03:02:47.7433306Z test_typed_memory_requires_exact_fields_and_supersession (test_astis_harness.HarnessMemoryTests.test_typed_memory_requires_exact_fields_and_supersession) ... ok
Lean / Mathlib formalization	UNKNOWN STEP	2026-10-09T03:02:47.8030498Z test_concurrent_append_serializes_complete_records (test_astis_harness.HarnessStorageTests.test_concurrent_append_serializes_complete_records) ... ok
Lean / Mathlib formalization	UNKNOWN STEP	2026-10-09T03:02:47.8096667Z test_concurrent_memory_check_and_append_is_one_transaction (test_astis_harness.HarnessStorageTests.test_concurrent_memory_check_and_append_is_one_transaction) ... ok
Lean / Mathlib formalization	UNKNOWN STEP	2026-10-09T03:02:47.8133463Z test_interrupted_append_is_recovered (test_astis_harness.HarnessStorageTests.test_interrupted_append_is_recovered) ... ok
Lean / Mathlib formalization	UNKNOWN STEP	2026-10-09T03:02:47.8167295Z test_interrupted_role_is_closed_once (test_astis_harness.HarnessStorageTests.test_interrupted_role_is_closed_once) ... ok
Lean / Mathlib formalization	UNKNOWN STEP	2026-10-09T03:02:47.8191394Z test_changed_candidate_resets_repeat_counter (test_astis_harness.RoutePolicyTests.test_changed_candidate_resets_repeat_counter) ... ok
Lean / Mathlib formalization	UNKNOWN STEP	2026-10-09T03:02:47.8192058Z test_faux_provider_retry_policy (test_astis_harness.RoutePolicyTests.test_faux_provider_retry_policy) ... ok
Lean / Mathlib formalization	UNKNOWN STEP	2026-10-09T03:02:47.8192612Z test_retry_only_transient_provider_failures (test_astis_harness.RoutePolicyTests.test_retry_only_transient_provider_failures) ... ok
Lean / Mathlib formalization	UNKNOWN STEP	2026-10-09T03:02:47.8193126Z test_steering_precedes_followup_and_preserves_fifo (test_astis_harness.RoutePolicyTests.test_steering_precedes_followup_and_preserves_fifo) ... ok
Lean / Mathlib formalization	UNKNOWN STEP	2026-10-09T03:02:47.8213463Z test_two_unchanged_repeats_freeze_route (test_astis_harness.RoutePolicyTests.test_two_unchanged_repeats_freeze_route) ... ok
Lean / Mathlib formalization	UNKNOWN STEP	2026-10-09T03:02:47.8247955Z test_create_and_replace_unicode_text_in_new_directory (test_astis_harness_portable_lock.AtomicPublishTests.test_create_and_replace_unicode_text_in_new_directory) ... ok
Lean / Mathlib formalization	UNKNOWN STEP	2026-10-09T03:02:47.8272899Z test_payload_sync_failure_preserves_target_and_cleans_staging (test_astis_harness_portable_lock.AtomicPublishTests.test_payload_sync_failure_preserves_target_and_cleans_staging) ... ok
Lean / Mathlib formalization	UNKNOWN STEP	2026-10-09T03:02:47.8279540Z test_posix_replace_precedes_directory_fsync (test_astis_harness_portable_lock.AtomicPublishTests.test_posix_replace_precedes_directory_fsync) ... ok
Lean / Mathlib formalization	UNKNOWN STEP	2026-10-09T03:02:48.3482442Z test_staged_publish_preserves_old_visibility_and_serializes_writers (test_astis_harness_portable_lock.AtomicPublishTests.test_staged_publish_preserves_old_visibility_and_serializes_writers) ... ok
Lean / Mathlib formalization	UNKNOWN STEP	2026-10-09T03:02:48.3483785Z test_windows_native_failure_preserves_target_and_releases_lock (test_astis_harness_portable_lock.AtomicPublishTests.test_windows_native_failure_preserves_target_and_releases_lock) ... skipped 'Windows native sharing contract'
Lean / Mathlib formalization	UNKNOWN STEP	2026-10-09T03:02:48.3485094Z test_windows_publish_does_not_claim_directory_fsync (test_astis_harness_portable_lock.AtomicPublishTests.test_windows_publish_does_not_claim_directory_fsync) ... skipped 'Windows publication contract'
Lean / Mathlib formalization	UNKNOWN STEP	2026-10-09T03:02:48.3486436Z test_windows_requests_replace_and_write_through_without_copy_fallback (test_astis_harness_portable_lock.AtomicPublishTests.test_windows_requests_replace_and_write_through_without_copy_fallback) ... skipped 'Windows native write-through contract'
Lean / Mathlib formalization	UNKNOWN STEP	2026-10-09T03:02:48.7264654Z test_cross_process_exclusion_and_normal_release (test_astis_harness_portable_lock.PortableLockTests.test_cross_process_exclusion_and_normal_release) ... ok
Lean / Mathlib formalization	UNKNOWN STEP	2026-10-09T03:02:48.8033484Z test_distinct_paths_do_not_block_each_other (test_astis_harness_portable_lock.PortableLockTests.test_distinct_paths_do_not_block_each_other) ... ok
Lean / Mathlib formalization	UNKNOWN STEP	2026-10-09T03:02:49.1800113Z test_exception_releases_lock_for_waiting_process (test_astis_harness_portable_lock.PortableLockTests.test_exception_releases_lock_for_waiting_process) ... ok
Lean / Mathlib formalization	UNKNOWN STEP	2026-10-09T03:02:49.5577323Z test_nonempty_lock_file_preserves_exclusion_and_contents (test_astis_harness_portable_lock.PortableLockTests.test_nonempty_lock_file_preserves_exclusion_and_contents) ... ok
Lean / Mathlib formalization	UNKNOWN STEP	2026-10-09T03:02:49.9990083Z test_process_termination_releases_lock (test_astis_harness_portable_lock.PortableLockTests.test_process_termination_releases_lock) ... ok
Lean / Mathlib formalization	UNKNOWN STEP	2026-10-09T03:02:50.3733132Z test_resolved_path_alias_uses_same_lock (test_astis_harness_portable_lock.PortableLockTests.test_resolved_path_alias_uses_same_lock) ... ok
Lean / Mathlib formalization	UNKNOWN STEP	2026-10-09T03:02:50.3733851Z test_windows_case_alias_uses_same_lock (test_astis_harness_portable_lock.PortableLockTests.test_windows_case_alias_uses_same_lock) ... skipped 'Windows paths are case-insensitive'
Lean / Mathlib formalization	UNKNOWN STEP	2026-10-09T03:02:50.3734562Z test_windows_contention_retries_without_attempt_limit (test_astis_harness_portable_lock.PortableLockTests.test_windows_contention_retries_without_attempt_limit) ... skipped 'Windows locking error contract'
Lean / Mathlib formalization	UNKNOWN STEP	2026-10-09T03:02:50.3735302Z test_windows_unrelated_error_is_not_retried_or_unlocked (test_astis_harness_portable_lock.PortableLockTests.test_windows_unrelated_error_is_not_retried_or_unlocked) ... skipped 'Windows locking error contract'
Lean / Mathlib formalization	UNKNOWN STEP	2026-10-09T03:02:50.9012121Z test_basic_auth_guards_static_and_api_routes (test_astis_ide_server.SamplinglibIDEAuthTest.test_basic_auth_guards_static_and_api_routes) ... ok
Lean / Mathlib formalization	UNKNOWN STEP	2026-10-09T03:02:51.4150847Z test_assistant_fails_closed_without_server_credentials (test_astis_ide_server.SamplinglibIDEServerTest.test_assistant_fails_closed_without_server_credentials) ... ok
Lean / Mathlib formalization	UNKNOWN STEP	2026-10-09T03:02:51.9164681Z test_bounded_workspace_context_and_response_parser (test_astis_ide_server.SamplinglibIDEServerTest.test_bounded_workspace_context_and_response_parser) ... ok
Lean / Mathlib formalization	UNKNOWN STEP	2026-10-09T03:02:52.4300003Z test_compile_fails_closed_on_toolchain_mismatch (test_astis_ide_server.SamplinglibIDEServerTest.test_compile_fails_closed_on_toolchain_mismatch) ... ok
Lean / Mathlib formalization	UNKNOWN STEP	2026-10-09T03:02:55.3389975Z test_compile_success_and_failure (test_astis_ide_server.SamplinglibIDEServerTest.test_compile_success_and_failure) ... ok
Lean / Mathlib formalization	UNKNOWN STEP	2026-10-09T03:02:55.8555498Z test_health_and_formalizer_contract (test_astis_ide_server.SamplinglibIDEServerTest.test_health_and_formalizer_contract) ... ok
Lean / Mathlib formalization	UNKNOWN STEP	2026-10-09T03:02:55.8642704Z test_current_process_memory_validates (test_astis_process_memory.ProcessMemoryTests.test_current_process_memory_validates) ... ok
Lean / Mathlib formalization	UNKNOWN STEP	2026-10-09T03:02:55.8644339Z test_parallel_schema3_requires_cross_route_audit (test_astis_process_memory.ProcessMemoryTests.test_parallel_schema3_requires_cross_route_audit) ... ok
Lean / Mathlib formalization	UNKNOWN STEP	2026-10-09T03:02:55.8645722Z test_schema3_learning_contract_passes (test_astis_process_memory.ProcessMemoryTests.test_schema3_learning_contract_passes) ... ok
Lean / Mathlib formalization	UNKNOWN STEP	2026-10-09T03:02:55.8713257Z test_anonymous_public_unicode_and_private_axiom_fail_closed (test_astis_publication.PrivateImplementationCoverageTest.test_anonymous_public_unicode_and_private_axiom_fail_closed) ... ok
Lean / Mathlib formalization	UNKNOWN STEP	2026-10-09T03:02:55.8735005Z test_comments_strings_and_prior_commands_are_not_modifiers (test_astis_publication.PrivateImplementationCoverageTest.test_comments_strings_and_prior_commands_are_not_modifiers) ... ok
Lean / Mathlib formalization	UNKNOWN STEP	2026-10-09T03:02:55.8741428Z test_named_and_anonymous_private_implementations_have_explicit_owners (test_astis_publication.PrivateImplementationCoverageTest.test_named_and_anonymous_private_implementations_have_explicit_owners) ... ok
Lean / Mathlib formalization	UNKNOWN STEP	2026-10-09T03:02:55.8759828Z test_owner_requires_exact_module_fresh_digest_review_and_validator (test_astis_publication.PrivateImplementationCoverageTest.test_owner_requires_exact_module_fresh_digest_review_and_validator) ... ok
Lean / Mathlib formalization	UNKNOWN STEP	2026-10-09T03:02:55.8771143Z test_public_declarations_cannot_inherit_coverage (test_astis_publication.PrivateImplementationCoverageTest.test_public_declarations_cannot_inherit_coverage) ... ok
Lean / Mathlib formalization	UNKNOWN STEP	2026-10-09T03:02:58.9720979Z test_absent_declaration_rejected (test_astis_publication.PublicationTest.test_absent_declaration_rejected) ... ok
Lean / Mathlib formalization	UNKNOWN STEP	2026-10-09T03:02:59.1137327Z test_actual_owner_module_not_namespace (test_astis_publication.PublicationTest.test_actual_owner_module_not_namespace) ... ok
Lean / Mathlib formalization	UNKNOWN STEP	2026-10-09T03:02:59.3581819Z test_assumption_ledger_mandatory (test_astis_publication.PublicationTest.test_assumption_ledger_mandatory) ... ok
Lean / Mathlib formalization	UNKNOWN STEP	2026-10-09T03:03:03.5395087Z test_bounded_graph_report_and_no_absent_output_fallback (test_astis_publication.PublicationTest.test_bounded_graph_report_and_no_absent_output_fallback) ... ok
Lean / Mathlib formalization	UNKNOWN STEP	2026-10-09T03:03:03.8019100Z test_cannot_attach_an_unrelated_verified_cell (test_astis_publication.PublicationTest.test_cannot_attach_an_unrelated_verified_cell) ... ok
Lean / Mathlib formalization	UNKNOWN STEP	2026-10-09T03:03:04.0114202Z test_changed_legacy_requires_real_review (test_astis_publication.PublicationTest.test_changed_legacy_requires_real_review) ... ok
Lean / Mathlib formalization	UNKNOWN STEP	2026-10-09T03:03:04.1839093Z test_changed_source_or_prose_invalidates_binding (test_astis_publication.PublicationTest.test_changed_source_or_prose_invalidates_binding) ... ok
Lean / Mathlib formalization	UNKNOWN STEP	2026-10-09T03:03:05.1271201Z test_chapter_path_progress_aggregates_all_source_sections (test_astis_publication.PublicationTest.test_chapter_path_progress_aggregates_all_source_sections) ... ok
Lean / Mathlib formalization	UNKNOWN STEP	2026-10-09T03:03:11.5676444Z test_claimed_cell_does_not_get_proof_component_label (test_astis_publication.PublicationTest.test_claimed_cell_does_not_get_proof_component_label) ... ok
Lean / Mathlib formalization	UNKNOWN STEP	2026-10-09T03:03:11.7407369Z test_companion_pages_exist_before_publication_projection (test_astis_publication.PublicationTest.test_companion_pages_exist_before_publication_projection) ... ok
Lean / Mathlib formalization	UNKNOWN STEP	2026-10-09T03:03:12.8721016Z test_contribution_chapter_progress_drift_rejected (test_astis_publication.PublicationTest.test_contribution_chapter_progress_drift_rejected) ... ok
Lean / Mathlib formalization	UNKNOWN STEP	2026-10-09T03:03:13.9419183Z test_contribution_graph_has_owned_nodes_and_typed_connections (test_astis_publication.PublicationTest.test_contribution_graph_has_owned_nodes_and_typed_connections) ... ok
Lean / Mathlib formalization	UNKNOWN STEP	2026-10-09T03:03:15.2611092Z test_contribution_missing_duplicate_stale_or_false_blue_rejected (test_astis_publication.PublicationTest.test_contribution_missing_duplicate_stale_or_false_blue_rejected) ... ok
Lean / Mathlib formalization	UNKNOWN STEP	2026-10-09T03:03:16.5713162Z test_contribution_missing_or_mistyped_edges_rejected (test_astis_publication.PublicationTest.test_contribution_missing_or_mistyped_edges_rejected) ... ok
Lean / Mathlib formalization	UNKNOWN STEP	2026-10-09T03:03:16.8223044Z test_current_migration_is_explicit_not_certified (test_astis_publication.PublicationTest.test_current_migration_is_explicit_not_certified) ... ok
Lean / Mathlib formalization	UNKNOWN STEP	2026-10-09T03:03:17.0295767Z test_definition_cannot_earn_proof_credit (test_astis_publication.PublicationTest.test_definition_cannot_earn_proof_credit) ... ok
Lean / Mathlib formalization	UNKNOWN STEP	2026-10-09T03:03:17.1826846Z test_diff_gate_fails_closed_on_unindexed_unicode (test_astis_publication.PublicationTest.test_diff_gate_fails_closed_on_unindexed_unicode) ... ok
Lean / Mathlib formalization	UNKNOWN STEP	2026-10-09T03:03:17.4255991Z test_draft_is_not_verification (test_astis_publication.PublicationTest.test_draft_is_not_verification) ... ok
Lean / Mathlib formalization	UNKNOWN STEP	2026-10-09T03:03:20.7395228Z test_each_proof_keeps_its_own_assumptions_and_provenance_adjacent (test_astis_publication.PublicationTest.test_each_proof_keeps_its_own_assumptions_and_provenance_adjacent) ... ok
Lean / Mathlib formalization	UNKNOWN STEP	2026-10-09T03:03:20.9055263Z test_legacy_hash_is_fixed_not_user_selected (test_astis_publication.PublicationTest.test_legacy_hash_is_fixed_not_user_selected) ... ok
Lean / Mathlib formalization	UNKNOWN STEP	2026-10-09T03:03:21.1134685Z test_lesson_dependency_is_an_exact_declaration_not_prose (test_astis_publication.PublicationTest.test_lesson_dependency_is_an_exact_declaration_not_prose) ... ok
Lean / Mathlib formalization	UNKNOWN STEP	2026-10-09T03:03:21.2701229Z test_metadata_only_release_still_requires_review (test_astis_publication.PublicationTest.test_metadata_only_release_still_requires_review) ... ok
Lean / Mathlib formalization	UNKNOWN STEP	2026-10-09T03:03:21.5222353Z test_missing_changed_mapping_rejected (test_astis_publication.PublicationTest.test_missing_changed_mapping_rejected) ... ok
Lean / Mathlib formalization	UNKNOWN STEP	2026-10-09T03:03:21.7304867Z test_missing_lesson_rejected (test_astis_publication.PublicationTest.test_missing_lesson_rejected) ... ok
Lean / Mathlib formalization	UNKNOWN STEP	2026-10-09T03:03:21.8883377Z test_multiline_attribute_and_truncated_name_do_not_bypass (test_astis_publication.PublicationTest.test_multiline_attribute_and_truncated_name_do_not_bypass) ... ok
Lean / Mathlib formalization	UNKNOWN STEP	2026-10-09T03:03:22.0598882Z test_new_default_harness_schema_requires_publication (test_astis_publication.PublicationTest.test_new_default_harness_schema_requires_publication) ... ok
Lean / Mathlib formalization	UNKNOWN STEP	2026-10-09T03:03:22.1798403Z test_no_new_legacy_optout (test_astis_publication.PublicationTest.test_no_new_legacy_optout) ... ok
Lean / Mathlib formalization	UNKNOWN STEP	2026-10-09T03:03:22.3436486Z test_packet_is_bounded_and_not_decoder_input (test_astis_publication.PublicationTest.test_packet_is_bounded_and_not_decoder_input) ... ok
Lean / Mathlib formalization	UNKNOWN STEP	2026-10-09T03:03:23.4279834Z test_paper_frontier_container_uses_the_same_publication_contract (test_astis_publication.PublicationTest.test_paper_frontier_container_uses_the_same_publication_contract) ... ok
Lean / Mathlib formalization	UNKNOWN STEP	2026-10-09T03:03:23.5519993Z test_prerequisite_does_not_credit_a_proof (test_astis_publication.PublicationTest.test_prerequisite_does_not_credit_a_proof) ... ok
Lean / Mathlib formalization	UNKNOWN STEP	2026-10-09T03:03:27.0024934Z test_reader_embeds_statement_proof_and_separate_lean (test_astis_publication.PublicationTest.test_reader_embeds_statement_proof_and_separate_lean) ... ok
Lean / Mathlib formalization	UNKNOWN STEP	2026-10-09T03:03:30.4073420Z test_reader_keeps_unbound_obligation_open (test_astis_publication.PublicationTest.test_reader_keeps_unbound_obligation_open) ... ok
Lean / Mathlib formalization	UNKNOWN STEP	2026-10-09T03:03:33.8684140Z test_reader_labels_verified_prerequisites_without_claiming_a_proof_edge (test_astis_publication.PublicationTest.test_reader_labels_verified_prerequisites_without_claiming_a_proof_edge) ... ok
Lean / Mathlib formalization	UNKNOWN STEP	2026-10-09T03:03:37.2821493Z test_real_harness_gate_rejects_invented_audit (test_astis_publication.PublicationTest.test_real_harness_gate_rejects_invented_audit) ... ok
Lean / Mathlib formalization	UNKNOWN STEP	2026-10-09T03:03:37.4500339Z test_registry_metadata_exemption_does_not_hide_mathematics (test_astis_publication.PublicationTest.test_registry_metadata_exemption_does_not_hide_mathematics) ... ok
Lean / Mathlib formalization	UNKNOWN STEP	2026-10-09T03:03:37.6316777Z test_review_packet_changes_but_blind_decoder_stays_blind (test_astis_publication.PublicationTest.test_review_packet_changes_but_blind_decoder_stays_blind) ... ok
Lean / Mathlib formalization	UNKNOWN STEP	2026-10-09T03:03:37.7632147Z test_reviewed_pullback_is_partial_not_chapter_completion (test_astis_publication.PublicationTest.test_reviewed_pullback_is_partial_not_chapter_completion) ... ok
Lean / Mathlib formalization	UNKNOWN STEP	2026-10-09T03:03:38.1381283Z test_source_catalog_order_does_not_select_migration_fixture (test_astis_publication.PublicationTest.test_source_catalog_order_does_not_select_migration_fixture) ... ok
Lean / Mathlib formalization	UNKNOWN STEP	2026-10-09T03:03:38.3570213Z test_stale_audit_rejected (test_astis_publication.PublicationTest.test_stale_audit_rejected) ... ok
Lean / Mathlib formalization	UNKNOWN STEP	2026-10-09T03:03:38.3677289Z test_accepted_repair_requires_its_own_review_and_real_reference (test_astis_semantic_roundtrip.SemanticRoundTripTests.test_accepted_repair_requires_its_own_review_and_real_reference) ... ok
Lean / Mathlib formalization	UNKNOWN STEP	2026-10-09T03:03:38.3678915Z test_decoder_context_rejects_structured_side_channel (test_astis_semantic_roundtrip.SemanticRoundTripTests.test_decoder_context_rejects_structured_side_channel) ... ok
Lean / Mathlib formalization	UNKNOWN STEP	2026-10-09T03:03:38.3681277Z test_decoder_packet_is_anonymous_and_source_blind (test_astis_semantic_roundtrip.SemanticRoundTripTests.test_decoder_packet_is_anonymous_and_source_blind) ... ok
Lean / Mathlib formalization	UNKNOWN STEP	2026-10-09T03:03:38.3683615Z test_decoder_that_saw_source_or_used_wrong_packet_is_rejected (test_astis_semantic_roundtrip.SemanticRoundTripTests.test_decoder_that_saw_source_or_used_wrong_packet_is_rejected) ... ok
Lean / Mathlib formalization	UNKNOWN STEP	2026-10-09T03:03:38.3685854Z test_definition_context_cannot_smuggle_source_or_identity (test_astis_semantic_roundtrip.SemanticRoundTripTests.test_definition_context_cannot_smuggle_source_or_identity) ... ok
Lean / Mathlib formalization	UNKNOWN STEP	2026-10-09T03:03:38.3689529Z test_formalization_artifact_cannot_be_accepted_as_source_repair (test_astis_semantic_roundtrip.SemanticRoundTripTests.test_formalization_artifact_cannot_be_accepted_as_source_repair) ... ok
Lean / Mathlib formalization	UNKNOWN STEP	2026-10-09T03:03:38.3691373Z test_formalizer_decoder_and_reviewer_must_be_distinct (test_astis_semantic_roundtrip.SemanticRoundTripTests.test_formalizer_decoder_and_reviewer_must_be_distinct) ... ok
Lean / Mathlib formalization	UNKNOWN STEP	2026-10-09T03:03:38.3694216Z test_repair_reviewer_packet_is_anti_anchored_and_exactly_bound (test_astis_semantic_roundtrip.SemanticRoundTripTests.test_repair_reviewer_packet_is_anti_anchored_and_exactly_bound) ... ok
Lean / Mathlib formalization	UNKNOWN STEP	2026-10-09T03:03:38.3697119Z test_reviewed_repair_cannot_be_changed_after_review (test_astis_semantic_roundtrip.SemanticRoundTripTests.test_reviewed_repair_cannot_be_changed_after_review) ... ok
Lean / Mathlib formalization	UNKNOWN STEP	2026-10-09T03:03:38.3699639Z test_reviewer_packet_is_anti_anchored_but_contains_comparison_inputs (test_astis_semantic_roundtrip.SemanticRoundTripTests.test_reviewer_packet_is_anti_anchored_but_contains_comparison_inputs) ... ok
Lean / Mathlib formalization	UNKNOWN STEP	2026-10-09T03:03:38.3701450Z test_source_review_is_bound_to_packet_and_run (test_astis_semantic_roundtrip.SemanticRoundTripTests.test_source_review_is_bound_to_packet_and_run) ... ok
Lean / Mathlib formalization	UNKNOWN STEP	2026-10-09T03:03:38.3703529Z test_valid_exact_audit_passes (test_astis_semantic_roundtrip.SemanticRoundTripTests.test_valid_exact_audit_passes) ... ok
Lean / Mathlib formalization	UNKNOWN STEP	2026-10-09T03:03:38.3706397Z test_valid_independently_reviewed_repair_passes (test_astis_semantic_roundtrip.SemanticRoundTripTests.test_valid_independently_reviewed_repair_passes) ... ok
Lean / Mathlib formalization	UNKNOWN STEP	2026-10-09T03:03:38.3710423Z test_compiled_metadata_alone_cannot_close_an_item (test_astis_site.ChapterOneEvidenceTests.test_compiled_metadata_alone_cannot_close_an_item) ... ok
Lean / Mathlib formalization	UNKNOWN STEP	2026-10-09T03:03:38.3713277Z test_complete_item_without_focused_test_is_rejected (test_astis_site.ChapterOneEvidenceTests.test_complete_item_without_focused_test_is_rejected) ... ok
Lean / Mathlib formalization	UNKNOWN STEP	2026-10-09T03:03:38.3715741Z test_duplicate_source_route_is_rejected (test_astis_site.ChapterOneEvidenceTests.test_duplicate_source_route_is_rejected) ... ok
Lean / Mathlib formalization	UNKNOWN STEP	2026-10-09T03:03:38.3718843Z test_strict_gate_rejects_partial_and_planned_items (test_astis_site.ChapterOneEvidenceTests.test_strict_gate_rejects_partial_and_planned_items) ... ok
Lean / Mathlib formalization	UNKNOWN STEP	2026-10-09T03:03:38.3721780Z test_localization_lesson_explains_closed_1_1_16_bridge (test_astis_site.RigorousLessonTests.test_localization_lesson_explains_closed_1_1_16_bridge) ... ok
Lean / Mathlib formalization	UNKNOWN STEP	2026-10-09T03:03:38.3723048Z test_rigorous_lessons_contain_formulas_proof_steps_and_lean_nodes (test_astis_site.RigorousLessonTests.test_rigorous_lessons_contain_formulas_proof_steps_and_lean_nodes) ... ok
Lean / Mathlib formalization	UNKNOWN STEP	2026-10-09T03:03:38.3724316Z test_rigorous_reference_asset_has_auditable_structure (test_astis_site.RigorousReferenceTests.test_rigorous_reference_asset_has_auditable_structure) ... ok
Lean / Mathlib formalization	UNKNOWN STEP	2026-10-09T03:03:38.3725659Z test_stochastic_localization_points_to_original_and_formal_sources (test_astis_site.RigorousReferenceTests.test_stochastic_localization_points_to_original_and_formal_sources) ... ok
Lean / Mathlib formalization	UNKNOWN STEP	2026-10-09T03:03:41.2226325Z test_dotted_local_name_keeps_enclosing_namespace (test_astis_site.SourceIndexTests.test_dotted_local_name_keeps_enclosing_namespace) ... ok
Lean / Mathlib formalization	UNKNOWN STEP	2026-10-09T03:03:47.5967270Z test_registry_dependencies_respect_import_closure (test_astis_site.SourceIndexTests.test_registry_dependencies_respect_import_closure) ... ok
Lean / Mathlib formalization	UNKNOWN STEP	2026-10-09T03:03:47.5968279Z test_dirty_source_keeps_complete_local_target (test_astis_site.SourceLinkPinTests.test_dirty_source_keeps_complete_local_target) ... ok
Lean / Mathlib formalization	UNKNOWN STEP	2026-10-09T03:03:47.5969140Z test_historical_local_provenance_is_immutable_but_not_current_source (test_astis_site.SourceLinkPinTests.test_historical_local_provenance_is_immutable_but_not_current_source) ... ok
Lean / Mathlib formalization	UNKNOWN STEP	2026-10-09T03:03:47.6025009Z test_local_exact_links_expand_complete_real_modules (test_astis_site.SourceLinkPinTests.test_local_exact_links_expand_complete_real_modules) ... ok
Lean / Mathlib formalization	UNKNOWN STEP	2026-10-09T03:03:47.6025539Z test_unpinned_local_blob_is_never_accepted (test_astis_site.SourceLinkPinTests.test_unpinned_local_blob_is_never_accepted) ... ok
Lean / Mathlib formalization	UNKNOWN STEP	2026-10-09T03:03:47.6027906Z test_number_split_from_kind_by_formula_text_is_accepted (test_astis_source.SemanticSourceLabelTests.test_number_split_from_kind_by_formula_text_is_accepted) ... ok
Lean / Mathlib formalization	UNKNOWN STEP	2026-10-09T03:03:47.6028635Z test_wrong_statement_number_is_rejected (test_astis_source.SemanticSourceLabelTests.test_wrong_statement_number_is_rejected) ... ok
Lean / Mathlib formalization	UNKNOWN STEP	2026-10-09T03:03:47.6029165Z test_adjacent_sections_share_a_printed_boundary_page (test_astis_source.SourcePageBoundsTests.test_adjacent_sections_share_a_printed_boundary_page) ... ok
Lean / Mathlib formalization	UNKNOWN STEP	2026-10-09T03:03:47.6036157Z test_missing_optional_source_path_is_allowed (test_atlas_memory.AtlasMemoryCheckWithoutSourceTests.test_missing_optional_source_path_is_allowed) ... ok
Lean / Mathlib formalization	UNKNOWN STEP	2026-10-09T03:03:47.6042148Z test_no_source_rejects_each_certification_mismatch (test_atlas_memory.AtlasMemoryCheckWithoutSourceTests.test_no_source_rejects_each_certification_mismatch) ... ok
Lean / Mathlib formalization	UNKNOWN STEP	2026-10-09T03:03:47.6045299Z test_no_source_rejects_fragment_and_combined_digest_mismatch (test_atlas_memory.AtlasMemoryCheckWithoutSourceTests.test_no_source_rejects_fragment_and_combined_digest_mismatch) ... ok
Lean / Mathlib formalization	UNKNOWN STEP	2026-10-09T03:03:47.6048259Z test_no_source_still_requires_certification_evidence (test_atlas_memory.AtlasMemoryCheckWithoutSourceTests.test_no_source_still_requires_certification_evidence) ... ok
Lean / Mathlib formalization	UNKNOWN STEP	2026-10-09T03:03:47.6051123Z test_no_source_validates_snapshot_and_certification (test_atlas_memory.AtlasMemoryCheckWithoutSourceTests.test_no_source_validates_snapshot_and_certification) ... ok
Lean / Mathlib formalization	UNKNOWN STEP	2026-10-09T03:03:47.6053933Z test_required_source_is_still_required (test_atlas_memory.AtlasMemoryCheckWithoutSourceTests.test_required_source_is_still_required) ... ok
Lean / Mathlib formalization	UNKNOWN STEP	2026-10-09T03:03:47.6243189Z test_committed_snapshot_is_internally_consistent (test_atlas_memory.AtlasMemoryTests.test_committed_snapshot_is_internally_consistent) ... ok
Lean / Mathlib formalization	UNKNOWN STEP	2026-10-09T03:03:47.6245931Z test_manifold_and_optimization_routes_do_not_collapse (test_atlas_memory.AtlasMemoryTests.test_manifold_and_optimization_routes_do_not_collapse) ... ok
Lean / Mathlib formalization	UNKNOWN STEP	2026-10-09T03:03:47.6246539Z test_topics_and_routes_are_conservative (test_atlas_memory.AtlasMemoryTests.test_topics_and_routes_are_conservative) ... ok
Lean / Mathlib formalization	UNKNOWN STEP	2026-10-09T03:03:47.6248639Z test_every_current_override_is_plain_prose (test_chewi_source_first_contract.ImplicitPrerequisiteContractTests.test_every_current_override_is_plain_prose) ... ok
Lean / Mathlib formalization	UNKNOWN STEP	2026-10-09T03:03:47.6249432Z test_accepts_plain_mathematical_prose (test_chewi_source_first_contract.RawMathGateTests.test_accepts_plain_mathematical_prose) ... ok
Lean / Mathlib formalization	UNKNOWN STEP	2026-10-09T03:03:47.6249934Z test_rejects_martingale_ascii_exposition (test_chewi_source_first_contract.RawMathGateTests.test_rejects_martingale_ascii_exposition) ... ok
Lean / Mathlib formalization	UNKNOWN STEP	2026-10-09T03:03:47.6250573Z test_rejects_raw_omega_energy_formula (test_chewi_source_first_contract.RawMathGateTests.test_rejects_raw_omega_energy_formula) ... ok
Lean / Mathlib formalization	UNKNOWN STEP	2026-10-09T03:03:47.6251461Z test_card_order_and_folded_astis_layers (test_chewi_source_first_contract.SourceCardContractTests.test_card_order_and_folded_astis_layers) ... ok
Lean / Mathlib formalization	UNKNOWN STEP	2026-10-09T03:03:47.6252006Z test_internal_exposition_is_not_rendered (test_chewi_source_first_contract.SourceCardContractTests.test_internal_exposition_is_not_rendered) ... ok
Lean / Mathlib formalization	UNKNOWN STEP	2026-10-09T03:03:47.6252797Z test_mathjax_and_code_are_not_reported_as_raw_math (test_chewi_source_first_refinement.BlockAwareMathLintTests.test_mathjax_and_code_are_not_reported_as_raw_math) ... ok
Lean / Mathlib formalization	UNKNOWN STEP	2026-10-09T03:03:47.6253601Z test_reports_nearest_source_id_for_raw_math (test_chewi_source_first_refinement.BlockAwareMathLintTests.test_reports_nearest_source_id_for_raw_math) ... ok
Lean / Mathlib formalization	UNKNOWN STEP	2026-10-09T03:03:47.6256368Z test_implicit_assumptions_render_relations_inside_mathjax (test_chewi_source_first_refinement.InlineMathRefinementTests.test_implicit_assumptions_render_relations_inside_mathjax) ... ok
Lean / Mathlib formalization	UNKNOWN STEP	2026-10-09T03:03:47.6257156Z test_known_ascii_assumption_math_is_mathjax (test_chewi_source_first_refinement.InlineMathRefinementTests.test_known_ascii_assumption_math_is_mathjax) ... ok
Lean / Mathlib formalization	UNKNOWN STEP	2026-10-09T03:03:47.6257890Z test_refinement_keeps_audit_packet_out_of_reader_prose (test_chewi_source_first_refinement.InlineMathRefinementTests.test_refinement_keeps_audit_packet_out_of_reader_prose) ... ok
Lean / Mathlib formalization	UNKNOWN STEP	2026-10-09T03:03:47.6261731Z test_coarse_plan_includes_frontloaded_shared_stages (test_cross_domain_program.CrossDomainProgramTests.test_coarse_plan_includes_frontloaded_shared_stages) ... ok
Lean / Mathlib formalization	UNKNOWN STEP	2026-10-09T03:03:47.6276493Z test_compiled_family_binding_is_edge_specific_and_data_driven (test_cross_domain_program.CrossDomainProgramTests.test_compiled_family_binding_is_edge_specific_and_data_driven) ... ok
Lean / Mathlib formalization	UNKNOWN STEP	2026-10-09T03:03:47.6298321Z test_dangling_or_empty_hyperedge_rejected (test_cross_domain_program.CrossDomainProgramTests.test_dangling_or_empty_hyperedge_rejected) ... ok
Lean / Mathlib formalization	UNKNOWN STEP	2026-10-09T03:03:47.6305771Z test_false_certification_rejected (test_cross_domain_program.CrossDomainProgramTests.test_false_certification_rejected) ... ok
Lean / Mathlib formalization	UNKNOWN STEP	2026-10-09T03:03:47.6309117Z test_formal_upstream_searches_required (test_cross_domain_program.CrossDomainProgramTests.test_formal_upstream_searches_required) ... ok
Lean / Mathlib formalization	UNKNOWN STEP	2026-10-09T03:03:47.6312622Z test_frontloaded_spine_encodes_early_cross_textbook_gates (test_cross_domain_program.CrossDomainProgramTests.test_frontloaded_spine_encodes_early_cross_textbook_gates) ... ok
Lean / Mathlib formalization	UNKNOWN STEP	2026-10-09T03:03:47.6314383Z test_frontloaded_spine_is_acyclic_and_distinct_from_samplewiki (test_cross_domain_program.CrossDomainProgramTests.test_frontloaded_spine_is_acyclic_and_distinct_from_samplewiki) ... ok
Lean / Mathlib formalization	UNKNOWN STEP	2026-10-09T03:03:47.6316952Z test_graph_memory_is_stable_family_index_for_three_truth_views (test_cross_domain_program.CrossDomainProgramTests.test_graph_memory_is_stable_family_index_for_three_truth_views) ... ok
Lean / Mathlib formalization	UNKNOWN STEP	2026-10-09T03:03:47.6321426Z test_hyperedges_retain_multiple_inputs (test_cross_domain_program.CrossDomainProgramTests.test_hyperedges_retain_multiple_inputs) ... ok
Lean / Mathlib formalization	UNKNOWN STEP	2026-10-09T03:03:47.6323176Z test_merged_strong_convex_frontier_cell_has_evidence_and_mirror_annotation (test_cross_domain_program.CrossDomainProgramTests.test_merged_strong_convex_frontier_cell_has_evidence_and_mirror_annotation) ... ok
Lean / Mathlib formalization	UNKNOWN STEP	2026-10-09T03:03:47.6327963Z test_metric_pl_lsi_and_chi2_mirrors_are_explicit_and_distinct (test_cross_domain_program.CrossDomainProgramTests.test_metric_pl_lsi_and_chi2_mirrors_are_explicit_and_distinct) ... ok
Lean / Mathlib formalization	UNKNOWN STEP	2026-10-09T03:03:47.6329688Z test_new_routes_and_source_gap_validation (test_cross_domain_program.CrossDomainProgramTests.test_new_routes_and_source_gap_validation) ... ok
Lean / Mathlib formalization	UNKNOWN STEP	2026-10-09T03:03:47.6332279Z test_ot_source_is_byte_pinned (test_cross_domain_program.CrossDomainProgramTests.test_ot_source_is_byte_pinned) ... ok
Lean / Mathlib formalization	UNKNOWN STEP	2026-10-09T03:03:47.6339587Z test_planned_dependency_cycles_rejected (test_cross_domain_program.CrossDomainProgramTests.test_planned_dependency_cycles_rejected) ... ok
Lean / Mathlib formalization	UNKNOWN STEP	2026-10-09T03:03:47.6341442Z test_pull_forward_has_no_chapter_completion_credit (test_cross_domain_program.CrossDomainProgramTests.test_pull_forward_has_no_chapter_completion_credit) ... ok
Lean / Mathlib formalization	UNKNOWN STEP	2026-10-09T03:03:47.6342955Z test_renderer_reuses_peer_page_contract (test_cross_domain_program.CrossDomainProgramTests.test_renderer_reuses_peer_page_contract) ... ok
Lean / Mathlib formalization	UNKNOWN STEP	2026-10-09T03:03:47.6344617Z test_research_route_requires_comparison_contract (test_cross_domain_program.CrossDomainProgramTests.test_research_route_requires_comparison_contract) ... ok
Lean / Mathlib formalization	UNKNOWN STEP	2026-10-09T03:03:47.6352343Z test_unknown_conceptual_family_is_rejected (test_cross_domain_program.CrossDomainProgramTests.test_unknown_conceptual_family_is_rejected) ... ok
Lean / Mathlib formalization	UNKNOWN STEP	2026-10-09T03:03:47.6353328Z test_upper_lower_not_serialized (test_cross_domain_program.CrossDomainProgramTests.test_upper_lower_not_serialized) ... ok
Lean / Mathlib formalization	UNKNOWN STEP	2026-10-09T03:03:47.6366918Z test_valid_data (test_cross_domain_program.CrossDomainProgramTests.test_valid_data) ... ok
Lean / Mathlib formalization	UNKNOWN STEP	2026-10-09T03:03:47.6367715Z test_definition_alias (test_declaration_lesson_kind.DeclarationLessonKindTests.test_definition_alias) ... ok
Lean / Mathlib formalization	UNKNOWN STEP	2026-10-09T03:03:47.6368515Z test_existing_kinds_unchanged (test_declaration_lesson_kind.DeclarationLessonKindTests.test_existing_kinds_unchanged) ... ok
Lean / Mathlib formalization	UNKNOWN STEP	2026-10-09T03:03:47.6369342Z test_no_proof_kind_promotion (test_declaration_lesson_kind.DeclarationLessonKindTests.test_no_proof_kind_promotion) ... ok
Lean / Mathlib formalization	UNKNOWN STEP	2026-10-09T03:03:47.6374914Z test_all_four_bridges_have_sources_boundaries_and_no_compiled_transport (test_discrete_sampling.DiscreteSamplingTests.test_all_four_bridges_have_sources_boundaries_and_no_compiled_transport) ... ok
Lean / Mathlib formalization	UNKNOWN STEP	2026-10-09T03:03:47.6381014Z test_clock_pinning_and_discrete_time_gate (test_discrete_sampling.DiscreteSamplingTests.test_clock_pinning_and_discrete_time_gate) ... ok
Lean / Mathlib formalization	UNKNOWN STEP	2026-10-09T03:03:47.6394671Z test_independent_review_and_certificate_are_different_gates (test_discrete_sampling.DiscreteSamplingTests.test_independent_review_and_certificate_are_different_gates) ... ok
Lean / Mathlib formalization	UNKNOWN STEP	2026-10-09T03:03:47.6398457Z test_no_lean_sources_added_by_scaffold (test_discrete_sampling.DiscreteSamplingTests.test_no_lean_sources_added_by_scaffold) ... ok
Lean / Mathlib formalization	UNKNOWN STEP	2026-10-09T03:03:47.6405871Z test_no_scaffold_completion_or_missing_proof_flag (test_discrete_sampling.DiscreteSamplingTests.test_no_scaffold_completion_or_missing_proof_flag) ... ok
Lean / Mathlib formalization	UNKNOWN STEP	2026-10-09T03:03:47.6417854Z test_no_sde_or_geometry_block_on_finite_foundation (test_discrete_sampling.DiscreteSamplingTests.test_no_sde_or_geometry_block_on_finite_foundation) ... ok
Lean / Mathlib formalization	UNKNOWN STEP	2026-10-09T03:03:47.6746457Z test_peer_navigation_and_route (test_discrete_sampling.DiscreteSamplingTests.test_peer_navigation_and_route) ... ERROR
Lean / Mathlib formalization	UNKNOWN STEP	2026-10-09T03:03:47.6748904Z test_route_template_and_shared_consumer_contract (test_discrete_sampling.DiscreteSamplingTests.test_route_template_and_shared_consumer_contract) ... ok
Lean / Mathlib formalization	UNKNOWN STEP	2026-10-09T03:03:47.6758031Z test_source_identity_and_pagination (test_discrete_sampling.DiscreteSamplingTests.test_source_identity_and_pagination) ... ok
Lean / Mathlib formalization	UNKNOWN STEP	2026-10-09T03:03:47.6779530Z test_existing_frontieragent_row_is_replaced (test_harness_site.HarnessSiteTest.test_existing_frontieragent_row_is_replaced) ... ok
Lean / Mathlib formalization	UNKNOWN STEP	2026-10-09T03:03:47.6797190Z test_harness_page_is_visual_first (test_harness_site.HarnessSiteTest.test_harness_page_is_visual_first) ... ok
Lean / Mathlib formalization	UNKNOWN STEP	2026-10-09T03:03:47.6798199Z test_samplinglib_architecture_uses_current_harness (test_harness_site.HarnessSiteTest.test_samplinglib_architecture_uses_current_harness) ... ok
Lean / Mathlib formalization	UNKNOWN STEP	2026-10-09T03:03:47.6819712Z test_wrapped_title_and_existing_advance_wording_are_normalized (test_harness_site.HarnessSiteTest.test_wrapped_title_and_existing_advance_wording_are_normalized) ... ok
Lean / Mathlib formalization	UNKNOWN STEP	2026-10-09T03:03:47.6841930Z test_enrichment_is_idempotent (test_lean_tutor.LeanTutorPostBuildTests.test_enrichment_is_idempotent) ... ok
Lean / Mathlib formalization	UNKNOWN STEP	2026-10-09T03:03:47.6856288Z test_injects_reading_modes_graph_line_tutor_and_module_tutor (test_lean_tutor.LeanTutorPostBuildTests.test_injects_reading_modes_graph_line_tutor_and_module_tutor) ... ok
Lean / Mathlib formalization	UNKNOWN STEP	2026-10-09T03:03:47.6859654Z test_approximation_and_periodicity_cannot_be_omitted (test_mcmc_library.MCMCLibraryTests.test_approximation_and_periodicity_cannot_be_omitted) ... ok
Lean / Mathlib formalization	UNKNOWN STEP	2026-10-09T03:03:47.6875059Z test_candidate_review_is_not_self_review_or_certificate (test_mcmc_library.MCMCLibraryTests.test_candidate_review_is_not_self_review_or_certificate) ... ok
Lean / Mathlib formalization	UNKNOWN STEP	2026-10-09T03:03:47.6876135Z test_colors_do_not_change_formal_edge_whitelist (test_mcmc_library.MCMCLibraryTests.test_colors_do_not_change_formal_edge_whitelist) ... ok
Lean / Mathlib formalization	UNKNOWN STEP	2026-10-09T03:03:47.6878678Z test_consumer_contract_applies_to_route_and_shared (test_mcmc_library.MCMCLibraryTests.test_consumer_contract_applies_to_route_and_shared) ... ok
Lean / Mathlib formalization	UNKNOWN STEP	2026-10-09T03:03:47.6880056Z test_method_target_intersections_keep_boundaries (test_mcmc_library.MCMCLibraryTests.test_method_target_intersections_keep_boundaries) ... ok
Lean / Mathlib formalization	UNKNOWN STEP	2026-10-09T03:03:47.6886012Z test_no_invented_chapter_or_extension_completion (test_mcmc_library.MCMCLibraryTests.test_no_invented_chapter_or_extension_completion) ... ok
Lean / Mathlib formalization	UNKNOWN STEP	2026-10-09T03:03:47.6889715Z test_no_missing_rr_or_bad_pagination (test_mcmc_library.MCMCLibraryTests.test_no_missing_rr_or_bad_pagination) ... ok
Lean / Mathlib formalization	UNKNOWN STEP	2026-10-09T03:03:47.6893930Z test_perspectives_are_typed_overlays (test_mcmc_library.MCMCLibraryTests.test_perspectives_are_typed_overlays) ... ok
Lean / Mathlib formalization	UNKNOWN STEP	2026-10-09T03:03:47.6895204Z test_shared_mcmc_cannot_evade_source_audit (test_mcmc_library.MCMCLibraryTests.test_shared_mcmc_cannot_evade_source_audit) ... ok
Lean / Mathlib formalization	UNKNOWN STEP	2026-10-09T03:03:47.6897782Z test_source_inventory_and_required_companion (test_mcmc_library.MCMCLibraryTests.test_source_inventory_and_required_companion) ... ok
Lean / Mathlib formalization	UNKNOWN STEP	2026-10-09T03:03:47.6900512Z test_source_kernel_false_friend_and_mlsi_obstruction_retained (test_mcmc_library.MCMCLibraryTests.test_source_kernel_false_friend_and_mlsi_obstruction_retained) ... ok
Lean / Mathlib formalization	UNKNOWN STEP	2026-10-09T03:03:47.6909926Z test_absolute_location_withheld_and_references_not_expanded (test_metadata_reader.MetadataReaderTests.test_absolute_location_withheld_and_references_not_expanded) ... ok
Lean / Mathlib formalization	UNKNOWN STEP	2026-10-09T03:03:47.6913373Z test_case_sensitive_stable_ids_and_unique_inventory (test_metadata_reader.MetadataReaderTests.test_case_sensitive_stable_ids_and_unique_inventory) ... ok
Lean / Mathlib formalization	UNKNOWN STEP	2026-10-09T03:03:47.6916143Z test_drift_is_global_fail_closed (test_metadata_reader.MetadataReaderTests.test_drift_is_global_fail_closed) ... ok
Lean / Mathlib formalization	UNKNOWN STEP	2026-10-09T03:03:47.6919111Z test_formalized_does_not_set_proof_or_status_evidence (test_metadata_reader.MetadataReaderTests.test_formalized_does_not_set_proof_or_status_evidence) ... ok
Lean / Mathlib formalization	UNKNOWN STEP	2026-10-09T03:03:47.6921204Z test_lexing_nested_comments_escapes_and_html_inertness (test_metadata_reader.MetadataReaderTests.test_lexing_nested_comments_escapes_and_html_inertness) ... ok
Lean / Mathlib formalization	UNKNOWN STEP	2026-10-09T03:03:47.6923081Z test_line_ended_prefix_is_not_the_complete_declaration (test_metadata_reader.MetadataReaderTests.test_line_ended_prefix_is_not_the_complete_declaration) ... ok
Lean / Mathlib formalization	UNKNOWN STEP	2026-10-09T03:03:47.6925651Z test_linux_windows_checkout_newlines_only_are_portable (test_metadata_reader.MetadataReaderTests.test_linux_windows_checkout_newlines_only_are_portable) ... ok
Lean / Mathlib formalization	UNKNOWN STEP	2026-10-09T03:03:47.6928569Z test_list_records_keep_defaults_in_each_item (test_metadata_reader.MetadataReaderTests.test_list_records_keep_defaults_in_each_item) ... ok
Lean / Mathlib formalization	UNKNOWN STEP	2026-10-09T03:03:47.6930505Z test_lists_and_concat_keep_construction_not_computed_result (test_metadata_reader.MetadataReaderTests.test_lists_and_concat_keep_construction_not_computed_result) ... ok
Lean / Mathlib formalization	UNKNOWN STEP	2026-10-09T03:03:47.6933095Z test_local_string_default_and_helper_fixed_kind (test_metadata_reader.MetadataReaderTests.test_local_string_default_and_helper_fixed_kind) ... ok
Lean / Mathlib formalization	UNKNOWN STEP	2026-10-09T03:03:47.6936221Z test_prop_or_proof_field_is_never_metadata (test_metadata_reader.MetadataReaderTests.test_prop_or_proof_field_is_never_metadata) ... ok
Lean / Mathlib formalization	UNKNOWN STEP	2026-10-09T03:03:47.6940539Z test_public_gate_checks_rows_and_exact_content_not_just_labels (test_metadata_reader.MetadataReaderTests.test_public_gate_checks_rows_and_exact_content_not_just_labels) ... ok
Lean / Mathlib formalization	UNKNOWN STEP	2026-10-09T03:03:47.6942972Z test_record_defaults_are_real_defaults_not_proofs (test_metadata_reader.MetadataReaderTests.test_record_defaults_are_real_defaults_not_proofs) ... ok
Lean / Mathlib formalization	UNKNOWN STEP	2026-10-09T03:03:47.6951550Z test_unknown_expression_is_unresolved_with_own_safe_source (test_metadata_reader.MetadataReaderTests.test_unknown_expression_is_unresolved_with_own_safe_source) ... ok
Lean / Mathlib formalization	UNKNOWN STEP	2026-10-09T03:03:47.7008420Z test_footer_removal_preserves_primary_source_authors (test_project_authors_footer.ProjectAuthorsFooterTests.test_footer_removal_preserves_primary_source_authors) ... ok
Lean / Mathlib formalization	UNKNOWN STEP	2026-10-09T03:03:47.7018591Z test_public_surfaces_do_not_assert_provisional_authorship (test_project_authors_footer.ProjectAuthorsFooterTests.test_public_surfaces_do_not_assert_provisional_authorship) ... ok
Lean / Mathlib formalization	UNKNOWN STEP	2026-10-09T03:03:47.7019481Z test_readme_keeps_peer_library_table (test_project_authors_footer.ProjectAuthorsFooterTests.test_readme_keeps_peer_library_table) ... ok
Lean / Mathlib formalization	UNKNOWN STEP	2026-10-09T03:03:47.7216342Z test_authored_schema_requires_real_steps_not_just_source (test_proof_readers.DeclarationLessonTests.test_authored_schema_requires_real_steps_not_just_source) ... ok
Lean / Mathlib formalization	UNKNOWN STEP	2026-10-09T03:03:47.7218827Z test_balanced_math_block_does_not_consume_neighbor_proof (test_proof_readers.DeclarationLessonTests.test_balanced_math_block_does_not_consume_neighbor_proof) ... ok
Lean / Mathlib formalization	UNKNOWN STEP	2026-10-09T03:03:47.7219608Z test_case_sensitive_lean_names_cannot_overwrite_each_other (test_proof_readers.DeclarationLessonTests.test_case_sensitive_lean_names_cannot_overwrite_each_other) ... ok
Lean / Mathlib formalization	UNKNOWN STEP	2026-10-09T03:03:47.7222732Z test_coverage_includes_definitions_but_never_claims_notes_are_complete (test_proof_readers.DeclarationLessonTests.test_coverage_includes_definitions_but_never_claims_notes_are_complete) ... ok
Lean / Mathlib formalization	UNKNOWN STEP	2026-10-09T03:03:47.7223804Z test_historical_citation_is_labelled_without_rewriting_its_source (test_proof_readers.DeclarationLessonTests.test_historical_citation_is_labelled_without_rewriting_its_source) ... ok
Lean / Mathlib formalization	UNKNOWN STEP	2026-10-09T03:03:47.7224553Z test_inline_code_escapes_once_without_eating_tex (test_proof_readers.DeclarationLessonTests.test_inline_code_escapes_once_without_eating_tex) ... ok
Lean / Mathlib formalization	UNKNOWN STEP	2026-10-09T03:03:47.7225691Z test_local_sources_are_portable_and_browser_readable (test_proof_readers.DeclarationLessonTests.test_local_sources_are_portable_and_browser_readable) ... ok
Lean / Mathlib formalization	UNKNOWN STEP	2026-10-09T03:03:47.7226780Z test_mathlib_sources_follow_lockfile_not_astis_commit (test_proof_readers.DeclarationLessonTests.test_mathlib_sources_follow_lockfile_not_astis_commit) ... ok
Lean / Mathlib formalization	UNKNOWN STEP	2026-10-09T03:03:47.7388679Z test_reviewed_measure_boundaries_survive_import (test_proof_readers.DeclarationLessonTests.test_reviewed_measure_boundaries_survive_import) ... ok
Lean / Mathlib formalization	UNKNOWN STEP	2026-10-09T03:03:47.7391696Z test_structure_accessors_are_not_invented_theorem_leaves (test_proof_readers.DeclarationLessonTests.test_structure_accessors_are_not_invented_theorem_leaves) ... ok
Lean / Mathlib formalization	UNKNOWN STEP	2026-10-09T03:03:47.7395001Z test_all_steps_have_equations_and_lean_correspondence (test_proof_readers.ProofReaderTests.test_all_steps_have_equations_and_lean_correspondence) ... ok
Lean / Mathlib formalization	UNKNOWN STEP	2026-10-09T03:03:47.7397996Z test_display_source_drops_only_following_top_level_docstring (test_proof_readers.ProofReaderTests.test_display_source_drops_only_following_top_level_docstring) ... ok
Lean / Mathlib formalization	UNKNOWN STEP	2026-10-09T03:03:47.7403290Z test_every_theorem_requires_separate_statement_and_proof (test_proof_readers.ProofReaderTests.test_every_theorem_requires_separate_statement_and_proof) ... ok
Lean / Mathlib formalization	UNKNOWN STEP	2026-10-09T03:03:47.7618378Z test_fisher_source_mismatch_cannot_be_hidden_by_compilation (test_proof_readers.ProofReaderTests.test_fisher_source_mismatch_cannot_be_hidden_by_compilation) ... ok
Lean / Mathlib formalization	UNKNOWN STEP	2026-10-09T03:03:47.7621481Z test_historical_citations_do_not_relax_implementation_pins (test_proof_readers.ProofReaderTests.test_historical_citations_do_not_relax_implementation_pins) ... ok
Lean / Mathlib formalization	UNKNOWN STEP	2026-10-09T03:03:47.7627758Z test_invalid_metadata_is_rejected (test_proof_readers.ProofReaderTests.test_invalid_metadata_is_rejected) ... ok
Lean / Mathlib formalization	UNKNOWN STEP	2026-10-09T03:03:47.7630436Z test_local_and_external_sources_use_distinct_commit_pins (test_proof_readers.ProofReaderTests.test_local_and_external_sources_use_distinct_commit_pins) ... ok
Lean / Mathlib formalization	UNKNOWN STEP	2026-10-09T03:03:47.7635627Z test_local_keywords_inside_names_are_not_definitions (test_proof_readers.ProofReaderTests.test_local_keywords_inside_names_are_not_definitions) ... ok
Lean / Mathlib formalization	UNKNOWN STEP	2026-10-09T03:03:47.7648665Z test_mathlib_urls_pin_real_source_files_and_lines (test_proof_readers.ProofReaderTests.test_mathlib_urls_pin_real_source_files_and_lines) ... ok
Lean / Mathlib formalization	UNKNOWN STEP	2026-10-09T03:03:47.7895191Z test_noncompiled_declaration_cannot_be_blue (test_proof_readers.ProofReaderTests.test_noncompiled_declaration_cannot_be_blue) ... ok
Lean / Mathlib formalization	UNKNOWN STEP	2026-10-09T03:03:47.8134304Z test_placeholder_cannot_be_blue (test_proof_readers.ProofReaderTests.test_placeholder_cannot_be_blue) ... ok
Lean / Mathlib formalization	UNKNOWN STEP	2026-10-09T03:03:47.8153510Z test_recursive_depth_disclosure_keeps_all_conclusions (test_proof_readers.ProofReaderTests.test_recursive_depth_disclosure_keeps_all_conclusions) ... ok
Lean / Mathlib formalization	UNKNOWN STEP	2026-10-09T03:03:47.8401021Z test_stale_gate_cannot_be_blue (test_proof_readers.ProofReaderTests.test_stale_gate_cannot_be_blue) ... ok
Lean / Mathlib formalization	UNKNOWN STEP	2026-10-09T03:03:47.8404055Z test_statement_retains_nested_local_definitions (test_proof_readers.ProofReaderTests.test_statement_retains_nested_local_definitions) ... ok
Lean / Mathlib formalization	UNKNOWN STEP	2026-10-09T03:03:47.8406707Z test_statement_split_respects_defaults_and_comments (test_proof_readers.ProofReaderTests.test_statement_split_respects_defaults_and_comments) ... ok
Lean / Mathlib formalization	UNKNOWN STEP	2026-10-09T03:03:47.8409163Z test_structure_defaults_do_not_truncate_its_specification (test_proof_readers.ProofReaderTests.test_structure_defaults_do_not_truncate_its_specification) ... ok
Lean / Mathlib formalization	UNKNOWN STEP	2026-10-09T03:03:47.8412561Z test_unknown_decl_is_an_error_not_a_search_fallback (test_proof_readers.ProofReaderTests.test_unknown_decl_is_an_error_not_a_search_fallback) ... ok
Lean / Mathlib formalization	UNKNOWN STEP	2026-10-09T03:03:47.8414954Z test_unrecognized_local_equations_preserve_complete_source (test_proof_readers.ProofReaderTests.test_unrecognized_local_equations_preserve_complete_source) ... ok
Lean / Mathlib formalization	UNKNOWN STEP	2026-10-09T03:03:47.8422666Z test_candidate_modules_must_exist (test_samplewiki_companions.CompanionTests.test_candidate_modules_must_exist) ... ok
Lean / Mathlib formalization	UNKNOWN STEP	2026-10-09T03:03:47.8433117Z test_every_theorem_has_adjacent_closed_lean_folds (test_samplewiki_companions.CompanionTests.test_every_theorem_has_adjacent_closed_lean_folds) ... ok
Lean / Mathlib formalization	UNKNOWN STEP	2026-10-09T03:03:47.8443600Z test_four_sources_keep_the_two_paper_composition_separate (test_samplewiki_companions.CompanionTests.test_four_sources_keep_the_two_paper_composition_separate) ... ok
Lean / Mathlib formalization	UNKNOWN STEP	2026-10-09T03:03:47.8444659Z test_lineage_does_not_credit_all_hypocoercivity_to_pbps (test_samplewiki_companions.CompanionTests.test_lineage_does_not_credit_all_hypocoercivity_to_pbps) ... ok
Lean / Mathlib formalization	UNKNOWN STEP	2026-10-09T03:03:47.8448429Z test_new_cards_cannot_turn_blue (test_samplewiki_companions.CompanionTests.test_new_cards_cannot_turn_blue) ... ok
Lean / Mathlib formalization	UNKNOWN STEP	2026-10-09T03:03:47.8449647Z test_news_short_and_oldest_is_foundation (test_samplewiki_companions.CompanionTests.test_news_short_and_oldest_is_foundation) ... ok
Lean / Mathlib formalization	UNKNOWN STEP	2026-10-09T03:03:47.8464902Z test_overlay_does_not_create_compiler_edges (test_samplewiki_companions.CompanionTests.test_overlay_does_not_create_compiler_edges) ... ok
Lean / Mathlib formalization	UNKNOWN STEP	2026-10-09T03:03:47.8468785Z test_proxy_and_oracle_distinctions_are_preserved (test_samplewiki_companions.CompanionTests.test_proxy_and_oracle_distinctions_are_preserved) ... ok
Lean / Mathlib formalization	UNKNOWN STEP	2026-10-09T03:03:47.8483212Z test_research_workspace_is_a_projection_not_a_second_status_source (test_samplewiki_companions.CompanionTests.test_research_workspace_is_a_projection_not_a_second_status_source) ... ok
Lean / Mathlib formalization	UNKNOWN STEP	2026-10-09T03:03:47.8489634Z test_svg_is_accessible_and_has_no_blue_proof_claim (test_samplewiki_companions.CompanionTests.test_svg_is_accessible_and_has_no_blue_proof_claim) ... ok
Lean / Mathlib formalization	UNKNOWN STEP	2026-10-09T03:03:47.8501617Z test_unknown_parent_and_cycles_rejected (test_samplewiki_companions.CompanionTests.test_unknown_parent_and_cycles_rejected) ... ok
Lean / Mathlib formalization	UNKNOWN STEP	2026-10-09T03:03:47.8524389Z test_valid_model_and_existing_graph (test_samplewiki_companions.CompanionTests.test_valid_model_and_existing_graph) ... ok
Lean / Mathlib formalization	UNKNOWN STEP	2026-10-09T03:03:47.8525485Z test_extracts_clean_formula_from_katex_duplicate_row (test_samplewiki_reader_contract.SampleWikiReaderFormulaTests.test_extracts_clean_formula_from_katex_duplicate_row) ... ok
Lean / Mathlib formalization	UNKNOWN STEP	2026-10-09T03:03:47.8526233Z test_rejects_incomplete_tex (test_samplewiki_reader_contract.SampleWikiReaderFormulaTests.test_rejects_incomplete_tex) ... ok
Lean / Mathlib formalization	UNKNOWN STEP	2026-10-09T03:03:47.8528954Z test_audited_case_uses_exact_statement_and_proof_equation (test_samplewiki_reader_contract.SampleWikiReaderTruthBoundaryTests.test_audited_case_uses_exact_statement_and_proof_equation) ... ok
Lean / Mathlib formalization	UNKNOWN STEP	2026-10-09T03:03:47.8531137Z test_case_has_reader_jump_navigation (test_samplewiki_reader_contract.SampleWikiReaderTruthBoundaryTests.test_case_has_reader_jump_navigation) ... ok
Lean / Mathlib formalization	UNKNOWN STEP	2026-10-09T03:03:47.8533202Z test_five_reader_layers_are_in_required_order (test_samplewiki_reader_contract.SampleWikiReaderTruthBoundaryTests.test_five_reader_layers_are_in_required_order) ... ok
Lean / Mathlib formalization	UNKNOWN STEP	2026-10-09T03:03:47.8535060Z test_lean_fold_is_intentionally_quiet_even_if_internal_leaf_exists (test_samplewiki_reader_contract.SampleWikiReaderTruthBoundaryTests.test_lean_fold_is_intentionally_quiet_even_if_internal_leaf_exists) ... ok
Lean / Mathlib formalization	UNKNOWN STEP	2026-10-09T03:03:47.8536312Z test_literature_open_case_has_no_synthetic_proof (test_samplewiki_reader_contract.SampleWikiReaderTruthBoundaryTests.test_literature_open_case_has_no_synthetic_proof) ... ok
Lean / Mathlib formalization	UNKNOWN STEP	2026-10-09T03:03:47.8537935Z test_pending_case_has_useful_reader_derivation_map (test_samplewiki_reader_contract.SampleWikiReaderTruthBoundaryTests.test_pending_case_has_useful_reader_derivation_map) ... ok
Lean / Mathlib formalization	UNKNOWN STEP	2026-10-09T03:03:47.8539583Z test_pending_case_is_normalized_not_falsely_exact (test_samplewiki_reader_contract.SampleWikiReaderTruthBoundaryTests.test_pending_case_is_normalized_not_falsely_exact) ... ok
Lean / Mathlib formalization	UNKNOWN STEP	2026-10-09T03:03:47.8554380Z test_real_guides_pass_math_notation_contract (test_undergrad_guides.UndergradGuideTests.test_real_guides_pass_math_notation_contract) ... ok
Lean / Mathlib formalization	UNKNOWN STEP	2026-10-09T03:03:47.8555303Z test_render_contains_story_vocab_and_scope_boundary (test_undergrad_guides.UndergradGuideTests.test_render_contains_story_vocab_and_scope_boundary) ... ok
Lean / Mathlib formalization	UNKNOWN STEP	2026-10-09T03:03:47.8561081Z test_section_one_summary_and_source_cards_use_mathjax (test_undergrad_guides.UndergradGuideTests.test_section_one_summary_and_source_cards_use_mathjax) ... ok
Lean / Mathlib formalization	UNKNOWN STEP	2026-10-09T03:03:47.8603841Z test_site_injection_is_idempotent (test_undergrad_guides.UndergradGuideTests.test_site_injection_is_idempotent) ... ok
Lean / Mathlib formalization	UNKNOWN STEP	2026-10-09T03:03:47.8604784Z test_unwrapped_math_detection (test_undergrad_guides.UndergradGuideTests.test_unwrapped_math_detection) ... ok
Lean / Mathlib formalization	UNKNOWN STEP	2026-10-09T03:03:47.8605829Z test_focus_preserves_context_and_marks_direct_relations (test_underlying_lean_graph.UnderlyingLeanGraphInteractionTests.test_focus_preserves_context_and_marks_direct_relations) ... ok
Lean / Mathlib formalization	UNKNOWN STEP	2026-10-09T03:03:47.8609449Z test_formal_and_curated_edges_have_distinct_evidence_styles (test_underlying_lean_graph.UnderlyingLeanGraphInteractionTests.test_formal_and_curated_edges_have_distinct_evidence_styles) ... ok
Lean / Mathlib formalization	UNKNOWN STEP	2026-10-09T03:03:47.8610777Z test_publication_declarations_exist_before_semantic_edges_are_added (test_underlying_lean_graph.UnderlyingLeanGraphInteractionTests.test_publication_declarations_exist_before_semantic_edges_are_added) ... ok
Lean / Mathlib formalization	UNKNOWN STEP	2026-10-09T03:03:47.8612031Z test_semantic_fidelity_and_denoising_are_graph_native (test_underlying_lean_graph.UnderlyingLeanGraphInteractionTests.test_semantic_fidelity_and_denoising_are_graph_native) ... ok
Lean / Mathlib formalization	UNKNOWN STEP	2026-10-09T03:03:47.8612638Z 
Lean / Mathlib formalization	UNKNOWN STEP	2026-10-09T03:03:47.8612759Z ======================================================================
Lean / Mathlib formalization	UNKNOWN STEP	2026-10-09T03:03:47.8613248Z ERROR: test_peer_navigation_and_route (test_discrete_sampling.DiscreteSamplingTests.test_peer_navigation_and_route)
Lean / Mathlib formalization	UNKNOWN STEP	2026-10-09T03:03:47.8613816Z ----------------------------------------------------------------------
Lean / Mathlib formalization	UNKNOWN STEP	2026-10-09T03:03:47.8614144Z Traceback (most recent call last):
Lean / Mathlib formalization	UNKNOWN STEP	2026-10-09T03:03:47.8619532Z   File "/home/runner/work/Automization-Sampling-Optimisation-Geometry-Lib/Automization-Sampling-Optimisation-Geometry-Lib/tools/tests/test_discrete_sampling.py", line 82, in test_peer_navigation_and_route
Lean / Mathlib formalization	UNKNOWN STEP	2026-10-09T03:03:47.8620618Z     self.assertIn('data-progress-route="discrete-sampling"',formalization_progress.overview_body())
Lean / Mathlib formalization	UNKNOWN STEP	2026-10-09T03:03:47.8621305Z                                                             ^^^^^^^^^^^^^^^^^^^^^^^^^^^^^^^^^^^^^^
Lean / Mathlib formalization	UNKNOWN STEP	2026-10-09T03:03:47.8622195Z   File "/home/runner/work/Automization-Sampling-Optimisation-Geometry-Lib/Automization-Sampling-Optimisation-Geometry-Lib/website/scripts/formalization_progress.py", line 292, in overview_body
Lean / Mathlib formalization	UNKNOWN STEP	2026-10-09T03:03:47.8622984Z     grouped = frontier_cells_by_route()
Lean / Mathlib formalization	UNKNOWN STEP	2026-10-09T03:03:47.8623222Z               ^^^^^^^^^^^^^^^^^^^^^^^^^
Lean / Mathlib formalization	UNKNOWN STEP	2026-10-09T03:03:47.8624057Z   File "/home/runner/work/Automization-Sampling-Optimisation-Geometry-Lib/Automization-Sampling-Optimisation-Geometry-Lib/website/scripts/formalization_progress.py", line 197, in frontier_cells_by_route
Lean / Mathlib formalization	UNKNOWN STEP	2026-10-09T03:03:47.8625095Z     raise RuntimeError("Frontier Cell protocol invalid before dashboard render:\n- " + "\n- ".join(errors))
Lean / Mathlib formalization	UNKNOWN STEP	2026-10-09T03:03:47.8625620Z RuntimeError: Frontier Cell protocol invalid before dashboard render:
Lean / Mathlib formalization	UNKNOWN STEP	2026-10-09T03:03:47.8626277Z - research-wiki/frontier-cells/ASTIS-SW-PBPS-unique-macroscopic-defect-root.json: invalid learning_contract.failure_class
Lean / Mathlib formalization	UNKNOWN STEP	2026-10-09T03:03:47.8627156Z - research-wiki/frontier-cells/ASTIS-SW-PBPS-unique-macroscopic-defect-root.json: every non-success failure requires an explicit salvage audit
Lean / Mathlib formalization	UNKNOWN STEP	2026-10-09T03:03:47.8627784Z 
Lean / Mathlib formalization	UNKNOWN STEP	2026-10-09T03:03:47.8627925Z ----------------------------------------------------------------------
Lean / Mathlib formalization	UNKNOWN STEP	2026-10-09T03:03:47.8628219Z Ran 296 tests in 60.626s
Lean / Mathlib formalization	UNKNOWN STEP	2026-10-09T03:03:47.8628349Z 
Lean / Mathlib formalization	UNKNOWN STEP	2026-10-09T03:03:47.8628439Z FAILED (errors=1, skipped=6)
Lean / Mathlib formalization	UNKNOWN STEP	2026-10-09T03:03:47.9831645Z $ /opt/hostedtoolcache/Python/3.12.15/x64/bin/python3 -m unittest discover -s tools/tests -v
Lean / Mathlib formalization	UNKNOWN STEP	2026-10-09T03:03:47.9926064Z ##[error]Process completed with exit code 1.
Lean / Mathlib formalization	UNKNOWN STEP	2026-10-09T03:03:48.0010740Z Post job cleanup.
Lean / Mathlib formalization	UNKNOWN STEP	2026-10-09T03:03:48.0564675Z [command]/usr/bin/git version
Lean / Mathlib formalization	UNKNOWN STEP	2026-10-09T03:03:48.0596743Z git version 2.55.0
Lean / Mathlib formalization	UNKNOWN STEP	2026-10-09T03:03:48.0619797Z Temporarily overriding HOME='/home/runner/work/_temp/cff4676d-cf1b-41a5-8207-ec7418d17ac5' before making global git config changes
Lean / Mathlib formalization	UNKNOWN STEP	2026-10-09T03:03:48.0620548Z Adding repository directory to the temporary git global config as a safe directory
Lean / Mathlib formalization	UNKNOWN STEP	2026-10-09T03:03:48.0623715Z [command]/usr/bin/git config --global --add safe.directory /home/runner/work/Automization-Sampling-Optimisation-Geometry-Lib/Automization-Sampling-Optimisation-Geometry-Lib/.atlas-upstream
Lean / Mathlib formalization	UNKNOWN STEP	2026-10-09T03:03:48.0655522Z [command]/usr/bin/git config --local --name-only --get-regexp core\.sshCommand
Lean / Mathlib formalization	UNKNOWN STEP	2026-10-09T03:03:48.0685406Z [command]/usr/bin/git submodule foreach --recursive sh -c "git config --local --name-only --get-regexp 'core\.sshCommand' && git config --local --unset-all 'core.sshCommand' || :"
Lean / Mathlib formalization	UNKNOWN STEP	2026-10-09T03:03:48.0908659Z [command]/usr/bin/git config --local --name-only --get-regexp http\.https\:\/\/github\.com\/\.extraheader
Lean / Mathlib formalization	UNKNOWN STEP	2026-10-09T03:03:48.0941492Z http.https://github.com/.extraheader
Lean / Mathlib formalization	UNKNOWN STEP	2026-10-09T03:03:48.0953236Z [command]/usr/bin/git config --local --unset-all http.https://github.com/.extraheader
Lean / Mathlib formalization	UNKNOWN STEP	2026-10-09T03:03:48.0989252Z [command]/usr/bin/git submodule foreach --recursive sh -c "git config --local --name-only --get-regexp 'http\.https\:\/\/github\.com\/\.extraheader' && git config --local --unset-all 'http.https://github.com/.extraheader' || :"
Lean / Mathlib formalization	UNKNOWN STEP	2026-10-09T03:03:48.1188054Z [command]/usr/bin/git config --local --name-only --get-regexp ^includeIf\.gitdir:
Lean / Mathlib formalization	UNKNOWN STEP	2026-10-09T03:03:48.1218078Z [command]/usr/bin/git submodule foreach --recursive git config --local --show-origin --name-only --get-regexp remote.origin.url
Lean / Mathlib formalization	UNKNOWN STEP	2026-10-09T03:03:48.1506913Z Post job cleanup.
Lean / Mathlib formalization	UNKNOWN STEP	2026-10-09T03:03:48.2079832Z [command]/usr/bin/git version
Lean / Mathlib formalization	UNKNOWN STEP	2026-10-09T03:03:48.2113237Z git version 2.55.0
Lean / Mathlib formalization	UNKNOWN STEP	2026-10-09T03:03:48.2145189Z Temporarily overriding HOME='/home/runner/work/_temp/273b20cc-8a5b-4602-9140-4273217db31b' before making global git config changes
Lean / Mathlib formalization	UNKNOWN STEP	2026-10-09T03:03:48.2145845Z Adding repository directory to the temporary git global config as a safe directory
Lean / Mathlib formalization	UNKNOWN STEP	2026-10-09T03:03:48.2146772Z [command]/usr/bin/git config --global --add safe.directory /home/runner/work/Automization-Sampling-Optimisation-Geometry-Lib/Automization-Sampling-Optimisation-Geometry-Lib
Lean / Mathlib formalization	UNKNOWN STEP	2026-10-09T03:03:48.2187205Z [command]/usr/bin/git config --local --name-only --get-regexp core\.sshCommand
Lean / Mathlib formalization	UNKNOWN STEP	2026-10-09T03:03:48.2225125Z [command]/usr/bin/git submodule foreach --recursive sh -c "git config --local --name-only --get-regexp 'core\.sshCommand' && git config --local --unset-all 'core.sshCommand' || :"
Lean / Mathlib formalization	UNKNOWN STEP	2026-10-09T03:03:48.2473357Z [command]/usr/bin/git config --local --name-only --get-regexp http\.https\:\/\/github\.com\/\.extraheader
Lean / Mathlib formalization	UNKNOWN STEP	2026-10-09T03:03:48.2498546Z http.https://github.com/.extraheader
Lean / Mathlib formalization	UNKNOWN STEP	2026-10-09T03:03:48.2507962Z [command]/usr/bin/git config --local --unset-all http.https://github.com/.extraheader
Lean / Mathlib formalization	UNKNOWN STEP	2026-10-09T03:03:48.2548510Z [command]/usr/bin/git submodule foreach --recursive sh -c "git config --local --name-only --get-regexp 'http\.https\:\/\/github\.com\/\.extraheader' && git config --local --unset-all 'http.https://github.com/.extraheader' || :"
Lean / Mathlib formalization	UNKNOWN STEP	2026-10-09T03:03:48.2783544Z [command]/usr/bin/git config --local --name-only --get-regexp ^includeIf\.gitdir:
Lean / Mathlib formalization	UNKNOWN STEP	2026-10-09T03:03:48.2819919Z [command]/usr/bin/git submodule foreach --recursive git config --local --show-origin --name-only --get-regexp remote.origin.url
Lean / Mathlib formalization	UNKNOWN STEP	2026-10-09T03:03:48.3169217Z Cleaning up orphan processes
Lean / Mathlib formalization	UNKNOWN STEP	2026-10-09T03:03:48.3375970Z ##[warning]Node.js 20 is deprecated. The following actions target Node.js 20 but are being forced to run on Node.js 24: actions/checkout@v4, actions/setup-python@v5. For more information see: https://github.blog/changelog/2025-09-19-deprecation-of-node-20-on-github-actions-runners/
