wrote docs\module-graph.svg
wrote docs\assets\astis_lean_arsenal_module_graph.svg
wrote research-wiki\sampling-sde-library\lean-leaf-module-graph.md
wrote research-wiki\sampling-sde-library\index.md
wrote research-wiki\retrieval-index\astis-lean-arsenal-module-graph.json
warning: could not render PNG preview with C:\WINDOWS\system32\convert.EXE: Invalid Parameter - E:\Samplinglib\docs\assets\astis_lean_arsenal_module_graph.png
wrote research-wiki\sampling-sde-library\cards\AutoSamplingTheory.Automation.md
wrote research-wiki\sampling-sde-library\cards\AutoSamplingTheory.Core.md
wrote research-wiki\sampling-sde-library\cards\AutoSamplingTheory.ExampleCases.ProximalBPS.CenteredDefectOperator.md
wrote research-wiki\sampling-sde-library\cards\AutoSamplingTheory.ExampleCases.ProximalBPS.ConditionalBochner.md
wrote research-wiki\sampling-sde-library\cards\AutoSamplingTheory.ExampleCases.ProximalBPS.ConditionalC1Resolvent.md
wrote research-wiki\sampling-sde-library\cards\AutoSamplingTheory.ExampleCases.ProximalBPS.ConditionalCenteredResolventLimit.md
wrote research-wiki\sampling-sde-library\cards\AutoSamplingTheory.ExampleCases.ProximalBPS.ConditionalCompactCoercivity.md
wrote research-wiki\sampling-sde-library\cards\AutoSamplingTheory.ExampleCases.ProximalBPS.ConditionalCompactSmoothGraph.md
wrote research-wiki\sampling-sde-library\cards\AutoSamplingTheory.ExampleCases.ProximalBPS.ConditionalGlobalCoercivity.md
wrote research-wiki\sampling-sde-library\cards\AutoSamplingTheory.ExampleCases.ProximalBPS.ConditionalGradient.md
wrote research-wiki\sampling-sde-library\cards\AutoSamplingTheory.ExampleCases.ProximalBPS.ConditionalGradientEnergy.md
wrote research-wiki\sampling-sde-library\cards\AutoSamplingTheory.ExampleCases.ProximalBPS.ConditionalGradientKernel.md
wrote research-wiki\sampling-sde-library\cards\AutoSamplingTheory.ExampleCases.ProximalBPS.ConditionalGradientVariance.md
wrote research-wiki\sampling-sde-library\cards\AutoSamplingTheory.ExampleCases.ProximalBPS.ConditionalLocalizedResolvent.md
wrote research-wiki\sampling-sde-library\cards\AutoSamplingTheory.ExampleCases.ProximalBPS.ConditionalLocalizedSobolev.md
wrote research-wiki\sampling-sde-library\cards\AutoSamplingTheory.ExampleCases.ProximalBPS.ConditionalOrdinaryResolvent.md
wrote research-wiki\sampling-sde-library\cards\AutoSamplingTheory.ExampleCases.ProximalBPS.ConditionalResolvent.md
wrote research-wiki\sampling-sde-library\cards\AutoSamplingTheory.ExampleCases.ProximalBPS.ConditionalScore.md
wrote research-wiki\sampling-sde-library\cards\AutoSamplingTheory.ExampleCases.ProximalBPS.ConditionalScoreClosedDomain.md
wrote research-wiki\sampling-sde-library\cards\AutoSamplingTheory.ExampleCases.ProximalBPS.ConditionalScoreDomain.md
wrote research-wiki\sampling-sde-library\cards\AutoSamplingTheory.ExampleCases.ProximalBPS.ConditionalScoreVariance.md
wrote research-wiki\sampling-sde-library\cards\AutoSamplingTheory.ExampleCases.ProximalBPS.DefectComplexLift.md
wrote research-wiki\sampling-sde-library\cards\AutoSamplingTheory.ExampleCases.ProximalBPS.GaussianAugmentation.md
wrote research-wiki\sampling-sde-library\cards\AutoSamplingTheory.ExampleCases.ProximalBPS.GaussianReflection.md
wrote research-wiki\sampling-sde-library\cards\AutoSamplingTheory.ExampleCases.ProximalBPS.GibbsAugmentation.md
wrote research-wiki\sampling-sde-library\cards\AutoSamplingTheory.ExampleCases.ProximalBPS.L2MacroscopicMean.md
wrote research-wiki\sampling-sde-library\cards\AutoSamplingTheory.ExampleCases.ProximalBPS.LiteralReflectedMean.md
wrote research-wiki\sampling-sde-library\cards\AutoSamplingTheory.ExampleCases.ProximalBPS.MacroscopicDefectRoot.md
wrote research-wiki\sampling-sde-library\cards\AutoSamplingTheory.ExampleCases.ProximalBPS.MacroscopicEnergy.md
wrote research-wiki\sampling-sde-library\cards\AutoSamplingTheory.ExampleCases.ProximalBPS.MacroscopicRange.md
wrote research-wiki\sampling-sde-library\cards\AutoSamplingTheory.ExampleCases.ProximalBPS.MacroscopicRepresentative.md
wrote research-wiki\sampling-sde-library\cards\AutoSamplingTheory.ExampleCases.ProximalBPS.RealDefectRoot.md
wrote research-wiki\sampling-sde-library\cards\AutoSamplingTheory.ExampleCases.ProximalBPS.RealDefectRootUnique.md
wrote research-wiki\sampling-sde-library\cards\AutoSamplingTheory.ExampleCases.ProximalBPS.ReflectionL2.md
wrote research-wiki\sampling-sde-library\cards\AutoSamplingTheory.ExampleCases.ProximalBPS.RoughMeanGradient.md
wrote research-wiki\sampling-sde-library\cards\AutoSamplingTheory.ExampleCases.ProximalBPS.SourceMeanGradientDomain.md
wrote research-wiki\sampling-sde-library\cards\AutoSamplingTheory.ExampleCases.SampleWiki.Cases.IdealProximalChain.md
wrote research-wiki\sampling-sde-library\cards\AutoSamplingTheory.ExampleCases.SampleWiki.md
wrote research-wiki\sampling-sde-library\cards\AutoSamplingTheory.ExampleCases.SmoothedPicardHMC.ActualContraction.md
wrote research-wiki\sampling-sde-library\cards\AutoSamplingTheory.ExampleCases.SmoothedPicardHMC.ActualIncrement.md
wrote research-wiki\sampling-sde-library\cards\AutoSamplingTheory.ExampleCases.SmoothedPicardHMC.ActualKernelTransport.md
wrote research-wiki\sampling-sde-library\cards\AutoSamplingTheory.ExampleCases.SmoothedPicardHMC.AdaptiveCenterRGO.md
wrote research-wiki\sampling-sde-library\cards\AutoSamplingTheory.ExampleCases.SmoothedPicardHMC.AdaptiveKLError.md
wrote research-wiki\sampling-sde-library\cards\AutoSamplingTheory.ExampleCases.SmoothedPicardHMC.ApproximateInitialGradientMoment.md
wrote research-wiki\sampling-sde-library\cards\AutoSamplingTheory.ExampleCases.SmoothedPicardHMC.ApproximateProximalExecution.md
wrote research-wiki\sampling-sde-library\cards\AutoSamplingTheory.ExampleCases.SmoothedPicardHMC.ClippedGradientProgram.md
wrote research-wiki\sampling-sde-library\cards\AutoSamplingTheory.ExampleCases.SmoothedPicardHMC.ClippedMeanExponential.md
wrote research-wiki\sampling-sde-library\cards\AutoSamplingTheory.ExampleCases.SmoothedPicardHMC.ClippedRenyiComparison.md
wrote research-wiki\sampling-sde-library\cards\AutoSamplingTheory.ExampleCases.SmoothedPicardHMC.CountedPhaseProgram.md
wrote research-wiki\sampling-sde-library\cards\AutoSamplingTheory.ExampleCases.SmoothedPicardHMC.EnhancedFiniteOutputKL.md
wrote research-wiki\sampling-sde-library\cards\AutoSamplingTheory.ExampleCases.SmoothedPicardHMC.EnhancedKLOneStep.md
wrote research-wiki\sampling-sde-library\cards\AutoSamplingTheory.ExampleCases.SmoothedPicardHMC.EnhancedTerminalExecution.md
wrote research-wiki\sampling-sde-library\cards\AutoSamplingTheory.ExampleCases.SmoothedPicardHMC.FiniteRGOKLError.md
wrote research-wiki\sampling-sde-library\cards\AutoSamplingTheory.ExampleCases.SmoothedPicardHMC.FiniteRGOProgram.md
wrote research-wiki\sampling-sde-library\cards\AutoSamplingTheory.ExampleCases.SmoothedPicardHMC.FirstOrderDifference.md
wrote research-wiki\sampling-sde-library\cards\AutoSamplingTheory.ExampleCases.SmoothedPicardHMC.FullRangeProximalGaussianOracle.md
wrote research-wiki\sampling-sde-library\cards\AutoSamplingTheory.ExampleCases.SmoothedPicardHMC.GaussianArcLaw.md
wrote research-wiki\sampling-sde-library\cards\AutoSamplingTheory.ExampleCases.SmoothedPicardHMC.GaussianKL.md
wrote research-wiki\sampling-sde-library\cards\AutoSamplingTheory.ExampleCases.SmoothedPicardHMC.GaussianMixture.md
wrote research-wiki\sampling-sde-library\cards\AutoSamplingTheory.ExampleCases.SmoothedPicardHMC.GaussianPowerMoment.md
wrote research-wiki\sampling-sde-library\cards\AutoSamplingTheory.ExampleCases.SmoothedPicardHMC.GaussianRGOErrorBudget.md
wrote research-wiki\sampling-sde-library\cards\AutoSamplingTheory.ExampleCases.SmoothedPicardHMC.GibbsPositionMoment.md
wrote research-wiki\sampling-sde-library\cards\AutoSamplingTheory.ExampleCases.SmoothedPicardHMC.GradientArcMean.md
wrote research-wiki\sampling-sde-library\cards\AutoSamplingTheory.ExampleCases.SmoothedPicardHMC.IdealRGOIdentification.md
wrote research-wiki\sampling-sde-library\cards\AutoSamplingTheory.ExampleCases.SmoothedPicardHMC.ImplementedPhaseKernel.md
wrote research-wiki\sampling-sde-library\cards\AutoSamplingTheory.ExampleCases.SmoothedPicardHMC.ImplementedPhaseWork.md
wrote research-wiki\sampling-sde-library\cards\AutoSamplingTheory.ExampleCases.SmoothedPicardHMC.InitialGibbsPhaseTransport.md
wrote research-wiki\sampling-sde-library\cards\AutoSamplingTheory.ExampleCases.SmoothedPicardHMC.InitialGibbsPhaseTransportUnconditional.md
wrote research-wiki\sampling-sde-library\cards\AutoSamplingTheory.ExampleCases.SmoothedPicardHMC.InitialPhaseTransport.md
wrote research-wiki\sampling-sde-library\cards\AutoSamplingTheory.ExampleCases.SmoothedPicardHMC.JointReferenceGradientDescent.md
wrote research-wiki\sampling-sde-library\cards\AutoSamplingTheory.ExampleCases.SmoothedPicardHMC.KineticDissipation.md
wrote research-wiki\sampling-sde-library\cards\AutoSamplingTheory.ExampleCases.SmoothedPicardHMC.LogarithmicDepth.md
wrote research-wiki\sampling-sde-library\cards\AutoSamplingTheory.ExampleCases.SmoothedPicardHMC.NormalizedReferenceCall.md
wrote research-wiki\sampling-sde-library\cards\AutoSamplingTheory.ExampleCases.SmoothedPicardHMC.ObservationConditionalKernel.md
wrote research-wiki\sampling-sde-library\cards\AutoSamplingTheory.ExampleCases.SmoothedPicardHMC.PartialMomentumRefresh.md
wrote research-wiki\sampling-sde-library\cards\AutoSamplingTheory.ExampleCases.SmoothedPicardHMC.PhaseAccuracyWork.md
wrote research-wiki\sampling-sde-library\cards\AutoSamplingTheory.ExampleCases.SmoothedPicardHMC.PhaseMetric.md
wrote research-wiki\sampling-sde-library\cards\AutoSamplingTheory.ExampleCases.SmoothedPicardHMC.PhaseReferenceMoment.md
wrote research-wiki\sampling-sde-library\cards\AutoSamplingTheory.ExampleCases.SmoothedPicardHMC.PhaseStateMoment.md
wrote research-wiki\sampling-sde-library\cards\AutoSamplingTheory.ExampleCases.SmoothedPicardHMC.PicardCenterMoment.md
wrote research-wiki\sampling-sde-library\cards\AutoSamplingTheory.ExampleCases.SmoothedPicardHMC.PicardInputLaw.md
wrote research-wiki\sampling-sde-library\cards\AutoSamplingTheory.ExampleCases.SmoothedPicardHMC.PoissonQueryTail.md
wrote research-wiki\sampling-sde-library\cards\AutoSamplingTheory.ExampleCases.SmoothedPicardHMC.PoissonRejection.md
wrote research-wiki\sampling-sde-library\cards\AutoSamplingTheory.ExampleCases.SmoothedPicardHMC.ProximalEstimatorLipschitz.md
wrote research-wiki\sampling-sde-library\cards\AutoSamplingTheory.ExampleCases.SmoothedPicardHMC.ProximalExecutionIdentity.md
wrote research-wiki\sampling-sde-library\cards\AutoSamplingTheory.ExampleCases.SmoothedPicardHMC.ProximalExpectedWork.md
wrote research-wiki\sampling-sde-library\cards\AutoSamplingTheory.ExampleCases.SmoothedPicardHMC.ProximalGaussianEstimator.md
wrote research-wiki\sampling-sde-library\cards\AutoSamplingTheory.ExampleCases.SmoothedPicardHMC.ProximalPhaseStability.md
wrote research-wiki\sampling-sde-library\cards\AutoSamplingTheory.ExampleCases.SmoothedPicardHMC.ProxyReverseTransport.md
wrote research-wiki\sampling-sde-library\cards\AutoSamplingTheory.ExampleCases.SmoothedPicardHMC.RealizedProximalWork.md
wrote research-wiki\sampling-sde-library\cards\AutoSamplingTheory.ExampleCases.SmoothedPicardHMC.RecursiveCondition.md
wrote research-wiki\sampling-sde-library\cards\AutoSamplingTheory.ExampleCases.SmoothedPicardHMC.RecursiveDepth.md
wrote research-wiki\sampling-sde-library\cards\AutoSamplingTheory.ExampleCases.SmoothedPicardHMC.RecursiveVariance.md
wrote research-wiki\sampling-sde-library\cards\AutoSamplingTheory.ExampleCases.SmoothedPicardHMC.ReferenceCarryingCost.md
wrote research-wiki\sampling-sde-library\cards\AutoSamplingTheory.ExampleCases.SmoothedPicardHMC.ReferenceCarryingKernel.md
wrote research-wiki\sampling-sde-library\cards\AutoSamplingTheory.ExampleCases.SmoothedPicardHMC.RGOBackward.md
wrote research-wiki\sampling-sde-library\cards\AutoSamplingTheory.ExampleCases.SmoothedPicardHMC.RGOCalculus.md
wrote research-wiki\sampling-sde-library\cards\AutoSamplingTheory.ExampleCases.SmoothedPicardHMC.RGOClosure.md
wrote research-wiki\sampling-sde-library\cards\AutoSamplingTheory.ExampleCases.SmoothedPicardHMC.SmoothedGibbsPotential.md
wrote research-wiki\sampling-sde-library\cards\AutoSamplingTheory.ExampleCases.SmoothedPicardHMC.SmoothedHessianBounds.md
wrote research-wiki\sampling-sde-library\cards\AutoSamplingTheory.ExampleCases.SmoothedPicardHMC.SmoothedHessianUpper.md
wrote research-wiki\sampling-sde-library\cards\AutoSamplingTheory.ExampleCases.SmoothedPicardHMC.SmoothedScorePosterior.md
wrote research-wiki\sampling-sde-library\cards\AutoSamplingTheory.ExampleCases.SmoothedPicardHMC.SmoothGradientArcClipping.md
wrote research-wiki\sampling-sde-library\cards\AutoSamplingTheory.ExampleCases.SmoothedPicardHMC.SmoothGradientArcMoment.md
wrote research-wiki\sampling-sde-library\cards\AutoSamplingTheory.ExampleCases.SmoothedPicardHMC.SourceQuadratureWork.md
wrote research-wiki\sampling-sde-library\cards\AutoSamplingTheory.ExampleCases.SmoothedPicardHMC.StandardizedRGOKLDimension.md
wrote research-wiki\sampling-sde-library\cards\AutoSamplingTheory.ExampleCases.SmoothedPicardHMC.StandardizedRGOKLFisher.md
wrote research-wiki\sampling-sde-library\cards\AutoSamplingTheory.ExampleCases.SmoothedPicardHMC.StandardizedRGOPositionFisher.md
wrote research-wiki\sampling-sde-library\cards\AutoSamplingTheory.ExampleCases.SmoothedPicardHMC.StandardizedRGORelativeEntropy.md
wrote research-wiki\sampling-sde-library\cards\AutoSamplingTheory.ExampleCases.SmoothedPicardHMC.StandardizedRGOSqrtDensity.md
wrote research-wiki\sampling-sde-library\cards\AutoSamplingTheory.ExampleCases.SmoothedPicardHMC.StateDependentRGO.md
wrote research-wiki\sampling-sde-library\cards\AutoSamplingTheory.ExampleCases.SmoothedPicardHMC.StoppedGaussianRGOError.md
wrote research-wiki\sampling-sde-library\cards\AutoSamplingTheory.ExampleCases.SmoothedPicardHMC.StoppedRGODepth.md
wrote research-wiki\sampling-sde-library\cards\AutoSamplingTheory.ExampleCases.SmoothedPicardHMC.TerminalFORSKernel.md
wrote research-wiki\sampling-sde-library\cards\AutoSamplingTheory.ExampleCases.SmoothedPicardHMC.TerminalReferenceGradientDescent.md
wrote research-wiki\sampling-sde-library\cards\AutoSamplingTheory.ExampleCases.SmoothedPicardHMC.TerminalSamplerAccuracyCost.md
wrote research-wiki\sampling-sde-library\cards\AutoSamplingTheory.ExampleCases.SmoothedPicardHMC.Truncation.md
wrote research-wiki\sampling-sde-library\cards\AutoSamplingTheory.ExampleCases.SmoothedPicardHMC.TwoNoiseRGO.md
wrote research-wiki\sampling-sde-library\cards\AutoSamplingTheory.ExampleCases.md
wrote research-wiki\sampling-sde-library\cards\AutoSamplingTheory.Literature.md
wrote research-wiki\sampling-sde-library\cards\AutoSamplingTheory.OpenProblems.md
wrote research-wiki\sampling-sde-library\cards\AutoSamplingTheory.Probability.md
wrote research-wiki\sampling-sde-library\cards\AutoSamplingTheory.RMFLD.md
wrote research-wiki\sampling-sde-library\cards\AutoSamplingTheory.SALD.md
wrote research-wiki\sampling-sde-library\cards\AutoSamplingTheory.SDE.md
wrote research-wiki\sampling-sde-library\cards\AutoSamplingTheory.TechnicalLemmas.Algebra.LinearGrowthOfStep.md
wrote research-wiki\sampling-sde-library\cards\AutoSamplingTheory.TechnicalLemmas.Algebra.ReciprocalGrowthRate.md
wrote research-wiki\sampling-sde-library\cards\AutoSamplingTheory.TechnicalLemmas.Analysis.BoundedQuadraticCostIntegrability.md
wrote research-wiki\sampling-sde-library\cards\AutoSamplingTheory.TechnicalLemmas.Analysis.Calculus.Cutoff.md
wrote research-wiki\sampling-sde-library\cards\AutoSamplingTheory.TechnicalLemmas.Analysis.Calculus.Divergence.md
wrote research-wiki\sampling-sde-library\cards\AutoSamplingTheory.TechnicalLemmas.Analysis.Calculus.Gradient.md
wrote research-wiki\sampling-sde-library\cards\AutoSamplingTheory.TechnicalLemmas.Analysis.Calculus.GradientAlgebra.md
wrote research-wiki\sampling-sde-library\cards\AutoSamplingTheory.TechnicalLemmas.Analysis.Calculus.Laplacian.md
wrote research-wiki\sampling-sde-library\cards\AutoSamplingTheory.TechnicalLemmas.Analysis.Calculus.LineDeriv.md
wrote research-wiki\sampling-sde-library\cards\AutoSamplingTheory.TechnicalLemmas.Analysis.Calculus.Taylor.md
wrote research-wiki\sampling-sde-library\cards\AutoSamplingTheory.TechnicalLemmas.Analysis.Calculus.md
wrote research-wiki\sampling-sde-library\cards\AutoSamplingTheory.TechnicalLemmas.Analysis.ChebyshevLobattoMomentum.md
wrote research-wiki\sampling-sde-library\cards\AutoSamplingTheory.TechnicalLemmas.Analysis.ChebyshevLobattoPositiveWeights.md
wrote research-wiki\sampling-sde-library\cards\AutoSamplingTheory.TechnicalLemmas.Analysis.ChebyshevLobattoQuadrature.md
wrote research-wiki\sampling-sde-library\cards\AutoSamplingTheory.TechnicalLemmas.Analysis.ConvexAEDifferentiable.md
wrote research-wiki\sampling-sde-library\cards\AutoSamplingTheory.TechnicalLemmas.Analysis.ConvexDomainACAEDifferentiable.md
wrote research-wiki\sampling-sde-library\cards\AutoSamplingTheory.TechnicalLemmas.Analysis.ConvexGradientGapSharpness.md
wrote research-wiki\sampling-sde-library\cards\AutoSamplingTheory.TechnicalLemmas.Analysis.ConvexityC1.md
wrote research-wiki\sampling-sde-library\cards\AutoSamplingTheory.TechnicalLemmas.Analysis.ConvexityC2.md
wrote research-wiki\sampling-sde-library\cards\AutoSamplingTheory.TechnicalLemmas.Analysis.ConvexLocalSubgradient.md
wrote research-wiki\sampling-sde-library\cards\AutoSamplingTheory.TechnicalLemmas.Analysis.ConvexOpenAEDifferentiable.md
wrote research-wiki\sampling-sde-library\cards\AutoSamplingTheory.TechnicalLemmas.Analysis.ConvexSmoothGradient.md
wrote research-wiki\sampling-sde-library\cards\AutoSamplingTheory.TechnicalLemmas.Analysis.ConvexSubgradient.md
wrote research-wiki\sampling-sde-library\cards\AutoSamplingTheory.TechnicalLemmas.Analysis.CycleSuccessorDistinct.md
wrote research-wiki\sampling-sde-library\cards\AutoSamplingTheory.TechnicalLemmas.Analysis.CyclicCostExpectation.md
wrote research-wiki\sampling-sde-library\cards\AutoSamplingTheory.TechnicalLemmas.Analysis.CyclicQuadraticCost.md
wrote research-wiki\sampling-sde-library\cards\AutoSamplingTheory.TechnicalLemmas.Analysis.DiagonalProductCostIntegral.md
wrote research-wiki\sampling-sde-library\cards\AutoSamplingTheory.TechnicalLemmas.Analysis.FinitePowerSeries.md
wrote research-wiki\sampling-sde-library\cards\AutoSamplingTheory.TechnicalLemmas.Analysis.GibbsGradientMean.md
wrote research-wiki\sampling-sde-library\cards\AutoSamplingTheory.TechnicalLemmas.Analysis.GibbsGradientMoment.md
wrote research-wiki\sampling-sde-library\cards\AutoSamplingTheory.TechnicalLemmas.Analysis.GradientAECongruence.md
wrote research-wiki\sampling-sde-library\cards\AutoSamplingTheory.TechnicalLemmas.Analysis.GradientDescentBasic.md
wrote research-wiki\sampling-sde-library\cards\AutoSamplingTheory.TechnicalLemmas.Analysis.GradientDescentComplexity.md
wrote research-wiki\sampling-sde-library\cards\AutoSamplingTheory.TechnicalLemmas.Analysis.GradientDescentContraction.md
wrote research-wiki\sampling-sde-library\cards\AutoSamplingTheory.TechnicalLemmas.Analysis.GradientDescentOptimalStep.md
wrote research-wiki\sampling-sde-library\cards\AutoSamplingTheory.TechnicalLemmas.Analysis.GradientDescentPL.md
wrote research-wiki\sampling-sde-library\cards\AutoSamplingTheory.TechnicalLemmas.Analysis.GradientDescentRates.md
wrote research-wiki\sampling-sde-library\cards\AutoSamplingTheory.TechnicalLemmas.Analysis.GradientDescentSharpness.md
wrote research-wiki\sampling-sde-library\cards\AutoSamplingTheory.TechnicalLemmas.Analysis.GradientDescentStationarity.md
wrote research-wiki\sampling-sde-library\cards\AutoSamplingTheory.TechnicalLemmas.Analysis.GradientDescentValue.md
wrote research-wiki\sampling-sde-library\cards\AutoSamplingTheory.TechnicalLemmas.Analysis.GradientFlowContraction.md
wrote research-wiki\sampling-sde-library\cards\AutoSamplingTheory.TechnicalLemmas.Analysis.GradientFlowLastIterate.md
wrote research-wiki\sampling-sde-library\cards\AutoSamplingTheory.TechnicalLemmas.Analysis.GradientFlowPL.md
wrote research-wiki\sampling-sde-library\cards\AutoSamplingTheory.TechnicalLemmas.Analysis.GradientFlowStationarity.md
wrote research-wiki\sampling-sde-library\cards\AutoSamplingTheory.TechnicalLemmas.Analysis.GradientFlowValue.md
wrote research-wiki\sampling-sde-library\cards\AutoSamplingTheory.TechnicalLemmas.Analysis.HessianSecantOperator.md
wrote research-wiki\sampling-sde-library\cards\AutoSamplingTheory.TechnicalLemmas.Analysis.HessianStrongConvexity.md
wrote research-wiki\sampling-sde-library\cards\AutoSamplingTheory.TechnicalLemmas.Analysis.Integrability.md
wrote research-wiki\sampling-sde-library\cards\AutoSamplingTheory.TechnicalLemmas.Analysis.LeftLebesgueAverage.md
wrote research-wiki\sampling-sde-library\cards\AutoSamplingTheory.TechnicalLemmas.Analysis.MeasurableGradient.md
wrote research-wiki\sampling-sde-library\cards\AutoSamplingTheory.TechnicalLemmas.Analysis.MonotoneProximalMap.md
wrote research-wiki\sampling-sde-library\cards\AutoSamplingTheory.TechnicalLemmas.Analysis.PairingClosedChain.md
wrote research-wiki\sampling-sde-library\cards\AutoSamplingTheory.TechnicalLemmas.Analysis.PairingClosedChainMonotonicity.md
wrote research-wiki\sampling-sde-library\cards\AutoSamplingTheory.TechnicalLemmas.Analysis.PairingCycleNeighborhood.md
wrote research-wiki\sampling-sde-library\cards\AutoSamplingTheory.TechnicalLemmas.Analysis.PairingCycleQuantitativeNeighborhood.md
wrote research-wiki\sampling-sde-library\cards\AutoSamplingTheory.TechnicalLemmas.Analysis.PairingCyclicMonotonicity.md
wrote research-wiki\sampling-sde-library\cards\AutoSamplingTheory.TechnicalLemmas.Analysis.PairingRockafellarConvexDomain.md
wrote research-wiki\sampling-sde-library\cards\AutoSamplingTheory.TechnicalLemmas.Analysis.PairingRockafellarPotential.md
wrote research-wiki\sampling-sde-library\cards\AutoSamplingTheory.TechnicalLemmas.Analysis.PairingRockafellarRealDomain.md
wrote research-wiki\sampling-sde-library\cards\AutoSamplingTheory.TechnicalLemmas.Analysis.PairingRockafellarRealSupport.md
wrote research-wiki\sampling-sde-library\cards\AutoSamplingTheory.TechnicalLemmas.Analysis.PairingRockafellarSubgradient.md
wrote research-wiki\sampling-sde-library\cards\AutoSamplingTheory.TechnicalLemmas.Analysis.PairingRockafellarSupportGradient.md
wrote research-wiki\sampling-sde-library\cards\AutoSamplingTheory.TechnicalLemmas.Analysis.PermutedProductCostIntegral.md
wrote research-wiki\sampling-sde-library\cards\AutoSamplingTheory.TechnicalLemmas.Analysis.PermutedQuadraticCost.md
wrote research-wiki\sampling-sde-library\cards\AutoSamplingTheory.TechnicalLemmas.Analysis.PrefixIntegral.md
wrote research-wiki\sampling-sde-library\cards\AutoSamplingTheory.TechnicalLemmas.Analysis.QuadraticGradientDescent.md
wrote research-wiki\sampling-sde-library\cards\AutoSamplingTheory.TechnicalLemmas.Analysis.QuadraticRegularization.md
wrote research-wiki\sampling-sde-library\cards\AutoSamplingTheory.TechnicalLemmas.Analysis.QuadraticRegularizationFirstOrder.md
wrote research-wiki\sampling-sde-library\cards\AutoSamplingTheory.TechnicalLemmas.Analysis.QuadraticRegularizationOracle.md
wrote research-wiki\sampling-sde-library\cards\AutoSamplingTheory.TechnicalLemmas.Analysis.QuadraticRegularizationTransfer.md
wrote research-wiki\sampling-sde-library\cards\AutoSamplingTheory.TechnicalLemmas.Analysis.RestartLogComplexity.md
wrote research-wiki\sampling-sde-library\cards\AutoSamplingTheory.TechnicalLemmas.Analysis.RestartReduction.md
wrote research-wiki\sampling-sde-library\cards\AutoSamplingTheory.TechnicalLemmas.Analysis.SmoothnessEquivalences.md
wrote research-wiki\sampling-sde-library\cards\AutoSamplingTheory.TechnicalLemmas.Analysis.StrongConvexFirstOrder.md
wrote research-wiki\sampling-sde-library\cards\AutoSamplingTheory.TechnicalLemmas.Analysis.StrongConvexGibbsIntegrability.md
wrote research-wiki\sampling-sde-library\cards\AutoSamplingTheory.TechnicalLemmas.Analysis.StrongConvexGradientConverse.md
wrote research-wiki\sampling-sde-library\cards\AutoSamplingTheory.TechnicalLemmas.Analysis.StrongConvexMinimizer.md
wrote research-wiki\sampling-sde-library\cards\AutoSamplingTheory.TechnicalLemmas.Analysis.StrongConvexPLPullback.md
wrote research-wiki\sampling-sde-library\cards\AutoSamplingTheory.TechnicalLemmas.Analysis.UniformRegularization.md
wrote research-wiki\sampling-sde-library\cards\AutoSamplingTheory.TechnicalLemmas.Analysis.WeakGradientZero.md
wrote research-wiki\sampling-sde-library\cards\AutoSamplingTheory.TechnicalLemmas.Analysis.md
wrote research-wiki\sampling-sde-library\cards\AutoSamplingTheory.TechnicalLemmas.FunctionalInequalities.BakryEmeryInterpolation.md
wrote research-wiki\sampling-sde-library\cards\AutoSamplingTheory.TechnicalLemmas.FunctionalInequalities.BernoulliLogSobolev.md
wrote research-wiki\sampling-sde-library\cards\AutoSamplingTheory.TechnicalLemmas.FunctionalInequalities.CanonicalLogSobolev.md
wrote research-wiki\sampling-sde-library\cards\AutoSamplingTheory.TechnicalLemmas.FunctionalInequalities.CenteredDomainPoincare.md
wrote research-wiki\sampling-sde-library\cards\AutoSamplingTheory.TechnicalLemmas.FunctionalInequalities.CenteredGibbsResolventLimit.md
wrote research-wiki\sampling-sde-library\cards\AutoSamplingTheory.TechnicalLemmas.FunctionalInequalities.ClosedGraphResolvent.md
wrote research-wiki\sampling-sde-library\cards\AutoSamplingTheory.TechnicalLemmas.FunctionalInequalities.CompactC1GradientDomain.md
wrote research-wiki\sampling-sde-library\cards\AutoSamplingTheory.TechnicalLemmas.FunctionalInequalities.CompactPoissonSmoothGraph.md
wrote research-wiki\sampling-sde-library\cards\AutoSamplingTheory.TechnicalLemmas.FunctionalInequalities.CompactWeakPoissonSobolev.md
wrote research-wiki\sampling-sde-library\cards\AutoSamplingTheory.TechnicalLemmas.FunctionalInequalities.CompactWeightedPoissonCoercivity.md
wrote research-wiki\sampling-sde-library\cards\AutoSamplingTheory.TechnicalLemmas.FunctionalInequalities.ExponentialKernelInterpolation.md
wrote research-wiki\sampling-sde-library\cards\AutoSamplingTheory.TechnicalLemmas.FunctionalInequalities.ForcedSemigroupDecay.md
wrote research-wiki\sampling-sde-library\cards\AutoSamplingTheory.TechnicalLemmas.FunctionalInequalities.GaussianCompactEntropy.md
wrote research-wiki\sampling-sde-library\cards\AutoSamplingTheory.TechnicalLemmas.FunctionalInequalities.GaussianCompactHilbertLogSobolev.md
wrote research-wiki\sampling-sde-library\cards\AutoSamplingTheory.TechnicalLemmas.FunctionalInequalities.GaussianCompactLogSobolev.md
wrote research-wiki\sampling-sde-library\cards\AutoSamplingTheory.TechnicalLemmas.FunctionalInequalities.GaussianCompactProductLogSobolev.md
wrote research-wiki\sampling-sde-library\cards\AutoSamplingTheory.TechnicalLemmas.FunctionalInequalities.GaussianFlipEnergy.md
wrote research-wiki\sampling-sde-library\cards\AutoSamplingTheory.TechnicalLemmas.FunctionalInequalities.GaussianLogSobolev.md
wrote research-wiki\sampling-sde-library\cards\AutoSamplingTheory.TechnicalLemmas.FunctionalInequalities.GaussianMarginalGradient.md
wrote research-wiki\sampling-sde-library\cards\AutoSamplingTheory.TechnicalLemmas.FunctionalInequalities.GaussianMarginalPoincare.md
wrote research-wiki\sampling-sde-library\cards\AutoSamplingTheory.TechnicalLemmas.FunctionalInequalities.Generator.md
wrote research-wiki\sampling-sde-library\cards\AutoSamplingTheory.TechnicalLemmas.FunctionalInequalities.GibbsC1Poincare.md
wrote research-wiki\sampling-sde-library\cards\AutoSamplingTheory.TechnicalLemmas.FunctionalInequalities.GibbsGradientKernel.md
wrote research-wiki\sampling-sde-library\cards\AutoSamplingTheory.TechnicalLemmas.FunctionalInequalities.GibbsGradientKernelEquality.md
wrote research-wiki\sampling-sde-library\cards\AutoSamplingTheory.TechnicalLemmas.FunctionalInequalities.GibbsLinearCovarianceUpper.md
wrote research-wiki\sampling-sde-library\cards\AutoSamplingTheory.TechnicalLemmas.FunctionalInequalities.GlobalWeightedResolventCoercivity.md
wrote research-wiki\sampling-sde-library\cards\AutoSamplingTheory.TechnicalLemmas.FunctionalInequalities.LocalizedWeakResolvent.md
wrote research-wiki\sampling-sde-library\cards\AutoSamplingTheory.TechnicalLemmas.FunctionalInequalities.LogSobolev.md
wrote research-wiki\sampling-sde-library\cards\AutoSamplingTheory.TechnicalLemmas.FunctionalInequalities.OrdinaryWeakResolvent.md
wrote research-wiki\sampling-sde-library\cards\AutoSamplingTheory.TechnicalLemmas.FunctionalInequalities.Poincare.md
wrote research-wiki\sampling-sde-library\cards\AutoSamplingTheory.TechnicalLemmas.FunctionalInequalities.ScaledClosedGraphResolvent.md
wrote research-wiki\sampling-sde-library\cards\AutoSamplingTheory.TechnicalLemmas.FunctionalInequalities.SemigroupDecay.md
wrote research-wiki\sampling-sde-library\cards\AutoSamplingTheory.TechnicalLemmas.FunctionalInequalities.TwoPointEntropy.md
wrote research-wiki\sampling-sde-library\cards\AutoSamplingTheory.TechnicalLemmas.FunctionalInequalities.WeightedBochner.md
wrote research-wiki\sampling-sde-library\cards\AutoSamplingTheory.TechnicalLemmas.FunctionalInequalities.WeightedC1GradientDomain.md
wrote research-wiki\sampling-sde-library\cards\AutoSamplingTheory.TechnicalLemmas.FunctionalInequalities.WeightedGradient.md
wrote research-wiki\sampling-sde-library\cards\AutoSamplingTheory.TechnicalLemmas.FunctionalInequalities.WeightedGradientDistribution.md
wrote research-wiki\sampling-sde-library\cards\AutoSamplingTheory.TechnicalLemmas.FunctionalInequalities.WeightedGradientWeak.md
wrote research-wiki\sampling-sde-library\cards\AutoSamplingTheory.TechnicalLemmas.FunctionalInequalities.WeightedLocalL2.md
wrote research-wiki\sampling-sde-library\cards\AutoSamplingTheory.TechnicalLemmas.FunctionalInequalities.WeightedResolvent.md
wrote research-wiki\sampling-sde-library\cards\AutoSamplingTheory.TechnicalLemmas.FunctionalInequalities.WeightedResolventC1.md
wrote research-wiki\sampling-sde-library\cards\AutoSamplingTheory.TechnicalLemmas.FunctionalInequalities.md
wrote research-wiki\sampling-sde-library\cards\AutoSamplingTheory.TechnicalLemmas.Gaussian.md
wrote research-wiki\sampling-sde-library\cards\AutoSamplingTheory.TechnicalLemmas.Geometry.EuclideanSpaceCoordinates.md
wrote research-wiki\sampling-sde-library\cards\AutoSamplingTheory.TechnicalLemmas.Geometry.GeodesicConvexity.md
wrote research-wiki\sampling-sde-library\cards\AutoSamplingTheory.TechnicalLemmas.Geometry.LogConcavity.md
wrote research-wiki\sampling-sde-library\cards\AutoSamplingTheory.TechnicalLemmas.Geometry.MetricCurve.md
wrote research-wiki\sampling-sde-library\cards\AutoSamplingTheory.TechnicalLemmas.Geometry.SphereSecondOrder.md
wrote research-wiki\sampling-sde-library\cards\AutoSamplingTheory.TechnicalLemmas.Geometry.StrongConvexity.md
wrote research-wiki\sampling-sde-library\cards\AutoSamplingTheory.TechnicalLemmas.Geometry.UnitSphere.md
wrote research-wiki\sampling-sde-library\cards\AutoSamplingTheory.TechnicalLemmas.Geometry.md
wrote research-wiki\sampling-sde-library\cards\AutoSamplingTheory.TechnicalLemmas.InformationTheory.CanonicalDirichletFisher.md
wrote research-wiki\sampling-sde-library\cards\AutoSamplingTheory.TechnicalLemmas.InformationTheory.CanonicalFisherTransportPairing.md
wrote research-wiki\sampling-sde-library\cards\AutoSamplingTheory.TechnicalLemmas.InformationTheory.CanonicalKLDissipation.md
wrote research-wiki\sampling-sde-library\cards\AutoSamplingTheory.TechnicalLemmas.InformationTheory.CanonicalRelativeFisher.md
wrote research-wiki\sampling-sde-library\cards\AutoSamplingTheory.TechnicalLemmas.InformationTheory.DonskerVaradhan.md
wrote research-wiki\sampling-sde-library\cards\AutoSamplingTheory.TechnicalLemmas.InformationTheory.FisherTransport.md
wrote research-wiki\sampling-sde-library\cards\AutoSamplingTheory.TechnicalLemmas.InformationTheory.GeodesicFisherTransport.md
wrote research-wiki\sampling-sde-library\cards\AutoSamplingTheory.TechnicalLemmas.InformationTheory.KLDensity.md
wrote research-wiki\sampling-sde-library\cards\AutoSamplingTheory.TechnicalLemmas.InformationTheory.ProductEntropy.md
wrote research-wiki\sampling-sde-library\cards\AutoSamplingTheory.TechnicalLemmas.InformationTheory.QuadraticTiltFisher.md
wrote research-wiki\sampling-sde-library\cards\AutoSamplingTheory.TechnicalLemmas.InformationTheory.RelativeFisher.md
wrote research-wiki\sampling-sde-library\cards\AutoSamplingTheory.TechnicalLemmas.InformationTheory.Renyi.md
wrote research-wiki\sampling-sde-library\cards\AutoSamplingTheory.TechnicalLemmas.InformationTheory.RNLogRatio.md
wrote research-wiki\sampling-sde-library\cards\AutoSamplingTheory.TechnicalLemmas.InformationTheory.SimultaneousFDivergence.md
wrote research-wiki\sampling-sde-library\cards\AutoSamplingTheory.TechnicalLemmas.InformationTheory.SimultaneousFDivergenceGradient.md
wrote research-wiki\sampling-sde-library\cards\AutoSamplingTheory.TechnicalLemmas.InformationTheory.SimultaneousFDivergenceIntegral.md
wrote research-wiki\sampling-sde-library\cards\AutoSamplingTheory.TechnicalLemmas.InformationTheory.TiltedKL.md
wrote research-wiki\sampling-sde-library\cards\AutoSamplingTheory.TechnicalLemmas.InformationTheory.TiltedLogRatio.md
wrote research-wiki\sampling-sde-library\cards\AutoSamplingTheory.TechnicalLemmas.InformationTheory.md
wrote research-wiki\sampling-sde-library\cards\AutoSamplingTheory.TechnicalLemmas.Measure.AffineGibbs.md
wrote research-wiki\sampling-sde-library\cards\AutoSamplingTheory.TechnicalLemmas.Measure.CanonicalGlobalCompetitor.md
wrote research-wiki\sampling-sde-library\cards\AutoSamplingTheory.TechnicalLemmas.Measure.ChewiTheorem1_3_23.md
wrote research-wiki\sampling-sde-library\cards\AutoSamplingTheory.TechnicalLemmas.Measure.CommonMass.md
wrote research-wiki\sampling-sde-library\cards\AutoSamplingTheory.TechnicalLemmas.Measure.CommonMassNormalizedProduct.md
wrote research-wiki\sampling-sde-library\cards\AutoSamplingTheory.TechnicalLemmas.Measure.CommonMassProductMap.md
wrote research-wiki\sampling-sde-library\cards\AutoSamplingTheory.TechnicalLemmas.Measure.CommonMassSlice.md
wrote research-wiki\sampling-sde-library\cards\AutoSamplingTheory.TechnicalLemmas.Measure.CommonMassSliceFamily.md
wrote research-wiki\sampling-sde-library\cards\AutoSamplingTheory.TechnicalLemmas.Measure.CommonNoiseContraction.md
wrote research-wiki\sampling-sde-library\cards\AutoSamplingTheory.TechnicalLemmas.Measure.CommonRemovableMass.md
wrote research-wiki\sampling-sde-library\cards\AutoSamplingTheory.TechnicalLemmas.Measure.CommonSlicePermutationReplacement.md
wrote research-wiki\sampling-sde-library\cards\AutoSamplingTheory.TechnicalLemmas.Measure.ContinuousCostWeakLowerSemicontinuity.md
wrote research-wiki\sampling-sde-library\cards\AutoSamplingTheory.TechnicalLemmas.Measure.ConvexInteriorAE.md
wrote research-wiki\sampling-sde-library\cards\AutoSamplingTheory.TechnicalLemmas.Measure.CouplingAEMarginals.md
wrote research-wiki\sampling-sde-library\cards\AutoSamplingTheory.TechnicalLemmas.Measure.CouplingConvexDomainAE.md
wrote research-wiki\sampling-sde-library\cards\AutoSamplingTheory.TechnicalLemmas.Measure.CouplingGraph.md
wrote research-wiki\sampling-sde-library\cards\AutoSamplingTheory.TechnicalLemmas.Measure.CouplingGraphIdentity.md
wrote research-wiki\sampling-sde-library\cards\AutoSamplingTheory.TechnicalLemmas.Measure.CouplingQuadraticIntegrability.md
wrote research-wiki\sampling-sde-library\cards\AutoSamplingTheory.TechnicalLemmas.Measure.DisplacementChangeOfVariables.md
wrote research-wiki\sampling-sde-library\cards\AutoSamplingTheory.TechnicalLemmas.Measure.DisplacementConvexGradientPositive.md
wrote research-wiki\sampling-sde-library\cards\AutoSamplingTheory.TechnicalLemmas.Measure.DisplacementConvexPotentialSupport.md
wrote research-wiki\sampling-sde-library\cards\AutoSamplingTheory.TechnicalLemmas.Measure.DisplacementDerivativeDetPos.md
wrote research-wiki\sampling-sde-library\cards\AutoSamplingTheory.TechnicalLemmas.Measure.DisplacementDerivativeLogDet.md
wrote research-wiki\sampling-sde-library\cards\AutoSamplingTheory.TechnicalLemmas.Measure.DisplacementDerivativeMatrix.md
wrote research-wiki\sampling-sde-library\cards\AutoSamplingTheory.TechnicalLemmas.Measure.DisplacementEntropyPushforward.md
wrote research-wiki\sampling-sde-library\cards\AutoSamplingTheory.TechnicalLemmas.Measure.DisplacementGradientDerivativeSymmetry.md
wrote research-wiki\sampling-sde-library\cards\AutoSamplingTheory.TechnicalLemmas.Measure.DisplacementInterpolation.md
wrote research-wiki\sampling-sde-library\cards\AutoSamplingTheory.TechnicalLemmas.Measure.DisplacementInterpolationConstantSpeed.md
wrote research-wiki\sampling-sde-library\cards\AutoSamplingTheory.TechnicalLemmas.Measure.DisplacementInterpolationCost.md
wrote research-wiki\sampling-sde-library\cards\AutoSamplingTheory.TechnicalLemmas.Measure.DisplacementInterpolationCoupling.md
wrote research-wiki\sampling-sde-library\cards\AutoSamplingTheory.TechnicalLemmas.Measure.DisplacementInterpolationP2ConstantSpeed.md
wrote research-wiki\sampling-sde-library\cards\AutoSamplingTheory.TechnicalLemmas.Measure.DisplacementJacobianAffineSpectrum.md
wrote research-wiki\sampling-sde-library\cards\AutoSamplingTheory.TechnicalLemmas.Measure.DisplacementJacobianEntropy.md
wrote research-wiki\sampling-sde-library\cards\AutoSamplingTheory.TechnicalLemmas.Measure.DisplacementJacobianMatrixLogDet.md
wrote research-wiki\sampling-sde-library\cards\AutoSamplingTheory.TechnicalLemmas.Measure.DisplacementMapDerivative.md
wrote research-wiki\sampling-sde-library\cards\AutoSamplingTheory.TechnicalLemmas.Measure.DisplacementMapInjectivity.md
wrote research-wiki\sampling-sde-library\cards\AutoSamplingTheory.TechnicalLemmas.Measure.DisplacementMonotoneDerivative.md
wrote research-wiki\sampling-sde-library\cards\AutoSamplingTheory.TechnicalLemmas.Measure.DisplacementPositiveOperator.md
wrote research-wiki\sampling-sde-library\cards\AutoSamplingTheory.TechnicalLemmas.Measure.DisplacementPotentialEnergy.md
wrote research-wiki\sampling-sde-library\cards\AutoSamplingTheory.TechnicalLemmas.Measure.DisplacementRealQuadraticCost.md
wrote research-wiki\sampling-sde-library\cards\AutoSamplingTheory.TechnicalLemmas.Measure.DisplacementSupportingPotential.md
wrote research-wiki\sampling-sde-library\cards\AutoSamplingTheory.TechnicalLemmas.Measure.FiniteRemainder.md
wrote research-wiki\sampling-sde-library\cards\AutoSamplingTheory.TechnicalLemmas.Measure.FiniteSumDomination.md
wrote research-wiki\sampling-sde-library\cards\AutoSamplingTheory.TechnicalLemmas.Measure.GaussianConvolutionRegularity.md
wrote research-wiki\sampling-sde-library\cards\AutoSamplingTheory.TechnicalLemmas.Measure.GaussianLikelihood.md
wrote research-wiki\sampling-sde-library\cards\AutoSamplingTheory.TechnicalLemmas.Measure.GaussianReflectedMean.md
wrote research-wiki\sampling-sde-library\cards\AutoSamplingTheory.TechnicalLemmas.Measure.GaussianSmoothing.md
wrote research-wiki\sampling-sde-library\cards\AutoSamplingTheory.TechnicalLemmas.Measure.GaussianSqrtDensityDomain.md
wrote research-wiki\sampling-sde-library\cards\AutoSamplingTheory.TechnicalLemmas.Measure.Gibbs.md
wrote research-wiki\sampling-sde-library\cards\AutoSamplingTheory.TechnicalLemmas.Measure.GibbsIntegral.md
wrote research-wiki\sampling-sde-library\cards\AutoSamplingTheory.TechnicalLemmas.Measure.GibbsLogConcavity.md
wrote research-wiki\sampling-sde-library\cards\AutoSamplingTheory.TechnicalLemmas.Measure.IsotropicGaussianDensity.md
wrote research-wiki\sampling-sde-library\cards\AutoSamplingTheory.TechnicalLemmas.Measure.KantorovichDual.md
wrote research-wiki\sampling-sde-library\cards\AutoSamplingTheory.TechnicalLemmas.Measure.L2Expectation.md
wrote research-wiki\sampling-sde-library\cards\AutoSamplingTheory.TechnicalLemmas.Measure.L2PullbackRange.md
wrote research-wiki\sampling-sde-library\cards\AutoSamplingTheory.TechnicalLemmas.Measure.L2RealComplexOperator.md
wrote research-wiki\sampling-sde-library\cards\AutoSamplingTheory.TechnicalLemmas.Measure.L2RealSquareRoot.md
wrote research-wiki\sampling-sde-library\cards\AutoSamplingTheory.TechnicalLemmas.Measure.L2RealSquareRootUnique.md
wrote research-wiki\sampling-sde-library\cards\AutoSamplingTheory.TechnicalLemmas.Measure.OptimalContinuousCost.md
wrote research-wiki\sampling-sde-library\cards\AutoSamplingTheory.TechnicalLemmas.Measure.PermutedMarginalReplacement.md
wrote research-wiki\sampling-sde-library\cards\AutoSamplingTheory.TechnicalLemmas.Measure.PermutedReplacementQuadraticCost.md
wrote research-wiki\sampling-sde-library\cards\AutoSamplingTheory.TechnicalLemmas.Measure.PositiveComponentAE.md
wrote research-wiki\sampling-sde-library\cards\AutoSamplingTheory.TechnicalLemmas.Measure.PowerPerspective.md
wrote research-wiki\sampling-sde-library\cards\AutoSamplingTheory.TechnicalLemmas.Measure.ProbabilityCouplingCompactness.md
wrote research-wiki\sampling-sde-library\cards\AutoSamplingTheory.TechnicalLemmas.Measure.Product.md
wrote research-wiki\sampling-sde-library\cards\AutoSamplingTheory.TechnicalLemmas.Measure.QuadraticOptimalBrenierMap.md
wrote research-wiki\sampling-sde-library\cards\AutoSamplingTheory.TechnicalLemmas.Measure.QuadraticOptimalMap.md
wrote research-wiki\sampling-sde-library\cards\AutoSamplingTheory.TechnicalLemmas.Measure.QuadraticOptimalMapUniqueness.md
wrote research-wiki\sampling-sde-library\cards\AutoSamplingTheory.TechnicalLemmas.Measure.QuadraticOptimalMidpoint.md
wrote research-wiki\sampling-sde-library\cards\AutoSamplingTheory.TechnicalLemmas.Measure.QuadraticOptimalRealMinimality.md
wrote research-wiki\sampling-sde-library\cards\AutoSamplingTheory.TechnicalLemmas.Measure.QuadraticOptimalSupportCyclic.md
wrote research-wiki\sampling-sde-library\cards\AutoSamplingTheory.TechnicalLemmas.Measure.QuadraticOptimalUniqueness.md
wrote research-wiki\sampling-sde-library\cards\AutoSamplingTheory.TechnicalLemmas.Measure.QuantitativeSupportLocalBlocks.md
wrote research-wiki\sampling-sde-library\cards\AutoSamplingTheory.TechnicalLemmas.Measure.RadonNikodym.md
wrote research-wiki\sampling-sde-library\cards\AutoSamplingTheory.TechnicalLemmas.Measure.RandomizedMapTransport.md
wrote research-wiki\sampling-sde-library\cards\AutoSamplingTheory.TechnicalLemmas.Measure.ReplacementCompetitor.md
wrote research-wiki\sampling-sde-library\cards\AutoSamplingTheory.TechnicalLemmas.Measure.ReplacementCompetitorQuadraticCost.md
wrote research-wiki\sampling-sde-library\cards\AutoSamplingTheory.TechnicalLemmas.Measure.StrictCycleCheaperLocalReplacement.md
wrote research-wiki\sampling-sde-library\cards\AutoSamplingTheory.TechnicalLemmas.Measure.SupportLocalBlocks.md
wrote research-wiki\sampling-sde-library\cards\AutoSamplingTheory.TechnicalLemmas.Measure.Transport.md
wrote research-wiki\sampling-sde-library\cards\AutoSamplingTheory.TechnicalLemmas.Measure.TransportGluing.md
wrote research-wiki\sampling-sde-library\cards\AutoSamplingTheory.TechnicalLemmas.Measure.WassersteinFiniteSecondMoment.md
wrote research-wiki\sampling-sde-library\cards\AutoSamplingTheory.TechnicalLemmas.Measure.WassersteinLipschitzMoment.md
wrote research-wiki\sampling-sde-library\cards\AutoSamplingTheory.TechnicalLemmas.Measure.WassersteinSpace.md
wrote research-wiki\sampling-sde-library\cards\AutoSamplingTheory.TechnicalLemmas.Measure.WassersteinSymmetry.md
wrote research-wiki\sampling-sde-library\cards\AutoSamplingTheory.TechnicalLemmas.Measure.WassersteinTriangle.md
wrote research-wiki\sampling-sde-library\cards\AutoSamplingTheory.TechnicalLemmas.Measure.WassersteinTriangleCore.md
wrote research-wiki\sampling-sde-library\cards\AutoSamplingTheory.TechnicalLemmas.Measure.WassersteinTriangleExact.md
wrote research-wiki\sampling-sde-library\cards\AutoSamplingTheory.TechnicalLemmas.Measure.WassersteinTriangleMarginals.md
wrote research-wiki\sampling-sde-library\cards\AutoSamplingTheory.TechnicalLemmas.Measure.md
wrote research-wiki\sampling-sde-library\cards\AutoSamplingTheory.TechnicalLemmas.Probability.BalancedRademacherCLT.md
wrote research-wiki\sampling-sde-library\cards\AutoSamplingTheory.TechnicalLemmas.Probability.ConditionalKernel.md
wrote research-wiki\sampling-sde-library\cards\AutoSamplingTheory.TechnicalLemmas.Probability.ConditionalResampling.md
wrote research-wiki\sampling-sde-library\cards\AutoSamplingTheory.TechnicalLemmas.Probability.CoordinateHeatBath.md
wrote research-wiki\sampling-sde-library\cards\AutoSamplingTheory.TechnicalLemmas.Probability.CoordinateHeatBathConditional.md
wrote research-wiki\sampling-sde-library\cards\AutoSamplingTheory.TechnicalLemmas.Probability.EmpiricalCovariance.md
wrote research-wiki\sampling-sde-library\cards\AutoSamplingTheory.TechnicalLemmas.Probability.FiniteProductPairMarginal.md
wrote research-wiki\sampling-sde-library\cards\AutoSamplingTheory.TechnicalLemmas.Probability.FiniteProductSupport.md
wrote research-wiki\sampling-sde-library\cards\AutoSamplingTheory.TechnicalLemmas.Probability.GaussianConditionalKernel.md
wrote research-wiki\sampling-sde-library\cards\AutoSamplingTheory.TechnicalLemmas.Probability.GaussianLipschitzExponential.md
wrote research-wiki\sampling-sde-library\cards\AutoSamplingTheory.TechnicalLemmas.Probability.HeatBath.md
wrote research-wiki\sampling-sde-library\cards\AutoSamplingTheory.TechnicalLemmas.Probability.KernelHybridTelescope.md
wrote research-wiki\sampling-sde-library\cards\AutoSamplingTheory.TechnicalLemmas.Probability.KernelInvariance.md
wrote research-wiki\sampling-sde-library\cards\AutoSamplingTheory.TechnicalLemmas.Probability.KernelMixture.md
wrote research-wiki\sampling-sde-library\cards\AutoSamplingTheory.TechnicalLemmas.Probability.KernelReversibility.md
wrote research-wiki\sampling-sde-library\cards\AutoSamplingTheory.TechnicalLemmas.Probability.KernelTotalVariation.md
wrote research-wiki\sampling-sde-library\cards\AutoSamplingTheory.TechnicalLemmas.Probability.KernelTransport.md
wrote research-wiki\sampling-sde-library\cards\AutoSamplingTheory.TechnicalLemmas.Probability.LawMap.md
wrote research-wiki\sampling-sde-library\cards\AutoSamplingTheory.TechnicalLemmas.Probability.NormalizedFiniteMeasure.md
wrote research-wiki\sampling-sde-library\cards\AutoSamplingTheory.TechnicalLemmas.Probability.NormalizedFiniteMeasureIntegral.md
wrote research-wiki\sampling-sde-library\cards\AutoSamplingTheory.TechnicalLemmas.Probability.RandomScanHeatBath.md
wrote research-wiki\sampling-sde-library\cards\AutoSamplingTheory.TechnicalLemmas.Probability.RandomScanHeatBathReversibility.md
wrote research-wiki\sampling-sde-library\cards\AutoSamplingTheory.TechnicalLemmas.Probability.StdGaussianMoment.md
wrote research-wiki\sampling-sde-library\cards\AutoSamplingTheory.TechnicalLemmas.Probability.UniformExpectationGap.md
wrote research-wiki\sampling-sde-library\cards\AutoSamplingTheory.TechnicalLemmas.Probability.md
wrote research-wiki\sampling-sde-library\cards\AutoSamplingTheory.TechnicalLemmas.ProbabilityDistributions.Gaussian.md
wrote research-wiki\sampling-sde-library\cards\AutoSamplingTheory.TechnicalLemmas.ProbabilityDistributions.md
wrote research-wiki\sampling-sde-library\cards\AutoSamplingTheory.TechnicalLemmas.Registry.md
wrote research-wiki\sampling-sde-library\cards\AutoSamplingTheory.TechnicalLemmas.SALDExtracted.md
wrote research-wiki\sampling-sde-library\cards\AutoSamplingTheory.TechnicalLemmas.StochasticProcesses.AccumulatedEnergy.md
wrote research-wiki\sampling-sde-library\cards\AutoSamplingTheory.TechnicalLemmas.StochasticProcesses.BakryEmeryCalculus.md
wrote research-wiki\sampling-sde-library\cards\AutoSamplingTheory.TechnicalLemmas.StochasticProcesses.BakryEmeryGradientContraction.md
wrote research-wiki\sampling-sde-library\cards\AutoSamplingTheory.TechnicalLemmas.StochasticProcesses.BoundedStoppedItoMean.md
wrote research-wiki\sampling-sde-library\cards\AutoSamplingTheory.TechnicalLemmas.StochasticProcesses.BrownianMotion.md
wrote research-wiki\sampling-sde-library\cards\AutoSamplingTheory.TechnicalLemmas.StochasticProcesses.BrownianQuadraticVariation.md
wrote research-wiki\sampling-sde-library\cards\AutoSamplingTheory.TechnicalLemmas.StochasticProcesses.BrownianQuadraticVariationL2.md
wrote research-wiki\sampling-sde-library\cards\AutoSamplingTheory.TechnicalLemmas.StochasticProcesses.CanonicalEnergyLocalizer.md
wrote research-wiki\sampling-sde-library\cards\AutoSamplingTheory.TechnicalLemmas.StochasticProcesses.CanonicalEnergyStoppingTime.md
wrote research-wiki\sampling-sde-library\cards\AutoSamplingTheory.TechnicalLemmas.StochasticProcesses.CanonicalLocalizationTheorem.md
wrote research-wiki\sampling-sde-library\cards\AutoSamplingTheory.TechnicalLemmas.StochasticProcesses.CanonicalRawLocalization.md
wrote research-wiki\sampling-sde-library\cards\AutoSamplingTheory.TechnicalLemmas.StochasticProcesses.CanonicalRawLocalizationL2.md
wrote research-wiki\sampling-sde-library\cards\AutoSamplingTheory.TechnicalLemmas.StochasticProcesses.CanonicalStoppedItoIntegral.md
wrote research-wiki\sampling-sde-library\cards\AutoSamplingTheory.TechnicalLemmas.StochasticProcesses.CarreDuChamp.md
wrote research-wiki\sampling-sde-library\cards\AutoSamplingTheory.TechnicalLemmas.StochasticProcesses.ChewiDefinition1_1_17.md
wrote research-wiki\sampling-sde-library\cards\AutoSamplingTheory.TechnicalLemmas.StochasticProcesses.ChewiDisplay1_1_18.md
wrote research-wiki\sampling-sde-library\cards\AutoSamplingTheory.TechnicalLemmas.StochasticProcesses.ChewiItoProcess.md
wrote research-wiki\sampling-sde-library\cards\AutoSamplingTheory.TechnicalLemmas.StochasticProcesses.ChewiItoProcessProgressive.md
wrote research-wiki\sampling-sde-library\cards\AutoSamplingTheory.TechnicalLemmas.StochasticProcesses.ChewiProposition1_1_16.md
wrote research-wiki\sampling-sde-library\cards\AutoSamplingTheory.TechnicalLemmas.StochasticProcesses.CoefficientTruncation.md
wrote research-wiki\sampling-sde-library\cards\AutoSamplingTheory.TechnicalLemmas.StochasticProcesses.CompletedEnergy.md
wrote research-wiki\sampling-sde-library\cards\AutoSamplingTheory.TechnicalLemmas.StochasticProcesses.CompletedIntegrand.md
wrote research-wiki\sampling-sde-library\cards\AutoSamplingTheory.TechnicalLemmas.StochasticProcesses.ContinuousDoobL2.md
wrote research-wiki\sampling-sde-library\cards\AutoSamplingTheory.TechnicalLemmas.StochasticProcesses.DiscreteDoobL2.md
wrote research-wiki\sampling-sde-library\cards\AutoSamplingTheory.TechnicalLemmas.StochasticProcesses.DiscreteDoobLpPort.md
wrote research-wiki\sampling-sde-library\cards\AutoSamplingTheory.TechnicalLemmas.StochasticProcesses.DyadicElementaryRefinement.md
wrote research-wiki\sampling-sde-library\cards\AutoSamplingTheory.TechnicalLemmas.StochasticProcesses.DyadicElementaryStopping.md
wrote research-wiki\sampling-sde-library\cards\AutoSamplingTheory.TechnicalLemmas.StochasticProcesses.DyadicGlobalHorizon.md
wrote research-wiki\sampling-sde-library\cards\AutoSamplingTheory.TechnicalLemmas.StochasticProcesses.DyadicGridStoppingIto.md
wrote research-wiki\sampling-sde-library\cards\AutoSamplingTheory.TechnicalLemmas.StochasticProcesses.DyadicHorizonExtension.md
wrote research-wiki\sampling-sde-library\cards\AutoSamplingTheory.TechnicalLemmas.StochasticProcesses.DyadicHorizonIto.md
wrote research-wiki\sampling-sde-library\cards\AutoSamplingTheory.TechnicalLemmas.StochasticProcesses.ElementaryItoAlgebra.md
wrote research-wiki\sampling-sde-library\cards\AutoSamplingTheory.TechnicalLemmas.StochasticProcesses.ElementaryItoDoobL2.md
wrote research-wiki\sampling-sde-library\cards\AutoSamplingTheory.TechnicalLemmas.StochasticProcesses.ElementaryItoEmbedding.md
wrote research-wiki\sampling-sde-library\cards\AutoSamplingTheory.TechnicalLemmas.StochasticProcesses.ElementaryItoIntegral.md
wrote research-wiki\sampling-sde-library\cards\AutoSamplingTheory.TechnicalLemmas.StochasticProcesses.ElementaryItoIsometry.md
wrote research-wiki\sampling-sde-library\cards\AutoSamplingTheory.TechnicalLemmas.StochasticProcesses.ElementaryItoL2.md
wrote research-wiki\sampling-sde-library\cards\AutoSamplingTheory.TechnicalLemmas.StochasticProcesses.ElementaryItoProcess.md
wrote research-wiki\sampling-sde-library\cards\AutoSamplingTheory.TechnicalLemmas.StochasticProcesses.ElementaryStoppingTime.md
wrote research-wiki\sampling-sde-library\cards\AutoSamplingTheory.TechnicalLemmas.StochasticProcesses.EnergyPathContinuity.md
wrote research-wiki\sampling-sde-library\cards\AutoSamplingTheory.TechnicalLemmas.StochasticProcesses.EnergyStoppedIntegrand.md
wrote research-wiki\sampling-sde-library\cards\AutoSamplingTheory.TechnicalLemmas.StochasticProcesses.EnergyStoppedItoOverlap.md
wrote research-wiki\sampling-sde-library\cards\AutoSamplingTheory.TechnicalLemmas.StochasticProcesses.EnergyStoppedProgressiveL2.md
wrote research-wiki\sampling-sde-library\cards\AutoSamplingTheory.TechnicalLemmas.StochasticProcesses.EnergyStoppingBoundaryBridge.md
wrote research-wiki\sampling-sde-library\cards\AutoSamplingTheory.TechnicalLemmas.StochasticProcesses.EnergyStoppingL2Bridge.md
wrote research-wiki\sampling-sde-library\cards\AutoSamplingTheory.TechnicalLemmas.StochasticProcesses.EuclideanBrownianCoordinates.md
wrote research-wiki\sampling-sde-library\cards\AutoSamplingTheory.TechnicalLemmas.StochasticProcesses.FellerGeneratorBridge.md
wrote research-wiki\sampling-sde-library\cards\AutoSamplingTheory.TechnicalLemmas.StochasticProcesses.FellerSemigroup.md
wrote research-wiki\sampling-sde-library\cards\AutoSamplingTheory.TechnicalLemmas.StochasticProcesses.FiniteDimensionalItoProcess.md
wrote research-wiki\sampling-sde-library\cards\AutoSamplingTheory.TechnicalLemmas.StochasticProcesses.FiniteDimensionalItoProcessProgressive.md
wrote research-wiki\sampling-sde-library\cards\AutoSamplingTheory.TechnicalLemmas.StochasticProcesses.FiniteDimensionalNormBridge.md
wrote research-wiki\sampling-sde-library\cards\AutoSamplingTheory.TechnicalLemmas.StochasticProcesses.FiniteTimeGrid.md
wrote research-wiki\sampling-sde-library\cards\AutoSamplingTheory.TechnicalLemmas.StochasticProcesses.FokkerPlanckAlgebra.md
wrote research-wiki\sampling-sde-library\cards\AutoSamplingTheory.TechnicalLemmas.StochasticProcesses.GaussianFourthMoment.md
wrote research-wiki\sampling-sde-library\cards\AutoSamplingTheory.TechnicalLemmas.StochasticProcesses.GeneratorStationarity.md
wrote research-wiki\sampling-sde-library\cards\AutoSamplingTheory.TechnicalLemmas.StochasticProcesses.Girsanov.md
wrote research-wiki\sampling-sde-library\cards\AutoSamplingTheory.TechnicalLemmas.StochasticProcesses.GlobalCanonicalLocalizer.md
wrote research-wiki\sampling-sde-library\cards\AutoSamplingTheory.TechnicalLemmas.StochasticProcesses.GlobalCanonicalLocalizerLimit.md
wrote research-wiki\sampling-sde-library\cards\AutoSamplingTheory.TechnicalLemmas.StochasticProcesses.GlobalItoProcessGluing.md
wrote research-wiki\sampling-sde-library\cards\AutoSamplingTheory.TechnicalLemmas.StochasticProcesses.GlobalItoProcessProgressive.md
wrote research-wiki\sampling-sde-library\cards\AutoSamplingTheory.TechnicalLemmas.StochasticProcesses.GlobalLocalProgressiveL2.md
wrote research-wiki\sampling-sde-library\cards\AutoSamplingTheory.TechnicalLemmas.StochasticProcesses.GlobalStoppedItoMartingale.md
wrote research-wiki\sampling-sde-library\cards\AutoSamplingTheory.TechnicalLemmas.StochasticProcesses.GlobalStoppedItoOverlap.md
wrote research-wiki\sampling-sde-library\cards\AutoSamplingTheory.TechnicalLemmas.StochasticProcesses.GlobalStoppedL2Overlap.md
wrote research-wiki\sampling-sde-library\cards\AutoSamplingTheory.TechnicalLemmas.StochasticProcesses.GlobalStoppedProgressiveL2.md
wrote research-wiki\sampling-sde-library\cards\AutoSamplingTheory.TechnicalLemmas.StochasticProcesses.ItoFormulaAlgebra.md
wrote research-wiki\sampling-sde-library\cards\AutoSamplingTheory.TechnicalLemmas.StochasticProcesses.ItoHorizonConsistency.md
wrote research-wiki\sampling-sde-library\cards\AutoSamplingTheory.TechnicalLemmas.StochasticProcesses.ItoHorizonProcessConsistency.md
wrote research-wiki\sampling-sde-library\cards\AutoSamplingTheory.TechnicalLemmas.StochasticProcesses.ItoIntegralProcess.md
wrote research-wiki\sampling-sde-library\cards\AutoSamplingTheory.TechnicalLemmas.StochasticProcesses.ItoIntegralProcessAfterHorizon.md
wrote research-wiki\sampling-sde-library\cards\AutoSamplingTheory.TechnicalLemmas.StochasticProcesses.ItoIntegralProcessCongruence.md
wrote research-wiki\sampling-sde-library\cards\AutoSamplingTheory.TechnicalLemmas.StochasticProcesses.ItoIntegralProcessGlobalContinuity.md
wrote research-wiki\sampling-sde-library\cards\AutoSamplingTheory.TechnicalLemmas.StochasticProcesses.ItoTerminalCompletion.md
wrote research-wiki\sampling-sde-library\cards\AutoSamplingTheory.TechnicalLemmas.StochasticProcesses.L2GeneratorIdentities.md
wrote research-wiki\sampling-sde-library\cards\AutoSamplingTheory.TechnicalLemmas.StochasticProcesses.LaggedDyadicApproximation.md
wrote research-wiki\sampling-sde-library\cards\AutoSamplingTheory.TechnicalLemmas.StochasticProcesses.LaggedDyadicConvergence.md
wrote research-wiki\sampling-sde-library\cards\AutoSamplingTheory.TechnicalLemmas.StochasticProcesses.Langevin.md
wrote research-wiki\sampling-sde-library\cards\AutoSamplingTheory.TechnicalLemmas.StochasticProcesses.LangevinCanonicalFisherGamma.md
wrote research-wiki\sampling-sde-library\cards\AutoSamplingTheory.TechnicalLemmas.StochasticProcesses.LangevinCarreDuChamp.md
wrote research-wiki\sampling-sde-library\cards\AutoSamplingTheory.TechnicalLemmas.StochasticProcesses.LangevinGenerator.md
wrote research-wiki\sampling-sde-library\cards\AutoSamplingTheory.TechnicalLemmas.StochasticProcesses.LangevinKLDissipation.md
wrote research-wiki\sampling-sde-library\cards\AutoSamplingTheory.TechnicalLemmas.StochasticProcesses.Localization.md
wrote research-wiki\sampling-sde-library\cards\AutoSamplingTheory.TechnicalLemmas.StochasticProcesses.LocalProgressiveL2.md
wrote research-wiki\sampling-sde-library\cards\AutoSamplingTheory.TechnicalLemmas.StochasticProcesses.MarkovMeasureEvolution.md
wrote research-wiki\sampling-sde-library\cards\AutoSamplingTheory.TechnicalLemmas.StochasticProcesses.MarkovSemigroup.md
wrote research-wiki\sampling-sde-library\cards\AutoSamplingTheory.TechnicalLemmas.StochasticProcesses.Martingale.md
wrote research-wiki\sampling-sde-library\cards\AutoSamplingTheory.TechnicalLemmas.StochasticProcesses.OperatorGenerator.md
wrote research-wiki\sampling-sde-library\cards\AutoSamplingTheory.TechnicalLemmas.StochasticProcesses.OperatorGeneratorDomain.md
wrote research-wiki\sampling-sde-library\cards\AutoSamplingTheory.TechnicalLemmas.StochasticProcesses.ProgressiveDriftIntegral.md
wrote research-wiki\sampling-sde-library\cards\AutoSamplingTheory.TechnicalLemmas.StochasticProcesses.ProgressiveL2.md
wrote research-wiki\sampling-sde-library\cards\AutoSamplingTheory.TechnicalLemmas.StochasticProcesses.ProgressiveL2Algebra.md
wrote research-wiki\sampling-sde-library\cards\AutoSamplingTheory.TechnicalLemmas.StochasticProcesses.ProgressiveL2Density.md
wrote research-wiki\sampling-sde-library\cards\AutoSamplingTheory.TechnicalLemmas.StochasticProcesses.ProgressiveL2HorizonExtension.md
wrote research-wiki\sampling-sde-library\cards\AutoSamplingTheory.TechnicalLemmas.StochasticProcesses.ProgressiveL2Stopping.md
wrote research-wiki\sampling-sde-library\cards\AutoSamplingTheory.TechnicalLemmas.StochasticProcesses.ProgressiveL2Truncation.md
wrote research-wiki\sampling-sde-library\cards\AutoSamplingTheory.TechnicalLemmas.StochasticProcesses.RandomStoppingBoundary.md
wrote research-wiki\sampling-sde-library\cards\AutoSamplingTheory.TechnicalLemmas.StochasticProcesses.RandomStoppingDyadicApprox.md
wrote research-wiki\sampling-sde-library\cards\AutoSamplingTheory.TechnicalLemmas.StochasticProcesses.RandomStoppingGeneralIto.md
wrote research-wiki\sampling-sde-library\cards\AutoSamplingTheory.TechnicalLemmas.StochasticProcesses.RandomStoppingIntegrandLimit.md
wrote research-wiki\sampling-sde-library\cards\AutoSamplingTheory.TechnicalLemmas.StochasticProcesses.RandomStoppingItoTerminal.md
wrote research-wiki\sampling-sde-library\cards\AutoSamplingTheory.TechnicalLemmas.StochasticProcesses.RandomStoppingL2Contraction.md
wrote research-wiki\sampling-sde-library\cards\AutoSamplingTheory.TechnicalLemmas.StochasticProcesses.RandomStoppingL2Convergence.md
wrote research-wiki\sampling-sde-library\cards\AutoSamplingTheory.TechnicalLemmas.StochasticProcesses.RandomStoppingProcessApprox.md
wrote research-wiki\sampling-sde-library\cards\AutoSamplingTheory.TechnicalLemmas.StochasticProcesses.RandomStoppingProcessConsistency.md
wrote research-wiki\sampling-sde-library\cards\AutoSamplingTheory.TechnicalLemmas.StochasticProcesses.RandomStoppingProgressiveL2.md
wrote research-wiki\sampling-sde-library\cards\AutoSamplingTheory.TechnicalLemmas.StochasticProcesses.Reversibility.md
wrote research-wiki\sampling-sde-library\cards\AutoSamplingTheory.TechnicalLemmas.StochasticProcesses.ReversibleGenerator.md
wrote research-wiki\sampling-sde-library\cards\AutoSamplingTheory.TechnicalLemmas.StochasticProcesses.SampledElementaryApproximation.md
wrote research-wiki\sampling-sde-library\cards\AutoSamplingTheory.TechnicalLemmas.StochasticProcesses.StationarityEquivalence.md
wrote research-wiki\sampling-sde-library\cards\AutoSamplingTheory.TechnicalLemmas.StochasticProcesses.StoppingGraphNull.md
wrote research-wiki\sampling-sde-library\cards\AutoSamplingTheory.TechnicalLemmas.StochasticProcesses.StoppingTime.md
wrote research-wiki\sampling-sde-library\cards\AutoSamplingTheory.TechnicalLemmas.StochasticProcesses.TimeMeasure.md
wrote research-wiki\sampling-sde-library\cards\AutoSamplingTheory.TechnicalLemmas.StochasticProcesses.TimeMeasureRealBridge.md
wrote research-wiki\sampling-sde-library\cards\AutoSamplingTheory.TechnicalLemmas.StochasticProcesses.VectorBrownianFiltration.md
wrote research-wiki\sampling-sde-library\cards\AutoSamplingTheory.TechnicalLemmas.StochasticProcesses.WeakForwardEquation.md
wrote research-wiki\sampling-sde-library\cards\AutoSamplingTheory.TechnicalLemmas.StochasticProcesses.WeakGenerator.md
wrote research-wiki\sampling-sde-library\cards\AutoSamplingTheory.TechnicalLemmas.StochasticProcesses.md
wrote research-wiki\sampling-sde-library\cards\AutoSamplingTheory.TechnicalLemmas.Taylor.md
wrote research-wiki\sampling-sde-library\cards\AutoSamplingTheory.TechnicalLemmas.Variational.md
wrote research-wiki\sampling-sde-library\cards\AutoSamplingTheory.TechnicalLemmas.md
wrote research-wiki\external-lean-libraries\mathlib.md
wrote research-wiki\external-lean-libraries\lean-stat-learning-theory.md
wrote research-wiki\external-lean-libraries\lean-rademacher.md
wrote research-wiki\external-lean-libraries\log-concave-sampling-notes.md
wrote research-wiki\external-lean-libraries\lean-asymptotic-statistical-theory.md
wrote research-wiki\external-lean-libraries\atlas-v1.md
wrote research-wiki\retrieval-index\external-lean-reference-cards.json
wrote docs\mathlib_ready_leaf_protocol.md
wrote research-wiki\lemma-dags\README.md
wrote research-wiki\lemma-dags\SDE_Sampling_skill_tree.md
wrote research-wiki\lemma-dags\SALD_weak_fp_leaf_dag.md
wrote research-wiki\lemma-dags\Pro_assimilated_leaf_targets.md
wrote docs\assets\sampling_lemma_dag.mmd
wrote docs\assets\sampling_sde_leaf_network.svg
wrote agent-briefs\mathlib_ready_leaf_packet.md
wrote docs\mathlib_ready_leaf_reviewer_checklist.md
wrote agent-briefs\mathlib_ready_leaf_reviewer_checklist.md
wrote research-wiki\lemma-dags\log_concave_sampling_foundation.md
wrote docs\assets\log_concave_sampling_foundation.mmd
wrote docs\assets\log_concave_sampling_foundation.svg
wrote docs\assets\log_concave_sampling_status.mmd
wrote docs\assets\log_concave_sampling_status.svg
wrote research-wiki\sampling-sde-library\log_concave_sampling_overview.md
wrote agent-briefs\log_concave_sampling_6h_execution_pack.md
warning: could not render PNG preview with C:\WINDOWS\system32\convert.EXE: Invalid Parameter - E:\Samplinglib\docs\assets\log_concave_sampling_foundation.png
warning: could not render PNG preview with C:\WINDOWS\system32\convert.EXE: Invalid Parameter - E:\Samplinglib\docs\assets\log_concave_sampling_status.png
wrote research-wiki\sampling-sde-library\roadmap\log_concave_sampling_to_lean_tree.md
wrote research-wiki\retrieval-index\log-concave-sampling-to-lean-tree.json
wrote research-wiki\retrieval-index\ASTIS-CHEWI-001.json
warning: could not render PNG preview with C:\WINDOWS\system32\convert.EXE: Invalid Parameter - E:\Samplinglib\docs\assets\sampling_sde_leaf_network.png
wrote research-wiki\technical-lemmas\README.md
wrote research-wiki\technical-lemma-memory\README.md
wrote research-wiki\technical-lemmas\mathlib_ready_leaf_template.md
wrote research-wiki\technical-lemma-memory\mathlib_ready_leaf_template.md
wrote research-wiki\technical-lemmas\hidden_regularities.md
wrote research-wiki\technical-lemma-memory\hidden_regularities.md
wrote research-wiki\retrieval-index\mathlib-ready-leaf-protocol.json
module-graph-refresh wrote:
- docs\module-graph.svg
- docs\assets\astis_lean_arsenal_module_graph.svg
- research-wiki\sampling-sde-library\lean-leaf-module-graph.md
- research-wiki\sampling-sde-library\index.md
- research-wiki\retrieval-index\astis-lean-arsenal-module-graph.json
- research-wiki\sampling-sde-library\cards\AutoSamplingTheory.Automation.md
- research-wiki\sampling-sde-library\cards\AutoSamplingTheory.Core.md
- research-wiki\sampling-sde-library\cards\AutoSamplingTheory.ExampleCases.ProximalBPS.CenteredDefectOperator.md
- research-wiki\sampling-sde-library\cards\AutoSamplingTheory.ExampleCases.ProximalBPS.ConditionalBochner.md
- research-wiki\sampling-sde-library\cards\AutoSamplingTheory.ExampleCases.ProximalBPS.ConditionalC1Resolvent.md
- research-wiki\sampling-sde-library\cards\AutoSamplingTheory.ExampleCases.ProximalBPS.ConditionalCenteredResolventLimit.md
- research-wiki\sampling-sde-library\cards\AutoSamplingTheory.ExampleCases.ProximalBPS.ConditionalCompactCoercivity.md
- research-wiki\sampling-sde-library\cards\AutoSamplingTheory.ExampleCases.ProximalBPS.ConditionalCompactSmoothGraph.md
- research-wiki\sampling-sde-library\cards\AutoSamplingTheory.ExampleCases.ProximalBPS.ConditionalGlobalCoercivity.md
- research-wiki\sampling-sde-library\cards\AutoSamplingTheory.ExampleCases.ProximalBPS.ConditionalGradient.md
- research-wiki\sampling-sde-library\cards\AutoSamplingTheory.ExampleCases.ProximalBPS.ConditionalGradientEnergy.md
- research-wiki\sampling-sde-library\cards\AutoSamplingTheory.ExampleCases.ProximalBPS.ConditionalGradientKernel.md
- research-wiki\sampling-sde-library\cards\AutoSamplingTheory.ExampleCases.ProximalBPS.ConditionalGradientVariance.md
- research-wiki\sampling-sde-library\cards\AutoSamplingTheory.ExampleCases.ProximalBPS.ConditionalLocalizedResolvent.md
- research-wiki\sampling-sde-library\cards\AutoSamplingTheory.ExampleCases.ProximalBPS.ConditionalLocalizedSobolev.md
- research-wiki\sampling-sde-library\cards\AutoSamplingTheory.ExampleCases.ProximalBPS.ConditionalOrdinaryResolvent.md
- research-wiki\sampling-sde-library\cards\AutoSamplingTheory.ExampleCases.ProximalBPS.ConditionalResolvent.md
- research-wiki\sampling-sde-library\cards\AutoSamplingTheory.ExampleCases.ProximalBPS.ConditionalScore.md
- research-wiki\sampling-sde-library\cards\AutoSamplingTheory.ExampleCases.ProximalBPS.ConditionalScoreClosedDomain.md
- research-wiki\sampling-sde-library\cards\AutoSamplingTheory.ExampleCases.ProximalBPS.ConditionalScoreDomain.md
- research-wiki\sampling-sde-library\cards\AutoSamplingTheory.ExampleCases.ProximalBPS.ConditionalScoreVariance.md
- research-wiki\sampling-sde-library\cards\AutoSamplingTheory.ExampleCases.ProximalBPS.DefectComplexLift.md
- research-wiki\sampling-sde-library\cards\AutoSamplingTheory.ExampleCases.ProximalBPS.GaussianAugmentation.md
- research-wiki\sampling-sde-library\cards\AutoSamplingTheory.ExampleCases.ProximalBPS.GaussianReflection.md
- research-wiki\sampling-sde-library\cards\AutoSamplingTheory.ExampleCases.ProximalBPS.GibbsAugmentation.md
- research-wiki\sampling-sde-library\cards\AutoSamplingTheory.ExampleCases.ProximalBPS.L2MacroscopicMean.md
- research-wiki\sampling-sde-library\cards\AutoSamplingTheory.ExampleCases.ProximalBPS.LiteralReflectedMean.md
- research-wiki\sampling-sde-library\cards\AutoSamplingTheory.ExampleCases.ProximalBPS.MacroscopicDefectRoot.md
- research-wiki\sampling-sde-library\cards\AutoSamplingTheory.ExampleCases.ProximalBPS.MacroscopicEnergy.md
- research-wiki\sampling-sde-library\cards\AutoSamplingTheory.ExampleCases.ProximalBPS.MacroscopicRange.md
- research-wiki\sampling-sde-library\cards\AutoSamplingTheory.ExampleCases.ProximalBPS.MacroscopicRepresentative.md
- research-wiki\sampling-sde-library\cards\AutoSamplingTheory.ExampleCases.ProximalBPS.RealDefectRoot.md
- research-wiki\sampling-sde-library\cards\AutoSamplingTheory.ExampleCases.ProximalBPS.RealDefectRootUnique.md
- research-wiki\sampling-sde-library\cards\AutoSamplingTheory.ExampleCases.ProximalBPS.ReflectionL2.md
- research-wiki\sampling-sde-library\cards\AutoSamplingTheory.ExampleCases.ProximalBPS.RoughMeanGradient.md
- research-wiki\sampling-sde-library\cards\AutoSamplingTheory.ExampleCases.ProximalBPS.SourceMeanGradientDomain.md
- research-wiki\sampling-sde-library\cards\AutoSamplingTheory.ExampleCases.SampleWiki.Cases.IdealProximalChain.md
- research-wiki\sampling-sde-library\cards\AutoSamplingTheory.ExampleCases.SampleWiki.md
- research-wiki\sampling-sde-library\cards\AutoSamplingTheory.ExampleCases.SmoothedPicardHMC.ActualContraction.md
- research-wiki\sampling-sde-library\cards\AutoSamplingTheory.ExampleCases.SmoothedPicardHMC.ActualIncrement.md
- research-wiki\sampling-sde-library\cards\AutoSamplingTheory.ExampleCases.SmoothedPicardHMC.ActualKernelTransport.md
- research-wiki\sampling-sde-library\cards\AutoSamplingTheory.ExampleCases.SmoothedPicardHMC.AdaptiveCenterRGO.md
- research-wiki\sampling-sde-library\cards\AutoSamplingTheory.ExampleCases.SmoothedPicardHMC.AdaptiveKLError.md
- research-wiki\sampling-sde-library\cards\AutoSamplingTheory.ExampleCases.SmoothedPicardHMC.ApproximateInitialGradientMoment.md
- research-wiki\sampling-sde-library\cards\AutoSamplingTheory.ExampleCases.SmoothedPicardHMC.ApproximateProximalExecution.md
- research-wiki\sampling-sde-library\cards\AutoSamplingTheory.ExampleCases.SmoothedPicardHMC.ClippedGradientProgram.md
- research-wiki\sampling-sde-library\cards\AutoSamplingTheory.ExampleCases.SmoothedPicardHMC.ClippedMeanExponential.md
- research-wiki\sampling-sde-library\cards\AutoSamplingTheory.ExampleCases.SmoothedPicardHMC.ClippedRenyiComparison.md
- research-wiki\sampling-sde-library\cards\AutoSamplingTheory.ExampleCases.SmoothedPicardHMC.CountedPhaseProgram.md
- research-wiki\sampling-sde-library\cards\AutoSamplingTheory.ExampleCases.SmoothedPicardHMC.EnhancedFiniteOutputKL.md
- research-wiki\sampling-sde-library\cards\AutoSamplingTheory.ExampleCases.SmoothedPicardHMC.EnhancedKLOneStep.md
- research-wiki\sampling-sde-library\cards\AutoSamplingTheory.ExampleCases.SmoothedPicardHMC.EnhancedTerminalExecution.md
- research-wiki\sampling-sde-library\cards\AutoSamplingTheory.ExampleCases.SmoothedPicardHMC.FiniteRGOKLError.md
- research-wiki\sampling-sde-library\cards\AutoSamplingTheory.ExampleCases.SmoothedPicardHMC.FiniteRGOProgram.md
- research-wiki\sampling-sde-library\cards\AutoSamplingTheory.ExampleCases.SmoothedPicardHMC.FirstOrderDifference.md
- research-wiki\sampling-sde-library\cards\AutoSamplingTheory.ExampleCases.SmoothedPicardHMC.FullRangeProximalGaussianOracle.md
- research-wiki\sampling-sde-library\cards\AutoSamplingTheory.ExampleCases.SmoothedPicardHMC.GaussianArcLaw.md
- research-wiki\sampling-sde-library\cards\AutoSamplingTheory.ExampleCases.SmoothedPicardHMC.GaussianKL.md
- research-wiki\sampling-sde-library\cards\AutoSamplingTheory.ExampleCases.SmoothedPicardHMC.GaussianMixture.md
- research-wiki\sampling-sde-library\cards\AutoSamplingTheory.ExampleCases.SmoothedPicardHMC.GaussianPowerMoment.md
- research-wiki\sampling-sde-library\cards\AutoSamplingTheory.ExampleCases.SmoothedPicardHMC.GaussianRGOErrorBudget.md
- research-wiki\sampling-sde-library\cards\AutoSamplingTheory.ExampleCases.SmoothedPicardHMC.GibbsPositionMoment.md
- research-wiki\sampling-sde-library\cards\AutoSamplingTheory.ExampleCases.SmoothedPicardHMC.GradientArcMean.md
- research-wiki\sampling-sde-library\cards\AutoSamplingTheory.ExampleCases.SmoothedPicardHMC.IdealRGOIdentification.md
- research-wiki\sampling-sde-library\cards\AutoSamplingTheory.ExampleCases.SmoothedPicardHMC.ImplementedPhaseKernel.md
- research-wiki\sampling-sde-library\cards\AutoSamplingTheory.ExampleCases.SmoothedPicardHMC.ImplementedPhaseWork.md
- research-wiki\sampling-sde-library\cards\AutoSamplingTheory.ExampleCases.SmoothedPicardHMC.InitialGibbsPhaseTransport.md
- research-wiki\sampling-sde-library\cards\AutoSamplingTheory.ExampleCases.SmoothedPicardHMC.InitialGibbsPhaseTransportUnconditional.md
- research-wiki\sampling-sde-library\cards\AutoSamplingTheory.ExampleCases.SmoothedPicardHMC.InitialPhaseTransport.md
- research-wiki\sampling-sde-library\cards\AutoSamplingTheory.ExampleCases.SmoothedPicardHMC.JointReferenceGradientDescent.md
- research-wiki\sampling-sde-library\cards\AutoSamplingTheory.ExampleCases.SmoothedPicardHMC.KineticDissipation.md
- research-wiki\sampling-sde-library\cards\AutoSamplingTheory.ExampleCases.SmoothedPicardHMC.LogarithmicDepth.md
- research-wiki\sampling-sde-library\cards\AutoSamplingTheory.ExampleCases.SmoothedPicardHMC.NormalizedReferenceCall.md
- research-wiki\sampling-sde-library\cards\AutoSamplingTheory.ExampleCases.SmoothedPicardHMC.ObservationConditionalKernel.md
- research-wiki\sampling-sde-library\cards\AutoSamplingTheory.ExampleCases.SmoothedPicardHMC.PartialMomentumRefresh.md
- research-wiki\sampling-sde-library\cards\AutoSamplingTheory.ExampleCases.SmoothedPicardHMC.PhaseAccuracyWork.md
- research-wiki\sampling-sde-library\cards\AutoSamplingTheory.ExampleCases.SmoothedPicardHMC.PhaseMetric.md
- research-wiki\sampling-sde-library\cards\AutoSamplingTheory.ExampleCases.SmoothedPicardHMC.PhaseReferenceMoment.md
- research-wiki\sampling-sde-library\cards\AutoSamplingTheory.ExampleCases.SmoothedPicardHMC.PhaseStateMoment.md
- research-wiki\sampling-sde-library\cards\AutoSamplingTheory.ExampleCases.SmoothedPicardHMC.PicardCenterMoment.md
- research-wiki\sampling-sde-library\cards\AutoSamplingTheory.ExampleCases.SmoothedPicardHMC.PicardInputLaw.md
- research-wiki\sampling-sde-library\cards\AutoSamplingTheory.ExampleCases.SmoothedPicardHMC.PoissonQueryTail.md
- research-wiki\sampling-sde-library\cards\AutoSamplingTheory.ExampleCases.SmoothedPicardHMC.PoissonRejection.md
- research-wiki\sampling-sde-library\cards\AutoSamplingTheory.ExampleCases.SmoothedPicardHMC.ProximalEstimatorLipschitz.md
- research-wiki\sampling-sde-library\cards\AutoSamplingTheory.ExampleCases.SmoothedPicardHMC.ProximalExecutionIdentity.md
- research-wiki\sampling-sde-library\cards\AutoSamplingTheory.ExampleCases.SmoothedPicardHMC.ProximalExpectedWork.md
- research-wiki\sampling-sde-library\cards\AutoSamplingTheory.ExampleCases.SmoothedPicardHMC.ProximalGaussianEstimator.md
- research-wiki\sampling-sde-library\cards\AutoSamplingTheory.ExampleCases.SmoothedPicardHMC.ProximalPhaseStability.md
- research-wiki\sampling-sde-library\cards\AutoSamplingTheory.ExampleCases.SmoothedPicardHMC.ProxyReverseTransport.md
- research-wiki\sampling-sde-library\cards\AutoSamplingTheory.ExampleCases.SmoothedPicardHMC.RealizedProximalWork.md
- research-wiki\sampling-sde-library\cards\AutoSamplingTheory.ExampleCases.SmoothedPicardHMC.RecursiveCondition.md
- research-wiki\sampling-sde-library\cards\AutoSamplingTheory.ExampleCases.SmoothedPicardHMC.RecursiveDepth.md
- research-wiki\sampling-sde-library\cards\AutoSamplingTheory.ExampleCases.SmoothedPicardHMC.RecursiveVariance.md
- research-wiki\sampling-sde-library\cards\AutoSamplingTheory.ExampleCases.SmoothedPicardHMC.ReferenceCarryingCost.md
- research-wiki\sampling-sde-library\cards\AutoSamplingTheory.ExampleCases.SmoothedPicardHMC.ReferenceCarryingKernel.md
- research-wiki\sampling-sde-library\cards\AutoSamplingTheory.ExampleCases.SmoothedPicardHMC.RGOBackward.md
- research-wiki\sampling-sde-library\cards\AutoSamplingTheory.ExampleCases.SmoothedPicardHMC.RGOCalculus.md
- research-wiki\sampling-sde-library\cards\AutoSamplingTheory.ExampleCases.SmoothedPicardHMC.RGOClosure.md
- research-wiki\sampling-sde-library\cards\AutoSamplingTheory.ExampleCases.SmoothedPicardHMC.SmoothedGibbsPotential.md
- research-wiki\sampling-sde-library\cards\AutoSamplingTheory.ExampleCases.SmoothedPicardHMC.SmoothedHessianBounds.md
- research-wiki\sampling-sde-library\cards\AutoSamplingTheory.ExampleCases.SmoothedPicardHMC.SmoothedHessianUpper.md
- research-wiki\sampling-sde-library\cards\AutoSamplingTheory.ExampleCases.SmoothedPicardHMC.SmoothedScorePosterior.md
- research-wiki\sampling-sde-library\cards\AutoSamplingTheory.ExampleCases.SmoothedPicardHMC.SmoothGradientArcClipping.md
- research-wiki\sampling-sde-library\cards\AutoSamplingTheory.ExampleCases.SmoothedPicardHMC.SmoothGradientArcMoment.md
- research-wiki\sampling-sde-library\cards\AutoSamplingTheory.ExampleCases.SmoothedPicardHMC.SourceQuadratureWork.md
- research-wiki\sampling-sde-library\cards\AutoSamplingTheory.ExampleCases.SmoothedPicardHMC.StandardizedRGOKLDimension.md
- research-wiki\sampling-sde-library\cards\AutoSamplingTheory.ExampleCases.SmoothedPicardHMC.StandardizedRGOKLFisher.md
- research-wiki\sampling-sde-library\cards\AutoSamplingTheory.ExampleCases.SmoothedPicardHMC.StandardizedRGOPositionFisher.md
- research-wiki\sampling-sde-library\cards\AutoSamplingTheory.ExampleCases.SmoothedPicardHMC.StandardizedRGORelativeEntropy.md
- research-wiki\sampling-sde-library\cards\AutoSamplingTheory.ExampleCases.SmoothedPicardHMC.StandardizedRGOSqrtDensity.md
- research-wiki\sampling-sde-library\cards\AutoSamplingTheory.ExampleCases.SmoothedPicardHMC.StateDependentRGO.md
- research-wiki\sampling-sde-library\cards\AutoSamplingTheory.ExampleCases.SmoothedPicardHMC.StoppedGaussianRGOError.md
- research-wiki\sampling-sde-library\cards\AutoSamplingTheory.ExampleCases.SmoothedPicardHMC.StoppedRGODepth.md
- research-wiki\sampling-sde-library\cards\AutoSamplingTheory.ExampleCases.SmoothedPicardHMC.TerminalFORSKernel.md
- research-wiki\sampling-sde-library\cards\AutoSamplingTheory.ExampleCases.SmoothedPicardHMC.TerminalReferenceGradientDescent.md
- research-wiki\sampling-sde-library\cards\AutoSamplingTheory.ExampleCases.SmoothedPicardHMC.TerminalSamplerAccuracyCost.md
- research-wiki\sampling-sde-library\cards\AutoSamplingTheory.ExampleCases.SmoothedPicardHMC.Truncation.md
- research-wiki\sampling-sde-library\cards\AutoSamplingTheory.ExampleCases.SmoothedPicardHMC.TwoNoiseRGO.md
- research-wiki\sampling-sde-library\cards\AutoSamplingTheory.ExampleCases.md
- research-wiki\sampling-sde-library\cards\AutoSamplingTheory.Literature.md
- research-wiki\sampling-sde-library\cards\AutoSamplingTheory.OpenProblems.md
- research-wiki\sampling-sde-library\cards\AutoSamplingTheory.Probability.md
- research-wiki\sampling-sde-library\cards\AutoSamplingTheory.RMFLD.md
- research-wiki\sampling-sde-library\cards\AutoSamplingTheory.SALD.md
- research-wiki\sampling-sde-library\cards\AutoSamplingTheory.SDE.md
- research-wiki\sampling-sde-library\cards\AutoSamplingTheory.TechnicalLemmas.Algebra.LinearGrowthOfStep.md
- research-wiki\sampling-sde-library\cards\AutoSamplingTheory.TechnicalLemmas.Algebra.ReciprocalGrowthRate.md
- research-wiki\sampling-sde-library\cards\AutoSamplingTheory.TechnicalLemmas.Analysis.BoundedQuadraticCostIntegrability.md
- research-wiki\sampling-sde-library\cards\AutoSamplingTheory.TechnicalLemmas.Analysis.Calculus.Cutoff.md
- research-wiki\sampling-sde-library\cards\AutoSamplingTheory.TechnicalLemmas.Analysis.Calculus.Divergence.md
- research-wiki\sampling-sde-library\cards\AutoSamplingTheory.TechnicalLemmas.Analysis.Calculus.Gradient.md
- research-wiki\sampling-sde-library\cards\AutoSamplingTheory.TechnicalLemmas.Analysis.Calculus.GradientAlgebra.md
- research-wiki\sampling-sde-library\cards\AutoSamplingTheory.TechnicalLemmas.Analysis.Calculus.Laplacian.md
- research-wiki\sampling-sde-library\cards\AutoSamplingTheory.TechnicalLemmas.Analysis.Calculus.LineDeriv.md
- research-wiki\sampling-sde-library\cards\AutoSamplingTheory.TechnicalLemmas.Analysis.Calculus.Taylor.md
- research-wiki\sampling-sde-library\cards\AutoSamplingTheory.TechnicalLemmas.Analysis.Calculus.md
- research-wiki\sampling-sde-library\cards\AutoSamplingTheory.TechnicalLemmas.Analysis.ChebyshevLobattoMomentum.md
- research-wiki\sampling-sde-library\cards\AutoSamplingTheory.TechnicalLemmas.Analysis.ChebyshevLobattoPositiveWeights.md
- research-wiki\sampling-sde-library\cards\AutoSamplingTheory.TechnicalLemmas.Analysis.ChebyshevLobattoQuadrature.md
- research-wiki\sampling-sde-library\cards\AutoSamplingTheory.TechnicalLemmas.Analysis.ConvexAEDifferentiable.md
- research-wiki\sampling-sde-library\cards\AutoSamplingTheory.TechnicalLemmas.Analysis.ConvexDomainACAEDifferentiable.md
- research-wiki\sampling-sde-library\cards\AutoSamplingTheory.TechnicalLemmas.Analysis.ConvexGradientGapSharpness.md
- research-wiki\sampling-sde-library\cards\AutoSamplingTheory.TechnicalLemmas.Analysis.ConvexityC1.md
- research-wiki\sampling-sde-library\cards\AutoSamplingTheory.TechnicalLemmas.Analysis.ConvexityC2.md
- research-wiki\sampling-sde-library\cards\AutoSamplingTheory.TechnicalLemmas.Analysis.ConvexLocalSubgradient.md
- research-wiki\sampling-sde-library\cards\AutoSamplingTheory.TechnicalLemmas.Analysis.ConvexOpenAEDifferentiable.md
- research-wiki\sampling-sde-library\cards\AutoSamplingTheory.TechnicalLemmas.Analysis.ConvexSmoothGradient.md
- research-wiki\sampling-sde-library\cards\AutoSamplingTheory.TechnicalLemmas.Analysis.ConvexSubgradient.md
- research-wiki\sampling-sde-library\cards\AutoSamplingTheory.TechnicalLemmas.Analysis.CycleSuccessorDistinct.md
- research-wiki\sampling-sde-library\cards\AutoSamplingTheory.TechnicalLemmas.Analysis.CyclicCostExpectation.md
- research-wiki\sampling-sde-library\cards\AutoSamplingTheory.TechnicalLemmas.Analysis.CyclicQuadraticCost.md
- research-wiki\sampling-sde-library\cards\AutoSamplingTheory.TechnicalLemmas.Analysis.DiagonalProductCostIntegral.md
- research-wiki\sampling-sde-library\cards\AutoSamplingTheory.TechnicalLemmas.Analysis.FinitePowerSeries.md
- research-wiki\sampling-sde-library\cards\AutoSamplingTheory.TechnicalLemmas.Analysis.GibbsGradientMean.md
- research-wiki\sampling-sde-library\cards\AutoSamplingTheory.TechnicalLemmas.Analysis.GibbsGradientMoment.md
- research-wiki\sampling-sde-library\cards\AutoSamplingTheory.TechnicalLemmas.Analysis.GradientAECongruence.md
- research-wiki\sampling-sde-library\cards\AutoSamplingTheory.TechnicalLemmas.Analysis.GradientDescentBasic.md
- research-wiki\sampling-sde-library\cards\AutoSamplingTheory.TechnicalLemmas.Analysis.GradientDescentComplexity.md
- research-wiki\sampling-sde-library\cards\AutoSamplingTheory.TechnicalLemmas.Analysis.GradientDescentContraction.md
- research-wiki\sampling-sde-library\cards\AutoSamplingTheory.TechnicalLemmas.Analysis.GradientDescentOptimalStep.md
- research-wiki\sampling-sde-library\cards\AutoSamplingTheory.TechnicalLemmas.Analysis.GradientDescentPL.md
- research-wiki\sampling-sde-library\cards\AutoSamplingTheory.TechnicalLemmas.Analysis.GradientDescentRates.md
- research-wiki\sampling-sde-library\cards\AutoSamplingTheory.TechnicalLemmas.Analysis.GradientDescentSharpness.md
- research-wiki\sampling-sde-library\cards\AutoSamplingTheory.TechnicalLemmas.Analysis.GradientDescentStationarity.md
- research-wiki\sampling-sde-library\cards\AutoSamplingTheory.TechnicalLemmas.Analysis.GradientDescentValue.md
- research-wiki\sampling-sde-library\cards\AutoSamplingTheory.TechnicalLemmas.Analysis.GradientFlowContraction.md
- research-wiki\sampling-sde-library\cards\AutoSamplingTheory.TechnicalLemmas.Analysis.GradientFlowLastIterate.md
- research-wiki\sampling-sde-library\cards\AutoSamplingTheory.TechnicalLemmas.Analysis.GradientFlowPL.md
- research-wiki\sampling-sde-library\cards\AutoSamplingTheory.TechnicalLemmas.Analysis.GradientFlowStationarity.md
- research-wiki\sampling-sde-library\cards\AutoSamplingTheory.TechnicalLemmas.Analysis.GradientFlowValue.md
- research-wiki\sampling-sde-library\cards\AutoSamplingTheory.TechnicalLemmas.Analysis.HessianSecantOperator.md
- research-wiki\sampling-sde-library\cards\AutoSamplingTheory.TechnicalLemmas.Analysis.HessianStrongConvexity.md
- research-wiki\sampling-sde-library\cards\AutoSamplingTheory.TechnicalLemmas.Analysis.Integrability.md
- research-wiki\sampling-sde-library\cards\AutoSamplingTheory.TechnicalLemmas.Analysis.LeftLebesgueAverage.md
- research-wiki\sampling-sde-library\cards\AutoSamplingTheory.TechnicalLemmas.Analysis.MeasurableGradient.md
- research-wiki\sampling-sde-library\cards\AutoSamplingTheory.TechnicalLemmas.Analysis.MonotoneProximalMap.md
- research-wiki\sampling-sde-library\cards\AutoSamplingTheory.TechnicalLemmas.Analysis.PairingClosedChain.md
- research-wiki\sampling-sde-library\cards\AutoSamplingTheory.TechnicalLemmas.Analysis.PairingClosedChainMonotonicity.md
- research-wiki\sampling-sde-library\cards\AutoSamplingTheory.TechnicalLemmas.Analysis.PairingCycleNeighborhood.md
- research-wiki\sampling-sde-library\cards\AutoSamplingTheory.TechnicalLemmas.Analysis.PairingCycleQuantitativeNeighborhood.md
- research-wiki\sampling-sde-library\cards\AutoSamplingTheory.TechnicalLemmas.Analysis.PairingCyclicMonotonicity.md
- research-wiki\sampling-sde-library\cards\AutoSamplingTheory.TechnicalLemmas.Analysis.PairingRockafellarConvexDomain.md
- research-wiki\sampling-sde-library\cards\AutoSamplingTheory.TechnicalLemmas.Analysis.PairingRockafellarPotential.md
- research-wiki\sampling-sde-library\cards\AutoSamplingTheory.TechnicalLemmas.Analysis.PairingRockafellarRealDomain.md
- research-wiki\sampling-sde-library\cards\AutoSamplingTheory.TechnicalLemmas.Analysis.PairingRockafellarRealSupport.md
- research-wiki\sampling-sde-library\cards\AutoSamplingTheory.TechnicalLemmas.Analysis.PairingRockafellarSubgradient.md
- research-wiki\sampling-sde-library\cards\AutoSamplingTheory.TechnicalLemmas.Analysis.PairingRockafellarSupportGradient.md
- research-wiki\sampling-sde-library\cards\AutoSamplingTheory.TechnicalLemmas.Analysis.PermutedProductCostIntegral.md
- research-wiki\sampling-sde-library\cards\AutoSamplingTheory.TechnicalLemmas.Analysis.PermutedQuadraticCost.md
- research-wiki\sampling-sde-library\cards\AutoSamplingTheory.TechnicalLemmas.Analysis.PrefixIntegral.md
- research-wiki\sampling-sde-library\cards\AutoSamplingTheory.TechnicalLemmas.Analysis.QuadraticGradientDescent.md
- research-wiki\sampling-sde-library\cards\AutoSamplingTheory.TechnicalLemmas.Analysis.QuadraticRegularization.md
- research-wiki\sampling-sde-library\cards\AutoSamplingTheory.TechnicalLemmas.Analysis.QuadraticRegularizationFirstOrder.md
- research-wiki\sampling-sde-library\cards\AutoSamplingTheory.TechnicalLemmas.Analysis.QuadraticRegularizationOracle.md
- research-wiki\sampling-sde-library\cards\AutoSamplingTheory.TechnicalLemmas.Analysis.QuadraticRegularizationTransfer.md
- research-wiki\sampling-sde-library\cards\AutoSamplingTheory.TechnicalLemmas.Analysis.RestartLogComplexity.md
- research-wiki\sampling-sde-library\cards\AutoSamplingTheory.TechnicalLemmas.Analysis.RestartReduction.md
- research-wiki\sampling-sde-library\cards\AutoSamplingTheory.TechnicalLemmas.Analysis.SmoothnessEquivalences.md
- research-wiki\sampling-sde-library\cards\AutoSamplingTheory.TechnicalLemmas.Analysis.StrongConvexFirstOrder.md
- research-wiki\sampling-sde-library\cards\AutoSamplingTheory.TechnicalLemmas.Analysis.StrongConvexGibbsIntegrability.md
- research-wiki\sampling-sde-library\cards\AutoSamplingTheory.TechnicalLemmas.Analysis.StrongConvexGradientConverse.md
- research-wiki\sampling-sde-library\cards\AutoSamplingTheory.TechnicalLemmas.Analysis.StrongConvexMinimizer.md
- research-wiki\sampling-sde-library\cards\AutoSamplingTheory.TechnicalLemmas.Analysis.StrongConvexPLPullback.md
- research-wiki\sampling-sde-library\cards\AutoSamplingTheory.TechnicalLemmas.Analysis.UniformRegularization.md
- research-wiki\sampling-sde-library\cards\AutoSamplingTheory.TechnicalLemmas.Analysis.WeakGradientZero.md
- research-wiki\sampling-sde-library\cards\AutoSamplingTheory.TechnicalLemmas.Analysis.md
- research-wiki\sampling-sde-library\cards\AutoSamplingTheory.TechnicalLemmas.FunctionalInequalities.BakryEmeryInterpolation.md
- research-wiki\sampling-sde-library\cards\AutoSamplingTheory.TechnicalLemmas.FunctionalInequalities.BernoulliLogSobolev.md
- research-wiki\sampling-sde-library\cards\AutoSamplingTheory.TechnicalLemmas.FunctionalInequalities.CanonicalLogSobolev.md
- research-wiki\sampling-sde-library\cards\AutoSamplingTheory.TechnicalLemmas.FunctionalInequalities.CenteredDomainPoincare.md
- research-wiki\sampling-sde-library\cards\AutoSamplingTheory.TechnicalLemmas.FunctionalInequalities.CenteredGibbsResolventLimit.md
- research-wiki\sampling-sde-library\cards\AutoSamplingTheory.TechnicalLemmas.FunctionalInequalities.ClosedGraphResolvent.md
- research-wiki\sampling-sde-library\cards\AutoSamplingTheory.TechnicalLemmas.FunctionalInequalities.CompactC1GradientDomain.md
- research-wiki\sampling-sde-library\cards\AutoSamplingTheory.TechnicalLemmas.FunctionalInequalities.CompactPoissonSmoothGraph.md
- research-wiki\sampling-sde-library\cards\AutoSamplingTheory.TechnicalLemmas.FunctionalInequalities.CompactWeakPoissonSobolev.md
- research-wiki\sampling-sde-library\cards\AutoSamplingTheory.TechnicalLemmas.FunctionalInequalities.CompactWeightedPoissonCoercivity.md
- research-wiki\sampling-sde-library\cards\AutoSamplingTheory.TechnicalLemmas.FunctionalInequalities.ExponentialKernelInterpolation.md
- research-wiki\sampling-sde-library\cards\AutoSamplingTheory.TechnicalLemmas.FunctionalInequalities.ForcedSemigroupDecay.md
- research-wiki\sampling-sde-library\cards\AutoSamplingTheory.TechnicalLemmas.FunctionalInequalities.GaussianCompactEntropy.md
- research-wiki\sampling-sde-library\cards\AutoSamplingTheory.TechnicalLemmas.FunctionalInequalities.GaussianCompactHilbertLogSobolev.md
- research-wiki\sampling-sde-library\cards\AutoSamplingTheory.TechnicalLemmas.FunctionalInequalities.GaussianCompactLogSobolev.md
- research-wiki\sampling-sde-library\cards\AutoSamplingTheory.TechnicalLemmas.FunctionalInequalities.GaussianCompactProductLogSobolev.md
- research-wiki\sampling-sde-library\cards\AutoSamplingTheory.TechnicalLemmas.FunctionalInequalities.GaussianFlipEnergy.md
- research-wiki\sampling-sde-library\cards\AutoSamplingTheory.TechnicalLemmas.FunctionalInequalities.GaussianLogSobolev.md
- research-wiki\sampling-sde-library\cards\AutoSamplingTheory.TechnicalLemmas.FunctionalInequalities.GaussianMarginalGradient.md
- research-wiki\sampling-sde-library\cards\AutoSamplingTheory.TechnicalLemmas.FunctionalInequalities.GaussianMarginalPoincare.md
- research-wiki\sampling-sde-library\cards\AutoSamplingTheory.TechnicalLemmas.FunctionalInequalities.Generator.md
- research-wiki\sampling-sde-library\cards\AutoSamplingTheory.TechnicalLemmas.FunctionalInequalities.GibbsC1Poincare.md
- research-wiki\sampling-sde-library\cards\AutoSamplingTheory.TechnicalLemmas.FunctionalInequalities.GibbsGradientKernel.md
- research-wiki\sampling-sde-library\cards\AutoSamplingTheory.TechnicalLemmas.FunctionalInequalities.GibbsGradientKernelEquality.md
- research-wiki\sampling-sde-library\cards\AutoSamplingTheory.TechnicalLemmas.FunctionalInequalities.GibbsLinearCovarianceUpper.md
- research-wiki\sampling-sde-library\cards\AutoSamplingTheory.TechnicalLemmas.FunctionalInequalities.GlobalWeightedResolventCoercivity.md
- research-wiki\sampling-sde-library\cards\AutoSamplingTheory.TechnicalLemmas.FunctionalInequalities.LocalizedWeakResolvent.md
- research-wiki\sampling-sde-library\cards\AutoSamplingTheory.TechnicalLemmas.FunctionalInequalities.LogSobolev.md
- research-wiki\sampling-sde-library\cards\AutoSamplingTheory.TechnicalLemmas.FunctionalInequalities.OrdinaryWeakResolvent.md
- research-wiki\sampling-sde-library\cards\AutoSamplingTheory.TechnicalLemmas.FunctionalInequalities.Poincare.md
- research-wiki\sampling-sde-library\cards\AutoSamplingTheory.TechnicalLemmas.FunctionalInequalities.ScaledClosedGraphResolvent.md
- research-wiki\sampling-sde-library\cards\AutoSamplingTheory.TechnicalLemmas.FunctionalInequalities.SemigroupDecay.md
- research-wiki\sampling-sde-library\cards\AutoSamplingTheory.TechnicalLemmas.FunctionalInequalities.TwoPointEntropy.md
- research-wiki\sampling-sde-library\cards\AutoSamplingTheory.TechnicalLemmas.FunctionalInequalities.WeightedBochner.md
- research-wiki\sampling-sde-library\cards\AutoSamplingTheory.TechnicalLemmas.FunctionalInequalities.WeightedC1GradientDomain.md
- research-wiki\sampling-sde-library\cards\AutoSamplingTheory.TechnicalLemmas.FunctionalInequalities.WeightedGradient.md
- research-wiki\sampling-sde-library\cards\AutoSamplingTheory.TechnicalLemmas.FunctionalInequalities.WeightedGradientDistribution.md
- research-wiki\sampling-sde-library\cards\AutoSamplingTheory.TechnicalLemmas.FunctionalInequalities.WeightedGradientWeak.md
- research-wiki\sampling-sde-library\cards\AutoSamplingTheory.TechnicalLemmas.FunctionalInequalities.WeightedLocalL2.md
- research-wiki\sampling-sde-library\cards\AutoSamplingTheory.TechnicalLemmas.FunctionalInequalities.WeightedResolvent.md
- research-wiki\sampling-sde-library\cards\AutoSamplingTheory.TechnicalLemmas.FunctionalInequalities.WeightedResolventC1.md
- research-wiki\sampling-sde-library\cards\AutoSamplingTheory.TechnicalLemmas.FunctionalInequalities.md
- research-wiki\sampling-sde-library\cards\AutoSamplingTheory.TechnicalLemmas.Gaussian.md
- research-wiki\sampling-sde-library\cards\AutoSamplingTheory.TechnicalLemmas.Geometry.EuclideanSpaceCoordinates.md
- research-wiki\sampling-sde-library\cards\AutoSamplingTheory.TechnicalLemmas.Geometry.GeodesicConvexity.md
- research-wiki\sampling-sde-library\cards\AutoSamplingTheory.TechnicalLemmas.Geometry.LogConcavity.md
- research-wiki\sampling-sde-library\cards\AutoSamplingTheory.TechnicalLemmas.Geometry.MetricCurve.md
- research-wiki\sampling-sde-library\cards\AutoSamplingTheory.TechnicalLemmas.Geometry.SphereSecondOrder.md
- research-wiki\sampling-sde-library\cards\AutoSamplingTheory.TechnicalLemmas.Geometry.StrongConvexity.md
- research-wiki\sampling-sde-library\cards\AutoSamplingTheory.TechnicalLemmas.Geometry.UnitSphere.md
- research-wiki\sampling-sde-library\cards\AutoSamplingTheory.TechnicalLemmas.Geometry.md
- research-wiki\sampling-sde-library\cards\AutoSamplingTheory.TechnicalLemmas.InformationTheory.CanonicalDirichletFisher.md
- research-wiki\sampling-sde-library\cards\AutoSamplingTheory.TechnicalLemmas.InformationTheory.CanonicalFisherTransportPairing.md
- research-wiki\sampling-sde-library\cards\AutoSamplingTheory.TechnicalLemmas.InformationTheory.CanonicalKLDissipation.md
- research-wiki\sampling-sde-library\cards\AutoSamplingTheory.TechnicalLemmas.InformationTheory.CanonicalRelativeFisher.md
- research-wiki\sampling-sde-library\cards\AutoSamplingTheory.TechnicalLemmas.InformationTheory.DonskerVaradhan.md
- research-wiki\sampling-sde-library\cards\AutoSamplingTheory.TechnicalLemmas.InformationTheory.FisherTransport.md
- research-wiki\sampling-sde-library\cards\AutoSamplingTheory.TechnicalLemmas.InformationTheory.GeodesicFisherTransport.md
- research-wiki\sampling-sde-library\cards\AutoSamplingTheory.TechnicalLemmas.InformationTheory.KLDensity.md
- research-wiki\sampling-sde-library\cards\AutoSamplingTheory.TechnicalLemmas.InformationTheory.ProductEntropy.md
- research-wiki\sampling-sde-library\cards\AutoSamplingTheory.TechnicalLemmas.InformationTheory.QuadraticTiltFisher.md
- research-wiki\sampling-sde-library\cards\AutoSamplingTheory.TechnicalLemmas.InformationTheory.RelativeFisher.md
- research-wiki\sampling-sde-library\cards\AutoSamplingTheory.TechnicalLemmas.InformationTheory.Renyi.md
- research-wiki\sampling-sde-library\cards\AutoSamplingTheory.TechnicalLemmas.InformationTheory.RNLogRatio.md
- research-wiki\sampling-sde-library\cards\AutoSamplingTheory.TechnicalLemmas.InformationTheory.SimultaneousFDivergence.md
- research-wiki\sampling-sde-library\cards\AutoSamplingTheory.TechnicalLemmas.InformationTheory.SimultaneousFDivergenceGradient.md
- research-wiki\sampling-sde-library\cards\AutoSamplingTheory.TechnicalLemmas.InformationTheory.SimultaneousFDivergenceIntegral.md
- research-wiki\sampling-sde-library\cards\AutoSamplingTheory.TechnicalLemmas.InformationTheory.TiltedKL.md
- research-wiki\sampling-sde-library\cards\AutoSamplingTheory.TechnicalLemmas.InformationTheory.TiltedLogRatio.md
- research-wiki\sampling-sde-library\cards\AutoSamplingTheory.TechnicalLemmas.InformationTheory.md
- research-wiki\sampling-sde-library\cards\AutoSamplingTheory.TechnicalLemmas.Measure.AffineGibbs.md
- research-wiki\sampling-sde-library\cards\AutoSamplingTheory.TechnicalLemmas.Measure.CanonicalGlobalCompetitor.md
- research-wiki\sampling-sde-library\cards\AutoSamplingTheory.TechnicalLemmas.Measure.ChewiTheorem1_3_23.md
- research-wiki\sampling-sde-library\cards\AutoSamplingTheory.TechnicalLemmas.Measure.CommonMass.md
- research-wiki\sampling-sde-library\cards\AutoSamplingTheory.TechnicalLemmas.Measure.CommonMassNormalizedProduct.md
- research-wiki\sampling-sde-library\cards\AutoSamplingTheory.TechnicalLemmas.Measure.CommonMassProductMap.md
- research-wiki\sampling-sde-library\cards\AutoSamplingTheory.TechnicalLemmas.Measure.CommonMassSlice.md
- research-wiki\sampling-sde-library\cards\AutoSamplingTheory.TechnicalLemmas.Measure.CommonMassSliceFamily.md
- research-wiki\sampling-sde-library\cards\AutoSamplingTheory.TechnicalLemmas.Measure.CommonNoiseContraction.md
- research-wiki\sampling-sde-library\cards\AutoSamplingTheory.TechnicalLemmas.Measure.CommonRemovableMass.md
- research-wiki\sampling-sde-library\cards\AutoSamplingTheory.TechnicalLemmas.Measure.CommonSlicePermutationReplacement.md
- research-wiki\sampling-sde-library\cards\AutoSamplingTheory.TechnicalLemmas.Measure.ContinuousCostWeakLowerSemicontinuity.md
- research-wiki\sampling-sde-library\cards\AutoSamplingTheory.TechnicalLemmas.Measure.ConvexInteriorAE.md
- research-wiki\sampling-sde-library\cards\AutoSamplingTheory.TechnicalLemmas.Measure.CouplingAEMarginals.md
- research-wiki\sampling-sde-library\cards\AutoSamplingTheory.TechnicalLemmas.Measure.CouplingConvexDomainAE.md
- research-wiki\sampling-sde-library\cards\AutoSamplingTheory.TechnicalLemmas.Measure.CouplingGraph.md
- research-wiki\sampling-sde-library\cards\AutoSamplingTheory.TechnicalLemmas.Measure.CouplingGraphIdentity.md
- research-wiki\sampling-sde-library\cards\AutoSamplingTheory.TechnicalLemmas.Measure.CouplingQuadraticIntegrability.md
- research-wiki\sampling-sde-library\cards\AutoSamplingTheory.TechnicalLemmas.Measure.DisplacementChangeOfVariables.md
- research-wiki\sampling-sde-library\cards\AutoSamplingTheory.TechnicalLemmas.Measure.DisplacementConvexGradientPositive.md
- research-wiki\sampling-sde-library\cards\AutoSamplingTheory.TechnicalLemmas.Measure.DisplacementConvexPotentialSupport.md
- research-wiki\sampling-sde-library\cards\AutoSamplingTheory.TechnicalLemmas.Measure.DisplacementDerivativeDetPos.md
- research-wiki\sampling-sde-library\cards\AutoSamplingTheory.TechnicalLemmas.Measure.DisplacementDerivativeLogDet.md
- research-wiki\sampling-sde-library\cards\AutoSamplingTheory.TechnicalLemmas.Measure.DisplacementDerivativeMatrix.md
- research-wiki\sampling-sde-library\cards\AutoSamplingTheory.TechnicalLemmas.Measure.DisplacementEntropyPushforward.md
- research-wiki\sampling-sde-library\cards\AutoSamplingTheory.TechnicalLemmas.Measure.DisplacementGradientDerivativeSymmetry.md
- research-wiki\sampling-sde-library\cards\AutoSamplingTheory.TechnicalLemmas.Measure.DisplacementInterpolation.md
- research-wiki\sampling-sde-library\cards\AutoSamplingTheory.TechnicalLemmas.Measure.DisplacementInterpolationConstantSpeed.md
- research-wiki\sampling-sde-library\cards\AutoSamplingTheory.TechnicalLemmas.Measure.DisplacementInterpolationCost.md
- research-wiki\sampling-sde-library\cards\AutoSamplingTheory.TechnicalLemmas.Measure.DisplacementInterpolationCoupling.md
- research-wiki\sampling-sde-library\cards\AutoSamplingTheory.TechnicalLemmas.Measure.DisplacementInterpolationP2ConstantSpeed.md
- research-wiki\sampling-sde-library\cards\AutoSamplingTheory.TechnicalLemmas.Measure.DisplacementJacobianAffineSpectrum.md
- research-wiki\sampling-sde-library\cards\AutoSamplingTheory.TechnicalLemmas.Measure.DisplacementJacobianEntropy.md
- research-wiki\sampling-sde-library\cards\AutoSamplingTheory.TechnicalLemmas.Measure.DisplacementJacobianMatrixLogDet.md
- research-wiki\sampling-sde-library\cards\AutoSamplingTheory.TechnicalLemmas.Measure.DisplacementMapDerivative.md
- research-wiki\sampling-sde-library\cards\AutoSamplingTheory.TechnicalLemmas.Measure.DisplacementMapInjectivity.md
- research-wiki\sampling-sde-library\cards\AutoSamplingTheory.TechnicalLemmas.Measure.DisplacementMonotoneDerivative.md
- research-wiki\sampling-sde-library\cards\AutoSamplingTheory.TechnicalLemmas.Measure.DisplacementPositiveOperator.md
- research-wiki\sampling-sde-library\cards\AutoSamplingTheory.TechnicalLemmas.Measure.DisplacementPotentialEnergy.md
- research-wiki\sampling-sde-library\cards\AutoSamplingTheory.TechnicalLemmas.Measure.DisplacementRealQuadraticCost.md
- research-wiki\sampling-sde-library\cards\AutoSamplingTheory.TechnicalLemmas.Measure.DisplacementSupportingPotential.md
- research-wiki\sampling-sde-library\cards\AutoSamplingTheory.TechnicalLemmas.Measure.FiniteRemainder.md
- research-wiki\sampling-sde-library\cards\AutoSamplingTheory.TechnicalLemmas.Measure.FiniteSumDomination.md
- research-wiki\sampling-sde-library\cards\AutoSamplingTheory.TechnicalLemmas.Measure.GaussianConvolutionRegularity.md
- research-wiki\sampling-sde-library\cards\AutoSamplingTheory.TechnicalLemmas.Measure.GaussianLikelihood.md
- research-wiki\sampling-sde-library\cards\AutoSamplingTheory.TechnicalLemmas.Measure.GaussianReflectedMean.md
- research-wiki\sampling-sde-library\cards\AutoSamplingTheory.TechnicalLemmas.Measure.GaussianSmoothing.md
- research-wiki\sampling-sde-library\cards\AutoSamplingTheory.TechnicalLemmas.Measure.GaussianSqrtDensityDomain.md
- research-wiki\sampling-sde-library\cards\AutoSamplingTheory.TechnicalLemmas.Measure.Gibbs.md
- research-wiki\sampling-sde-library\cards\AutoSamplingTheory.TechnicalLemmas.Measure.GibbsIntegral.md
- research-wiki\sampling-sde-library\cards\AutoSamplingTheory.TechnicalLemmas.Measure.GibbsLogConcavity.md
- research-wiki\sampling-sde-library\cards\AutoSamplingTheory.TechnicalLemmas.Measure.IsotropicGaussianDensity.md
- research-wiki\sampling-sde-library\cards\AutoSamplingTheory.TechnicalLemmas.Measure.KantorovichDual.md
- research-wiki\sampling-sde-library\cards\AutoSamplingTheory.TechnicalLemmas.Measure.L2Expectation.md
- research-wiki\sampling-sde-library\cards\AutoSamplingTheory.TechnicalLemmas.Measure.L2PullbackRange.md
- research-wiki\sampling-sde-library\cards\AutoSamplingTheory.TechnicalLemmas.Measure.L2RealComplexOperator.md
- research-wiki\sampling-sde-library\cards\AutoSamplingTheory.TechnicalLemmas.Measure.L2RealSquareRoot.md
- research-wiki\sampling-sde-library\cards\AutoSamplingTheory.TechnicalLemmas.Measure.L2RealSquareRootUnique.md
- research-wiki\sampling-sde-library\cards\AutoSamplingTheory.TechnicalLemmas.Measure.OptimalContinuousCost.md
- research-wiki\sampling-sde-library\cards\AutoSamplingTheory.TechnicalLemmas.Measure.PermutedMarginalReplacement.md
- research-wiki\sampling-sde-library\cards\AutoSamplingTheory.TechnicalLemmas.Measure.PermutedReplacementQuadraticCost.md
- research-wiki\sampling-sde-library\cards\AutoSamplingTheory.TechnicalLemmas.Measure.PositiveComponentAE.md
- research-wiki\sampling-sde-library\cards\AutoSamplingTheory.TechnicalLemmas.Measure.PowerPerspective.md
- research-wiki\sampling-sde-library\cards\AutoSamplingTheory.TechnicalLemmas.Measure.ProbabilityCouplingCompactness.md
- research-wiki\sampling-sde-library\cards\AutoSamplingTheory.TechnicalLemmas.Measure.Product.md
- research-wiki\sampling-sde-library\cards\AutoSamplingTheory.TechnicalLemmas.Measure.QuadraticOptimalBrenierMap.md
- research-wiki\sampling-sde-library\cards\AutoSamplingTheory.TechnicalLemmas.Measure.QuadraticOptimalMap.md
- research-wiki\sampling-sde-library\cards\AutoSamplingTheory.TechnicalLemmas.Measure.QuadraticOptimalMapUniqueness.md
- research-wiki\sampling-sde-library\cards\AutoSamplingTheory.TechnicalLemmas.Measure.QuadraticOptimalMidpoint.md
- research-wiki\sampling-sde-library\cards\AutoSamplingTheory.TechnicalLemmas.Measure.QuadraticOptimalRealMinimality.md
- research-wiki\sampling-sde-library\cards\AutoSamplingTheory.TechnicalLemmas.Measure.QuadraticOptimalSupportCyclic.md
- research-wiki\sampling-sde-library\cards\AutoSamplingTheory.TechnicalLemmas.Measure.QuadraticOptimalUniqueness.md
- research-wiki\sampling-sde-library\cards\AutoSamplingTheory.TechnicalLemmas.Measure.QuantitativeSupportLocalBlocks.md
- research-wiki\sampling-sde-library\cards\AutoSamplingTheory.TechnicalLemmas.Measure.RadonNikodym.md
- research-wiki\sampling-sde-library\cards\AutoSamplingTheory.TechnicalLemmas.Measure.RandomizedMapTransport.md
- research-wiki\sampling-sde-library\cards\AutoSamplingTheory.TechnicalLemmas.Measure.ReplacementCompetitor.md
- research-wiki\sampling-sde-library\cards\AutoSamplingTheory.TechnicalLemmas.Measure.ReplacementCompetitorQuadraticCost.md
- research-wiki\sampling-sde-library\cards\AutoSamplingTheory.TechnicalLemmas.Measure.StrictCycleCheaperLocalReplacement.md
- research-wiki\sampling-sde-library\cards\AutoSamplingTheory.TechnicalLemmas.Measure.SupportLocalBlocks.md
- research-wiki\sampling-sde-library\cards\AutoSamplingTheory.TechnicalLemmas.Measure.Transport.md
- research-wiki\sampling-sde-library\cards\AutoSamplingTheory.TechnicalLemmas.Measure.TransportGluing.md
- research-wiki\sampling-sde-library\cards\AutoSamplingTheory.TechnicalLemmas.Measure.WassersteinFiniteSecondMoment.md
- research-wiki\sampling-sde-library\cards\AutoSamplingTheory.TechnicalLemmas.Measure.WassersteinLipschitzMoment.md
- research-wiki\sampling-sde-library\cards\AutoSamplingTheory.TechnicalLemmas.Measure.WassersteinSpace.md
- research-wiki\sampling-sde-library\cards\AutoSamplingTheory.TechnicalLemmas.Measure.WassersteinSymmetry.md
- research-wiki\sampling-sde-library\cards\AutoSamplingTheory.TechnicalLemmas.Measure.WassersteinTriangle.md
- research-wiki\sampling-sde-library\cards\AutoSamplingTheory.TechnicalLemmas.Measure.WassersteinTriangleCore.md
- research-wiki\sampling-sde-library\cards\AutoSamplingTheory.TechnicalLemmas.Measure.WassersteinTriangleExact.md
- research-wiki\sampling-sde-library\cards\AutoSamplingTheory.TechnicalLemmas.Measure.WassersteinTriangleMarginals.md
- research-wiki\sampling-sde-library\cards\AutoSamplingTheory.TechnicalLemmas.Measure.md
- research-wiki\sampling-sde-library\cards\AutoSamplingTheory.TechnicalLemmas.Probability.BalancedRademacherCLT.md
- research-wiki\sampling-sde-library\cards\AutoSamplingTheory.TechnicalLemmas.Probability.ConditionalKernel.md
- research-wiki\sampling-sde-library\cards\AutoSamplingTheory.TechnicalLemmas.Probability.ConditionalResampling.md
- research-wiki\sampling-sde-library\cards\AutoSamplingTheory.TechnicalLemmas.Probability.CoordinateHeatBath.md
- research-wiki\sampling-sde-library\cards\AutoSamplingTheory.TechnicalLemmas.Probability.CoordinateHeatBathConditional.md
- research-wiki\sampling-sde-library\cards\AutoSamplingTheory.TechnicalLemmas.Probability.EmpiricalCovariance.md
- research-wiki\sampling-sde-library\cards\AutoSamplingTheory.TechnicalLemmas.Probability.FiniteProductPairMarginal.md
- research-wiki\sampling-sde-library\cards\AutoSamplingTheory.TechnicalLemmas.Probability.FiniteProductSupport.md
- research-wiki\sampling-sde-library\cards\AutoSamplingTheory.TechnicalLemmas.Probability.GaussianConditionalKernel.md
- research-wiki\sampling-sde-library\cards\AutoSamplingTheory.TechnicalLemmas.Probability.GaussianLipschitzExponential.md
- research-wiki\sampling-sde-library\cards\AutoSamplingTheory.TechnicalLemmas.Probability.HeatBath.md
- research-wiki\sampling-sde-library\cards\AutoSamplingTheory.TechnicalLemmas.Probability.KernelHybridTelescope.md
- research-wiki\sampling-sde-library\cards\AutoSamplingTheory.TechnicalLemmas.Probability.KernelInvariance.md
- research-wiki\sampling-sde-library\cards\AutoSamplingTheory.TechnicalLemmas.Probability.KernelMixture.md
- research-wiki\sampling-sde-library\cards\AutoSamplingTheory.TechnicalLemmas.Probability.KernelReversibility.md
- research-wiki\sampling-sde-library\cards\AutoSamplingTheory.TechnicalLemmas.Probability.KernelTotalVariation.md
- research-wiki\sampling-sde-library\cards\AutoSamplingTheory.TechnicalLemmas.Probability.KernelTransport.md
- research-wiki\sampling-sde-library\cards\AutoSamplingTheory.TechnicalLemmas.Probability.LawMap.md
- research-wiki\sampling-sde-library\cards\AutoSamplingTheory.TechnicalLemmas.Probability.NormalizedFiniteMeasure.md
- research-wiki\sampling-sde-library\cards\AutoSamplingTheory.TechnicalLemmas.Probability.NormalizedFiniteMeasureIntegral.md
- research-wiki\sampling-sde-library\cards\AutoSamplingTheory.TechnicalLemmas.Probability.RandomScanHeatBath.md
- research-wiki\sampling-sde-library\cards\AutoSamplingTheory.TechnicalLemmas.Probability.RandomScanHeatBathReversibility.md
- research-wiki\sampling-sde-library\cards\AutoSamplingTheory.TechnicalLemmas.Probability.StdGaussianMoment.md
- research-wiki\sampling-sde-library\cards\AutoSamplingTheory.TechnicalLemmas.Probability.UniformExpectationGap.md
- research-wiki\sampling-sde-library\cards\AutoSamplingTheory.TechnicalLemmas.Probability.md
- research-wiki\sampling-sde-library\cards\AutoSamplingTheory.TechnicalLemmas.ProbabilityDistributions.Gaussian.md
- research-wiki\sampling-sde-library\cards\AutoSamplingTheory.TechnicalLemmas.ProbabilityDistributions.md
- research-wiki\sampling-sde-library\cards\AutoSamplingTheory.TechnicalLemmas.Registry.md
- research-wiki\sampling-sde-library\cards\AutoSamplingTheory.TechnicalLemmas.SALDExtracted.md
- research-wiki\sampling-sde-library\cards\AutoSamplingTheory.TechnicalLemmas.StochasticProcesses.AccumulatedEnergy.md
- research-wiki\sampling-sde-library\cards\AutoSamplingTheory.TechnicalLemmas.StochasticProcesses.BakryEmeryCalculus.md
- research-wiki\sampling-sde-library\cards\AutoSamplingTheory.TechnicalLemmas.StochasticProcesses.BakryEmeryGradientContraction.md
- research-wiki\sampling-sde-library\cards\AutoSamplingTheory.TechnicalLemmas.StochasticProcesses.BoundedStoppedItoMean.md
- research-wiki\sampling-sde-library\cards\AutoSamplingTheory.TechnicalLemmas.StochasticProcesses.BrownianMotion.md
- research-wiki\sampling-sde-library\cards\AutoSamplingTheory.TechnicalLemmas.StochasticProcesses.BrownianQuadraticVariation.md
- research-wiki\sampling-sde-library\cards\AutoSamplingTheory.TechnicalLemmas.StochasticProcesses.BrownianQuadraticVariationL2.md
- research-wiki\sampling-sde-library\cards\AutoSamplingTheory.TechnicalLemmas.StochasticProcesses.CanonicalEnergyLocalizer.md
- research-wiki\sampling-sde-library\cards\AutoSamplingTheory.TechnicalLemmas.StochasticProcesses.CanonicalEnergyStoppingTime.md
- research-wiki\sampling-sde-library\cards\AutoSamplingTheory.TechnicalLemmas.StochasticProcesses.CanonicalLocalizationTheorem.md
- research-wiki\sampling-sde-library\cards\AutoSamplingTheory.TechnicalLemmas.StochasticProcesses.CanonicalRawLocalization.md
- research-wiki\sampling-sde-library\cards\AutoSamplingTheory.TechnicalLemmas.StochasticProcesses.CanonicalRawLocalizationL2.md
- research-wiki\sampling-sde-library\cards\AutoSamplingTheory.TechnicalLemmas.StochasticProcesses.CanonicalStoppedItoIntegral.md
- research-wiki\sampling-sde-library\cards\AutoSamplingTheory.TechnicalLemmas.StochasticProcesses.CarreDuChamp.md
- research-wiki\sampling-sde-library\cards\AutoSamplingTheory.TechnicalLemmas.StochasticProcesses.ChewiDefinition1_1_17.md
- research-wiki\sampling-sde-library\cards\AutoSamplingTheory.TechnicalLemmas.StochasticProcesses.ChewiDisplay1_1_18.md
- research-wiki\sampling-sde-library\cards\AutoSamplingTheory.TechnicalLemmas.StochasticProcesses.ChewiItoProcess.md
- research-wiki\sampling-sde-library\cards\AutoSamplingTheory.TechnicalLemmas.StochasticProcesses.ChewiItoProcessProgressive.md
- research-wiki\sampling-sde-library\cards\AutoSamplingTheory.TechnicalLemmas.StochasticProcesses.ChewiProposition1_1_16.md
- research-wiki\sampling-sde-library\cards\AutoSamplingTheory.TechnicalLemmas.StochasticProcesses.CoefficientTruncation.md
- research-wiki\sampling-sde-library\cards\AutoSamplingTheory.TechnicalLemmas.StochasticProcesses.CompletedEnergy.md
- research-wiki\sampling-sde-library\cards\AutoSamplingTheory.TechnicalLemmas.StochasticProcesses.CompletedIntegrand.md
- research-wiki\sampling-sde-library\cards\AutoSamplingTheory.TechnicalLemmas.StochasticProcesses.ContinuousDoobL2.md
- research-wiki\sampling-sde-library\cards\AutoSamplingTheory.TechnicalLemmas.StochasticProcesses.DiscreteDoobL2.md
- research-wiki\sampling-sde-library\cards\AutoSamplingTheory.TechnicalLemmas.StochasticProcesses.DiscreteDoobLpPort.md
- research-wiki\sampling-sde-library\cards\AutoSamplingTheory.TechnicalLemmas.StochasticProcesses.DyadicElementaryRefinement.md
- research-wiki\sampling-sde-library\cards\AutoSamplingTheory.TechnicalLemmas.StochasticProcesses.DyadicElementaryStopping.md
- research-wiki\sampling-sde-library\cards\AutoSamplingTheory.TechnicalLemmas.StochasticProcesses.DyadicGlobalHorizon.md
- research-wiki\sampling-sde-library\cards\AutoSamplingTheory.TechnicalLemmas.StochasticProcesses.DyadicGridStoppingIto.md
- research-wiki\sampling-sde-library\cards\AutoSamplingTheory.TechnicalLemmas.StochasticProcesses.DyadicHorizonExtension.md
- research-wiki\sampling-sde-library\cards\AutoSamplingTheory.TechnicalLemmas.StochasticProcesses.DyadicHorizonIto.md
- research-wiki\sampling-sde-library\cards\AutoSamplingTheory.TechnicalLemmas.StochasticProcesses.ElementaryItoAlgebra.md
- research-wiki\sampling-sde-library\cards\AutoSamplingTheory.TechnicalLemmas.StochasticProcesses.ElementaryItoDoobL2.md
- research-wiki\sampling-sde-library\cards\AutoSamplingTheory.TechnicalLemmas.StochasticProcesses.ElementaryItoEmbedding.md
- research-wiki\sampling-sde-library\cards\AutoSamplingTheory.TechnicalLemmas.StochasticProcesses.ElementaryItoIntegral.md
- research-wiki\sampling-sde-library\cards\AutoSamplingTheory.TechnicalLemmas.StochasticProcesses.ElementaryItoIsometry.md
- research-wiki\sampling-sde-library\cards\AutoSamplingTheory.TechnicalLemmas.StochasticProcesses.ElementaryItoL2.md
- research-wiki\sampling-sde-library\cards\AutoSamplingTheory.TechnicalLemmas.StochasticProcesses.ElementaryItoProcess.md
- research-wiki\sampling-sde-library\cards\AutoSamplingTheory.TechnicalLemmas.StochasticProcesses.ElementaryStoppingTime.md
- research-wiki\sampling-sde-library\cards\AutoSamplingTheory.TechnicalLemmas.StochasticProcesses.EnergyPathContinuity.md
- research-wiki\sampling-sde-library\cards\AutoSamplingTheory.TechnicalLemmas.StochasticProcesses.EnergyStoppedIntegrand.md
- research-wiki\sampling-sde-library\cards\AutoSamplingTheory.TechnicalLemmas.StochasticProcesses.EnergyStoppedItoOverlap.md
- research-wiki\sampling-sde-library\cards\AutoSamplingTheory.TechnicalLemmas.StochasticProcesses.EnergyStoppedProgressiveL2.md
- research-wiki\sampling-sde-library\cards\AutoSamplingTheory.TechnicalLemmas.StochasticProcesses.EnergyStoppingBoundaryBridge.md
- research-wiki\sampling-sde-library\cards\AutoSamplingTheory.TechnicalLemmas.StochasticProcesses.EnergyStoppingL2Bridge.md
- research-wiki\sampling-sde-library\cards\AutoSamplingTheory.TechnicalLemmas.StochasticProcesses.EuclideanBrownianCoordinates.md
- research-wiki\sampling-sde-library\cards\AutoSamplingTheory.TechnicalLemmas.StochasticProcesses.FellerGeneratorBridge.md
- research-wiki\sampling-sde-library\cards\AutoSamplingTheory.TechnicalLemmas.StochasticProcesses.FellerSemigroup.md
- research-wiki\sampling-sde-library\cards\AutoSamplingTheory.TechnicalLemmas.StochasticProcesses.FiniteDimensionalItoProcess.md
- research-wiki\sampling-sde-library\cards\AutoSamplingTheory.TechnicalLemmas.StochasticProcesses.FiniteDimensionalItoProcessProgressive.md
- research-wiki\sampling-sde-library\cards\AutoSamplingTheory.TechnicalLemmas.StochasticProcesses.FiniteDimensionalNormBridge.md
- research-wiki\sampling-sde-library\cards\AutoSamplingTheory.TechnicalLemmas.StochasticProcesses.FiniteTimeGrid.md
- research-wiki\sampling-sde-library\cards\AutoSamplingTheory.TechnicalLemmas.StochasticProcesses.FokkerPlanckAlgebra.md
- research-wiki\sampling-sde-library\cards\AutoSamplingTheory.TechnicalLemmas.StochasticProcesses.GaussianFourthMoment.md
- research-wiki\sampling-sde-library\cards\AutoSamplingTheory.TechnicalLemmas.StochasticProcesses.GeneratorStationarity.md
- research-wiki\sampling-sde-library\cards\AutoSamplingTheory.TechnicalLemmas.StochasticProcesses.Girsanov.md
- research-wiki\sampling-sde-library\cards\AutoSamplingTheory.TechnicalLemmas.StochasticProcesses.GlobalCanonicalLocalizer.md
- research-wiki\sampling-sde-library\cards\AutoSamplingTheory.TechnicalLemmas.StochasticProcesses.GlobalCanonicalLocalizerLimit.md
- research-wiki\sampling-sde-library\cards\AutoSamplingTheory.TechnicalLemmas.StochasticProcesses.GlobalItoProcessGluing.md
- research-wiki\sampling-sde-library\cards\AutoSamplingTheory.TechnicalLemmas.StochasticProcesses.GlobalItoProcessProgressive.md
- research-wiki\sampling-sde-library\cards\AutoSamplingTheory.TechnicalLemmas.StochasticProcesses.GlobalLocalProgressiveL2.md
- research-wiki\sampling-sde-library\cards\AutoSamplingTheory.TechnicalLemmas.StochasticProcesses.GlobalStoppedItoMartingale.md
- research-wiki\sampling-sde-library\cards\AutoSamplingTheory.TechnicalLemmas.StochasticProcesses.GlobalStoppedItoOverlap.md
- research-wiki\sampling-sde-library\cards\AutoSamplingTheory.TechnicalLemmas.StochasticProcesses.GlobalStoppedL2Overlap.md
- research-wiki\sampling-sde-library\cards\AutoSamplingTheory.TechnicalLemmas.StochasticProcesses.GlobalStoppedProgressiveL2.md
- research-wiki\sampling-sde-library\cards\AutoSamplingTheory.TechnicalLemmas.StochasticProcesses.ItoFormulaAlgebra.md
- research-wiki\sampling-sde-library\cards\AutoSamplingTheory.TechnicalLemmas.StochasticProcesses.ItoHorizonConsistency.md
- research-wiki\sampling-sde-library\cards\AutoSamplingTheory.TechnicalLemmas.StochasticProcesses.ItoHorizonProcessConsistency.md
- research-wiki\sampling-sde-library\cards\AutoSamplingTheory.TechnicalLemmas.StochasticProcesses.ItoIntegralProcess.md
- research-wiki\sampling-sde-library\cards\AutoSamplingTheory.TechnicalLemmas.StochasticProcesses.ItoIntegralProcessAfterHorizon.md
- research-wiki\sampling-sde-library\cards\AutoSamplingTheory.TechnicalLemmas.StochasticProcesses.ItoIntegralProcessCongruence.md
- research-wiki\sampling-sde-library\cards\AutoSamplingTheory.TechnicalLemmas.StochasticProcesses.ItoIntegralProcessGlobalContinuity.md
- research-wiki\sampling-sde-library\cards\AutoSamplingTheory.TechnicalLemmas.StochasticProcesses.ItoTerminalCompletion.md
- research-wiki\sampling-sde-library\cards\AutoSamplingTheory.TechnicalLemmas.StochasticProcesses.L2GeneratorIdentities.md
- research-wiki\sampling-sde-library\cards\AutoSamplingTheory.TechnicalLemmas.StochasticProcesses.LaggedDyadicApproximation.md
- research-wiki\sampling-sde-library\cards\AutoSamplingTheory.TechnicalLemmas.StochasticProcesses.LaggedDyadicConvergence.md
- research-wiki\sampling-sde-library\cards\AutoSamplingTheory.TechnicalLemmas.StochasticProcesses.Langevin.md
- research-wiki\sampling-sde-library\cards\AutoSamplingTheory.TechnicalLemmas.StochasticProcesses.LangevinCanonicalFisherGamma.md
- research-wiki\sampling-sde-library\cards\AutoSamplingTheory.TechnicalLemmas.StochasticProcesses.LangevinCarreDuChamp.md
- research-wiki\sampling-sde-library\cards\AutoSamplingTheory.TechnicalLemmas.StochasticProcesses.LangevinGenerator.md
- research-wiki\sampling-sde-library\cards\AutoSamplingTheory.TechnicalLemmas.StochasticProcesses.LangevinKLDissipation.md
- research-wiki\sampling-sde-library\cards\AutoSamplingTheory.TechnicalLemmas.StochasticProcesses.Localization.md
- research-wiki\sampling-sde-library\cards\AutoSamplingTheory.TechnicalLemmas.StochasticProcesses.LocalProgressiveL2.md
- research-wiki\sampling-sde-library\cards\AutoSamplingTheory.TechnicalLemmas.StochasticProcesses.MarkovMeasureEvolution.md
- research-wiki\sampling-sde-library\cards\AutoSamplingTheory.TechnicalLemmas.StochasticProcesses.MarkovSemigroup.md
- research-wiki\sampling-sde-library\cards\AutoSamplingTheory.TechnicalLemmas.StochasticProcesses.Martingale.md
- research-wiki\sampling-sde-library\cards\AutoSamplingTheory.TechnicalLemmas.StochasticProcesses.OperatorGenerator.md
- research-wiki\sampling-sde-library\cards\AutoSamplingTheory.TechnicalLemmas.StochasticProcesses.OperatorGeneratorDomain.md
- research-wiki\sampling-sde-library\cards\AutoSamplingTheory.TechnicalLemmas.StochasticProcesses.ProgressiveDriftIntegral.md
- research-wiki\sampling-sde-library\cards\AutoSamplingTheory.TechnicalLemmas.StochasticProcesses.ProgressiveL2.md
- research-wiki\sampling-sde-library\cards\AutoSamplingTheory.TechnicalLemmas.StochasticProcesses.ProgressiveL2Algebra.md
- research-wiki\sampling-sde-library\cards\AutoSamplingTheory.TechnicalLemmas.StochasticProcesses.ProgressiveL2Density.md
- research-wiki\sampling-sde-library\cards\AutoSamplingTheory.TechnicalLemmas.StochasticProcesses.ProgressiveL2HorizonExtension.md
- research-wiki\sampling-sde-library\cards\AutoSamplingTheory.TechnicalLemmas.StochasticProcesses.ProgressiveL2Stopping.md
- research-wiki\sampling-sde-library\cards\AutoSamplingTheory.TechnicalLemmas.StochasticProcesses.ProgressiveL2Truncation.md
- research-wiki\sampling-sde-library\cards\AutoSamplingTheory.TechnicalLemmas.StochasticProcesses.RandomStoppingBoundary.md
- research-wiki\sampling-sde-library\cards\AutoSamplingTheory.TechnicalLemmas.StochasticProcesses.RandomStoppingDyadicApprox.md
- research-wiki\sampling-sde-library\cards\AutoSamplingTheory.TechnicalLemmas.StochasticProcesses.RandomStoppingGeneralIto.md
- research-wiki\sampling-sde-library\cards\AutoSamplingTheory.TechnicalLemmas.StochasticProcesses.RandomStoppingIntegrandLimit.md
- research-wiki\sampling-sde-library\cards\AutoSamplingTheory.TechnicalLemmas.StochasticProcesses.RandomStoppingItoTerminal.md
- research-wiki\sampling-sde-library\cards\AutoSamplingTheory.TechnicalLemmas.StochasticProcesses.RandomStoppingL2Contraction.md
- research-wiki\sampling-sde-library\cards\AutoSamplingTheory.TechnicalLemmas.StochasticProcesses.RandomStoppingL2Convergence.md
- research-wiki\sampling-sde-library\cards\AutoSamplingTheory.TechnicalLemmas.StochasticProcesses.RandomStoppingProcessApprox.md
- research-wiki\sampling-sde-library\cards\AutoSamplingTheory.TechnicalLemmas.StochasticProcesses.RandomStoppingProcessConsistency.md
- research-wiki\sampling-sde-library\cards\AutoSamplingTheory.TechnicalLemmas.StochasticProcesses.RandomStoppingProgressiveL2.md
- research-wiki\sampling-sde-library\cards\AutoSamplingTheory.TechnicalLemmas.StochasticProcesses.Reversibility.md
- research-wiki\sampling-sde-library\cards\AutoSamplingTheory.TechnicalLemmas.StochasticProcesses.ReversibleGenerator.md
- research-wiki\sampling-sde-library\cards\AutoSamplingTheory.TechnicalLemmas.StochasticProcesses.SampledElementaryApproximation.md
- research-wiki\sampling-sde-library\cards\AutoSamplingTheory.TechnicalLemmas.StochasticProcesses.StationarityEquivalence.md
- research-wiki\sampling-sde-library\cards\AutoSamplingTheory.TechnicalLemmas.StochasticProcesses.StoppingGraphNull.md
- research-wiki\sampling-sde-library\cards\AutoSamplingTheory.TechnicalLemmas.StochasticProcesses.StoppingTime.md
- research-wiki\sampling-sde-library\cards\AutoSamplingTheory.TechnicalLemmas.StochasticProcesses.TimeMeasure.md
- research-wiki\sampling-sde-library\cards\AutoSamplingTheory.TechnicalLemmas.StochasticProcesses.TimeMeasureRealBridge.md
- research-wiki\sampling-sde-library\cards\AutoSamplingTheory.TechnicalLemmas.StochasticProcesses.VectorBrownianFiltration.md
- research-wiki\sampling-sde-library\cards\AutoSamplingTheory.TechnicalLemmas.StochasticProcesses.WeakForwardEquation.md
- research-wiki\sampling-sde-library\cards\AutoSamplingTheory.TechnicalLemmas.StochasticProcesses.WeakGenerator.md
- research-wiki\sampling-sde-library\cards\AutoSamplingTheory.TechnicalLemmas.StochasticProcesses.md
- research-wiki\sampling-sde-library\cards\AutoSamplingTheory.TechnicalLemmas.Taylor.md
- research-wiki\sampling-sde-library\cards\AutoSamplingTheory.TechnicalLemmas.Variational.md
- research-wiki\sampling-sde-library\cards\AutoSamplingTheory.TechnicalLemmas.md
- research-wiki\external-lean-libraries\mathlib.md
- research-wiki\external-lean-libraries\lean-stat-learning-theory.md
- research-wiki\external-lean-libraries\lean-rademacher.md
- research-wiki\external-lean-libraries\log-concave-sampling-notes.md
- research-wiki\external-lean-libraries\lean-asymptotic-statistical-theory.md
- research-wiki\external-lean-libraries\atlas-v1.md
- research-wiki\retrieval-index\external-lean-reference-cards.json
- docs\mathlib_ready_leaf_protocol.md
- research-wiki\lemma-dags\README.md
- research-wiki\lemma-dags\SDE_Sampling_skill_tree.md
- research-wiki\lemma-dags\SALD_weak_fp_leaf_dag.md
- research-wiki\lemma-dags\Pro_assimilated_leaf_targets.md
- docs\assets\sampling_lemma_dag.mmd
- docs\assets\sampling_sde_leaf_network.svg
- agent-briefs\mathlib_ready_leaf_packet.md
- docs\mathlib_ready_leaf_reviewer_checklist.md
- agent-briefs\mathlib_ready_leaf_reviewer_checklist.md
- research-wiki\lemma-dags\log_concave_sampling_foundation.md
- docs\assets\log_concave_sampling_foundation.mmd
- docs\assets\log_concave_sampling_foundation.svg
- docs\assets\log_concave_sampling_status.mmd
- docs\assets\log_concave_sampling_status.svg
- research-wiki\sampling-sde-library\log_concave_sampling_overview.md
- agent-briefs\log_concave_sampling_6h_execution_pack.md
- research-wiki\sampling-sde-library\roadmap\log_concave_sampling_to_lean_tree.md
- research-wiki\retrieval-index\log-concave-sampling-to-lean-tree.json
- research-wiki\retrieval-index\ASTIS-CHEWI-001.json
- research-wiki\technical-lemmas\README.md
- research-wiki\technical-lemma-memory\README.md
- research-wiki\technical-lemmas\mathlib_ready_leaf_template.md
- research-wiki\technical-lemma-memory\mathlib_ready_leaf_template.md
- research-wiki\technical-lemmas\hidden_regularities.md
- research-wiki\technical-lemma-memory\hidden_regularities.md
- research-wiki\retrieval-index\mathlib-ready-leaf-protocol.json
