{
  "status": "passed-scoped",
  "checked_commit": "dcc54d0f5054384a4db273aaf157685e867be124",
  "decls": [
    "AutoSamplingTheory.TechnicalLemmas.Measure.GaussianConvolutionRegularity.gaussian_convolution_derivatives"
  ],
  "independently_reviewed_declarations": [
    "AutoSamplingTheory.TechnicalLemmas.Measure.GaussianConvolutionRegularity.gaussian_convolution_derivatives",
    "AutoSamplingTheory.TechnicalLemmas.Measure.GaussianConvolutionRegularity.gaussian_convolution_potential_c2"
  ],
  "frozen_inputs": [
    {
      "path": "runs/20261006-companion-priority/gaussian-convolution-derivatives/math-review.json",
      "raw_sha256": "facf0e5cfcb2e3ec0dee22c47e126e81c7600d28598bf32d0d46e4400cdd405f",
      "lf_sha256": "9583330375489cf31b20085e07fdbceded891ebd6d0daf43d2dd3157e59dc1e1",
      "bytes": 34107,
      "git_commit": "dcc54d0f5054384a4db273aaf157685e867be124",
      "git_raw_sha256": "facf0e5cfcb2e3ec0dee22c47e126e81c7600d28598bf32d0d46e4400cdd405f",
      "git_lf_sha256": "9583330375489cf31b20085e07fdbceded891ebd6d0daf43d2dd3157e59dc1e1",
      "git_raw_equals_worktree": true,
      "git_lf_equals_worktree": true,
      "exact_case_path_checked": true
    },
    {
      "path": "runs/20261006-companion-priority/gaussian-convolution-derivatives/math-lifecycle-reconciliation.json",
      "raw_sha256": "9e9c23609b648add57a6852d3f137f0ad31e9d55279cdddf4daf3715aeb97d06",
      "lf_sha256": "e63133f3433349783da171f84b046d401a4e58562fbbf382af7acee0d187e712",
      "bytes": 21718,
      "git_commit": "dcc54d0f5054384a4db273aaf157685e867be124",
      "git_raw_sha256": "9e9c23609b648add57a6852d3f137f0ad31e9d55279cdddf4daf3715aeb97d06",
      "git_lf_sha256": "e63133f3433349783da171f84b046d401a4e58562fbbf382af7acee0d187e712",
      "git_raw_equals_worktree": true,
      "git_lf_equals_worktree": true,
      "exact_case_path_checked": true
    },
    {
      "path": "runs/20261006-companion-priority/gaussian-convolution-derivatives/math-exposition-reconciliation.json",
      "raw_sha256": "4615add10a5de4aaf0e3fe0de9c471e632e9e55b53e0436eb914f263c799c549",
      "lf_sha256": "4b7791b67fda4efd3ac4655bdd61c4acccd2977b11fb48bfaf92e91e31e902c1",
      "bytes": 24009,
      "git_commit": "dcc54d0f5054384a4db273aaf157685e867be124",
      "git_raw_sha256": "4615add10a5de4aaf0e3fe0de9c471e632e9e55b53e0436eb914f263c799c549",
      "git_lf_sha256": "4b7791b67fda4efd3ac4655bdd61c4acccd2977b11fb48bfaf92e91e31e902c1",
      "git_raw_equals_worktree": true,
      "git_lf_equals_worktree": true,
      "exact_case_path_checked": true
    },
    {
      "path": "AutoSamplingTheory/TechnicalLemmas/Measure/GaussianConvolutionRegularity.lean",
      "raw_sha256": "25394020514aba3d497bd91b498c06155e2e84675dc077c96466677c4860feb5",
      "lf_sha256": "37fac669ee54535870e2b7e46cb5a848966a2e02100b90cb168db5a11bf9f043",
      "bytes": 26260,
      "git_commit": "dcc54d0f5054384a4db273aaf157685e867be124",
      "git_raw_sha256": "37fac669ee54535870e2b7e46cb5a848966a2e02100b90cb168db5a11bf9f043",
      "git_lf_sha256": "37fac669ee54535870e2b7e46cb5a848966a2e02100b90cb168db5a11bf9f043",
      "git_raw_equals_worktree": false,
      "git_lf_equals_worktree": true,
      "exact_case_path_checked": true
    },
    {
      "path": "Tests/GaussianConvolutionDerivatives.lean",
      "raw_sha256": "9e389c8d80b0ff9ec9613a5eea8f588dc8bafc09dad606d3739fb4167e9126e4",
      "lf_sha256": "9e389c8d80b0ff9ec9613a5eea8f588dc8bafc09dad606d3739fb4167e9126e4",
      "bytes": 3214,
      "git_commit": "dcc54d0f5054384a4db273aaf157685e867be124",
      "git_raw_sha256": "9e389c8d80b0ff9ec9613a5eea8f588dc8bafc09dad606d3739fb4167e9126e4",
      "git_lf_sha256": "9e389c8d80b0ff9ec9613a5eea8f588dc8bafc09dad606d3739fb4167e9126e4",
      "git_raw_equals_worktree": true,
      "git_lf_equals_worktree": true,
      "exact_case_path_checked": true
    },
    {
      "path": "website/content/publications/gaussian-convolution-derivatives.json",
      "raw_sha256": "a3871e9377b815b85b103e665e5372de154a4dce06f6af37dff8f1f0ea06e24b",
      "lf_sha256": "d4f41a263efdae2974d336c058fc8c91b01e345c7ee28df5987a320b916c4bc0",
      "bytes": 8668,
      "git_commit": "dcc54d0f5054384a4db273aaf157685e867be124",
      "git_raw_sha256": "d4f41a263efdae2974d336c058fc8c91b01e345c7ee28df5987a320b916c4bc0",
      "git_lf_sha256": "d4f41a263efdae2974d336c058fc8c91b01e345c7ee28df5987a320b916c4bc0",
      "git_raw_equals_worktree": false,
      "git_lf_equals_worktree": true,
      "exact_case_path_checked": true
    },
    {
      "path": "website/content/declaration_lessons/gaussian-convolution-derivatives.json",
      "raw_sha256": "b6644575c718d82fa4380d6f294a512ab462f93a4d3f8d1d9beb79c23baaf6ed",
      "lf_sha256": "3edfea1ff0d4c7d6cce47ad4dc6ff38c9d364b112546bdd6dc5e25a6561349d7",
      "bytes": 9761,
      "git_commit": "dcc54d0f5054384a4db273aaf157685e867be124",
      "git_raw_sha256": "3edfea1ff0d4c7d6cce47ad4dc6ff38c9d364b112546bdd6dc5e25a6561349d7",
      "git_lf_sha256": "3edfea1ff0d4c7d6cce47ad4dc6ff38c9d364b112546bdd6dc5e25a6561349d7",
      "git_raw_equals_worktree": false,
      "git_lf_equals_worktree": true,
      "exact_case_path_checked": true
    },
    {
      "path": "proof-blueprints/gaussian-convolution-derivatives.md",
      "raw_sha256": "977dec0bf2dd18a30fab018833694eed6a8fa122fd0c5c4bf5f8ccc555886eb7",
      "lf_sha256": "34158b735b46812482020544c6fc166c86c0ec467105d38d2fff4fa34cc3e2b7",
      "bytes": 3140,
      "git_commit": "dcc54d0f5054384a4db273aaf157685e867be124",
      "git_raw_sha256": "34158b735b46812482020544c6fc166c86c0ec467105d38d2fff4fa34cc3e2b7",
      "git_lf_sha256": "34158b735b46812482020544c6fc166c86c0ec467105d38d2fff4fa34cc3e2b7",
      "git_raw_equals_worktree": false,
      "git_lf_equals_worktree": true,
      "exact_case_path_checked": true
    },
    {
      "path": "website/content/publications/gaussian-convolution-regularity.json",
      "raw_sha256": "5065161e5cd16989823661198fa6c5605d4b2fe8a97ab8a575979057a7cc0972",
      "lf_sha256": "663decc2c74d69c1eaba46bf8fcd77e8c30724ad08f63aa9b2e518735b4fbd52",
      "bytes": 8032,
      "git_commit": "dcc54d0f5054384a4db273aaf157685e867be124",
      "git_raw_sha256": "663decc2c74d69c1eaba46bf8fcd77e8c30724ad08f63aa9b2e518735b4fbd52",
      "git_lf_sha256": "663decc2c74d69c1eaba46bf8fcd77e8c30724ad08f63aa9b2e518735b4fbd52",
      "git_raw_equals_worktree": false,
      "git_lf_equals_worktree": true,
      "exact_case_path_checked": true
    },
    {
      "path": "website/content/declaration_lessons/gaussian-convolution-regularity.json",
      "raw_sha256": "65b5586c72ab9f6bb0a00c74044b5d10a6cb872c4ba8f74ba835705f922d612d",
      "lf_sha256": "dd7038028f8b399995cdda23073c080a1e38e5f7dabfa0331d953dd5961d1204",
      "bytes": 9037,
      "git_commit": "dcc54d0f5054384a4db273aaf157685e867be124",
      "git_raw_sha256": "dd7038028f8b399995cdda23073c080a1e38e5f7dabfa0331d953dd5961d1204",
      "git_lf_sha256": "dd7038028f8b399995cdda23073c080a1e38e5f7dabfa0331d953dd5961d1204",
      "git_raw_equals_worktree": false,
      "git_lf_equals_worktree": true,
      "exact_case_path_checked": true
    },
    {
      "path": "AutoSamplingTheory/ExampleCases/SmoothedPicardHMC/SmoothedGibbsPotential.lean",
      "raw_sha256": "7e7c826f599cc14d817e1f0693c272a9b94439ce3cbaab468b806b7e15ef457b",
      "lf_sha256": "bba8bc9656b2df2c6653478b0b47b7573137b4a3712a0c5a631bed3fee1570ce",
      "bytes": 7451,
      "git_commit": "dcc54d0f5054384a4db273aaf157685e867be124",
      "git_raw_sha256": "bba8bc9656b2df2c6653478b0b47b7573137b4a3712a0c5a631bed3fee1570ce",
      "git_lf_sha256": "bba8bc9656b2df2c6653478b0b47b7573137b4a3712a0c5a631bed3fee1570ce",
      "git_raw_equals_worktree": false,
      "git_lf_equals_worktree": true,
      "exact_case_path_checked": true
    },
    {
      "path": "AutoSamplingTheory/TechnicalLemmas/Probability/GaussianConditionalKernel.lean",
      "raw_sha256": "a65a1f3b1f2c4a1e3f81505004c997417d23b109a38f74f417a54fbbbc82de4b",
      "lf_sha256": "6233b2527acc6b4297b62ac92f041b8c1af02e35ea60e16ddaa3501123329d1e",
      "bytes": 5361,
      "git_commit": "dcc54d0f5054384a4db273aaf157685e867be124",
      "git_raw_sha256": "6233b2527acc6b4297b62ac92f041b8c1af02e35ea60e16ddaa3501123329d1e",
      "git_lf_sha256": "6233b2527acc6b4297b62ac92f041b8c1af02e35ea60e16ddaa3501123329d1e",
      "git_raw_equals_worktree": false,
      "git_lf_equals_worktree": true,
      "exact_case_path_checked": true
    },
    {
      "path": "AutoSamplingTheory/ExampleCases/ProximalBPS/GaussianAugmentation.lean",
      "raw_sha256": "fb7db932e3081f5ad45120374ed3bfcfa79dbbb10b4f89df7533a678cae73ae0",
      "lf_sha256": "e3075df55a8ac80ccb3e1df44f11a47661d6b517464cf69069afc2734fd175ee",
      "bytes": 2861,
      "git_commit": "dcc54d0f5054384a4db273aaf157685e867be124",
      "git_raw_sha256": "e3075df55a8ac80ccb3e1df44f11a47661d6b517464cf69069afc2734fd175ee",
      "git_lf_sha256": "e3075df55a8ac80ccb3e1df44f11a47661d6b517464cf69069afc2734fd175ee",
      "git_raw_equals_worktree": false,
      "git_lf_equals_worktree": true,
      "exact_case_path_checked": true
    },
    {
      "path": "AutoSamplingTheory/TechnicalLemmas/Measure/IsotropicGaussianDensity.lean",
      "raw_sha256": "cb1bb40f2e4c17f4a9482cbd7ba022bac815409d68d4e7b6e9f8d00bcdd3e817",
      "lf_sha256": "08eaba5759c1f514e80c58123f6a7c4c9f1ffc18c4d20df3a93b6e718fae25d7",
      "bytes": 4867,
      "git_commit": "dcc54d0f5054384a4db273aaf157685e867be124",
      "git_raw_sha256": "08eaba5759c1f514e80c58123f6a7c4c9f1ffc18c4d20df3a93b6e718fae25d7",
      "git_lf_sha256": "08eaba5759c1f514e80c58123f6a7c4c9f1ffc18c4d20df3a93b6e718fae25d7",
      "git_raw_equals_worktree": false,
      "git_lf_equals_worktree": true,
      "exact_case_path_checked": true
    },
    {
      "path": "AutoSamplingTheory/TechnicalLemmas/Analysis/StrongConvexGibbsIntegrability.lean",
      "raw_sha256": "d1f328e72bc871acc27d936e985b75f4ffc45ef6126d364b60e01c45cf835ee5",
      "lf_sha256": "6497a5901e6fa898524821007f053d8c7396cd4d72d12ee647379d8bfa3dacf1",
      "bytes": 2802,
      "git_commit": "dcc54d0f5054384a4db273aaf157685e867be124",
      "git_raw_sha256": "6497a5901e6fa898524821007f053d8c7396cd4d72d12ee647379d8bfa3dacf1",
      "git_lf_sha256": "6497a5901e6fa898524821007f053d8c7396cd4d72d12ee647379d8bfa3dacf1",
      "git_raw_equals_worktree": false,
      "git_lf_equals_worktree": true,
      "exact_case_path_checked": true
    },
    {
      "path": "AutoSamplingTheory/TechnicalLemmas/Analysis/HessianStrongConvexity.lean",
      "raw_sha256": "78dcbca82db4c1aaaf2fb5ab59e2df74b23f2e48c805e41cde07f33d9f72ad30",
      "lf_sha256": "2274e86f3affb400c4de8c94c1796bb103d4b77c980a530ff23bd4c344e0bb62",
      "bytes": 4021,
      "git_commit": "dcc54d0f5054384a4db273aaf157685e867be124",
      "git_raw_sha256": "2274e86f3affb400c4de8c94c1796bb103d4b77c980a530ff23bd4c344e0bb62",
      "git_lf_sha256": "2274e86f3affb400c4de8c94c1796bb103d4b77c980a530ff23bd4c344e0bb62",
      "git_raw_equals_worktree": false,
      "git_lf_equals_worktree": true,
      "exact_case_path_checked": true
    },
    {
      "path": "AutoSamplingTheory/TechnicalLemmas/Analysis/StrongConvexFirstOrder.lean",
      "raw_sha256": "d9b0295b38b0b2259c844f86052b8ff9f2acad49a03c7dfc86708568022f4c68",
      "lf_sha256": "6efa3254bc53f8bd93423d56c79f38b90af35f0097e1223940c328861b336c17",
      "bytes": 4880,
      "git_commit": "dcc54d0f5054384a4db273aaf157685e867be124",
      "git_raw_sha256": "6efa3254bc53f8bd93423d56c79f38b90af35f0097e1223940c328861b336c17",
      "git_lf_sha256": "6efa3254bc53f8bd93423d56c79f38b90af35f0097e1223940c328861b336c17",
      "git_raw_equals_worktree": false,
      "git_lf_equals_worktree": true,
      "exact_case_path_checked": true
    },
    {
      "path": "AutoSamplingTheory/TechnicalLemmas/Analysis/Integrability.lean",
      "raw_sha256": "21218e636e5c0a1474b3809f246ab168d4cf0d3ff888a3b90496f9d512c5cc6f",
      "lf_sha256": "4919829eaae678c687cb23c6deb82e61cf6446d807e7c23e9381441194fa8e8e",
      "bytes": 24468,
      "git_commit": "dcc54d0f5054384a4db273aaf157685e867be124",
      "git_raw_sha256": "4919829eaae678c687cb23c6deb82e61cf6446d807e7c23e9381441194fa8e8e",
      "git_lf_sha256": "4919829eaae678c687cb23c6deb82e61cf6446d807e7c23e9381441194fa8e8e",
      "git_raw_equals_worktree": false,
      "git_lf_equals_worktree": true,
      "exact_case_path_checked": true
    },
    {
      "path": "lean-toolchain",
      "raw_sha256": "b2b5068d5a4835675e651ce83b29c0ddb308d28b80076e7c007aef4630af0477",
      "lf_sha256": "302cd63c54178885b89e669f33b38f12f4dd7ae7e5cac537b3203e3768d8fb2b",
      "bytes": 26,
      "git_commit": "dcc54d0f5054384a4db273aaf157685e867be124",
      "git_raw_sha256": "302cd63c54178885b89e669f33b38f12f4dd7ae7e5cac537b3203e3768d8fb2b",
      "git_lf_sha256": "302cd63c54178885b89e669f33b38f12f4dd7ae7e5cac537b3203e3768d8fb2b",
      "git_raw_equals_worktree": false,
      "git_lf_equals_worktree": true,
      "exact_case_path_checked": true
    },
    {
      "path": "lakefile.lean",
      "raw_sha256": "e94f88078c99ef2a854dbdc92bbf102a7422c498a8e81bf500ceafc10f523390",
      "lf_sha256": "1757b85b37f0a68972791443e3a8da33fd97ede414732fabb8e7d747b070c51c",
      "bytes": 256,
      "git_commit": "dcc54d0f5054384a4db273aaf157685e867be124",
      "git_raw_sha256": "1757b85b37f0a68972791443e3a8da33fd97ede414732fabb8e7d747b070c51c",
      "git_lf_sha256": "1757b85b37f0a68972791443e3a8da33fd97ede414732fabb8e7d747b070c51c",
      "git_raw_equals_worktree": false,
      "git_lf_equals_worktree": true,
      "exact_case_path_checked": true
    },
    {
      "path": "lake-manifest.json",
      "raw_sha256": "b1f16b43aaf4a886cfe0382d5e3ae63d6904281c00afd8f35af20f0270a747e2",
      "lf_sha256": "b83ca83b9cf7caa85fa8b023c2ff9a3fb7a7cce7e1c332e810c348535ec49c37",
      "bytes": 3234,
      "git_commit": "dcc54d0f5054384a4db273aaf157685e867be124",
      "git_raw_sha256": "b83ca83b9cf7caa85fa8b023c2ff9a3fb7a7cce7e1c332e810c348535ec49c37",
      "git_lf_sha256": "b83ca83b9cf7caa85fa8b023c2ff9a3fb7a7cce7e1c332e810c348535ec49c37",
      "git_raw_equals_worktree": false,
      "git_lf_equals_worktree": true,
      "exact_case_path_checked": true
    },
    {
      "path": ".lake/packages/mathlib/Mathlib/MeasureTheory/Measure/Tilted.lean",
      "raw_sha256": "53cc37610d1b21725a178c7d8064c59bb28629625d844b02430a30714ecd0c3e",
      "lf_sha256": "355cce542b03dd9130d9511f80ae803cc11a12ba9e6a947e68402b124be2165f",
      "bytes": 17366,
      "git_commit": "db584cd6d46c92f209a44c0f1c829460d327499d",
      "git_raw_sha256": "355cce542b03dd9130d9511f80ae803cc11a12ba9e6a947e68402b124be2165f",
      "git_lf_sha256": "355cce542b03dd9130d9511f80ae803cc11a12ba9e6a947e68402b124be2165f",
      "git_raw_equals_worktree": false,
      "git_lf_equals_worktree": true,
      "exact_case_path_checked": true
    },
    {
      "path": ".lake/packages/mathlib/Mathlib/MeasureTheory/Function/L2Space.lean",
      "raw_sha256": "b27eb9c9823a58a229a17f69860c5bcf3defb433c23ff3bab335f864676df3b5",
      "lf_sha256": "7dd0542490f2841e8a91d2258a903d328383d7305915375d99d589fae40de399",
      "bytes": 14200,
      "git_commit": "db584cd6d46c92f209a44c0f1c829460d327499d",
      "git_raw_sha256": "7dd0542490f2841e8a91d2258a903d328383d7305915375d99d589fae40de399",
      "git_lf_sha256": "7dd0542490f2841e8a91d2258a903d328383d7305915375d99d589fae40de399",
      "git_raw_equals_worktree": false,
      "git_lf_equals_worktree": true,
      "exact_case_path_checked": true
    },
    {
      "path": ".lake/packages/mathlib/Mathlib/Probability/Moments/Covariance.lean",
      "raw_sha256": "ed4d49ae854d635bf02fe006e846aa395e311967b8a8fc16837e17323ac69a3b",
      "lf_sha256": "627b0715f8603daff3a29a47cbd21ce3c192020295c96f088784f4b197bf0312",
      "bytes": 14466,
      "git_commit": "db584cd6d46c92f209a44c0f1c829460d327499d",
      "git_raw_sha256": "627b0715f8603daff3a29a47cbd21ce3c192020295c96f088784f4b197bf0312",
      "git_lf_sha256": "627b0715f8603daff3a29a47cbd21ce3c192020295c96f088784f4b197bf0312",
      "git_raw_equals_worktree": false,
      "git_lf_equals_worktree": true,
      "exact_case_path_checked": true
    },
    {
      "path": ".lake/packages/mathlib/Mathlib/Probability/Moments/CovarianceBilin.lean",
      "raw_sha256": "c94b26cad39e2da03f089dc1a889ff227d57e2774283cd2ce9300ceedf04becf",
      "lf_sha256": "1005d48eb36c1dfe48d6ff8315c513cb10c682f91d9c66b6172ae9d3a0d29df6",
      "bytes": 10901,
      "git_commit": "db584cd6d46c92f209a44c0f1c829460d327499d",
      "git_raw_sha256": "1005d48eb36c1dfe48d6ff8315c513cb10c682f91d9c66b6172ae9d3a0d29df6",
      "git_lf_sha256": "1005d48eb36c1dfe48d6ff8315c513cb10c682f91d9c66b6172ae9d3a0d29df6",
      "git_raw_equals_worktree": false,
      "git_lf_equals_worktree": true,
      "exact_case_path_checked": true
    },
    {
      "path": ".lake/packages/mathlib/Mathlib/Probability/Moments/CovarianceBilinDual.lean",
      "raw_sha256": "d65f21136129e57d006fa33ce6b62276306dc80b4e718693edec9706ad9bd176",
      "lf_sha256": "12ccd3fae054b436da5ea9ebfca9cef8ad3591cc74073883138a35a1d932bd4f",
      "bytes": 15740,
      "git_commit": "db584cd6d46c92f209a44c0f1c829460d327499d",
      "git_raw_sha256": "12ccd3fae054b436da5ea9ebfca9cef8ad3591cc74073883138a35a1d932bd4f",
      "git_lf_sha256": "12ccd3fae054b436da5ea9ebfca9cef8ad3591cc74073883138a35a1d932bd4f",
      "git_raw_equals_worktree": false,
      "git_lf_equals_worktree": true,
      "exact_case_path_checked": true
    },
    {
      "path": ".lake/packages/mathlib/Mathlib/Analysis/Calculus/ParametricIntegral.lean",
      "raw_sha256": "d63869326d278ce53699b42ce5cf3af11bc8260aad1bb97eaeb86889b92f6ca7",
      "lf_sha256": "495f1a89774b147de1528e0213f519817d50fc3602724c9cbea633e9617c3375",
      "bytes": 18954,
      "git_commit": "db584cd6d46c92f209a44c0f1c829460d327499d",
      "git_raw_sha256": "495f1a89774b147de1528e0213f519817d50fc3602724c9cbea633e9617c3375",
      "git_lf_sha256": "495f1a89774b147de1528e0213f519817d50fc3602724c9cbea633e9617c3375",
      "git_raw_equals_worktree": false,
      "git_lf_equals_worktree": true,
      "exact_case_path_checked": true
    },
    {
      "path": ".lake/packages/mathlib/Mathlib/MeasureTheory/Integral/Bochner/ContinuousLinearMap.lean",
      "raw_sha256": "b658d7d2987e8f2ae1e143348cce977554b9883eb9c345297b87c33177bee17e",
      "lf_sha256": "34dda53973ce6620e90d97d87ffcb2def082a34fa57875aa9ac07e088b43d434",
      "bytes": 18509,
      "git_commit": "db584cd6d46c92f209a44c0f1c829460d327499d",
      "git_raw_sha256": "34dda53973ce6620e90d97d87ffcb2def082a34fa57875aa9ac07e088b43d434",
      "git_lf_sha256": "34dda53973ce6620e90d97d87ffcb2def082a34fa57875aa9ac07e088b43d434",
      "git_raw_equals_worktree": false,
      "git_lf_equals_worktree": true,
      "exact_case_path_checked": true
    },
    {
      "path": ".lake/packages/mathlib/Mathlib/MeasureTheory/Integral/Bochner/Basic.lean",
      "raw_sha256": "38acb9930511f4fda15584cc7be30bb37d0d8ab0406a6cc2b32229c730440463",
      "lf_sha256": "f81a06eab17faccbc4b671a93e7af73332f5fd3946f7690e7c2a3cfee77d28c8",
      "bytes": 71811,
      "git_commit": "db584cd6d46c92f209a44c0f1c829460d327499d",
      "git_raw_sha256": "f81a06eab17faccbc4b671a93e7af73332f5fd3946f7690e7c2a3cfee77d28c8",
      "git_lf_sha256": "f81a06eab17faccbc4b671a93e7af73332f5fd3946f7690e7c2a3cfee77d28c8",
      "git_raw_equals_worktree": false,
      "git_lf_equals_worktree": true,
      "exact_case_path_checked": true
    },
    {
      "path": "runs/20261006-companion-priority/gaussian-convolution-derivatives/focused.log",
      "raw_sha256": "f7d4d2413b4a34999b24295a53c3f2ab4468651366ee63f7d7c3cd77c6d96463",
      "lf_sha256": "439dbda8236b85bf59b9e6ec3e6b4ea4a0b7896fa6d6f1008fc2f8f730eb69e1",
      "bytes": 3484,
      "git_commit": "dcc54d0f5054384a4db273aaf157685e867be124",
      "git_raw_sha256": "f7d4d2413b4a34999b24295a53c3f2ab4468651366ee63f7d7c3cd77c6d96463",
      "git_lf_sha256": "439dbda8236b85bf59b9e6ec3e6b4ea4a0b7896fa6d6f1008fc2f8f730eb69e1",
      "git_raw_equals_worktree": true,
      "git_lf_equals_worktree": true,
      "exact_case_path_checked": true
    },
    {
      "path": "runs/20261006-companion-priority/gaussian-convolution-derivatives/independent-production.log",
      "raw_sha256": "bb0f1e2a6d7d24fe873afd3366ba5935c71244e5add80932948903036a773d78",
      "lf_sha256": "d63a3fcfa26b7bea8b3f821b842c73359d7dcfd86d24d97421276dd0a7acfebc",
      "bytes": 2379,
      "git_commit": "dcc54d0f5054384a4db273aaf157685e867be124",
      "git_raw_sha256": "bb0f1e2a6d7d24fe873afd3366ba5935c71244e5add80932948903036a773d78",
      "git_lf_sha256": "d63a3fcfa26b7bea8b3f821b842c73359d7dcfd86d24d97421276dd0a7acfebc",
      "git_raw_equals_worktree": true,
      "git_lf_equals_worktree": true,
      "exact_case_path_checked": true
    },
    {
      "path": "runs/20261006-companion-priority/gaussian-convolution-derivatives/independent-test.log",
      "raw_sha256": "724408d367b1fb5e4a0649fd2f8b885ee124fa6977f8cf361a5b0de2c97643ea",
      "lf_sha256": "71334192ac2b687d27349297db81b52985dbc9bbfe53c3d618d74a8889774e4b",
      "bytes": 682,
      "git_commit": "dcc54d0f5054384a4db273aaf157685e867be124",
      "git_raw_sha256": "724408d367b1fb5e4a0649fd2f8b885ee124fa6977f8cf361a5b0de2c97643ea",
      "git_lf_sha256": "71334192ac2b687d27349297db81b52985dbc9bbfe53c3d618d74a8889774e4b",
      "git_raw_equals_worktree": true,
      "git_lf_equals_worktree": true,
      "exact_case_path_checked": true
    },
    {
      "path": "runs/20261006-companion-priority/gaussian-convolution-derivatives/independent-focused.log",
      "raw_sha256": "6271ed0fb71bf682f41833a660c5279ec1a805bc15d94355d1c7489c8e3b3b2f",
      "lf_sha256": "aade169719c1ed0843a1846befc2481f976da78498ac660c653ffc60d35db7ef",
      "bytes": 3374,
      "git_commit": "dcc54d0f5054384a4db273aaf157685e867be124",
      "git_raw_sha256": "6271ed0fb71bf682f41833a660c5279ec1a805bc15d94355d1c7489c8e3b3b2f",
      "git_lf_sha256": "aade169719c1ed0843a1846befc2481f976da78498ac660c653ffc60d35db7ef",
      "git_raw_equals_worktree": true,
      "git_lf_equals_worktree": true,
      "exact_case_path_checked": true
    },
    {
      "path": "runs/20261006-companion-priority/gaussian-convolution-derivatives/independent-zero-singular.log",
      "raw_sha256": "e4da8f56b4d4847395234a79009f6cee8b18d9599a4a94964ecfd8bb4dadd97d",
      "lf_sha256": "284bd890c4c72a719dc140e8c8bcc8a5ca26dcfeeaa66a75ed349c13fbfbb6a9",
      "bytes": 3480,
      "git_commit": "dcc54d0f5054384a4db273aaf157685e867be124",
      "git_raw_sha256": "e4da8f56b4d4847395234a79009f6cee8b18d9599a4a94964ecfd8bb4dadd97d",
      "git_lf_sha256": "284bd890c4c72a719dc140e8c8bcc8a5ca26dcfeeaa66a75ed349c13fbfbb6a9",
      "git_raw_equals_worktree": true,
      "git_lf_equals_worktree": true,
      "exact_case_path_checked": true
    },
    {
      "path": "runs/20261006-companion-priority/gaussian-convolution-derivatives/prior-module.snapshot.lean",
      "raw_sha256": "8dcfaac1b9a757c163af2adb3f853a94d63386dde6a39dca77b75027f6a08993",
      "lf_sha256": "c4334e4f73b635c0c0882fbd80b6861108792b5ac81b36747fd413549f98119b",
      "bytes": 13296,
      "git_commit": "dcc54d0f5054384a4db273aaf157685e867be124",
      "git_raw_sha256": "8dcfaac1b9a757c163af2adb3f853a94d63386dde6a39dca77b75027f6a08993",
      "git_lf_sha256": "c4334e4f73b635c0c0882fbd80b6861108792b5ac81b36747fd413549f98119b",
      "git_raw_equals_worktree": true,
      "git_lf_equals_worktree": true,
      "exact_case_path_checked": true
    },
    {
      "path": "runs/20261006-companion-priority/gaussian-convolution-derivatives/prior-audit.snapshot.json",
      "raw_sha256": "3240f69e5c5ce93c2910e6ac40047b5749309a074fc7af8c347f95489fb8c3fe",
      "lf_sha256": "3c0d7f97f0839360542ccdf5066402d951bd2b8b0a541b7014252ab61c3056b7",
      "bytes": 40536,
      "git_commit": "dcc54d0f5054384a4db273aaf157685e867be124",
      "git_raw_sha256": "3240f69e5c5ce93c2910e6ac40047b5749309a074fc7af8c347f95489fb8c3fe",
      "git_lf_sha256": "3c0d7f97f0839360542ccdf5066402d951bd2b8b0a541b7014252ab61c3056b7",
      "git_raw_equals_worktree": true,
      "git_lf_equals_worktree": true,
      "exact_case_path_checked": true
    },
    {
      "path": "runs/20261006-companion-priority/gaussian-convolution-derivatives/prior-cell.snapshot.json",
      "raw_sha256": "d546a9c365ad032ff68ce6ea7da8e40265ebc3fc0bc122431d0d8c2c7c90f708",
      "lf_sha256": "9adc51c1d553b09c1edaa8cd5b6f93a91b70c6faf5d89c56017f5d4aaa4dfff4",
      "bytes": 9739,
      "git_commit": "dcc54d0f5054384a4db273aaf157685e867be124",
      "git_raw_sha256": "d546a9c365ad032ff68ce6ea7da8e40265ebc3fc0bc122431d0d8c2c7c90f708",
      "git_lf_sha256": "9adc51c1d553b09c1edaa8cd5b6f93a91b70c6faf5d89c56017f5d4aaa4dfff4",
      "git_raw_equals_worktree": true,
      "git_lf_equals_worktree": true,
      "exact_case_path_checked": true
    },
    {
      "path": "runs/20261006-companion-priority/gaussian-convolution-derivatives/prior-current.decoder.json",
      "raw_sha256": "3bc7d39b3bb36a0eff3c3e8fbe2aa4b8cbd1097e97739e0d5c98d63345abe361",
      "lf_sha256": "372e3f3b8e792037792b8743d9ccb59f6e6d5159cafa32000c7f77ab42500d20",
      "bytes": 2615,
      "git_commit": "dcc54d0f5054384a4db273aaf157685e867be124",
      "git_raw_sha256": "3bc7d39b3bb36a0eff3c3e8fbe2aa4b8cbd1097e97739e0d5c98d63345abe361",
      "git_lf_sha256": "372e3f3b8e792037792b8743d9ccb59f6e6d5159cafa32000c7f77ab42500d20",
      "git_raw_equals_worktree": true,
      "git_lf_equals_worktree": true,
      "exact_case_path_checked": true
    },
    {
      "path": "runs/20261006-companion-priority/gaussian-convolution-derivatives/prior-reviewed-inputs.json",
      "raw_sha256": "7603aaaac5f57bf3948b1e49384c87832b6f97ef336a17fa6e451a657f0be77b",
      "lf_sha256": "9af3cfafe8e0469f9eb66f3e260b1b4be16abf782065a81c86e7dfd0a0ccde2a",
      "bytes": 1626,
      "git_commit": "dcc54d0f5054384a4db273aaf157685e867be124",
      "git_raw_sha256": "7603aaaac5f57bf3948b1e49384c87832b6f97ef336a17fa6e451a657f0be77b",
      "git_lf_sha256": "9af3cfafe8e0469f9eb66f3e260b1b4be16abf782065a81c86e7dfd0a0ccde2a",
      "git_raw_equals_worktree": true,
      "git_lf_equals_worktree": true,
      "exact_case_path_checked": true
    },
    {
      "path": "runs/20261006-companion-priority/gaussian-convolution-derivatives/cell.math-reviewed.snapshot.json",
      "raw_sha256": "d2df98a03554003a9f37ed011131613158407312f6d2cc00e2bcf64c4711b9ad",
      "lf_sha256": "9e6d5b85b95ee67e309d634fc8d1ae82349ff6883ca0728c5768ed6ca2d54e20",
      "bytes": 9178,
      "git_commit": "dcc54d0f5054384a4db273aaf157685e867be124",
      "git_raw_sha256": "d2df98a03554003a9f37ed011131613158407312f6d2cc00e2bcf64c4711b9ad",
      "git_lf_sha256": "9e6d5b85b95ee67e309d634fc8d1ae82349ff6883ca0728c5768ed6ca2d54e20",
      "git_raw_equals_worktree": true,
      "git_lf_equals_worktree": true,
      "exact_case_path_checked": true
    },
    {
      "path": "runs/20261006-companion-priority/gaussian-convolution-derivatives/audit-new.math-reviewed.snapshot.json",
      "raw_sha256": "65d8dba9d349d0656f27f9c4475c1b2925bf434cd2270ad0df2960c38568c8cb",
      "lf_sha256": "28778b5f0ea8c94b9b4a63aca3980e68de0aaaa4598525723edf5c19862c2917",
      "bytes": 46960,
      "git_commit": "dcc54d0f5054384a4db273aaf157685e867be124",
      "git_raw_sha256": "65d8dba9d349d0656f27f9c4475c1b2925bf434cd2270ad0df2960c38568c8cb",
      "git_lf_sha256": "28778b5f0ea8c94b9b4a63aca3980e68de0aaaa4598525723edf5c19862c2917",
      "git_raw_equals_worktree": true,
      "git_lf_equals_worktree": true,
      "exact_case_path_checked": true
    },
    {
      "path": "runs/20261006-companion-priority/gaussian-convolution-derivatives/audit-prior-c2.math-reviewed.snapshot.json",
      "raw_sha256": "9a03c21ecf5f1a4774a59150278ddb888bf9bc92459686091b8965e457467b28",
      "lf_sha256": "13e4469e9c45ae81268b47510270cbfff9158d0154fb3168261c549babf7664e",
      "bytes": 51903,
      "git_commit": "dcc54d0f5054384a4db273aaf157685e867be124",
      "git_raw_sha256": "9a03c21ecf5f1a4774a59150278ddb888bf9bc92459686091b8965e457467b28",
      "git_lf_sha256": "13e4469e9c45ae81268b47510270cbfff9158d0154fb3168261c549babf7664e",
      "git_raw_equals_worktree": true,
      "git_lf_equals_worktree": true,
      "exact_case_path_checked": true
    },
    {
      "path": "research-wiki/frontier-cells/ASTIS-SHARED-gaussian-convolution-derivatives.json",
      "raw_sha256": "2d80c6977eebef2a3aa526ee453be978c14d4bbce112b47e14757d40a996a6d5",
      "lf_sha256": "388f3a4d6cedd4fd8cc29397368450b097a6a20ff8d77c50c13a98bf37228dc1",
      "bytes": 9500,
      "git_commit": "dcc54d0f5054384a4db273aaf157685e867be124",
      "git_raw_sha256": "388f3a4d6cedd4fd8cc29397368450b097a6a20ff8d77c50c13a98bf37228dc1",
      "git_lf_sha256": "388f3a4d6cedd4fd8cc29397368450b097a6a20ff8d77c50c13a98bf37228dc1",
      "git_raw_equals_worktree": false,
      "git_lf_equals_worktree": true,
      "exact_case_path_checked": true
    },
    {
      "path": "research-wiki/frontier-cells/ASTIS-SHARED-gaussian-convolution-regularity.json",
      "raw_sha256": "d546a9c365ad032ff68ce6ea7da8e40265ebc3fc0bc122431d0d8c2c7c90f708",
      "lf_sha256": "9adc51c1d553b09c1edaa8cd5b6f93a91b70c6faf5d89c56017f5d4aaa4dfff4",
      "bytes": 9739,
      "git_commit": "dcc54d0f5054384a4db273aaf157685e867be124",
      "git_raw_sha256": "9adc51c1d553b09c1edaa8cd5b6f93a91b70c6faf5d89c56017f5d4aaa4dfff4",
      "git_lf_sha256": "9adc51c1d553b09c1edaa8cd5b6f93a91b70c6faf5d89c56017f5d4aaa4dfff4",
      "git_raw_equals_worktree": false,
      "git_lf_equals_worktree": true,
      "exact_case_path_checked": true
    },
    {
      "path": "runs/20261006-companion-priority/gaussian-convolution-derivatives/ASTIS-RT-20261006-GaussianConvolutionDerivatives.json.before-exposition.snapshot.json",
      "raw_sha256": "c2fdd8cc51c259961a16d327a1354370415c3471cf1920170f2657495f32dfc3",
      "lf_sha256": "214a5e5a9f637cc3fcfd3f783d91b69fc86b35cf76cded9572d0e1d58ce3af17",
      "bytes": 50224,
      "git_commit": "dcc54d0f5054384a4db273aaf157685e867be124",
      "git_raw_sha256": "c2fdd8cc51c259961a16d327a1354370415c3471cf1920170f2657495f32dfc3",
      "git_lf_sha256": "214a5e5a9f637cc3fcfd3f783d91b69fc86b35cf76cded9572d0e1d58ce3af17",
      "git_raw_equals_worktree": true,
      "git_lf_equals_worktree": true,
      "exact_case_path_checked": true
    },
    {
      "path": "runs/20261006-companion-priority/gaussian-convolution-derivatives/source-review.new.json.before-exposition.snapshot.json",
      "raw_sha256": "65d46576ba9c0c5e4b70268b3e3e8d33aa2709ccff370ee443f889bb00b9870a",
      "lf_sha256": "301d00f057cab36deb3b42ce3de12803343a1270ddf8d05c30935bd7132bf579",
      "bytes": 51969,
      "git_commit": "dcc54d0f5054384a4db273aaf157685e867be124",
      "git_raw_sha256": "65d46576ba9c0c5e4b70268b3e3e8d33aa2709ccff370ee443f889bb00b9870a",
      "git_lf_sha256": "301d00f057cab36deb3b42ce3de12803343a1270ddf8d05c30935bd7132bf579",
      "git_raw_equals_worktree": true,
      "git_lf_equals_worktree": true,
      "exact_case_path_checked": true
    },
    {
      "path": "runs/20261006-companion-priority/gaussian-convolution-derivatives/source-review.new.json",
      "raw_sha256": "6845794394abefb1802fb4f51349f3b66d22bfca8ec516dedd5aebea9c65b131",
      "lf_sha256": "84ebd74df39bec9ea2f87553c7093bb850b9f893edbe686cdeb82b81c5e692fe",
      "bytes": 52075,
      "git_commit": "dcc54d0f5054384a4db273aaf157685e867be124",
      "git_raw_sha256": "6845794394abefb1802fb4f51349f3b66d22bfca8ec516dedd5aebea9c65b131",
      "git_lf_sha256": "84ebd74df39bec9ea2f87553c7093bb850b9f893edbe686cdeb82b81c5e692fe",
      "git_raw_equals_worktree": true,
      "git_lf_equals_worktree": true,
      "exact_case_path_checked": true
    },
    {
      "path": "runs/20261006-companion-priority/gaussian-convolution-derivatives/ASTIS-RT-20261006-GaussianConvolutionRegularity.json.before-exposition.snapshot.json",
      "raw_sha256": "9a03c21ecf5f1a4774a59150278ddb888bf9bc92459686091b8965e457467b28",
      "lf_sha256": "13e4469e9c45ae81268b47510270cbfff9158d0154fb3168261c549babf7664e",
      "bytes": 51903,
      "git_commit": "dcc54d0f5054384a4db273aaf157685e867be124",
      "git_raw_sha256": "9a03c21ecf5f1a4774a59150278ddb888bf9bc92459686091b8965e457467b28",
      "git_lf_sha256": "13e4469e9c45ae81268b47510270cbfff9158d0154fb3168261c549babf7664e",
      "git_raw_equals_worktree": true,
      "git_lf_equals_worktree": true,
      "exact_case_path_checked": true
    },
    {
      "path": "runs/20261006-companion-priority/gaussian-convolution-derivatives/source-review.prior-c2.json.before-exposition.snapshot.json",
      "raw_sha256": "c950780270652d1028f64bdb18e7f994ebdeb992eaadde520894a2eeceb6dfa0",
      "lf_sha256": "1e06de3b793e3fbc8b910db3800f10b1c8c9c0cd05a8b05e6b2dba7a6bc9f836",
      "bytes": 49120,
      "git_commit": "dcc54d0f5054384a4db273aaf157685e867be124",
      "git_raw_sha256": "c950780270652d1028f64bdb18e7f994ebdeb992eaadde520894a2eeceb6dfa0",
      "git_lf_sha256": "1e06de3b793e3fbc8b910db3800f10b1c8c9c0cd05a8b05e6b2dba7a6bc9f836",
      "git_raw_equals_worktree": true,
      "git_lf_equals_worktree": true,
      "exact_case_path_checked": true
    },
    {
      "path": "runs/20261006-companion-priority/gaussian-convolution-derivatives/source-review.prior-c2.json",
      "raw_sha256": "7f26ad449971b043aa1ed522f5e55ae9393253cb97904c0dcf7965212fb64e7e",
      "lf_sha256": "b4dc9a0cbd00574d6e4acd5d270f8600995532672b20d3671863eb4a849d0136",
      "bytes": 49226,
      "git_commit": "dcc54d0f5054384a4db273aaf157685e867be124",
      "git_raw_sha256": "7f26ad449971b043aa1ed522f5e55ae9393253cb97904c0dcf7965212fb64e7e",
      "git_lf_sha256": "b4dc9a0cbd00574d6e4acd5d270f8600995532672b20d3671863eb4a849d0136",
      "git_raw_equals_worktree": true,
      "git_lf_equals_worktree": true,
      "exact_case_path_checked": true
    },
    {
      "path": "research-wiki/semantic-roundtrip/audits/ASTIS-RT-20261006-GaussianConvolutionDerivatives.json",
      "raw_sha256": "41a2aeb50b1dc5b993fdeecd2a8ecc1bb0e40387d45cd0c48d5e6966240e21b0",
      "lf_sha256": "cd42273d288669810524eb0ece9b28ab104499cd175bbf06a02f058bd5830ac5",
      "bytes": 59304,
      "git_commit": "dcc54d0f5054384a4db273aaf157685e867be124",
      "git_raw_sha256": "cd42273d288669810524eb0ece9b28ab104499cd175bbf06a02f058bd5830ac5",
      "git_lf_sha256": "cd42273d288669810524eb0ece9b28ab104499cd175bbf06a02f058bd5830ac5",
      "git_raw_equals_worktree": false,
      "git_lf_equals_worktree": true,
      "exact_case_path_checked": true
    },
    {
      "path": "runs/20261006-companion-priority/gaussian-convolution-derivatives/anonymous.decoder.json",
      "raw_sha256": "b777815a81a9af3a46af46330d066a8bcd4a042cacd945faa22226fccd684669",
      "lf_sha256": "72ea73a391792eb07cce0353b8ef19033262dfab0fa5e16e5422158ba6bc99ad",
      "bytes": 2768,
      "git_commit": "dcc54d0f5054384a4db273aaf157685e867be124",
      "git_raw_sha256": "b777815a81a9af3a46af46330d066a8bcd4a042cacd945faa22226fccd684669",
      "git_lf_sha256": "72ea73a391792eb07cce0353b8ef19033262dfab0fa5e16e5422158ba6bc99ad",
      "git_raw_equals_worktree": true,
      "git_lf_equals_worktree": true,
      "exact_case_path_checked": true
    },
    {
      "path": "runs/20261006-companion-priority/gaussian-convolution-derivatives/anonymous.reconstruction.json",
      "raw_sha256": "fb4a09525ae5fb85de31cf26709008e5ac812dfc645cc1d6b886da1c3cddf67d",
      "lf_sha256": "fb4a09525ae5fb85de31cf26709008e5ac812dfc645cc1d6b886da1c3cddf67d",
      "bytes": 8541,
      "git_commit": "dcc54d0f5054384a4db273aaf157685e867be124",
      "git_raw_sha256": "fb4a09525ae5fb85de31cf26709008e5ac812dfc645cc1d6b886da1c3cddf67d",
      "git_lf_sha256": "fb4a09525ae5fb85de31cf26709008e5ac812dfc645cc1d6b886da1c3cddf67d",
      "git_raw_equals_worktree": true,
      "git_lf_equals_worktree": true,
      "exact_case_path_checked": true
    },
    {
      "path": "runs/20261006-companion-priority/gaussian-convolution-derivatives/source-review.new.result.json",
      "raw_sha256": "3cccb03b08b6346acf4cc21bbe48c10e112e7dc291056fe65fb3a9c6ee6be352",
      "lf_sha256": "c6aff7db5ddc3804efd3ecd69632ab9cd111af7ee569c3f2881f7fd69b44291a",
      "bytes": 74305,
      "git_commit": "dcc54d0f5054384a4db273aaf157685e867be124",
      "git_raw_sha256": "3cccb03b08b6346acf4cc21bbe48c10e112e7dc291056fe65fb3a9c6ee6be352",
      "git_lf_sha256": "c6aff7db5ddc3804efd3ecd69632ab9cd111af7ee569c3f2881f7fd69b44291a",
      "git_raw_equals_worktree": true,
      "git_lf_equals_worktree": true,
      "exact_case_path_checked": true
    },
    {
      "path": "research-wiki/semantic-roundtrip/audits/ASTIS-RT-20261006-GaussianConvolutionRegularity.json",
      "raw_sha256": "262b714a286a0d36b03c6402beacabd6ba8424e7d31ac84acf8f101f301e5e2d",
      "lf_sha256": "e3be85be4db2e4458eff7b1bc8e01f97f27e34e942b2f86aa6a9bc5cef031977",
      "bytes": 55306,
      "git_commit": "dcc54d0f5054384a4db273aaf157685e867be124",
      "git_raw_sha256": "e3be85be4db2e4458eff7b1bc8e01f97f27e34e942b2f86aa6a9bc5cef031977",
      "git_lf_sha256": "e3be85be4db2e4458eff7b1bc8e01f97f27e34e942b2f86aa6a9bc5cef031977",
      "git_raw_equals_worktree": false,
      "git_lf_equals_worktree": true,
      "exact_case_path_checked": true
    },
    {
      "path": "runs/20261006-companion-priority/gaussian-convolution-regularity/anonymous.reconstruction.json",
      "raw_sha256": "a0440f968cd39577eab795af8412c1178090006a1d81831f8c019cd8dc00f842",
      "lf_sha256": "a0440f968cd39577eab795af8412c1178090006a1d81831f8c019cd8dc00f842",
      "bytes": 7189,
      "git_commit": "dcc54d0f5054384a4db273aaf157685e867be124",
      "git_raw_sha256": "a0440f968cd39577eab795af8412c1178090006a1d81831f8c019cd8dc00f842",
      "git_lf_sha256": "a0440f968cd39577eab795af8412c1178090006a1d81831f8c019cd8dc00f842",
      "git_raw_equals_worktree": true,
      "git_lf_equals_worktree": true,
      "exact_case_path_checked": true
    },
    {
      "path": "runs/20261006-companion-priority/gaussian-convolution-derivatives/source-review.prior-c2.result.json",
      "raw_sha256": "d4871b6b2aa5f7474afdbd212ee6a9a6c40063f9b669f4c06838eafcb28aee61",
      "lf_sha256": "a9ef887bfb616dd2c50127880d03e7ac65550720f4d280f46b24e27682a50cbf",
      "bytes": 70917,
      "git_commit": "dcc54d0f5054384a4db273aaf157685e867be124",
      "git_raw_sha256": "d4871b6b2aa5f7474afdbd212ee6a9a6c40063f9b669f4c06838eafcb28aee61",
      "git_lf_sha256": "a9ef887bfb616dd2c50127880d03e7ac65550720f4d280f46b24e27682a50cbf",
      "git_raw_equals_worktree": true,
      "git_lf_equals_worktree": true,
      "exact_case_path_checked": true
    },
    {
      "path": "runs/20261006-companion-priority/gaussian-convolution-derivatives/cell.source-reviewed.snapshot.json",
      "raw_sha256": "2d80c6977eebef2a3aa526ee453be978c14d4bbce112b47e14757d40a996a6d5",
      "lf_sha256": "388f3a4d6cedd4fd8cc29397368450b097a6a20ff8d77c50c13a98bf37228dc1",
      "bytes": 9500,
      "git_commit": "dcc54d0f5054384a4db273aaf157685e867be124",
      "git_raw_sha256": "2d80c6977eebef2a3aa526ee453be978c14d4bbce112b47e14757d40a996a6d5",
      "git_lf_sha256": "388f3a4d6cedd4fd8cc29397368450b097a6a20ff8d77c50c13a98bf37228dc1",
      "git_raw_equals_worktree": true,
      "git_lf_equals_worktree": true,
      "exact_case_path_checked": true
    },
    {
      "path": "runs/20261006-companion-priority/gaussian-convolution-derivatives/proved-local.json",
      "raw_sha256": "dbb6c3f986662a0d23ba956d58d5e83d6a1852449f1c9e86f25917c784a48b3c",
      "lf_sha256": "a1d4ec3a0a4bd389b4279904e71f4f80e0503e0680ec68f10fccca9d612f4f1c",
      "bytes": 2665,
      "git_commit": "dcc54d0f5054384a4db273aaf157685e867be124",
      "git_raw_sha256": "dbb6c3f986662a0d23ba956d58d5e83d6a1852449f1c9e86f25917c784a48b3c",
      "git_lf_sha256": "a1d4ec3a0a4bd389b4279904e71f4f80e0503e0680ec68f10fccca9d612f4f1c",
      "git_raw_equals_worktree": true,
      "git_lf_equals_worktree": true,
      "exact_case_path_checked": true
    }
  ],
  "frozen_input_count": 59,
  "source_inputs": [
    {
      "path": "runs/20261006-companion-priority/gaussian-convolution-derivatives/source-review.new.json",
      "raw_sha256": "6845794394abefb1802fb4f51349f3b66d22bfca8ec516dedd5aebea9c65b131",
      "lf_sha256": "84ebd74df39bec9ea2f87553c7093bb850b9f893edbe686cdeb82b81c5e692fe",
      "bytes": 52075,
      "git_commit": "dcc54d0f5054384a4db273aaf157685e867be124",
      "git_raw_sha256": "6845794394abefb1802fb4f51349f3b66d22bfca8ec516dedd5aebea9c65b131",
      "git_lf_sha256": "84ebd74df39bec9ea2f87553c7093bb850b9f893edbe686cdeb82b81c5e692fe",
      "git_raw_equals_worktree": true,
      "git_lf_equals_worktree": true,
      "exact_case_path_checked": true
    },
    {
      "path": "runs/20261006-companion-priority/gaussian-convolution-derivatives/anonymous.decoder.json",
      "raw_sha256": "b777815a81a9af3a46af46330d066a8bcd4a042cacd945faa22226fccd684669",
      "lf_sha256": "72ea73a391792eb07cce0353b8ef19033262dfab0fa5e16e5422158ba6bc99ad",
      "bytes": 2768,
      "git_commit": "dcc54d0f5054384a4db273aaf157685e867be124",
      "git_raw_sha256": "b777815a81a9af3a46af46330d066a8bcd4a042cacd945faa22226fccd684669",
      "git_lf_sha256": "72ea73a391792eb07cce0353b8ef19033262dfab0fa5e16e5422158ba6bc99ad",
      "git_raw_equals_worktree": true,
      "git_lf_equals_worktree": true,
      "exact_case_path_checked": true
    },
    {
      "path": "runs/20261006-companion-priority/gaussian-convolution-derivatives/anonymous.reconstruction.json",
      "raw_sha256": "fb4a09525ae5fb85de31cf26709008e5ac812dfc645cc1d6b886da1c3cddf67d",
      "lf_sha256": "fb4a09525ae5fb85de31cf26709008e5ac812dfc645cc1d6b886da1c3cddf67d",
      "bytes": 8541,
      "git_commit": "dcc54d0f5054384a4db273aaf157685e867be124",
      "git_raw_sha256": "fb4a09525ae5fb85de31cf26709008e5ac812dfc645cc1d6b886da1c3cddf67d",
      "git_lf_sha256": "fb4a09525ae5fb85de31cf26709008e5ac812dfc645cc1d6b886da1c3cddf67d",
      "git_raw_equals_worktree": true,
      "git_lf_equals_worktree": true,
      "exact_case_path_checked": true
    },
    {
      "path": "runs/20261006-companion-priority/gaussian-convolution-derivatives/source-review.new.json.before-exposition.snapshot.json",
      "raw_sha256": "65d46576ba9c0c5e4b70268b3e3e8d33aa2709ccff370ee443f889bb00b9870a",
      "lf_sha256": "301d00f057cab36deb3b42ce3de12803343a1270ddf8d05c30935bd7132bf579",
      "bytes": 51969,
      "git_commit": "dcc54d0f5054384a4db273aaf157685e867be124",
      "git_raw_sha256": "65d46576ba9c0c5e4b70268b3e3e8d33aa2709ccff370ee443f889bb00b9870a",
      "git_lf_sha256": "301d00f057cab36deb3b42ce3de12803343a1270ddf8d05c30935bd7132bf579",
      "git_raw_equals_worktree": true,
      "git_lf_equals_worktree": true,
      "exact_case_path_checked": true
    },
    {
      "path": "AutoSamplingTheory/TechnicalLemmas/Measure/GaussianConvolutionRegularity.lean",
      "raw_sha256": "25394020514aba3d497bd91b498c06155e2e84675dc077c96466677c4860feb5",
      "lf_sha256": "37fac669ee54535870e2b7e46cb5a848966a2e02100b90cb168db5a11bf9f043",
      "bytes": 26260,
      "git_commit": "dcc54d0f5054384a4db273aaf157685e867be124",
      "git_raw_sha256": "37fac669ee54535870e2b7e46cb5a848966a2e02100b90cb168db5a11bf9f043",
      "git_lf_sha256": "37fac669ee54535870e2b7e46cb5a848966a2e02100b90cb168db5a11bf9f043",
      "git_raw_equals_worktree": false,
      "git_lf_equals_worktree": true,
      "exact_case_path_checked": true
    },
    {
      "path": "Tests/GaussianConvolutionDerivatives.lean",
      "raw_sha256": "9e389c8d80b0ff9ec9613a5eea8f588dc8bafc09dad606d3739fb4167e9126e4",
      "lf_sha256": "9e389c8d80b0ff9ec9613a5eea8f588dc8bafc09dad606d3739fb4167e9126e4",
      "bytes": 3214,
      "git_commit": "dcc54d0f5054384a4db273aaf157685e867be124",
      "git_raw_sha256": "9e389c8d80b0ff9ec9613a5eea8f588dc8bafc09dad606d3739fb4167e9126e4",
      "git_lf_sha256": "9e389c8d80b0ff9ec9613a5eea8f588dc8bafc09dad606d3739fb4167e9126e4",
      "git_raw_equals_worktree": true,
      "git_lf_equals_worktree": true,
      "exact_case_path_checked": true
    },
    {
      "path": "Tests/GaussianConvolutionRegularity.lean",
      "raw_sha256": "04a3ea190c7805965862ec357f563dd226bc943d5d0d79ad17944daa3869f85f",
      "lf_sha256": "b5b6786eccf492648edbcb777349c7b66db5957c4a9163759ac13149ae683cee",
      "bytes": 2266,
      "git_commit": "dcc54d0f5054384a4db273aaf157685e867be124",
      "git_raw_sha256": "b5b6786eccf492648edbcb777349c7b66db5957c4a9163759ac13149ae683cee",
      "git_lf_sha256": "b5b6786eccf492648edbcb777349c7b66db5957c4a9163759ac13149ae683cee",
      "git_raw_equals_worktree": false,
      "git_lf_equals_worktree": true,
      "exact_case_path_checked": true
    },
    {
      "path": "lean-toolchain",
      "raw_sha256": "b2b5068d5a4835675e651ce83b29c0ddb308d28b80076e7c007aef4630af0477",
      "lf_sha256": "302cd63c54178885b89e669f33b38f12f4dd7ae7e5cac537b3203e3768d8fb2b",
      "bytes": 26,
      "git_commit": "dcc54d0f5054384a4db273aaf157685e867be124",
      "git_raw_sha256": "302cd63c54178885b89e669f33b38f12f4dd7ae7e5cac537b3203e3768d8fb2b",
      "git_lf_sha256": "302cd63c54178885b89e669f33b38f12f4dd7ae7e5cac537b3203e3768d8fb2b",
      "git_raw_equals_worktree": false,
      "git_lf_equals_worktree": true,
      "exact_case_path_checked": true
    },
    {
      "path": "lake-manifest.json",
      "raw_sha256": "b1f16b43aaf4a886cfe0382d5e3ae63d6904281c00afd8f35af20f0270a747e2",
      "lf_sha256": "b83ca83b9cf7caa85fa8b023c2ff9a3fb7a7cce7e1c332e810c348535ec49c37",
      "bytes": 3234,
      "git_commit": "dcc54d0f5054384a4db273aaf157685e867be124",
      "git_raw_sha256": "b83ca83b9cf7caa85fa8b023c2ff9a3fb7a7cce7e1c332e810c348535ec49c37",
      "git_lf_sha256": "b83ca83b9cf7caa85fa8b023c2ff9a3fb7a7cce7e1c332e810c348535ec49c37",
      "git_raw_equals_worktree": false,
      "git_lf_equals_worktree": true,
      "exact_case_path_checked": true
    },
    {
      "path": "runs/20261006-companion-priority/gaussian-convolution-derivatives/cell.source-reviewed.snapshot.json",
      "raw_sha256": "2d80c6977eebef2a3aa526ee453be978c14d4bbce112b47e14757d40a996a6d5",
      "lf_sha256": "388f3a4d6cedd4fd8cc29397368450b097a6a20ff8d77c50c13a98bf37228dc1",
      "bytes": 9500,
      "git_commit": "dcc54d0f5054384a4db273aaf157685e867be124",
      "git_raw_sha256": "2d80c6977eebef2a3aa526ee453be978c14d4bbce112b47e14757d40a996a6d5",
      "git_lf_sha256": "388f3a4d6cedd4fd8cc29397368450b097a6a20ff8d77c50c13a98bf37228dc1",
      "git_raw_equals_worktree": true,
      "git_lf_equals_worktree": true,
      "exact_case_path_checked": true
    },
    {
      "path": "website/content/publications/gaussian-convolution-derivatives.json",
      "raw_sha256": "a3871e9377b815b85b103e665e5372de154a4dce06f6af37dff8f1f0ea06e24b",
      "lf_sha256": "d4f41a263efdae2974d336c058fc8c91b01e345c7ee28df5987a320b916c4bc0",
      "bytes": 8668,
      "git_commit": "dcc54d0f5054384a4db273aaf157685e867be124",
      "git_raw_sha256": "d4f41a263efdae2974d336c058fc8c91b01e345c7ee28df5987a320b916c4bc0",
      "git_lf_sha256": "d4f41a263efdae2974d336c058fc8c91b01e345c7ee28df5987a320b916c4bc0",
      "git_raw_equals_worktree": false,
      "git_lf_equals_worktree": true,
      "exact_case_path_checked": true
    },
    {
      "path": "website/content/declaration_lessons/gaussian-convolution-derivatives.json",
      "raw_sha256": "b6644575c718d82fa4380d6f294a512ab462f93a4d3f8d1d9beb79c23baaf6ed",
      "lf_sha256": "3edfea1ff0d4c7d6cce47ad4dc6ff38c9d364b112546bdd6dc5e25a6561349d7",
      "bytes": 9761,
      "git_commit": "dcc54d0f5054384a4db273aaf157685e867be124",
      "git_raw_sha256": "3edfea1ff0d4c7d6cce47ad4dc6ff38c9d364b112546bdd6dc5e25a6561349d7",
      "git_lf_sha256": "3edfea1ff0d4c7d6cce47ad4dc6ff38c9d364b112546bdd6dc5e25a6561349d7",
      "git_raw_equals_worktree": false,
      "git_lf_equals_worktree": true,
      "exact_case_path_checked": true
    },
    {
      "path": "research-wiki/frontier-cells/ASTIS-SHARED-gaussian-convolution-derivatives.json",
      "raw_sha256": "2d80c6977eebef2a3aa526ee453be978c14d4bbce112b47e14757d40a996a6d5",
      "lf_sha256": "388f3a4d6cedd4fd8cc29397368450b097a6a20ff8d77c50c13a98bf37228dc1",
      "bytes": 9500,
      "git_commit": "dcc54d0f5054384a4db273aaf157685e867be124",
      "git_raw_sha256": "388f3a4d6cedd4fd8cc29397368450b097a6a20ff8d77c50c13a98bf37228dc1",
      "git_lf_sha256": "388f3a4d6cedd4fd8cc29397368450b097a6a20ff8d77c50c13a98bf37228dc1",
      "git_raw_equals_worktree": false,
      "git_lf_equals_worktree": true,
      "exact_case_path_checked": true
    },
    {
      "path": "website/content/publications/gaussian-convolution-regularity.json",
      "raw_sha256": "5065161e5cd16989823661198fa6c5605d4b2fe8a97ab8a575979057a7cc0972",
      "lf_sha256": "663decc2c74d69c1eaba46bf8fcd77e8c30724ad08f63aa9b2e518735b4fbd52",
      "bytes": 8032,
      "git_commit": "dcc54d0f5054384a4db273aaf157685e867be124",
      "git_raw_sha256": "663decc2c74d69c1eaba46bf8fcd77e8c30724ad08f63aa9b2e518735b4fbd52",
      "git_lf_sha256": "663decc2c74d69c1eaba46bf8fcd77e8c30724ad08f63aa9b2e518735b4fbd52",
      "git_raw_equals_worktree": false,
      "git_lf_equals_worktree": true,
      "exact_case_path_checked": true
    },
    {
      "path": "website/content/declaration_lessons/gaussian-convolution-regularity.json",
      "raw_sha256": "65b5586c72ab9f6bb0a00c74044b5d10a6cb872c4ba8f74ba835705f922d612d",
      "lf_sha256": "dd7038028f8b399995cdda23073c080a1e38e5f7dabfa0331d953dd5961d1204",
      "bytes": 9037,
      "git_commit": "dcc54d0f5054384a4db273aaf157685e867be124",
      "git_raw_sha256": "dd7038028f8b399995cdda23073c080a1e38e5f7dabfa0331d953dd5961d1204",
      "git_lf_sha256": "dd7038028f8b399995cdda23073c080a1e38e5f7dabfa0331d953dd5961d1204",
      "git_raw_equals_worktree": false,
      "git_lf_equals_worktree": true,
      "exact_case_path_checked": true
    },
    {
      "path": "research-wiki/frontier-cells/ASTIS-SHARED-gaussian-convolution-regularity.json",
      "raw_sha256": "d546a9c365ad032ff68ce6ea7da8e40265ebc3fc0bc122431d0d8c2c7c90f708",
      "lf_sha256": "9adc51c1d553b09c1edaa8cd5b6f93a91b70c6faf5d89c56017f5d4aaa4dfff4",
      "bytes": 9739,
      "git_commit": "dcc54d0f5054384a4db273aaf157685e867be124",
      "git_raw_sha256": "9adc51c1d553b09c1edaa8cd5b6f93a91b70c6faf5d89c56017f5d4aaa4dfff4",
      "git_lf_sha256": "9adc51c1d553b09c1edaa8cd5b6f93a91b70c6faf5d89c56017f5d4aaa4dfff4",
      "git_raw_equals_worktree": false,
      "git_lf_equals_worktree": true,
      "exact_case_path_checked": true
    },
    {
      "path": "AutoSamplingTheory/ExampleCases/SmoothedPicardHMC/SmoothedGibbsPotential.lean",
      "raw_sha256": "7e7c826f599cc14d817e1f0693c272a9b94439ce3cbaab468b806b7e15ef457b",
      "lf_sha256": "bba8bc9656b2df2c6653478b0b47b7573137b4a3712a0c5a631bed3fee1570ce",
      "bytes": 7451,
      "git_commit": "dcc54d0f5054384a4db273aaf157685e867be124",
      "git_raw_sha256": "bba8bc9656b2df2c6653478b0b47b7573137b4a3712a0c5a631bed3fee1570ce",
      "git_lf_sha256": "bba8bc9656b2df2c6653478b0b47b7573137b4a3712a0c5a631bed3fee1570ce",
      "git_raw_equals_worktree": false,
      "git_lf_equals_worktree": true,
      "exact_case_path_checked": true
    },
    {
      "path": "AutoSamplingTheory/TechnicalLemmas/Probability/GaussianConditionalKernel.lean",
      "raw_sha256": "a65a1f3b1f2c4a1e3f81505004c997417d23b109a38f74f417a54fbbbc82de4b",
      "lf_sha256": "6233b2527acc6b4297b62ac92f041b8c1af02e35ea60e16ddaa3501123329d1e",
      "bytes": 5361,
      "git_commit": "dcc54d0f5054384a4db273aaf157685e867be124",
      "git_raw_sha256": "6233b2527acc6b4297b62ac92f041b8c1af02e35ea60e16ddaa3501123329d1e",
      "git_lf_sha256": "6233b2527acc6b4297b62ac92f041b8c1af02e35ea60e16ddaa3501123329d1e",
      "git_raw_equals_worktree": false,
      "git_lf_equals_worktree": true,
      "exact_case_path_checked": true
    },
    {
      "path": "AutoSamplingTheory/ExampleCases/ProximalBPS/GaussianAugmentation.lean",
      "raw_sha256": "fb7db932e3081f5ad45120374ed3bfcfa79dbbb10b4f89df7533a678cae73ae0",
      "lf_sha256": "e3075df55a8ac80ccb3e1df44f11a47661d6b517464cf69069afc2734fd175ee",
      "bytes": 2861,
      "git_commit": "dcc54d0f5054384a4db273aaf157685e867be124",
      "git_raw_sha256": "e3075df55a8ac80ccb3e1df44f11a47661d6b517464cf69069afc2734fd175ee",
      "git_lf_sha256": "e3075df55a8ac80ccb3e1df44f11a47661d6b517464cf69069afc2734fd175ee",
      "git_raw_equals_worktree": false,
      "git_lf_equals_worktree": true,
      "exact_case_path_checked": true
    },
    {
      "path": "AutoSamplingTheory/TechnicalLemmas/Measure/IsotropicGaussianDensity.lean",
      "raw_sha256": "cb1bb40f2e4c17f4a9482cbd7ba022bac815409d68d4e7b6e9f8d00bcdd3e817",
      "lf_sha256": "08eaba5759c1f514e80c58123f6a7c4c9f1ffc18c4d20df3a93b6e718fae25d7",
      "bytes": 4867,
      "git_commit": "dcc54d0f5054384a4db273aaf157685e867be124",
      "git_raw_sha256": "08eaba5759c1f514e80c58123f6a7c4c9f1ffc18c4d20df3a93b6e718fae25d7",
      "git_lf_sha256": "08eaba5759c1f514e80c58123f6a7c4c9f1ffc18c4d20df3a93b6e718fae25d7",
      "git_raw_equals_worktree": false,
      "git_lf_equals_worktree": true,
      "exact_case_path_checked": true
    },
    {
      "path": "AutoSamplingTheory/TechnicalLemmas/Analysis/HessianStrongConvexity.lean",
      "raw_sha256": "78dcbca82db4c1aaaf2fb5ab59e2df74b23f2e48c805e41cde07f33d9f72ad30",
      "lf_sha256": "2274e86f3affb400c4de8c94c1796bb103d4b77c980a530ff23bd4c344e0bb62",
      "bytes": 4021,
      "git_commit": "dcc54d0f5054384a4db273aaf157685e867be124",
      "git_raw_sha256": "2274e86f3affb400c4de8c94c1796bb103d4b77c980a530ff23bd4c344e0bb62",
      "git_lf_sha256": "2274e86f3affb400c4de8c94c1796bb103d4b77c980a530ff23bd4c344e0bb62",
      "git_raw_equals_worktree": false,
      "git_lf_equals_worktree": true,
      "exact_case_path_checked": true
    },
    {
      "path": "AutoSamplingTheory/TechnicalLemmas/Analysis/StrongConvexGibbsIntegrability.lean",
      "raw_sha256": "d1f328e72bc871acc27d936e985b75f4ffc45ef6126d364b60e01c45cf835ee5",
      "lf_sha256": "6497a5901e6fa898524821007f053d8c7396cd4d72d12ee647379d8bfa3dacf1",
      "bytes": 2802,
      "git_commit": "dcc54d0f5054384a4db273aaf157685e867be124",
      "git_raw_sha256": "6497a5901e6fa898524821007f053d8c7396cd4d72d12ee647379d8bfa3dacf1",
      "git_lf_sha256": "6497a5901e6fa898524821007f053d8c7396cd4d72d12ee647379d8bfa3dacf1",
      "git_raw_equals_worktree": false,
      "git_lf_equals_worktree": true,
      "exact_case_path_checked": true
    },
    {
      "path": ".lake/packages/mathlib/Mathlib/MeasureTheory/Measure/Tilted.lean",
      "raw_sha256": "53cc37610d1b21725a178c7d8064c59bb28629625d844b02430a30714ecd0c3e",
      "lf_sha256": "355cce542b03dd9130d9511f80ae803cc11a12ba9e6a947e68402b124be2165f",
      "bytes": 17366,
      "git_commit": "db584cd6d46c92f209a44c0f1c829460d327499d",
      "git_raw_sha256": "355cce542b03dd9130d9511f80ae803cc11a12ba9e6a947e68402b124be2165f",
      "git_lf_sha256": "355cce542b03dd9130d9511f80ae803cc11a12ba9e6a947e68402b124be2165f",
      "git_raw_equals_worktree": false,
      "git_lf_equals_worktree": true,
      "exact_case_path_checked": true
    },
    {
      "path": ".lake/packages/mathlib/Mathlib/MeasureTheory/Function/L2Space.lean",
      "raw_sha256": "b27eb9c9823a58a229a17f69860c5bcf3defb433c23ff3bab335f864676df3b5",
      "lf_sha256": "7dd0542490f2841e8a91d2258a903d328383d7305915375d99d589fae40de399",
      "bytes": 14200,
      "git_commit": "db584cd6d46c92f209a44c0f1c829460d327499d",
      "git_raw_sha256": "7dd0542490f2841e8a91d2258a903d328383d7305915375d99d589fae40de399",
      "git_lf_sha256": "7dd0542490f2841e8a91d2258a903d328383d7305915375d99d589fae40de399",
      "git_raw_equals_worktree": false,
      "git_lf_equals_worktree": true,
      "exact_case_path_checked": true
    },
    {
      "path": ".lake/packages/mathlib/Mathlib/Analysis/Calculus/ParametricIntegral.lean",
      "raw_sha256": "d63869326d278ce53699b42ce5cf3af11bc8260aad1bb97eaeb86889b92f6ca7",
      "lf_sha256": "495f1a89774b147de1528e0213f519817d50fc3602724c9cbea633e9617c3375",
      "bytes": 18954,
      "git_commit": "db584cd6d46c92f209a44c0f1c829460d327499d",
      "git_raw_sha256": "495f1a89774b147de1528e0213f519817d50fc3602724c9cbea633e9617c3375",
      "git_lf_sha256": "495f1a89774b147de1528e0213f519817d50fc3602724c9cbea633e9617c3375",
      "git_raw_equals_worktree": false,
      "git_lf_equals_worktree": true,
      "exact_case_path_checked": true
    },
    {
      "path": ".lake/packages/mathlib/Mathlib/Probability/Moments/CovarianceBilin.lean",
      "raw_sha256": "c94b26cad39e2da03f089dc1a889ff227d57e2774283cd2ce9300ceedf04becf",
      "lf_sha256": "1005d48eb36c1dfe48d6ff8315c513cb10c682f91d9c66b6172ae9d3a0d29df6",
      "bytes": 10901,
      "git_commit": "db584cd6d46c92f209a44c0f1c829460d327499d",
      "git_raw_sha256": "1005d48eb36c1dfe48d6ff8315c513cb10c682f91d9c66b6172ae9d3a0d29df6",
      "git_lf_sha256": "1005d48eb36c1dfe48d6ff8315c513cb10c682f91d9c66b6172ae9d3a0d29df6",
      "git_raw_equals_worktree": false,
      "git_lf_equals_worktree": true,
      "exact_case_path_checked": true
    },
    {
      "path": ".lake/packages/mathlib/Mathlib/Probability/Moments/Covariance.lean",
      "raw_sha256": "ed4d49ae854d635bf02fe006e846aa395e311967b8a8fc16837e17323ac69a3b",
      "lf_sha256": "627b0715f8603daff3a29a47cbd21ce3c192020295c96f088784f4b197bf0312",
      "bytes": 14466,
      "git_commit": "db584cd6d46c92f209a44c0f1c829460d327499d",
      "git_raw_sha256": "627b0715f8603daff3a29a47cbd21ce3c192020295c96f088784f4b197bf0312",
      "git_lf_sha256": "627b0715f8603daff3a29a47cbd21ce3c192020295c96f088784f4b197bf0312",
      "git_raw_equals_worktree": false,
      "git_lf_equals_worktree": true,
      "exact_case_path_checked": true
    },
    {
      "path": "tools/astis_semantic_roundtrip_core.py",
      "raw_sha256": "a3e92a6e161944031fdee813838d6a4729e0e76a4c6abdd84c300cb5b2f0b229",
      "lf_sha256": "90049b13ea83ccc41876f9267fd2e1a8052acac42e89a1063f97ac5619d39058",
      "bytes": 43547,
      "git_commit": "dcc54d0f5054384a4db273aaf157685e867be124",
      "git_raw_sha256": "90049b13ea83ccc41876f9267fd2e1a8052acac42e89a1063f97ac5619d39058",
      "git_lf_sha256": "90049b13ea83ccc41876f9267fd2e1a8052acac42e89a1063f97ac5619d39058",
      "git_raw_equals_worktree": false,
      "git_lf_equals_worktree": true,
      "exact_case_path_checked": true
    },
    {
      "path": "tools/astis_publication.py",
      "raw_sha256": "75bb959271cd40195180f9e8c5380a0b22ce708397a063df6edf9d02832a80b9",
      "lf_sha256": "cf1ad23838e6fcac2df8eacc7f44b098eb3ce71242cfa21ece84aad9d06192c5",
      "bytes": 25431,
      "git_commit": "dcc54d0f5054384a4db273aaf157685e867be124",
      "git_raw_sha256": "cf1ad23838e6fcac2df8eacc7f44b098eb3ce71242cfa21ece84aad9d06192c5",
      "git_lf_sha256": "cf1ad23838e6fcac2df8eacc7f44b098eb3ce71242cfa21ece84aad9d06192c5",
      "git_raw_equals_worktree": false,
      "git_lf_equals_worktree": true,
      "exact_case_path_checked": true
    },
    {
      "path": "runs/20261006-companion-priority/gaussian-convolution-derivatives/source-review.prior-c2.json",
      "raw_sha256": "7f26ad449971b043aa1ed522f5e55ae9393253cb97904c0dcf7965212fb64e7e",
      "lf_sha256": "b4dc9a0cbd00574d6e4acd5d270f8600995532672b20d3671863eb4a849d0136",
      "bytes": 49226,
      "git_commit": "dcc54d0f5054384a4db273aaf157685e867be124",
      "git_raw_sha256": "7f26ad449971b043aa1ed522f5e55ae9393253cb97904c0dcf7965212fb64e7e",
      "git_lf_sha256": "b4dc9a0cbd00574d6e4acd5d270f8600995532672b20d3671863eb4a849d0136",
      "git_raw_equals_worktree": true,
      "git_lf_equals_worktree": true,
      "exact_case_path_checked": true
    },
    {
      "path": "runs/20261006-companion-priority/gaussian-convolution-derivatives/prior-current.decoder.json",
      "raw_sha256": "3bc7d39b3bb36a0eff3c3e8fbe2aa4b8cbd1097e97739e0d5c98d63345abe361",
      "lf_sha256": "372e3f3b8e792037792b8743d9ccb59f6e6d5159cafa32000c7f77ab42500d20",
      "bytes": 2615,
      "git_commit": "dcc54d0f5054384a4db273aaf157685e867be124",
      "git_raw_sha256": "3bc7d39b3bb36a0eff3c3e8fbe2aa4b8cbd1097e97739e0d5c98d63345abe361",
      "git_lf_sha256": "372e3f3b8e792037792b8743d9ccb59f6e6d5159cafa32000c7f77ab42500d20",
      "git_raw_equals_worktree": true,
      "git_lf_equals_worktree": true,
      "exact_case_path_checked": true
    },
    {
      "path": "runs/20261006-companion-priority/gaussian-convolution-regularity/anonymous.reconstruction.json",
      "raw_sha256": "a0440f968cd39577eab795af8412c1178090006a1d81831f8c019cd8dc00f842",
      "lf_sha256": "a0440f968cd39577eab795af8412c1178090006a1d81831f8c019cd8dc00f842",
      "bytes": 7189,
      "git_commit": "dcc54d0f5054384a4db273aaf157685e867be124",
      "git_raw_sha256": "a0440f968cd39577eab795af8412c1178090006a1d81831f8c019cd8dc00f842",
      "git_lf_sha256": "a0440f968cd39577eab795af8412c1178090006a1d81831f8c019cd8dc00f842",
      "git_raw_equals_worktree": true,
      "git_lf_equals_worktree": true,
      "exact_case_path_checked": true
    },
    {
      "path": "runs/20261006-companion-priority/gaussian-convolution-derivatives/source-review.prior-c2.json.before-exposition.snapshot.json",
      "raw_sha256": "c950780270652d1028f64bdb18e7f994ebdeb992eaadde520894a2eeceb6dfa0",
      "lf_sha256": "1e06de3b793e3fbc8b910db3800f10b1c8c9c0cd05a8b05e6b2dba7a6bc9f836",
      "bytes": 49120,
      "git_commit": "dcc54d0f5054384a4db273aaf157685e867be124",
      "git_raw_sha256": "c950780270652d1028f64bdb18e7f994ebdeb992eaadde520894a2eeceb6dfa0",
      "git_lf_sha256": "1e06de3b793e3fbc8b910db3800f10b1c8c9c0cd05a8b05e6b2dba7a6bc9f836",
      "git_raw_equals_worktree": true,
      "git_lf_equals_worktree": true,
      "exact_case_path_checked": true
    }
  ],
  "source_input_count": 33,
  "math_reuse": {
    "original_stable_inputs": 36,
    "raw_lf_unchanged_except_header_module": 35,
    "header_only_exact_raw_and_comment_stripped_code_reconciliation": true,
    "original_math_lifecycle_exposition_receipts_immutable": true,
    "unchanged_git_parents": 8,
    "fresh_prior_production_test_zero_dim_singular_evidence_reused_for_exact_unchanged_math": true,
    "fresh_current_focused": 3707,
    "prior_c2_fresh_whole_module_admission_not_new_mathematical_credit": true
  },
  "source_audit": [
    {
      "audit_id": "ASTIS-RT-20261006-GaussianConvolutionDerivatives",
      "declaration": "AutoSamplingTheory.TechnicalLemmas.Measure.GaussianConvolutionRegularity.gaussian_convolution_derivatives",
      "state": "accepted",
      "verdict": "equivalent-after-elaboration",
      "source_packet_sha256": "58ea2abef58ce23db17112e0d96a691e702897facc3cfa22af55815af01aedef",
      "source_run_sha256": "11138b301e36eafd6c8e6cacd83efd37633ef87a04beb940d9f9abee555a1669",
      "decoder_packet_sha256": "7e933c3a2f5f1b910ab6e14132812939eddfadbee6575cb68ffbbc7b2bdcc11e",
      "decoder_run_sha256": "8636fded216caa4adab50d34df4ad228252fb9de83f4bc6f85a6bf79b273fdbb",
      "publication_binding_sha256": "b55df2257db1943ea8e38f3387479905ef84fc7b3a7e2fe3bce7d0c907b98c07",
      "source_result_artifact": "runs/20261006-companion-priority/gaussian-convolution-derivatives/source-review.new.result.json",
      "source_reviewer_actor": "phase_source_reviewer_20261005",
      "decoder_actor": "anonymous_decoder_20261006",
      "whole_module_raw_sha256": "25394020514aba3d497bd91b498c06155e2e84675dc077c96466677c4860feb5",
      "whole_module_lf_sha256": "37fac669ee54535870e2b7e46cb5a848966a2e02100b90cb168db5a11bf9f043",
      "whole_module_coverage": {
        "production_lines": 513,
        "private_declarations": [
          "gaussianWeight",
          "gaussianFirst",
          "gaussianDeriv",
          "gaussianSmooth",
          "weight_bounds",
          "first_bound",
          "realDual",
          "gaussianSecond",
          "gaussianFirstDeriv",
          "second_bound",
          "gaussianNormalizerRegularity",
          "gaussianDensity",
          "normalizerDerivatives",
          "rawFirst",
          "rawSecond",
          "posteriorIntegral",
          "normalizedFirst",
          "normalizedSecond",
          "posteriorMoment"
        ],
        "canonical_local_instances": 3,
        "public_declarations": [
          "gaussian_convolution_potential_c2",
          "gaussian_convolution_derivatives"
        ],
        "Tests": {
          "Tests/GaussianConvolutionDerivatives.lean": "entire60 lines",
          "Tests/GaussianConvolutionRegularity.lean": "entire40 lines"
        },
        "authored_steps": {
          "new": 6,
          "prior_c2": 5
        }
      },
      "semantic_slot_count": 7,
      "source_input_count": 29,
      "exact_case_paths_checked": true,
      "source_inputs": [
        {
          "path": "runs/20261006-companion-priority/gaussian-convolution-derivatives/source-review.new.json",
          "raw_sha256": "6845794394abefb1802fb4f51349f3b66d22bfca8ec516dedd5aebea9c65b131",
          "lf_sha256": "84ebd74df39bec9ea2f87553c7093bb850b9f893edbe686cdeb82b81c5e692fe",
          "bytes": 52075,
          "git_commit": "dcc54d0f5054384a4db273aaf157685e867be124",
          "git_raw_sha256": "6845794394abefb1802fb4f51349f3b66d22bfca8ec516dedd5aebea9c65b131",
          "git_lf_sha256": "84ebd74df39bec9ea2f87553c7093bb850b9f893edbe686cdeb82b81c5e692fe",
          "git_raw_equals_worktree": true,
          "git_lf_equals_worktree": true,
          "exact_case_path_checked": true
        },
        {
          "path": "runs/20261006-companion-priority/gaussian-convolution-derivatives/anonymous.decoder.json",
          "raw_sha256": "b777815a81a9af3a46af46330d066a8bcd4a042cacd945faa22226fccd684669",
          "lf_sha256": "72ea73a391792eb07cce0353b8ef19033262dfab0fa5e16e5422158ba6bc99ad",
          "bytes": 2768,
          "git_commit": "dcc54d0f5054384a4db273aaf157685e867be124",
          "git_raw_sha256": "b777815a81a9af3a46af46330d066a8bcd4a042cacd945faa22226fccd684669",
          "git_lf_sha256": "72ea73a391792eb07cce0353b8ef19033262dfab0fa5e16e5422158ba6bc99ad",
          "git_raw_equals_worktree": true,
          "git_lf_equals_worktree": true,
          "exact_case_path_checked": true
        },
        {
          "path": "runs/20261006-companion-priority/gaussian-convolution-derivatives/anonymous.reconstruction.json",
          "raw_sha256": "fb4a09525ae5fb85de31cf26709008e5ac812dfc645cc1d6b886da1c3cddf67d",
          "lf_sha256": "fb4a09525ae5fb85de31cf26709008e5ac812dfc645cc1d6b886da1c3cddf67d",
          "bytes": 8541,
          "git_commit": "dcc54d0f5054384a4db273aaf157685e867be124",
          "git_raw_sha256": "fb4a09525ae5fb85de31cf26709008e5ac812dfc645cc1d6b886da1c3cddf67d",
          "git_lf_sha256": "fb4a09525ae5fb85de31cf26709008e5ac812dfc645cc1d6b886da1c3cddf67d",
          "git_raw_equals_worktree": true,
          "git_lf_equals_worktree": true,
          "exact_case_path_checked": true
        },
        {
          "path": "runs/20261006-companion-priority/gaussian-convolution-derivatives/source-review.new.json.before-exposition.snapshot.json",
          "raw_sha256": "65d46576ba9c0c5e4b70268b3e3e8d33aa2709ccff370ee443f889bb00b9870a",
          "lf_sha256": "301d00f057cab36deb3b42ce3de12803343a1270ddf8d05c30935bd7132bf579",
          "bytes": 51969,
          "git_commit": "dcc54d0f5054384a4db273aaf157685e867be124",
          "git_raw_sha256": "65d46576ba9c0c5e4b70268b3e3e8d33aa2709ccff370ee443f889bb00b9870a",
          "git_lf_sha256": "301d00f057cab36deb3b42ce3de12803343a1270ddf8d05c30935bd7132bf579",
          "git_raw_equals_worktree": true,
          "git_lf_equals_worktree": true,
          "exact_case_path_checked": true
        },
        {
          "path": "AutoSamplingTheory/TechnicalLemmas/Measure/GaussianConvolutionRegularity.lean",
          "raw_sha256": "25394020514aba3d497bd91b498c06155e2e84675dc077c96466677c4860feb5",
          "lf_sha256": "37fac669ee54535870e2b7e46cb5a848966a2e02100b90cb168db5a11bf9f043",
          "bytes": 26260,
          "git_commit": "dcc54d0f5054384a4db273aaf157685e867be124",
          "git_raw_sha256": "37fac669ee54535870e2b7e46cb5a848966a2e02100b90cb168db5a11bf9f043",
          "git_lf_sha256": "37fac669ee54535870e2b7e46cb5a848966a2e02100b90cb168db5a11bf9f043",
          "git_raw_equals_worktree": false,
          "git_lf_equals_worktree": true,
          "exact_case_path_checked": true
        },
        {
          "path": "Tests/GaussianConvolutionDerivatives.lean",
          "raw_sha256": "9e389c8d80b0ff9ec9613a5eea8f588dc8bafc09dad606d3739fb4167e9126e4",
          "lf_sha256": "9e389c8d80b0ff9ec9613a5eea8f588dc8bafc09dad606d3739fb4167e9126e4",
          "bytes": 3214,
          "git_commit": "dcc54d0f5054384a4db273aaf157685e867be124",
          "git_raw_sha256": "9e389c8d80b0ff9ec9613a5eea8f588dc8bafc09dad606d3739fb4167e9126e4",
          "git_lf_sha256": "9e389c8d80b0ff9ec9613a5eea8f588dc8bafc09dad606d3739fb4167e9126e4",
          "git_raw_equals_worktree": true,
          "git_lf_equals_worktree": true,
          "exact_case_path_checked": true
        },
        {
          "path": "Tests/GaussianConvolutionRegularity.lean",
          "raw_sha256": "04a3ea190c7805965862ec357f563dd226bc943d5d0d79ad17944daa3869f85f",
          "lf_sha256": "b5b6786eccf492648edbcb777349c7b66db5957c4a9163759ac13149ae683cee",
          "bytes": 2266,
          "git_commit": "dcc54d0f5054384a4db273aaf157685e867be124",
          "git_raw_sha256": "b5b6786eccf492648edbcb777349c7b66db5957c4a9163759ac13149ae683cee",
          "git_lf_sha256": "b5b6786eccf492648edbcb777349c7b66db5957c4a9163759ac13149ae683cee",
          "git_raw_equals_worktree": false,
          "git_lf_equals_worktree": true,
          "exact_case_path_checked": true
        },
        {
          "path": "lean-toolchain",
          "raw_sha256": "b2b5068d5a4835675e651ce83b29c0ddb308d28b80076e7c007aef4630af0477",
          "lf_sha256": "302cd63c54178885b89e669f33b38f12f4dd7ae7e5cac537b3203e3768d8fb2b",
          "bytes": 26,
          "git_commit": "dcc54d0f5054384a4db273aaf157685e867be124",
          "git_raw_sha256": "302cd63c54178885b89e669f33b38f12f4dd7ae7e5cac537b3203e3768d8fb2b",
          "git_lf_sha256": "302cd63c54178885b89e669f33b38f12f4dd7ae7e5cac537b3203e3768d8fb2b",
          "git_raw_equals_worktree": false,
          "git_lf_equals_worktree": true,
          "exact_case_path_checked": true
        },
        {
          "path": "lake-manifest.json",
          "raw_sha256": "b1f16b43aaf4a886cfe0382d5e3ae63d6904281c00afd8f35af20f0270a747e2",
          "lf_sha256": "b83ca83b9cf7caa85fa8b023c2ff9a3fb7a7cce7e1c332e810c348535ec49c37",
          "bytes": 3234,
          "git_commit": "dcc54d0f5054384a4db273aaf157685e867be124",
          "git_raw_sha256": "b83ca83b9cf7caa85fa8b023c2ff9a3fb7a7cce7e1c332e810c348535ec49c37",
          "git_lf_sha256": "b83ca83b9cf7caa85fa8b023c2ff9a3fb7a7cce7e1c332e810c348535ec49c37",
          "git_raw_equals_worktree": false,
          "git_lf_equals_worktree": true,
          "exact_case_path_checked": true
        },
        {
          "path": "runs/20261006-companion-priority/gaussian-convolution-derivatives/cell.source-reviewed.snapshot.json",
          "raw_sha256": "2d80c6977eebef2a3aa526ee453be978c14d4bbce112b47e14757d40a996a6d5",
          "lf_sha256": "388f3a4d6cedd4fd8cc29397368450b097a6a20ff8d77c50c13a98bf37228dc1",
          "bytes": 9500,
          "git_commit": "dcc54d0f5054384a4db273aaf157685e867be124",
          "git_raw_sha256": "2d80c6977eebef2a3aa526ee453be978c14d4bbce112b47e14757d40a996a6d5",
          "git_lf_sha256": "388f3a4d6cedd4fd8cc29397368450b097a6a20ff8d77c50c13a98bf37228dc1",
          "git_raw_equals_worktree": true,
          "git_lf_equals_worktree": true,
          "exact_case_path_checked": true
        },
        {
          "path": "website/content/publications/gaussian-convolution-derivatives.json",
          "raw_sha256": "a3871e9377b815b85b103e665e5372de154a4dce06f6af37dff8f1f0ea06e24b",
          "lf_sha256": "d4f41a263efdae2974d336c058fc8c91b01e345c7ee28df5987a320b916c4bc0",
          "bytes": 8668,
          "git_commit": "dcc54d0f5054384a4db273aaf157685e867be124",
          "git_raw_sha256": "d4f41a263efdae2974d336c058fc8c91b01e345c7ee28df5987a320b916c4bc0",
          "git_lf_sha256": "d4f41a263efdae2974d336c058fc8c91b01e345c7ee28df5987a320b916c4bc0",
          "git_raw_equals_worktree": false,
          "git_lf_equals_worktree": true,
          "exact_case_path_checked": true
        },
        {
          "path": "website/content/declaration_lessons/gaussian-convolution-derivatives.json",
          "raw_sha256": "b6644575c718d82fa4380d6f294a512ab462f93a4d3f8d1d9beb79c23baaf6ed",
          "lf_sha256": "3edfea1ff0d4c7d6cce47ad4dc6ff38c9d364b112546bdd6dc5e25a6561349d7",
          "bytes": 9761,
          "git_commit": "dcc54d0f5054384a4db273aaf157685e867be124",
          "git_raw_sha256": "3edfea1ff0d4c7d6cce47ad4dc6ff38c9d364b112546bdd6dc5e25a6561349d7",
          "git_lf_sha256": "3edfea1ff0d4c7d6cce47ad4dc6ff38c9d364b112546bdd6dc5e25a6561349d7",
          "git_raw_equals_worktree": false,
          "git_lf_equals_worktree": true,
          "exact_case_path_checked": true
        },
        {
          "path": "research-wiki/frontier-cells/ASTIS-SHARED-gaussian-convolution-derivatives.json",
          "raw_sha256": "2d80c6977eebef2a3aa526ee453be978c14d4bbce112b47e14757d40a996a6d5",
          "lf_sha256": "388f3a4d6cedd4fd8cc29397368450b097a6a20ff8d77c50c13a98bf37228dc1",
          "bytes": 9500,
          "git_commit": "dcc54d0f5054384a4db273aaf157685e867be124",
          "git_raw_sha256": "388f3a4d6cedd4fd8cc29397368450b097a6a20ff8d77c50c13a98bf37228dc1",
          "git_lf_sha256": "388f3a4d6cedd4fd8cc29397368450b097a6a20ff8d77c50c13a98bf37228dc1",
          "git_raw_equals_worktree": false,
          "git_lf_equals_worktree": true,
          "exact_case_path_checked": true
        },
        {
          "path": "website/content/publications/gaussian-convolution-regularity.json",
          "raw_sha256": "5065161e5cd16989823661198fa6c5605d4b2fe8a97ab8a575979057a7cc0972",
          "lf_sha256": "663decc2c74d69c1eaba46bf8fcd77e8c30724ad08f63aa9b2e518735b4fbd52",
          "bytes": 8032,
          "git_commit": "dcc54d0f5054384a4db273aaf157685e867be124",
          "git_raw_sha256": "663decc2c74d69c1eaba46bf8fcd77e8c30724ad08f63aa9b2e518735b4fbd52",
          "git_lf_sha256": "663decc2c74d69c1eaba46bf8fcd77e8c30724ad08f63aa9b2e518735b4fbd52",
          "git_raw_equals_worktree": false,
          "git_lf_equals_worktree": true,
          "exact_case_path_checked": true
        },
        {
          "path": "website/content/declaration_lessons/gaussian-convolution-regularity.json",
          "raw_sha256": "65b5586c72ab9f6bb0a00c74044b5d10a6cb872c4ba8f74ba835705f922d612d",
          "lf_sha256": "dd7038028f8b399995cdda23073c080a1e38e5f7dabfa0331d953dd5961d1204",
          "bytes": 9037,
          "git_commit": "dcc54d0f5054384a4db273aaf157685e867be124",
          "git_raw_sha256": "dd7038028f8b399995cdda23073c080a1e38e5f7dabfa0331d953dd5961d1204",
          "git_lf_sha256": "dd7038028f8b399995cdda23073c080a1e38e5f7dabfa0331d953dd5961d1204",
          "git_raw_equals_worktree": false,
          "git_lf_equals_worktree": true,
          "exact_case_path_checked": true
        },
        {
          "path": "research-wiki/frontier-cells/ASTIS-SHARED-gaussian-convolution-regularity.json",
          "raw_sha256": "d546a9c365ad032ff68ce6ea7da8e40265ebc3fc0bc122431d0d8c2c7c90f708",
          "lf_sha256": "9adc51c1d553b09c1edaa8cd5b6f93a91b70c6faf5d89c56017f5d4aaa4dfff4",
          "bytes": 9739,
          "git_commit": "dcc54d0f5054384a4db273aaf157685e867be124",
          "git_raw_sha256": "9adc51c1d553b09c1edaa8cd5b6f93a91b70c6faf5d89c56017f5d4aaa4dfff4",
          "git_lf_sha256": "9adc51c1d553b09c1edaa8cd5b6f93a91b70c6faf5d89c56017f5d4aaa4dfff4",
          "git_raw_equals_worktree": false,
          "git_lf_equals_worktree": true,
          "exact_case_path_checked": true
        },
        {
          "path": "AutoSamplingTheory/ExampleCases/SmoothedPicardHMC/SmoothedGibbsPotential.lean",
          "raw_sha256": "7e7c826f599cc14d817e1f0693c272a9b94439ce3cbaab468b806b7e15ef457b",
          "lf_sha256": "bba8bc9656b2df2c6653478b0b47b7573137b4a3712a0c5a631bed3fee1570ce",
          "bytes": 7451,
          "git_commit": "dcc54d0f5054384a4db273aaf157685e867be124",
          "git_raw_sha256": "bba8bc9656b2df2c6653478b0b47b7573137b4a3712a0c5a631bed3fee1570ce",
          "git_lf_sha256": "bba8bc9656b2df2c6653478b0b47b7573137b4a3712a0c5a631bed3fee1570ce",
          "git_raw_equals_worktree": false,
          "git_lf_equals_worktree": true,
          "exact_case_path_checked": true
        },
        {
          "path": "AutoSamplingTheory/TechnicalLemmas/Probability/GaussianConditionalKernel.lean",
          "raw_sha256": "a65a1f3b1f2c4a1e3f81505004c997417d23b109a38f74f417a54fbbbc82de4b",
          "lf_sha256": "6233b2527acc6b4297b62ac92f041b8c1af02e35ea60e16ddaa3501123329d1e",
          "bytes": 5361,
          "git_commit": "dcc54d0f5054384a4db273aaf157685e867be124",
          "git_raw_sha256": "6233b2527acc6b4297b62ac92f041b8c1af02e35ea60e16ddaa3501123329d1e",
          "git_lf_sha256": "6233b2527acc6b4297b62ac92f041b8c1af02e35ea60e16ddaa3501123329d1e",
          "git_raw_equals_worktree": false,
          "git_lf_equals_worktree": true,
          "exact_case_path_checked": true
        },
        {
          "path": "AutoSamplingTheory/ExampleCases/ProximalBPS/GaussianAugmentation.lean",
          "raw_sha256": "fb7db932e3081f5ad45120374ed3bfcfa79dbbb10b4f89df7533a678cae73ae0",
          "lf_sha256": "e3075df55a8ac80ccb3e1df44f11a47661d6b517464cf69069afc2734fd175ee",
          "bytes": 2861,
          "git_commit": "dcc54d0f5054384a4db273aaf157685e867be124",
          "git_raw_sha256": "e3075df55a8ac80ccb3e1df44f11a47661d6b517464cf69069afc2734fd175ee",
          "git_lf_sha256": "e3075df55a8ac80ccb3e1df44f11a47661d6b517464cf69069afc2734fd175ee",
          "git_raw_equals_worktree": false,
          "git_lf_equals_worktree": true,
          "exact_case_path_checked": true
        },
        {
          "path": "AutoSamplingTheory/TechnicalLemmas/Measure/IsotropicGaussianDensity.lean",
          "raw_sha256": "cb1bb40f2e4c17f4a9482cbd7ba022bac815409d68d4e7b6e9f8d00bcdd3e817",
          "lf_sha256": "08eaba5759c1f514e80c58123f6a7c4c9f1ffc18c4d20df3a93b6e718fae25d7",
          "bytes": 4867,
          "git_commit": "dcc54d0f5054384a4db273aaf157685e867be124",
          "git_raw_sha256": "08eaba5759c1f514e80c58123f6a7c4c9f1ffc18c4d20df3a93b6e718fae25d7",
          "git_lf_sha256": "08eaba5759c1f514e80c58123f6a7c4c9f1ffc18c4d20df3a93b6e718fae25d7",
          "git_raw_equals_worktree": false,
          "git_lf_equals_worktree": true,
          "exact_case_path_checked": true
        },
        {
          "path": "AutoSamplingTheory/TechnicalLemmas/Analysis/HessianStrongConvexity.lean",
          "raw_sha256": "78dcbca82db4c1aaaf2fb5ab59e2df74b23f2e48c805e41cde07f33d9f72ad30",
          "lf_sha256": "2274e86f3affb400c4de8c94c1796bb103d4b77c980a530ff23bd4c344e0bb62",
          "bytes": 4021,
          "git_commit": "dcc54d0f5054384a4db273aaf157685e867be124",
          "git_raw_sha256": "2274e86f3affb400c4de8c94c1796bb103d4b77c980a530ff23bd4c344e0bb62",
          "git_lf_sha256": "2274e86f3affb400c4de8c94c1796bb103d4b77c980a530ff23bd4c344e0bb62",
          "git_raw_equals_worktree": false,
          "git_lf_equals_worktree": true,
          "exact_case_path_checked": true
        },
        {
          "path": "AutoSamplingTheory/TechnicalLemmas/Analysis/StrongConvexGibbsIntegrability.lean",
          "raw_sha256": "d1f328e72bc871acc27d936e985b75f4ffc45ef6126d364b60e01c45cf835ee5",
          "lf_sha256": "6497a5901e6fa898524821007f053d8c7396cd4d72d12ee647379d8bfa3dacf1",
          "bytes": 2802,
          "git_commit": "dcc54d0f5054384a4db273aaf157685e867be124",
          "git_raw_sha256": "6497a5901e6fa898524821007f053d8c7396cd4d72d12ee647379d8bfa3dacf1",
          "git_lf_sha256": "6497a5901e6fa898524821007f053d8c7396cd4d72d12ee647379d8bfa3dacf1",
          "git_raw_equals_worktree": false,
          "git_lf_equals_worktree": true,
          "exact_case_path_checked": true
        },
        {
          "path": ".lake/packages/mathlib/Mathlib/MeasureTheory/Measure/Tilted.lean",
          "raw_sha256": "53cc37610d1b21725a178c7d8064c59bb28629625d844b02430a30714ecd0c3e",
          "lf_sha256": "355cce542b03dd9130d9511f80ae803cc11a12ba9e6a947e68402b124be2165f",
          "bytes": 17366,
          "git_commit": "db584cd6d46c92f209a44c0f1c829460d327499d",
          "git_raw_sha256": "355cce542b03dd9130d9511f80ae803cc11a12ba9e6a947e68402b124be2165f",
          "git_lf_sha256": "355cce542b03dd9130d9511f80ae803cc11a12ba9e6a947e68402b124be2165f",
          "git_raw_equals_worktree": false,
          "git_lf_equals_worktree": true,
          "exact_case_path_checked": true
        },
        {
          "path": ".lake/packages/mathlib/Mathlib/MeasureTheory/Function/L2Space.lean",
          "raw_sha256": "b27eb9c9823a58a229a17f69860c5bcf3defb433c23ff3bab335f864676df3b5",
          "lf_sha256": "7dd0542490f2841e8a91d2258a903d328383d7305915375d99d589fae40de399",
          "bytes": 14200,
          "git_commit": "db584cd6d46c92f209a44c0f1c829460d327499d",
          "git_raw_sha256": "7dd0542490f2841e8a91d2258a903d328383d7305915375d99d589fae40de399",
          "git_lf_sha256": "7dd0542490f2841e8a91d2258a903d328383d7305915375d99d589fae40de399",
          "git_raw_equals_worktree": false,
          "git_lf_equals_worktree": true,
          "exact_case_path_checked": true
        },
        {
          "path": ".lake/packages/mathlib/Mathlib/Analysis/Calculus/ParametricIntegral.lean",
          "raw_sha256": "d63869326d278ce53699b42ce5cf3af11bc8260aad1bb97eaeb86889b92f6ca7",
          "lf_sha256": "495f1a89774b147de1528e0213f519817d50fc3602724c9cbea633e9617c3375",
          "bytes": 18954,
          "git_commit": "db584cd6d46c92f209a44c0f1c829460d327499d",
          "git_raw_sha256": "495f1a89774b147de1528e0213f519817d50fc3602724c9cbea633e9617c3375",
          "git_lf_sha256": "495f1a89774b147de1528e0213f519817d50fc3602724c9cbea633e9617c3375",
          "git_raw_equals_worktree": false,
          "git_lf_equals_worktree": true,
          "exact_case_path_checked": true
        },
        {
          "path": ".lake/packages/mathlib/Mathlib/Probability/Moments/CovarianceBilin.lean",
          "raw_sha256": "c94b26cad39e2da03f089dc1a889ff227d57e2774283cd2ce9300ceedf04becf",
          "lf_sha256": "1005d48eb36c1dfe48d6ff8315c513cb10c682f91d9c66b6172ae9d3a0d29df6",
          "bytes": 10901,
          "git_commit": "db584cd6d46c92f209a44c0f1c829460d327499d",
          "git_raw_sha256": "1005d48eb36c1dfe48d6ff8315c513cb10c682f91d9c66b6172ae9d3a0d29df6",
          "git_lf_sha256": "1005d48eb36c1dfe48d6ff8315c513cb10c682f91d9c66b6172ae9d3a0d29df6",
          "git_raw_equals_worktree": false,
          "git_lf_equals_worktree": true,
          "exact_case_path_checked": true
        },
        {
          "path": ".lake/packages/mathlib/Mathlib/Probability/Moments/Covariance.lean",
          "raw_sha256": "ed4d49ae854d635bf02fe006e846aa395e311967b8a8fc16837e17323ac69a3b",
          "lf_sha256": "627b0715f8603daff3a29a47cbd21ce3c192020295c96f088784f4b197bf0312",
          "bytes": 14466,
          "git_commit": "db584cd6d46c92f209a44c0f1c829460d327499d",
          "git_raw_sha256": "627b0715f8603daff3a29a47cbd21ce3c192020295c96f088784f4b197bf0312",
          "git_lf_sha256": "627b0715f8603daff3a29a47cbd21ce3c192020295c96f088784f4b197bf0312",
          "git_raw_equals_worktree": false,
          "git_lf_equals_worktree": true,
          "exact_case_path_checked": true
        },
        {
          "path": "tools/astis_semantic_roundtrip_core.py",
          "raw_sha256": "a3e92a6e161944031fdee813838d6a4729e0e76a4c6abdd84c300cb5b2f0b229",
          "lf_sha256": "90049b13ea83ccc41876f9267fd2e1a8052acac42e89a1063f97ac5619d39058",
          "bytes": 43547,
          "git_commit": "dcc54d0f5054384a4db273aaf157685e867be124",
          "git_raw_sha256": "90049b13ea83ccc41876f9267fd2e1a8052acac42e89a1063f97ac5619d39058",
          "git_lf_sha256": "90049b13ea83ccc41876f9267fd2e1a8052acac42e89a1063f97ac5619d39058",
          "git_raw_equals_worktree": false,
          "git_lf_equals_worktree": true,
          "exact_case_path_checked": true
        },
        {
          "path": "tools/astis_publication.py",
          "raw_sha256": "75bb959271cd40195180f9e8c5380a0b22ce708397a063df6edf9d02832a80b9",
          "lf_sha256": "cf1ad23838e6fcac2df8eacc7f44b098eb3ce71242cfa21ece84aad9d06192c5",
          "bytes": 25431,
          "git_commit": "dcc54d0f5054384a4db273aaf157685e867be124",
          "git_raw_sha256": "cf1ad23838e6fcac2df8eacc7f44b098eb3ce71242cfa21ece84aad9d06192c5",
          "git_lf_sha256": "cf1ad23838e6fcac2df8eacc7f44b098eb3ce71242cfa21ece84aad9d06192c5",
          "git_raw_equals_worktree": false,
          "git_lf_equals_worktree": true,
          "exact_case_path_checked": true
        }
      ]
    },
    {
      "audit_id": "ASTIS-RT-20261006-GaussianConvolutionRegularity",
      "declaration": "AutoSamplingTheory.TechnicalLemmas.Measure.GaussianConvolutionRegularity.gaussian_convolution_potential_c2",
      "state": "accepted",
      "verdict": "equivalent-after-elaboration",
      "source_packet_sha256": "966c5e280e21fa751b4b24a1af86e1d922e6fabc5035515d4e241631e303a704",
      "source_run_sha256": "87c011395ac8eab3edcf717ec46b637fa46a5ecc599d5f0defd556b826b1ca19",
      "decoder_packet_sha256": "8eca34d3f623ab97307f14e7a6b77d8e4f57f952707f0e2c871bf6936ece8db6",
      "decoder_run_sha256": "a374f3f8ee52ebc046bbaf047d760a24fbdfaca0ed253fea65225a2cbef7afc6",
      "publication_binding_sha256": "a5dfc761458a43d21deff0c7244089e7af6837f1996c9d351694097cc43184d6",
      "source_result_artifact": "runs/20261006-companion-priority/gaussian-convolution-derivatives/source-review.prior-c2.result.json",
      "source_reviewer_actor": "phase_source_reviewer_20261005",
      "decoder_actor": "anonymous_decoder_20261006",
      "whole_module_raw_sha256": "25394020514aba3d497bd91b498c06155e2e84675dc077c96466677c4860feb5",
      "whole_module_lf_sha256": "37fac669ee54535870e2b7e46cb5a848966a2e02100b90cb168db5a11bf9f043",
      "whole_module_coverage": {
        "production_lines": 513,
        "private_declarations": [
          "gaussianWeight",
          "gaussianFirst",
          "gaussianDeriv",
          "gaussianSmooth",
          "weight_bounds",
          "first_bound",
          "realDual",
          "gaussianSecond",
          "gaussianFirstDeriv",
          "second_bound",
          "gaussianNormalizerRegularity",
          "gaussianDensity",
          "normalizerDerivatives",
          "rawFirst",
          "rawSecond",
          "posteriorIntegral",
          "normalizedFirst",
          "normalizedSecond",
          "posteriorMoment"
        ],
        "canonical_local_instances": 3,
        "public_declarations": [
          "gaussian_convolution_potential_c2",
          "gaussian_convolution_derivatives"
        ],
        "Tests": {
          "Tests/GaussianConvolutionDerivatives.lean": "entire60 lines",
          "Tests/GaussianConvolutionRegularity.lean": "entire40 lines"
        },
        "authored_steps": {
          "new": 6,
          "prior_c2": 5
        }
      },
      "semantic_slot_count": 7,
      "source_input_count": 29,
      "exact_case_paths_checked": true,
      "source_inputs": [
        {
          "path": "runs/20261006-companion-priority/gaussian-convolution-derivatives/source-review.prior-c2.json",
          "raw_sha256": "7f26ad449971b043aa1ed522f5e55ae9393253cb97904c0dcf7965212fb64e7e",
          "lf_sha256": "b4dc9a0cbd00574d6e4acd5d270f8600995532672b20d3671863eb4a849d0136",
          "bytes": 49226,
          "git_commit": "dcc54d0f5054384a4db273aaf157685e867be124",
          "git_raw_sha256": "7f26ad449971b043aa1ed522f5e55ae9393253cb97904c0dcf7965212fb64e7e",
          "git_lf_sha256": "b4dc9a0cbd00574d6e4acd5d270f8600995532672b20d3671863eb4a849d0136",
          "git_raw_equals_worktree": true,
          "git_lf_equals_worktree": true,
          "exact_case_path_checked": true
        },
        {
          "path": "runs/20261006-companion-priority/gaussian-convolution-derivatives/prior-current.decoder.json",
          "raw_sha256": "3bc7d39b3bb36a0eff3c3e8fbe2aa4b8cbd1097e97739e0d5c98d63345abe361",
          "lf_sha256": "372e3f3b8e792037792b8743d9ccb59f6e6d5159cafa32000c7f77ab42500d20",
          "bytes": 2615,
          "git_commit": "dcc54d0f5054384a4db273aaf157685e867be124",
          "git_raw_sha256": "3bc7d39b3bb36a0eff3c3e8fbe2aa4b8cbd1097e97739e0d5c98d63345abe361",
          "git_lf_sha256": "372e3f3b8e792037792b8743d9ccb59f6e6d5159cafa32000c7f77ab42500d20",
          "git_raw_equals_worktree": true,
          "git_lf_equals_worktree": true,
          "exact_case_path_checked": true
        },
        {
          "path": "runs/20261006-companion-priority/gaussian-convolution-regularity/anonymous.reconstruction.json",
          "raw_sha256": "a0440f968cd39577eab795af8412c1178090006a1d81831f8c019cd8dc00f842",
          "lf_sha256": "a0440f968cd39577eab795af8412c1178090006a1d81831f8c019cd8dc00f842",
          "bytes": 7189,
          "git_commit": "dcc54d0f5054384a4db273aaf157685e867be124",
          "git_raw_sha256": "a0440f968cd39577eab795af8412c1178090006a1d81831f8c019cd8dc00f842",
          "git_lf_sha256": "a0440f968cd39577eab795af8412c1178090006a1d81831f8c019cd8dc00f842",
          "git_raw_equals_worktree": true,
          "git_lf_equals_worktree": true,
          "exact_case_path_checked": true
        },
        {
          "path": "runs/20261006-companion-priority/gaussian-convolution-derivatives/source-review.prior-c2.json.before-exposition.snapshot.json",
          "raw_sha256": "c950780270652d1028f64bdb18e7f994ebdeb992eaadde520894a2eeceb6dfa0",
          "lf_sha256": "1e06de3b793e3fbc8b910db3800f10b1c8c9c0cd05a8b05e6b2dba7a6bc9f836",
          "bytes": 49120,
          "git_commit": "dcc54d0f5054384a4db273aaf157685e867be124",
          "git_raw_sha256": "c950780270652d1028f64bdb18e7f994ebdeb992eaadde520894a2eeceb6dfa0",
          "git_lf_sha256": "1e06de3b793e3fbc8b910db3800f10b1c8c9c0cd05a8b05e6b2dba7a6bc9f836",
          "git_raw_equals_worktree": true,
          "git_lf_equals_worktree": true,
          "exact_case_path_checked": true
        },
        {
          "path": "AutoSamplingTheory/TechnicalLemmas/Measure/GaussianConvolutionRegularity.lean",
          "raw_sha256": "25394020514aba3d497bd91b498c06155e2e84675dc077c96466677c4860feb5",
          "lf_sha256": "37fac669ee54535870e2b7e46cb5a848966a2e02100b90cb168db5a11bf9f043",
          "bytes": 26260,
          "git_commit": "dcc54d0f5054384a4db273aaf157685e867be124",
          "git_raw_sha256": "37fac669ee54535870e2b7e46cb5a848966a2e02100b90cb168db5a11bf9f043",
          "git_lf_sha256": "37fac669ee54535870e2b7e46cb5a848966a2e02100b90cb168db5a11bf9f043",
          "git_raw_equals_worktree": false,
          "git_lf_equals_worktree": true,
          "exact_case_path_checked": true
        },
        {
          "path": "Tests/GaussianConvolutionDerivatives.lean",
          "raw_sha256": "9e389c8d80b0ff9ec9613a5eea8f588dc8bafc09dad606d3739fb4167e9126e4",
          "lf_sha256": "9e389c8d80b0ff9ec9613a5eea8f588dc8bafc09dad606d3739fb4167e9126e4",
          "bytes": 3214,
          "git_commit": "dcc54d0f5054384a4db273aaf157685e867be124",
          "git_raw_sha256": "9e389c8d80b0ff9ec9613a5eea8f588dc8bafc09dad606d3739fb4167e9126e4",
          "git_lf_sha256": "9e389c8d80b0ff9ec9613a5eea8f588dc8bafc09dad606d3739fb4167e9126e4",
          "git_raw_equals_worktree": true,
          "git_lf_equals_worktree": true,
          "exact_case_path_checked": true
        },
        {
          "path": "Tests/GaussianConvolutionRegularity.lean",
          "raw_sha256": "04a3ea190c7805965862ec357f563dd226bc943d5d0d79ad17944daa3869f85f",
          "lf_sha256": "b5b6786eccf492648edbcb777349c7b66db5957c4a9163759ac13149ae683cee",
          "bytes": 2266,
          "git_commit": "dcc54d0f5054384a4db273aaf157685e867be124",
          "git_raw_sha256": "b5b6786eccf492648edbcb777349c7b66db5957c4a9163759ac13149ae683cee",
          "git_lf_sha256": "b5b6786eccf492648edbcb777349c7b66db5957c4a9163759ac13149ae683cee",
          "git_raw_equals_worktree": false,
          "git_lf_equals_worktree": true,
          "exact_case_path_checked": true
        },
        {
          "path": "lean-toolchain",
          "raw_sha256": "b2b5068d5a4835675e651ce83b29c0ddb308d28b80076e7c007aef4630af0477",
          "lf_sha256": "302cd63c54178885b89e669f33b38f12f4dd7ae7e5cac537b3203e3768d8fb2b",
          "bytes": 26,
          "git_commit": "dcc54d0f5054384a4db273aaf157685e867be124",
          "git_raw_sha256": "302cd63c54178885b89e669f33b38f12f4dd7ae7e5cac537b3203e3768d8fb2b",
          "git_lf_sha256": "302cd63c54178885b89e669f33b38f12f4dd7ae7e5cac537b3203e3768d8fb2b",
          "git_raw_equals_worktree": false,
          "git_lf_equals_worktree": true,
          "exact_case_path_checked": true
        },
        {
          "path": "lake-manifest.json",
          "raw_sha256": "b1f16b43aaf4a886cfe0382d5e3ae63d6904281c00afd8f35af20f0270a747e2",
          "lf_sha256": "b83ca83b9cf7caa85fa8b023c2ff9a3fb7a7cce7e1c332e810c348535ec49c37",
          "bytes": 3234,
          "git_commit": "dcc54d0f5054384a4db273aaf157685e867be124",
          "git_raw_sha256": "b83ca83b9cf7caa85fa8b023c2ff9a3fb7a7cce7e1c332e810c348535ec49c37",
          "git_lf_sha256": "b83ca83b9cf7caa85fa8b023c2ff9a3fb7a7cce7e1c332e810c348535ec49c37",
          "git_raw_equals_worktree": false,
          "git_lf_equals_worktree": true,
          "exact_case_path_checked": true
        },
        {
          "path": "runs/20261006-companion-priority/gaussian-convolution-derivatives/cell.source-reviewed.snapshot.json",
          "raw_sha256": "2d80c6977eebef2a3aa526ee453be978c14d4bbce112b47e14757d40a996a6d5",
          "lf_sha256": "388f3a4d6cedd4fd8cc29397368450b097a6a20ff8d77c50c13a98bf37228dc1",
          "bytes": 9500,
          "git_commit": "dcc54d0f5054384a4db273aaf157685e867be124",
          "git_raw_sha256": "2d80c6977eebef2a3aa526ee453be978c14d4bbce112b47e14757d40a996a6d5",
          "git_lf_sha256": "388f3a4d6cedd4fd8cc29397368450b097a6a20ff8d77c50c13a98bf37228dc1",
          "git_raw_equals_worktree": true,
          "git_lf_equals_worktree": true,
          "exact_case_path_checked": true
        },
        {
          "path": "website/content/publications/gaussian-convolution-derivatives.json",
          "raw_sha256": "a3871e9377b815b85b103e665e5372de154a4dce06f6af37dff8f1f0ea06e24b",
          "lf_sha256": "d4f41a263efdae2974d336c058fc8c91b01e345c7ee28df5987a320b916c4bc0",
          "bytes": 8668,
          "git_commit": "dcc54d0f5054384a4db273aaf157685e867be124",
          "git_raw_sha256": "d4f41a263efdae2974d336c058fc8c91b01e345c7ee28df5987a320b916c4bc0",
          "git_lf_sha256": "d4f41a263efdae2974d336c058fc8c91b01e345c7ee28df5987a320b916c4bc0",
          "git_raw_equals_worktree": false,
          "git_lf_equals_worktree": true,
          "exact_case_path_checked": true
        },
        {
          "path": "website/content/declaration_lessons/gaussian-convolution-derivatives.json",
          "raw_sha256": "b6644575c718d82fa4380d6f294a512ab462f93a4d3f8d1d9beb79c23baaf6ed",
          "lf_sha256": "3edfea1ff0d4c7d6cce47ad4dc6ff38c9d364b112546bdd6dc5e25a6561349d7",
          "bytes": 9761,
          "git_commit": "dcc54d0f5054384a4db273aaf157685e867be124",
          "git_raw_sha256": "3edfea1ff0d4c7d6cce47ad4dc6ff38c9d364b112546bdd6dc5e25a6561349d7",
          "git_lf_sha256": "3edfea1ff0d4c7d6cce47ad4dc6ff38c9d364b112546bdd6dc5e25a6561349d7",
          "git_raw_equals_worktree": false,
          "git_lf_equals_worktree": true,
          "exact_case_path_checked": true
        },
        {
          "path": "research-wiki/frontier-cells/ASTIS-SHARED-gaussian-convolution-derivatives.json",
          "raw_sha256": "2d80c6977eebef2a3aa526ee453be978c14d4bbce112b47e14757d40a996a6d5",
          "lf_sha256": "388f3a4d6cedd4fd8cc29397368450b097a6a20ff8d77c50c13a98bf37228dc1",
          "bytes": 9500,
          "git_commit": "dcc54d0f5054384a4db273aaf157685e867be124",
          "git_raw_sha256": "388f3a4d6cedd4fd8cc29397368450b097a6a20ff8d77c50c13a98bf37228dc1",
          "git_lf_sha256": "388f3a4d6cedd4fd8cc29397368450b097a6a20ff8d77c50c13a98bf37228dc1",
          "git_raw_equals_worktree": false,
          "git_lf_equals_worktree": true,
          "exact_case_path_checked": true
        },
        {
          "path": "website/content/publications/gaussian-convolution-regularity.json",
          "raw_sha256": "5065161e5cd16989823661198fa6c5605d4b2fe8a97ab8a575979057a7cc0972",
          "lf_sha256": "663decc2c74d69c1eaba46bf8fcd77e8c30724ad08f63aa9b2e518735b4fbd52",
          "bytes": 8032,
          "git_commit": "dcc54d0f5054384a4db273aaf157685e867be124",
          "git_raw_sha256": "663decc2c74d69c1eaba46bf8fcd77e8c30724ad08f63aa9b2e518735b4fbd52",
          "git_lf_sha256": "663decc2c74d69c1eaba46bf8fcd77e8c30724ad08f63aa9b2e518735b4fbd52",
          "git_raw_equals_worktree": false,
          "git_lf_equals_worktree": true,
          "exact_case_path_checked": true
        },
        {
          "path": "website/content/declaration_lessons/gaussian-convolution-regularity.json",
          "raw_sha256": "65b5586c72ab9f6bb0a00c74044b5d10a6cb872c4ba8f74ba835705f922d612d",
          "lf_sha256": "dd7038028f8b399995cdda23073c080a1e38e5f7dabfa0331d953dd5961d1204",
          "bytes": 9037,
          "git_commit": "dcc54d0f5054384a4db273aaf157685e867be124",
          "git_raw_sha256": "dd7038028f8b399995cdda23073c080a1e38e5f7dabfa0331d953dd5961d1204",
          "git_lf_sha256": "dd7038028f8b399995cdda23073c080a1e38e5f7dabfa0331d953dd5961d1204",
          "git_raw_equals_worktree": false,
          "git_lf_equals_worktree": true,
          "exact_case_path_checked": true
        },
        {
          "path": "research-wiki/frontier-cells/ASTIS-SHARED-gaussian-convolution-regularity.json",
          "raw_sha256": "d546a9c365ad032ff68ce6ea7da8e40265ebc3fc0bc122431d0d8c2c7c90f708",
          "lf_sha256": "9adc51c1d553b09c1edaa8cd5b6f93a91b70c6faf5d89c56017f5d4aaa4dfff4",
          "bytes": 9739,
          "git_commit": "dcc54d0f5054384a4db273aaf157685e867be124",
          "git_raw_sha256": "9adc51c1d553b09c1edaa8cd5b6f93a91b70c6faf5d89c56017f5d4aaa4dfff4",
          "git_lf_sha256": "9adc51c1d553b09c1edaa8cd5b6f93a91b70c6faf5d89c56017f5d4aaa4dfff4",
          "git_raw_equals_worktree": false,
          "git_lf_equals_worktree": true,
          "exact_case_path_checked": true
        },
        {
          "path": "AutoSamplingTheory/ExampleCases/SmoothedPicardHMC/SmoothedGibbsPotential.lean",
          "raw_sha256": "7e7c826f599cc14d817e1f0693c272a9b94439ce3cbaab468b806b7e15ef457b",
          "lf_sha256": "bba8bc9656b2df2c6653478b0b47b7573137b4a3712a0c5a631bed3fee1570ce",
          "bytes": 7451,
          "git_commit": "dcc54d0f5054384a4db273aaf157685e867be124",
          "git_raw_sha256": "bba8bc9656b2df2c6653478b0b47b7573137b4a3712a0c5a631bed3fee1570ce",
          "git_lf_sha256": "bba8bc9656b2df2c6653478b0b47b7573137b4a3712a0c5a631bed3fee1570ce",
          "git_raw_equals_worktree": false,
          "git_lf_equals_worktree": true,
          "exact_case_path_checked": true
        },
        {
          "path": "AutoSamplingTheory/TechnicalLemmas/Probability/GaussianConditionalKernel.lean",
          "raw_sha256": "a65a1f3b1f2c4a1e3f81505004c997417d23b109a38f74f417a54fbbbc82de4b",
          "lf_sha256": "6233b2527acc6b4297b62ac92f041b8c1af02e35ea60e16ddaa3501123329d1e",
          "bytes": 5361,
          "git_commit": "dcc54d0f5054384a4db273aaf157685e867be124",
          "git_raw_sha256": "6233b2527acc6b4297b62ac92f041b8c1af02e35ea60e16ddaa3501123329d1e",
          "git_lf_sha256": "6233b2527acc6b4297b62ac92f041b8c1af02e35ea60e16ddaa3501123329d1e",
          "git_raw_equals_worktree": false,
          "git_lf_equals_worktree": true,
          "exact_case_path_checked": true
        },
        {
          "path": "AutoSamplingTheory/ExampleCases/ProximalBPS/GaussianAugmentation.lean",
          "raw_sha256": "fb7db932e3081f5ad45120374ed3bfcfa79dbbb10b4f89df7533a678cae73ae0",
          "lf_sha256": "e3075df55a8ac80ccb3e1df44f11a47661d6b517464cf69069afc2734fd175ee",
          "bytes": 2861,
          "git_commit": "dcc54d0f5054384a4db273aaf157685e867be124",
          "git_raw_sha256": "e3075df55a8ac80ccb3e1df44f11a47661d6b517464cf69069afc2734fd175ee",
          "git_lf_sha256": "e3075df55a8ac80ccb3e1df44f11a47661d6b517464cf69069afc2734fd175ee",
          "git_raw_equals_worktree": false,
          "git_lf_equals_worktree": true,
          "exact_case_path_checked": true
        },
        {
          "path": "AutoSamplingTheory/TechnicalLemmas/Measure/IsotropicGaussianDensity.lean",
          "raw_sha256": "cb1bb40f2e4c17f4a9482cbd7ba022bac815409d68d4e7b6e9f8d00bcdd3e817",
          "lf_sha256": "08eaba5759c1f514e80c58123f6a7c4c9f1ffc18c4d20df3a93b6e718fae25d7",
          "bytes": 4867,
          "git_commit": "dcc54d0f5054384a4db273aaf157685e867be124",
          "git_raw_sha256": "08eaba5759c1f514e80c58123f6a7c4c9f1ffc18c4d20df3a93b6e718fae25d7",
          "git_lf_sha256": "08eaba5759c1f514e80c58123f6a7c4c9f1ffc18c4d20df3a93b6e718fae25d7",
          "git_raw_equals_worktree": false,
          "git_lf_equals_worktree": true,
          "exact_case_path_checked": true
        },
        {
          "path": "AutoSamplingTheory/TechnicalLemmas/Analysis/HessianStrongConvexity.lean",
          "raw_sha256": "78dcbca82db4c1aaaf2fb5ab59e2df74b23f2e48c805e41cde07f33d9f72ad30",
          "lf_sha256": "2274e86f3affb400c4de8c94c1796bb103d4b77c980a530ff23bd4c344e0bb62",
          "bytes": 4021,
          "git_commit": "dcc54d0f5054384a4db273aaf157685e867be124",
          "git_raw_sha256": "2274e86f3affb400c4de8c94c1796bb103d4b77c980a530ff23bd4c344e0bb62",
          "git_lf_sha256": "2274e86f3affb400c4de8c94c1796bb103d4b77c980a530ff23bd4c344e0bb62",
          "git_raw_equals_worktree": false,
          "git_lf_equals_worktree": true,
          "exact_case_path_checked": true
        },
        {
          "path": "AutoSamplingTheory/TechnicalLemmas/Analysis/StrongConvexGibbsIntegrability.lean",
          "raw_sha256": "d1f328e72bc871acc27d936e985b75f4ffc45ef6126d364b60e01c45cf835ee5",
          "lf_sha256": "6497a5901e6fa898524821007f053d8c7396cd4d72d12ee647379d8bfa3dacf1",
          "bytes": 2802,
          "git_commit": "dcc54d0f5054384a4db273aaf157685e867be124",
          "git_raw_sha256": "6497a5901e6fa898524821007f053d8c7396cd4d72d12ee647379d8bfa3dacf1",
          "git_lf_sha256": "6497a5901e6fa898524821007f053d8c7396cd4d72d12ee647379d8bfa3dacf1",
          "git_raw_equals_worktree": false,
          "git_lf_equals_worktree": true,
          "exact_case_path_checked": true
        },
        {
          "path": ".lake/packages/mathlib/Mathlib/MeasureTheory/Measure/Tilted.lean",
          "raw_sha256": "53cc37610d1b21725a178c7d8064c59bb28629625d844b02430a30714ecd0c3e",
          "lf_sha256": "355cce542b03dd9130d9511f80ae803cc11a12ba9e6a947e68402b124be2165f",
          "bytes": 17366,
          "git_commit": "db584cd6d46c92f209a44c0f1c829460d327499d",
          "git_raw_sha256": "355cce542b03dd9130d9511f80ae803cc11a12ba9e6a947e68402b124be2165f",
          "git_lf_sha256": "355cce542b03dd9130d9511f80ae803cc11a12ba9e6a947e68402b124be2165f",
          "git_raw_equals_worktree": false,
          "git_lf_equals_worktree": true,
          "exact_case_path_checked": true
        },
        {
          "path": ".lake/packages/mathlib/Mathlib/MeasureTheory/Function/L2Space.lean",
          "raw_sha256": "b27eb9c9823a58a229a17f69860c5bcf3defb433c23ff3bab335f864676df3b5",
          "lf_sha256": "7dd0542490f2841e8a91d2258a903d328383d7305915375d99d589fae40de399",
          "bytes": 14200,
          "git_commit": "db584cd6d46c92f209a44c0f1c829460d327499d",
          "git_raw_sha256": "7dd0542490f2841e8a91d2258a903d328383d7305915375d99d589fae40de399",
          "git_lf_sha256": "7dd0542490f2841e8a91d2258a903d328383d7305915375d99d589fae40de399",
          "git_raw_equals_worktree": false,
          "git_lf_equals_worktree": true,
          "exact_case_path_checked": true
        },
        {
          "path": ".lake/packages/mathlib/Mathlib/Analysis/Calculus/ParametricIntegral.lean",
          "raw_sha256": "d63869326d278ce53699b42ce5cf3af11bc8260aad1bb97eaeb86889b92f6ca7",
          "lf_sha256": "495f1a89774b147de1528e0213f519817d50fc3602724c9cbea633e9617c3375",
          "bytes": 18954,
          "git_commit": "db584cd6d46c92f209a44c0f1c829460d327499d",
          "git_raw_sha256": "495f1a89774b147de1528e0213f519817d50fc3602724c9cbea633e9617c3375",
          "git_lf_sha256": "495f1a89774b147de1528e0213f519817d50fc3602724c9cbea633e9617c3375",
          "git_raw_equals_worktree": false,
          "git_lf_equals_worktree": true,
          "exact_case_path_checked": true
        },
        {
          "path": ".lake/packages/mathlib/Mathlib/Probability/Moments/CovarianceBilin.lean",
          "raw_sha256": "c94b26cad39e2da03f089dc1a889ff227d57e2774283cd2ce9300ceedf04becf",
          "lf_sha256": "1005d48eb36c1dfe48d6ff8315c513cb10c682f91d9c66b6172ae9d3a0d29df6",
          "bytes": 10901,
          "git_commit": "db584cd6d46c92f209a44c0f1c829460d327499d",
          "git_raw_sha256": "1005d48eb36c1dfe48d6ff8315c513cb10c682f91d9c66b6172ae9d3a0d29df6",
          "git_lf_sha256": "1005d48eb36c1dfe48d6ff8315c513cb10c682f91d9c66b6172ae9d3a0d29df6",
          "git_raw_equals_worktree": false,
          "git_lf_equals_worktree": true,
          "exact_case_path_checked": true
        },
        {
          "path": ".lake/packages/mathlib/Mathlib/Probability/Moments/Covariance.lean",
          "raw_sha256": "ed4d49ae854d635bf02fe006e846aa395e311967b8a8fc16837e17323ac69a3b",
          "lf_sha256": "627b0715f8603daff3a29a47cbd21ce3c192020295c96f088784f4b197bf0312",
          "bytes": 14466,
          "git_commit": "db584cd6d46c92f209a44c0f1c829460d327499d",
          "git_raw_sha256": "627b0715f8603daff3a29a47cbd21ce3c192020295c96f088784f4b197bf0312",
          "git_lf_sha256": "627b0715f8603daff3a29a47cbd21ce3c192020295c96f088784f4b197bf0312",
          "git_raw_equals_worktree": false,
          "git_lf_equals_worktree": true,
          "exact_case_path_checked": true
        },
        {
          "path": "tools/astis_semantic_roundtrip_core.py",
          "raw_sha256": "a3e92a6e161944031fdee813838d6a4729e0e76a4c6abdd84c300cb5b2f0b229",
          "lf_sha256": "90049b13ea83ccc41876f9267fd2e1a8052acac42e89a1063f97ac5619d39058",
          "bytes": 43547,
          "git_commit": "dcc54d0f5054384a4db273aaf157685e867be124",
          "git_raw_sha256": "90049b13ea83ccc41876f9267fd2e1a8052acac42e89a1063f97ac5619d39058",
          "git_lf_sha256": "90049b13ea83ccc41876f9267fd2e1a8052acac42e89a1063f97ac5619d39058",
          "git_raw_equals_worktree": false,
          "git_lf_equals_worktree": true,
          "exact_case_path_checked": true
        },
        {
          "path": "tools/astis_publication.py",
          "raw_sha256": "75bb959271cd40195180f9e8c5380a0b22ce708397a063df6edf9d02832a80b9",
          "lf_sha256": "cf1ad23838e6fcac2df8eacc7f44b098eb3ce71242cfa21ece84aad9d06192c5",
          "bytes": 25431,
          "git_commit": "dcc54d0f5054384a4db273aaf157685e867be124",
          "git_raw_sha256": "cf1ad23838e6fcac2df8eacc7f44b098eb3ce71242cfa21ece84aad9d06192c5",
          "git_lf_sha256": "cf1ad23838e6fcac2df8eacc7f44b098eb3ce71242cfa21ece84aad9d06192c5",
          "git_raw_equals_worktree": false,
          "git_lf_equals_worktree": true,
          "exact_case_path_checked": true
        }
      ]
    }
  ],
  "fake_closure_scan": {
    "status": "passed",
    "file_count": 11,
    "files": [
      "AutoSamplingTheory/TechnicalLemmas/Measure/GaussianConvolutionRegularity.lean",
      "Tests/GaussianConvolutionDerivatives.lean",
      "AutoSamplingTheory/ExampleCases/SmoothedPicardHMC/SmoothedGibbsPotential.lean",
      "AutoSamplingTheory/TechnicalLemmas/Probability/GaussianConditionalKernel.lean",
      "AutoSamplingTheory/ExampleCases/ProximalBPS/GaussianAugmentation.lean",
      "AutoSamplingTheory/TechnicalLemmas/Measure/IsotropicGaussianDensity.lean",
      "AutoSamplingTheory/TechnicalLemmas/Analysis/StrongConvexGibbsIntegrability.lean",
      "AutoSamplingTheory/TechnicalLemmas/Analysis/HessianStrongConvexity.lean",
      "AutoSamplingTheory/TechnicalLemmas/Analysis/StrongConvexFirstOrder.lean",
      "AutoSamplingTheory/TechnicalLemmas/Analysis/Integrability.lean",
      "Tests/GaussianConvolutionRegularity.lean"
    ],
    "matches": []
  },
  "axioms": [
    "propext",
    "Classical.choice",
    "Quot.sound"
  ],
  "conceptual_mirror_audit": {
    "status": "none-found",
    "discovery_ids": [],
    "reason": "Exact first/second derivative and moment mechanism of the already-owned same Gaussian augmentation; no new cross-domain hypothesis/space adapter or functor certificate."
  }
}
