{
  "advances": [
    {
      "advance_id": "ASTIS-SA-20261005-SPHMCImplementedPhaseKernel",
      "checkpoint_count": 0,
      "created_at": "2026-10-05T06:01:35+00:00",
      "created_by": "root-samplinglib-writer",
      "dag_inputs": [
        "AutoSamplingTheory.ExampleCases.SmoothedPicardHMC.ApproximateProximalExecution.approximate_proximal_execution"
      ],
      "event": "proposal",
      "fingerprint": "176f9eb112f235932ff35292addf72fe987915f3d207aca7b57dd09f955310ff",
      "focused_checks": [
        "lake build Tests.SmoothedPicardHMCImplementedPhaseKernel"
      ],
      "frontier_cell": "ASTIS-SW-SPHMC-implemented-phase-kernel",
      "goal": "Construct the explicit independent product Gaussian law, both stopped-proximal Picard layers, second refresh, and the measurable Markov kernel for one implemented phase.",
      "last_actor": "companion_root_20261005",
      "latest_evidence": {
        "canonical_branch": "codex/sphmc-standardized-rgo",
        "integration_owner": "companion_root_20261005",
        "publication_declarations": [
          "AutoSamplingTheory.ExampleCases.SmoothedPicardHMC.ImplementedPhaseKernel.implemented_phase_kernel"
        ],
        "verified_commit": "eac95b96ed95ec926c27900020710e994076e7cb"
      },
      "modes": [],
      "needs_diagnosis": false,
      "no_progress_streak": 0,
      "owner_id": "root-samplinglib-writer",
      "priority": 100,
      "proposed_files": [
        "AutoSamplingTheory/ExampleCases/SmoothedPicardHMC/ImplementedPhaseKernel.lean",
        "Tests/SmoothedPicardHMCImplementedPhaseKernel.lean"
      ],
      "publication_declarations": [
        "AutoSamplingTheory.ExampleCases.SmoothedPicardHMC.ImplementedPhaseKernel.implemented_phase_kernel"
      ],
      "schema_version": 4,
      "source_anchor": "arXiv:2609.06906v1 Algorithm 3.1 steps 1-4 (HTML lines 282-306), Appendix D.1 (D.1) and D.2 Algorithm D.2 / Lemma D.3",
      "state": "STABILIZING",
      "target_declarations": [
        "AutoSamplingTheory.ExampleCases.SmoothedPicardHMC.ImplementedPhaseKernel.implemented_phase_kernel"
      ],
      "task_id": "ASTIS-SW-SPHMC-2026",
      "theorem_delta": "Actual measurable implemented two-layer phase and explicit independent Gaussian pushforward transition law.",
      "truth_boundary": "One implemented two-layer phase for supplied finite deterministic nodes and weights. Chebyshev-Lobatto coefficient construction, repeated history, Wp errors, stationarity, D.7/D.8 run-wide bounds and main theorems remain separate.",
      "updated_at": "2026-10-05T06:26:13+00:00"
    },
    {
      "advance_id": "ASTIS-SA-20261009-PBPSActualRootInverseCommutation",
      "checkpoint_count": 1,
      "created_at": "2026-10-09T09:37:04+00:00",
      "created_by": "companion_root_20261005",
      "dag_inputs": [
        "ASTIS-SW-PBPS-ambient-adjoint-corrector"
      ],
      "event": "proposal",
      "fingerprint": "d9797ccc71ceb1aa0a5697a1b53f587a30df037e51c8728e4e3c564f3df09090",
      "focused_checks": [
        "lake build Tests.ProximalBPSActualRootCommutation"
      ],
      "frontier_cell": "ASTIS-SW-PBPS-actual-root-inverse-commutation",
      "goal": "Derive Commute Gamma T and GammaP A for the SAME actual root; internally restrict A to exact HP0, prove A0 selfadjoint, A0^2+Gamma0^2=I, same inverse selfadjoint and Commute A0 Inv. Genuine original-input Test proves K=A0 Inv selfadjoint and I+K^2=Inv^2 for the B23 block coefficient.",
      "last_actor": "/root/exact_science63",
      "latest_checkpoint": {
        "advance_id": "ASTIS-SA-20261009-PBPSActualRootInverseCommutation",
        "context_characters": 0,
        "created_at": "2026-10-09T09:59:26+00:00",
        "event": "checkpoint",
        "exact_residual": "Independent mathematics,source-blind decoding,anti-anchored whole-module source/publication admission and integration remain;sharpB23/B21/full papers/cost/composition open.",
        "mathematical_delta": "Derive Commute Gamma T and GammaP A for the SAME actual root; internally restrict A to exact HP0, prove A0 selfadjoint, A0^2+Gamma0^2=I, same inverse selfadjoint and Commute A0 Inv. Genuine original-input Test proves K=A0 Inv selfadjoint and I+K^2=Inv^2 for the B23 block coefficient.",
        "needs_diagnosis": false,
        "no_progress_streak": 1,
        "progress_signature": "3948EXIT0-three-standard3-original-input-coefficient",
        "route_fingerprint": "CFC-square-commute/same-actual-centered-restriction/inverse",
        "schema_version": 4,
        "worker_id": "companion_root_20261005"
      },
      "latest_evidence": {
        "fake_closure_scan": {
          "hits": 0,
          "private_math_providers": 0,
          "scan_artifact": {
            "lf_bytes": 2709,
            "lf_sha256": "830a99ba73fc60f8266853b159fbd9f1beb379a3ce30c187842b7428003c17a2",
            "path": "E:/Samplinglib/runs/20261007-companion-priority/pbps-root-commutation67/exact-science-verification67/fake-closure-scan.json",
            "raw_bytes": 2709,
            "raw_sha256": "830a99ba73fc60f8266853b159fbd9f1beb379a3ce30c187842b7428003c17a2"
          },
          "status": "PASS"
        },
        "gate": {
          "all_three_exact_standard_axioms": true,
          "focused_artifact": {
            "lf_bytes": 6145,
            "lf_sha256": "72ce4503f9fb621d44a60f5a836dae9dffae503d50eb08e2c7b91ca5508ca396",
            "path": "E:/Samplinglib/runs/20261007-companion-priority/pbps-root-commutation67/exact-science-verification67/focused.result.json",
            "raw_bytes": 6145,
            "raw_sha256": "72ce4503f9fb621d44a60f5a836dae9dffae503d50eb08e2c7b91ca5508ca396"
          },
          "fresh_foreground_PIDs": [
            27948,
            36516
          ],
          "required_gates": [
            {
              "actual_PID": 13860,
              "exit_code": 0,
              "label": "publication"
            },
            {
              "actual_PID": 46604,
              "exit_code": 0,
              "label": "semantic"
            },
            {
              "actual_PID": 34316,
              "exit_code": 0,
              "label": "frontier"
            },
            {
              "actual_PID": 52476,
              "exit_code": 0,
              "label": "contributor"
            }
          ],
          "required_gates_artifact": {
            "lf_bytes": 5978,
            "lf_sha256": "557c6560ca14d3238137a81814a7e071ac96cdc8dc4d63627fe81c675a1889f0",
            "path": "E:/Samplinglib/runs/20261007-companion-priority/pbps-root-commutation67/exact-science-verification67/gates.result.json",
            "raw_bytes": 5978,
            "raw_sha256": "557c6560ca14d3238137a81814a7e071ac96cdc8dc4d63627fe81c675a1889f0"
          },
          "reviewed_check_advance": true,
          "scope": "Exact SCI67 focused/required admission only; aggregate and reader integration pending"
        },
        "native_independent_verdict_path": "runs/20261007-companion-priority/pbps-root-commutation67/exact-science-verification67/verification-verdict.json",
        "publication_declarations": [
          "AutoSamplingTheory.TechnicalLemmas.Measure.L2RealSquareCommute.positive_square_commutation",
          "AutoSamplingTheory.ExampleCases.ProximalBPS.ActualRootCommutation.actual_same_root_inverse_commutation"
        ],
        "remaining_boundary": "Same-root and actual centered inverse commutation plus B23 coefficient square identity only. Sharp B23 norm estimate/B21 rotation/full energy/H1/dynamics/errors/cost/composition not yet proved. All original finite Hilbert/Borel/C2/both Hessians/positive capped eta callers preserved. D=I+T positivity and all commutations are internally proved, never extra public paper premises. Independent precommit math, fresh blind reconstructions and primary-first whole-module source review accepted. The two literal private Prop definitions preserve all original callers and conclusions. Exact reviewed attribution/citation/catalogue changes add no mathematics. Exact SCI67 verification and serialized aggregate/reader admission remain pending.",
        "source_audit": {
          "accepted_audits": [
            {
              "audit_id": "ASTIS-RT-20261009-RealL2PositiveSquareCommutation",
              "complete_context_and_adapter_equal": true,
              "declaration": "AutoSamplingTheory.TechnicalLemmas.Measure.L2RealSquareCommute.positive_square_commutation",
              "publication_binding_sha256": "34ba0bb3a85f58c9dff1405301b46ac15dace416a0dcbc28673f5739adb8742f",
              "publication_context_sha256": "97ce8a2857b1ada5ad38293e2f2a344c9b878ff6f8037dd69c102c94f1d3ceea",
              "retained_nonblocking_deltas": [
                {
                  "blocking": false,
                  "classification": "explicit-elaboration",
                  "description": "ASTIS auxiliary expands D1 spectral background to arbitrary real L2;not printed standalone PBPS.",
                  "evidence": "D1 spectral calculus/unique positive root accurately attributed; exact source URL corrected separately; no source mathematical repair.",
                  "id": "ASTIS-background-expansion",
                  "severity": "informational",
                  "slot": "scopes"
                }
              ],
              "source_reviewer": "/root/independent_source64",
              "verdict": "equivalent-after-elaboration"
            },
            {
              "audit_id": "ASTIS-RT-20261009-PBPSActualRootInverseCommutation",
              "complete_context_and_adapter_equal": true,
              "declaration": "AutoSamplingTheory.ExampleCases.ProximalBPS.ActualRootCommutation.actual_same_root_inverse_commutation",
              "publication_binding_sha256": "6c74b343fa8d19b0c2a032d0396306c8ff7a406485c0ab3a087ce366bdb8d8ac",
              "publication_context_sha256": "cd73af76a2d0827ecdb5f585bec5519f70c835d46e56aacf428d1225b27a719b",
              "retained_nonblocking_deltas": [
                {
                  "blocking": false,
                  "classification": "explicit-elaboration",
                  "description": "Original Euclidean conditions represented on finite real Hilbert Borel space,rank-zero disclosed;closed centered and microscopic domains and literal private propositions explicitly elaborated without new premises.",
                  "evidence": "B1/B2/D1 selected primary bytes; two private Prop values retain all explicit subtypeL maps and actual domain adapters. Rank-zero extension disclosed, no full-space inverse or onto V0.",
                  "id": "explicit-finite-Hilbert-centered-domain-adapters",
                  "severity": "informational",
                  "slot": "domains"
                }
              ],
              "source_reviewer": "/root/independent_source64",
              "verdict": "equivalent-after-elaboration"
            }
          ],
          "native_delta_and_canonical_delta_preserved": true,
          "native_source_whole_run": "8b6baf92a68e1161bb574eddcb338fa27c9afc326a185801048e5e0d9d8453f1",
          "result_artifact": {
            "lf_bytes": 47767,
            "lf_sha256": "18db2693cfb319f611b8a9847670189f0c59213251187fbbfe450e47e76ccc7a",
            "path": "E:/Samplinglib/runs/20261007-companion-priority/pbps-root-commutation67/exact-science-verification67/source-bindings.result.json",
            "raw_bytes": 47767,
            "raw_sha256": "18db2693cfb319f611b8a9847670189f0c59213251187fbbfe450e47e76ccc7a"
          }
        },
        "verified_commit": "3da29415011a971a65f749502a625e416213f487",
        "verifier_id": "/root/exact_science63"
      },
      "modes": [
        "independent-exact-commit-verification"
      ],
      "needs_diagnosis": false,
      "no_progress_streak": 1,
      "owner_id": "companion_root_20261005",
      "priority": 100,
      "proposed_files": [
        "AutoSamplingTheory/TechnicalLemmas/Measure/L2RealSquareCommute.lean",
        "AutoSamplingTheory/ExampleCases/ProximalBPS/ActualRootCommutation.lean",
        "Tests/ProximalBPSActualRootCommutation.lean"
      ],
      "publication_declarations": [
        "AutoSamplingTheory.TechnicalLemmas.Measure.L2RealSquareCommute.positive_square_commutation",
        "AutoSamplingTheory.ExampleCases.ProximalBPS.ActualRootCommutation.actual_same_root_inverse_commutation"
      ],
      "schema_version": 4,
      "source_anchor": "PBPS2609.06905v1 Appendix B3: B20 corrector definition, Lemma B.3 sharp B23 estimate and B21 rotation. Same spectral square root, actual centered restriction and inverse commutation; ASTIS positive-square commutation background adapter.",
      "state": "VERIFIED",
      "target_declarations": [
        "AutoSamplingTheory.TechnicalLemmas.Measure.L2RealSquareCommute.positive_square_commutation",
        "AutoSamplingTheory.ExampleCases.ProximalBPS.ActualRootCommutation.actual_same_root_inverse_commutation",
        "Tests.ProximalBPSActualRootCommutation.genuine_actual_corrector_coefficient_consumer"
      ],
      "task_id": "ASTIS-SW-PBPS-2026",
      "theorem_delta": "Derive Commute Gamma T and GammaP A for the SAME actual root; internally restrict A to exact HP0, prove A0 selfadjoint, A0^2+Gamma0^2=I, same inverse selfadjoint and Commute A0 Inv. Genuine original-input Test proves K=A0 Inv selfadjoint and I+K^2=Inv^2 for the B23 block coefficient.",
      "truth_boundary": "Same-root and actual centered inverse commutation plus B23 coefficient square identity only. Sharp B23 norm estimate/B21 rotation/full energy/H1/dynamics/errors/cost/composition not yet proved. All original finite Hilbert/Borel/C2/both Hessians/positive capped eta callers preserved. D=I+T positivity and all commutations are internally proved, never extra public paper premises.",
      "updated_at": "2026-10-09T10:53:14+00:00"
    },
    {
      "advance_id": "ASTIS-SA-20261009-PBPSAmbientAdjointCorrector",
      "checkpoint_count": 3,
      "created_at": "2026-10-09T07:11:52+00:00",
      "created_by": "companion_root_20261005",
      "dag_inputs": [
        "ASTIS-SW-PBPS-actual-polar-isometry"
      ],
      "event": "proposal",
      "fingerprint": "ab64487f342c836d9b7cad63709ea3d6dc7d3bd3506e648d8aac545358313e6f",
      "focused_checks": [
        "lake build Tests.ProximalBPSAmbientAdjointCorrector"
      ],
      "frontier_cell": "ASTIS-SW-PBPS-ambient-adjoint-corrector",
      "goal": "Produce canonical R:L2(J)->kerP with inclusion Rg=g-Pg; prove ambient B* g=i0 B0* Rg for every joint g. For every globally centered actual input construct fP in SAME HP0,fperp=Rf,fV=V0* fperp in HP0; derive full first-corrector Gamma action, orthogonal norm decomposition and genuine global norm budget.",
      "last_actor": "/root/exact_science63",
      "latest_checkpoint": {
        "advance_id": "ASTIS-SA-20261009-PBPSAmbientAdjointCorrector",
        "context_characters": 0,
        "created_at": "2026-10-09T08:05:24+00:00",
        "event": "checkpoint",
        "exact_residual": "Independent math,blind decoder,anti-anchored whole-module source/publication admission and serialized integration pending;full paper/cost/composition open.",
        "mathematical_delta": "Produce canonical R:L2(J)->kerP with inclusion Rg=g-Pg; prove ambient B* g=i0 B0* Rg for every joint g. For every globally centered actual input construct fP in SAME HP0,fperp=Rf,fV=V0* fperp in HP0; derive full first-corrector Gamma action, orthogonal norm decomposition and genuine global norm budget.",
        "needs_diagnosis": false,
        "no_progress_streak": 1,
        "progress_signature": "3946EXIT0-original-input-production-Test-standard3",
        "route_fingerprint": "same-actual-ambient-adjoint/global-centered-input/literal-private-statement",
        "schema_version": 4,
        "worker_id": "companion_root_20261005"
      },
      "latest_evidence": {
        "fake_closure_scan": {
          "forbidden_hits": [],
          "private_mathematical_providers": 0,
          "receipt": {
            "lf_bytes": 1230,
            "lf_sha256": "722be4f7b52dd14c5178fa7835e5de8451794e9aba25f005814e97fb786881c0",
            "path": "E:/Samplinglib/runs/20261007-companion-priority/pbps-ambient-adjoint66/exact-science-verification66/reviewed-fakeclosure.result.json",
            "raw_bytes": 1230,
            "raw_sha256": "722be4f7b52dd14c5178fa7835e5de8451794e9aba25f005814e97fb786881c0"
          },
          "standard_axioms": [
            "propext",
            "Classical.choice",
            "Quot.sound"
          ],
          "status": "PASS"
        },
        "gate": {
          "checked_scope": "Exact SCI66 main and genuine Test, fresh focused build plus fresh Test compiler, reviewed publication/source/semantic/frontier/contributor checks; no aggregate/site/Registry integration claim",
          "focused_compiler": {
            "lf_bytes": 3572,
            "lf_sha256": "dfd302c7b771467f48fe1a59cbfd29c48dce9f918b143cc025aececdcd26d362",
            "path": "E:/Samplinglib/runs/20261007-companion-priority/pbps-ambient-adjoint66/exact-science-verification66/focused.result.json",
            "raw_bytes": 3572,
            "raw_sha256": "dfd302c7b771467f48fe1a59cbfd29c48dce9f918b143cc025aececdcd26d362"
          },
          "fresh_required_admission_gates": {
            "lf_bytes": 7640,
            "lf_sha256": "13605f14aabcf902f5d35ca834f10f09eff16950624ee93235308d48df05892b",
            "path": "E:/Samplinglib/runs/20261007-companion-priority/pbps-ambient-adjoint66/exact-science-verification66/gates.result.json",
            "raw_bytes": 7640,
            "raw_sha256": "13605f14aabcf902f5d35ca834f10f09eff16950624ee93235308d48df05892b"
          },
          "status": "PASS"
        },
        "independent_actor_not_proving_owner": true,
        "publication_declarations": [
          "AutoSamplingTheory.ExampleCases.ProximalBPS.AmbientAdjointCorrector.actual_ambient_adjoint_centered_decomposition"
        ],
        "remaining_boundary": "Canonical ambient adjoint and globally centered actual-input decomposition/norm budget only. No full B20/B21,root commutation,H1,onto,reverse product,dynamics/main/errors/expected cost/actual-input composition,aggregate/reader/full Exposition/PURIFIED/whole paper/Goal credit.",
        "source_audit": {
          "literal_BODY_steps": 6,
          "native_bindings": {
            "lf_bytes": 12702,
            "lf_sha256": "70b17ff1d16cb0a9a2c41c2994f537eec32a8369e08362b8bb6615dc57720f9c",
            "path": "E:/Samplinglib/runs/20261007-companion-priority/pbps-ambient-adjoint66/exact-science-verification66/bindings.result.json",
            "raw_bytes": 12702,
            "raw_sha256": "70b17ff1d16cb0a9a2c41c2994f537eec32a8369e08362b8bb6615dc57720f9c"
          },
          "no_mathematical_repair": true,
          "private_literal_Prop_expansions_whole_module_reviewed": true,
          "selected_primary_items": 310,
          "semantic_slots": 7,
          "status": "PASS"
        },
        "verified_commit": "a115115d42b3fa2b67885d87fe4d5300af36fcd1",
        "verifier_id": "/root/exact_science63"
      },
      "modes": [
        "faithfulPaper"
      ],
      "needs_diagnosis": false,
      "no_progress_streak": 1,
      "owner_id": "companion_root_20261005",
      "priority": 100,
      "proposed_files": [
        "AutoSamplingTheory/ExampleCases/ProximalBPS/AmbientAdjointCorrector.lean",
        "Tests/ProximalBPSAmbientAdjointCorrector.lean"
      ],
      "publication_declarations": [
        "AutoSamplingTheory.ExampleCases.ProximalBPS.AmbientAdjointCorrector.actual_ambient_adjoint_centered_decomposition"
      ],
      "schema_version": 4,
      "source_anchor": "PBPS2609.06905v1 Appendix B3 first-corrector paragraph after B16, before B20/B21; intrinsic block adjoint versus canonical ambient extension; original inputs and actual jointly centered observable.",
      "state": "VERIFIED",
      "target_declarations": [
        "AutoSamplingTheory.ExampleCases.ProximalBPS.AmbientAdjointCorrector.actual_ambient_adjoint_centered_decomposition"
      ],
      "task_id": "ASTIS-SW-PBPS-2026",
      "theorem_delta": "Produce canonical R:L2(J)->kerP with inclusion Rg=g-Pg; prove ambient B* g=i0 B0* Rg for every joint g. For every globally centered actual input construct fP in SAME HP0,fperp=Rf,fV=V0* fperp in HP0; derive full first-corrector Gamma action, orthogonal norm decomposition and genuine global norm budget.",
      "truth_boundary": "Original C2/two Hessians/positive capped eta only,rank0/alphaeta1 retained. All constant-annihilation/adjoint range/centering/projection/complete structures are internal. This is the actual-input domain adapter and first-corrector geometry; no full B20 bound,root commutation/B21,halfturn,H1/operator inequalities,dynamics/main/errors/expected-query-cost/actual-input composition,onto or reverse-product claim.",
      "updated_at": "2026-10-09T08:59:55+00:00"
    },
    {
      "advance_id": "ASTIS-SA-20261009-PBPSActualPolarIsometry",
      "checkpoint_count": 5,
      "created_at": "2026-10-09T05:41:27+00:00",
      "created_by": "companion_root_20261005",
      "dag_inputs": [
        "ASTIS-SW-PBPS-centered-root-order-inverse"
      ],
      "event": "proposal",
      "fingerprint": "bc766a735974b769df116e57b7d5b9aa49901e2cdd3f1c248619a13f43c92a03",
      "focused_checks": [
        "lake build Tests.ProximalBPSPolarIsometry"
      ],
      "frontier_cell": "ASTIS-SW-PBPS-actual-polar-isometry",
      "goal": "Construct actual typed B0:HP0->ker P and V0=B0 Inv from the SAME inherited root/inverse; prove B0=V0 Gamma0,V0.adjoint composed V0=I and all-vector norm preservation. Original-input Test produces genuine adjoint corrector action, contraction and orthogonal-residual annihilation.",
      "last_actor": "/root/exact_science63",
      "latest_checkpoint": {
        "advance_id": "ASTIS-SA-20261009-PBPSActualPolarIsometry",
        "context_characters": 0,
        "created_at": "2026-10-09T06:07:18+00:00",
        "event": "checkpoint",
        "exact_residual": "Independent math, blind decoder, anti-anchored source/publication admission and serialized integration pending; full paper/expected costs/composition remain open.",
        "mathematical_delta": "Construct actual typed B0:HP0->ker P and V0=B0 Inv from the SAME inherited root/inverse; prove B0=V0 Gamma0,V0.adjoint composed V0=I and all-vector norm preservation. Original-input Test produces genuine adjoint corrector action, contraction and orthogonal-residual annihilation.",
        "needs_diagnosis": false,
        "no_progress_streak": 1,
        "progress_signature": "3945EXIT0-exact-sealed-production-Test-standard3",
        "route_fingerprint": "same-actual-Gram/typed-closed-kernel-polar/adjoint-corrector",
        "schema_version": 4,
        "worker_id": "companion_root_20261005"
      },
      "latest_evidence": {
        "fake_closure_scan": {
          "forbidden_hits": [],
          "private_providers": 0,
          "receipt": {
            "lf_bytes": 958,
            "lf_sha256": "938c024dbf75faa883cf50478198c2170a2fc97328f7e23205cd1e8fb3a2005d",
            "path": "E:/Samplinglib/runs/20261007-companion-priority/pbps-polar65/exact-science-verification-v2/focused-reviewed-fakeclosure.result.json",
            "raw_bytes": 958,
            "raw_sha256": "938c024dbf75faa883cf50478198c2170a2fc97328f7e23205cd1e8fb3a2005d"
          },
          "standard_axioms": [
            "propext",
            "Classical.choice",
            "Quot.sound"
          ],
          "status": "PASS"
        },
        "gate": {
          "checked_scope": "Exact SCI65b, one fresh nonforced focused Test build, diff-aware publication/contributor at actual parent, fresh frontier/semantic/reviewed-publication/fakeclosure; aggregate/site deferred.",
          "focused_compiler": {
            "lf_bytes": 1292,
            "lf_sha256": "7f77751a0dbf1a4454442412e268b16a8b18f740262afdf95bf2d8eaf196b79c",
            "path": "E:/Samplinglib/runs/20261007-companion-priority/pbps-polar65/exact-science-verification-v2/focused.result.json",
            "raw_bytes": 1292,
            "raw_sha256": "7f77751a0dbf1a4454442412e268b16a8b18f740262afdf95bf2d8eaf196b79c"
          },
          "fresh_required_admission_gates": {
            "lf_bytes": 2817,
            "lf_sha256": "b384b278eee530271a1ba3c76f22faad5ef571c7dd69ca2549372809668580d5",
            "path": "E:/Samplinglib/runs/20261007-companion-priority/pbps-polar65/exact-science-verification-v2/gates.result.json",
            "raw_bytes": 2817,
            "raw_sha256": "b384b278eee530271a1ba3c76f22faad5ef571c7dd69ca2549372809668580d5"
          },
          "status": "PASS"
        },
        "independent_actor_not_proving_owner": true,
        "publication_declarations": [
          "AutoSamplingTheory.ExampleCases.ProximalBPS.PolarIsometry.actual_centered_polar_isometry"
        ],
        "remaining_boundary": "Typed B0* consumer only; ambient B* extraction/global-centered decomposition/projector next; no onto/reverse product. Aggregate/reader, B17/H1/full corrector/dynamics/main/errors/cost/actual-input composition/full Exposition/PURIFIED/paper/Goal remain pending.",
        "source_audit": {
          "closed_math_source_decoder_and_literal_steps_reused_by_exact_Git_RAW": {
            "lf_bytes": 3291,
            "lf_sha256": "9f43e63f0e8412c5ca4ca214bc088903c4053893d2926bb392f3a591a0190bd0",
            "path": "E:/Samplinglib/runs/20261007-companion-priority/pbps-polar65/exact-science-verification-v2/reuse.result.json",
            "raw_bytes": 3291,
            "raw_sha256": "9f43e63f0e8412c5ca4ca214bc088903c4053893d2926bb392f3a591a0190bd0"
          },
          "exact_only_two_process_string_fields": {
            "lf_bytes": 50659,
            "lf_sha256": "893545f6bd969986f17ccc7b461e5be3df3f7ae05e5224178b82a6e105102a87",
            "path": "E:/Samplinglib/runs/20261007-companion-priority/pbps-polar65/exact-science-verification-v2/inputs.manifest.json",
            "raw_bytes": 50659,
            "raw_sha256": "893545f6bd969986f17ccc7b461e5be3df3f7ae05e5224178b82a6e105102a87"
          },
          "literal_BODY_steps": 5,
          "no_mathematical_repair": true,
          "primary_items": 280,
          "semantic_slots": 7,
          "status": "PASS",
          "unchanged_prior_native_bindings": {
            "lf_bytes": 8032,
            "lf_sha256": "374e8c8ccab977c5eb6a5b458fc4ffc4ae5608ac3032ec47a8f34293e40c74f8",
            "path": "E:/Samplinglib/runs/20261007-companion-priority/pbps-polar65/exact-science-verification/bindings.result.json",
            "raw_bytes": 8032,
            "raw_sha256": "374e8c8ccab977c5eb6a5b458fc4ffc4ae5608ac3032ec47a8f34293e40c74f8"
          }
        },
        "verified_commit": "ecd9d1f10ad0241312492cefacd5fe48c317e9c2",
        "verifier_id": "/root/exact_science63"
      },
      "modes": [
        "faithfulPaper"
      ],
      "needs_diagnosis": false,
      "no_progress_streak": 1,
      "owner_id": "companion_root_20261005",
      "priority": 100,
      "proposed_files": [
        "AutoSamplingTheory/ExampleCases/ProximalBPS/PolarIsometry.lean",
        "Tests/ProximalBPSPolarIsometry.lean"
      ],
      "publication_declarations": [
        "AutoSamplingTheory.ExampleCases.ProximalBPS.PolarIsometry.actual_centered_polar_isometry"
      ],
      "schema_version": 4,
      "source_anchor": "PBPS arXiv2609.06905v1 Appendix B16, inherited B11/B15 and first corrector f_V=V.adjoint f_perp; exact original finite-dimensional C2/two Hessian/positive capped eta inputs.",
      "state": "VERIFIED",
      "target_declarations": [
        "AutoSamplingTheory.ExampleCases.ProximalBPS.PolarIsometry.actual_centered_polar_isometry"
      ],
      "task_id": "ASTIS-SW-PBPS-2026",
      "theorem_delta": "Construct actual typed B0:HP0->ker P and V0=B0 Inv from the SAME inherited root/inverse; prove B0=V0 Gamma0,V0.adjoint composed V0=I and all-vector norm preservation. Original-input Test produces genuine adjoint corrector action, contraction and orthogonal-residual annihilation.",
      "truth_boundary": "Only exact B16 typed polar/factorization/isometry and first adjoint-corrector consumer. No onto ker P or V V.adjoint=I on all ker P, no new H1/B13/B14-floor/small-step/root/gap/unit premise. Rank0/alphaeta1 retained. B17 quantitative contraction, remaining H1/operator inequalities,dynamics/invariance/nonexplosion/hypocoercivity/main/errors/actual-input expected query costs and composition remain open.",
      "updated_at": "2026-10-09T06:43:23+00:00"
    },
    {
      "advance_id": "ASTIS-SA-20261009-PBPSCenteredRootOrderInverse",
      "checkpoint_count": 2,
      "created_at": "2026-10-09T03:59:06+00:00",
      "created_by": "companion_root_20261005",
      "dag_inputs": [
        "ASTIS-SW-PBPS-unique-macroscopic-defect-root",
        "ASTIS-SW-PBPS-rough-mean-gradient",
        "ASTIS-SHARED-gaussian-marginal-poincare",
        "ASTIS-SW-PBPS-centered-selfadjoint-defect",
        "ASTIS-SHARED-l2-real-complex-positive-lift"
      ],
      "event": "proposal",
      "fingerprint": "79e34e961d2d5c8e08ad58ff4c51ddabdadc43407ca2a68b999253d343e78fd9",
      "focused_checks": [
        "lake build Tests.ProximalBPSCenteredRootOrderInverse"
      ],
      "frontier_cell": "ASTIS-SW-PBPS-centered-root-order-inverse",
      "goal": "Canonical three complex lifts prove arbitrary-real-L2 positive square order; production C4 assembly from actual rough mean gradient and Gaussian marginal Poincare gives same actual GammaP centered order and bounded inverse, a necessary genuine B16 input.",
      "last_actor": "/root/exact_science63",
      "latest_checkpoint": {
        "advance_id": "ASTIS-SA-20261009-PBPSCenteredRootOrderInverse",
        "context_characters": 0,
        "created_at": "2026-10-09T04:47:17+00:00",
        "event": "checkpoint",
        "exact_residual": "Independent math, blind reconstruction, anti-anchored source/publication review and serialized integration remain pending; full paper/cost/composition boundary unchanged.",
        "mathematical_delta": "Canonical three complex lifts prove arbitrary-real-L2 positive square order; production C4 assembly from actual rough mean gradient and Gaussian marginal Poincare gives same actual GammaP centered order and bounded inverse, a necessary genuine B16 input.",
        "needs_diagnosis": false,
        "no_progress_streak": 1,
        "progress_signature": "3944EXIT0-two-exact-production-statements-real-original-input-norm-and-kernel-consumer-standard3",
        "route_fingerprint": "three-canonical-lifts/actual-C4/same-full-scalar-constant-projection/centered-order-derived-unit",
        "schema_version": 4,
        "worker_id": "companion_root_20261005"
      },
      "latest_evidence": {
        "fake_closure_scan": {
          "new_private_providers": 0,
          "receipt": {
            "lf_sha256": "cef1d7cc50db9a7355d1035a26d97054dc53617c31465fc1de5348f0d2bfd795",
            "path": "E:/Samplinglib/runs/20261007-companion-priority/pbps-centered-root64/exact-science-verification/focused-reviewed-fakeclosure.result.json",
            "raw_bytes": 1970,
            "raw_sha256": "cef1d7cc50db9a7355d1035a26d97054dc53617c31465fc1de5348f0d2bfd795"
          },
          "repository_forbidden_hits": [],
          "standard_axioms": [
            "propext",
            "Classical.choice",
            "Quot.sound"
          ],
          "status": "PASS"
        },
        "gate": {
          "checked_scope": "One nonforced focused Test build; diff-aware publication/contributor at exact parent, semantic/frontier and reviewed publication. Full repository integration deferred.",
          "focused_compiler": {
            "lf_sha256": "82329fa5ac1705adbaa4830bbbafcca6521354d22bd2d16958d19352ed38a628",
            "path": "E:/Samplinglib/runs/20261007-companion-priority/pbps-centered-root64/exact-science-verification/focused.result.json",
            "raw_bytes": 890,
            "raw_sha256": "82329fa5ac1705adbaa4830bbbafcca6521354d22bd2d16958d19352ed38a628"
          },
          "required_fresh_gate_receipts": {
            "lf_sha256": "de27d99015a0a2b621df9fa92a7c64febefaea26d56871a536c94e5b7d8fda45",
            "path": "E:/Samplinglib/runs/20261007-companion-priority/pbps-centered-root64/exact-science-verification/gates.result.json",
            "raw_bytes": 2777,
            "raw_sha256": "de27d99015a0a2b621df9fa92a7c64febefaea26d56871a536c94e5b7d8fda45"
          },
          "status": "PASS"
        },
        "independent_actor_not_proving_owner": true,
        "publication_declarations": [
          "AutoSamplingTheory.TechnicalLemmas.Measure.L2RealSquareOrder.positive_square_order",
          "AutoSamplingTheory.ExampleCases.ProximalBPS.CenteredRootOrderInverse.actual_centered_root_order_inverse"
        ],
        "remaining_boundary": "No fulljoint inverse, public completed polar/onto, H1/B13/B14, dynamics/main/errors/query cost, actual-input PBPS/SPHMC composition, full paper/ExpositionSeal/PURIFIED/Goal. Shared Registry/root imports/Tests integration pending.",
        "source_audit": {
          "committed_artifact_and_input_bindings": {
            "lf_sha256": "94d1b9573b050d26521195957dc829c6e037c435c5e473b4d4b468d63deb663c",
            "path": "E:/Samplinglib/runs/20261007-companion-priority/pbps-centered-root64/exact-science-verification/supplemental-bindings.result.json",
            "raw_bytes": 166451,
            "raw_sha256": "94d1b9573b050d26521195957dc829c6e037c435c5e473b4d4b468d63deb663c"
          },
          "current_canonical_two_accepted_audits_and_independent_native_bindings": {
            "lf_sha256": "11b8f2e53e237beca7cf3ffe6c004a373c9a3609beb8aaf4c1b8077357fdc48f",
            "path": "E:/Samplinglib/runs/20261007-companion-priority/pbps-centered-root64/exact-science-verification/bindings.result.json",
            "raw_bytes": 178136,
            "raw_sha256": "11b8f2e53e237beca7cf3ffe6c004a373c9a3609beb8aaf4c1b8077357fdc48f"
          },
          "literal_BODY_formula_steps": 12,
          "separate_metadata_overlay": true,
          "seven_slots": 7,
          "source_Lean_graph_distinction": true,
          "status": "PASS",
          "unchanged_independent_math_by_exact_Git_RAW": {
            "lf_sha256": "78ee4c67735c7510af8d1097d36d723f48b5a1a22d9c058127ecef119edc9070",
            "path": "E:/Samplinglib/runs/20261007-companion-priority/pbps-centered-root64/exact-science-verification/mathematics-reuse.json",
            "raw_bytes": 2966,
            "raw_sha256": "78ee4c67735c7510af8d1097d36d723f48b5a1a22d9c058127ecef119edc9070"
          }
        },
        "verified_commit": "59fff63d320aa5e3dc4b45e81e40e2029ce42734",
        "verifier_id": "/root/exact_science63"
      },
      "modes": [
        "faithfulPaper"
      ],
      "needs_diagnosis": false,
      "no_progress_streak": 1,
      "owner_id": "companion_root_20261005",
      "priority": 100,
      "proposed_files": [
        "AutoSamplingTheory/TechnicalLemmas/Measure/L2RealSquareOrder.lean",
        "AutoSamplingTheory/ExampleCases/ProximalBPS/CenteredRootOrderInverse.lean",
        "Tests/ProximalBPSCenteredRootOrderInverse.lean"
      ],
      "publication_declarations": [
        "AutoSamplingTheory.TechnicalLemmas.Measure.L2RealSquareOrder.positive_square_order",
        "AutoSamplingTheory.ExampleCases.ProximalBPS.CenteredRootOrderInverse.actual_centered_root_order_inverse"
      ],
      "schema_version": 4,
      "source_anchor": "PBPS arXiv2609.06905v1 AppendixB15, genuine next B16 consumer; C2/C3/C4; exact original C2 and both Hessian bounds, eta cap; D1 real Hilbert order.",
      "state": "VERIFIED",
      "target_declarations": [
        "AutoSamplingTheory.TechnicalLemmas.Measure.L2RealSquareOrder.positive_square_order",
        "AutoSamplingTheory.ExampleCases.ProximalBPS.CenteredRootOrderInverse.actual_centered_root_order_inverse"
      ],
      "task_id": "ASTIS-SW-PBPS-2026",
      "theorem_delta": "Canonical three complex lifts prove arbitrary-real-L2 positive square order; production C4 assembly from actual rough mean gradient and Gaussian marginal Poincare gives same actual GammaP centered order and bounded inverse, a necessary genuine B16 input.",
      "truth_boundary": "Same actual centered macro GammaP0 has printed B15 operator order gamma I, derived unit/bounded inverse/norm with gamma=2sqrt(alpha eta)/(1+alpha eta). No full-space inverse, extra gap/onto/unit/root premise, Test import, nontriviality or higher derivative. B16 polar, B13 H1, B14 independent branch, dynamics/main/errors/query cost and actual-input composition remain open.",
      "updated_at": "2026-10-09T05:19:43+00:00"
    },
    {
      "advance_id": "ASTIS-SA-20261009-PBPSUniqueMacroscopicDefectRoot",
      "checkpoint_count": 1,
      "created_at": "2026-10-08T19:09:34+00:00",
      "created_by": "companion_root_20261005",
      "dag_inputs": [
        "ASTIS-SW-PBPS-macroscopic-centered-range",
        "ASTIS-SW-PBPS-centered-selfadjoint-defect",
        "ASTIS-SW-PBPS-reflection-l2-blocks",
        "ASTIS-SHARED-l2-positive-real-square-root",
        "ASTIS-SHARED-l2-positive-real-root-uniqueness"
      ],
      "event": "proposal",
      "fingerprint": "cc692f20695f306b80858a583a77c2dced4048b0a4e1db06c6ffa00ac74c0b7f",
      "focused_checks": [
        "lake build Tests.ProximalBPSMacroscopicDefectRoot"
      ],
      "frontier_cell": "ASTIS-SW-PBPS-unique-macroscopic-defect-root",
      "goal": "Actual canonical macro B10/B11 root and typed Gram, with original-input consumer.",
      "last_actor": "/root/exact_science63",
      "latest_checkpoint": {
        "advance_id": "ASTIS-SA-20261009-PBPSUniqueMacroscopicDefectRoot",
        "context_characters": 0,
        "created_at": "2026-10-08T19:46:12+00:00",
        "event": "checkpoint",
        "exact_residual": "Independent math/anonymous/source/publication/aggregate pending; centered order/inverse/polar/H1/dynamics/main/error/cost/composition remain separate.",
        "mathematical_delta": "Join canonical macro range and actual reflected conditional operator to unique positive macro defect root; typed B:HP-to-joint has B.adjoint composed B=GammaP squared and allmacro norm energy. Genuine original-input Test additionally derives root contraction.",
        "needs_diagnosis": false,
        "no_progress_streak": 1,
        "progress_signature": "3920PASS-exact-main-consumer-standard3-zero-private-eight-exact-code-formula-steps",
        "route_fingerprint": "canonical-macro-onto-same-reflection-conjugation-typed-Gram-all-real-root-unique",
        "schema_version": 4,
        "worker_id": "companion_root_20261005"
      },
      "latest_evidence": {
        "fake_closure_scan": {
          "lf_bytes": 895,
          "lf_sha256": "4c9f72d0510a25bda119f330f893bab74a82a30be7ca1eda2a079280b0ac4f1c",
          "path": "E:/Samplinglib/runs/20261007-companion-priority/pbps-macro-root63/exact-science-verification/fakeclosure.result.json",
          "raw_bytes": 895,
          "raw_sha256": "4c9f72d0510a25bda119f330f893bab74a82a30be7ca1eda2a079280b0ac4f1c"
        },
        "full_repository_gate_pass": false,
        "gate": {
          "contributor_diff_current_parent": {
            "lf_bytes": 1529,
            "lf_sha256": "04e9c4c26c122310f9c339ac8ed11ddcb4ba0381d2e582469cc807f7a43a4bc7",
            "path": "E:/Samplinglib/runs/20261007-companion-priority/pbps-macro-root63/exact-science-verification/contributor.diff.receipt.json",
            "raw_bytes": 1529,
            "raw_sha256": "04e9c4c26c122310f9c339ac8ed11ddcb4ba0381d2e582469cc807f7a43a4bc7"
          },
          "focused_current_build": {
            "lf_bytes": 1384,
            "lf_sha256": "376f0b68ac16de854f7956c4e0724d48ba70c95b5c302901b2d945790f33d8c7",
            "path": "E:/Samplinglib/runs/20261007-companion-priority/pbps-macro-root63/exact-science-verification/focused.receipt.json",
            "raw_bytes": 1384,
            "raw_sha256": "376f0b68ac16de854f7956c4e0724d48ba70c95b5c302901b2d945790f33d8c7"
          },
          "focused_result": {
            "lf_bytes": 571,
            "lf_sha256": "a175f797d7b3f5c1de5ca802faa276aadf79232fc5d3ac63498044c14c9d104a",
            "path": "E:/Samplinglib/runs/20261007-companion-priority/pbps-macro-root63/exact-science-verification/focused.result.json",
            "raw_bytes": 571,
            "raw_sha256": "a175f797d7b3f5c1de5ca802faa276aadf79232fc5d3ac63498044c14c9d104a"
          },
          "publication_diff_current_parent": {
            "lf_bytes": 1520,
            "lf_sha256": "2061ec0cb03c49b9e680d32bd96e412a4cb32ac7ac3c051aa4eb11f55392417b",
            "path": "E:/Samplinglib/runs/20261007-companion-priority/pbps-macro-root63/exact-science-verification/publication.diff.receipt.json",
            "raw_bytes": 1520,
            "raw_sha256": "2061ec0cb03c49b9e680d32bd96e412a4cb32ac7ac3c051aa4eb11f55392417b"
          },
          "reviewed_publication": {
            "lf_bytes": 304,
            "lf_sha256": "ed41593140ee4c78fcd98ef235a2c321a9da150bd83df9e9ee599ef8fbddea44",
            "path": "E:/Samplinglib/runs/20261007-companion-priority/pbps-macro-root63/exact-science-verification/publication.reviewed.result.json",
            "raw_bytes": 304,
            "raw_sha256": "ed41593140ee4c78fcd98ef235a2c321a9da150bd83df9e9ee599ef8fbddea44"
          },
          "scope": "exact bounded science; aggregate/repository/reader acceptance remains open",
          "semantic_current": {
            "lf_bytes": 1449,
            "lf_sha256": "177e231bb7962510cafe65f116b4d1cc84e66eb8294fc860ab969b036a51fe85",
            "path": "E:/Samplinglib/runs/20261007-companion-priority/pbps-macro-root63/exact-science-verification/semantic.receipt.json",
            "raw_bytes": 1449,
            "raw_sha256": "177e231bb7962510cafe65f116b4d1cc84e66eb8294fc860ab969b036a51fe85"
          }
        },
        "independent_verification_decision": {
          "lf_bytes": 2008,
          "lf_sha256": "ed9e2aef53b7a30355047c00086e8370cf867345c00d3f495ba257aa4a9960f3",
          "path": "E:/Samplinglib/runs/20261007-companion-priority/pbps-macro-root63/exact-science-verification/verification.decision.json",
          "raw_bytes": 2008,
          "raw_sha256": "ed9e2aef53b7a30355047c00086e8370cf867345c00d3f495ba257aa4a9960f3"
        },
        "integration_metadata_debt": {
          "classification": "IMPLEMENTATION_FAILED integration metadata",
          "defects": [
            "learning_contract.failure_class=API_INSTANCE_ALIGNMENT is not an allowed enum",
            "non-success failure lacks required=true/completed explicit salvage audit"
          ],
          "exact_commit": "4d02622332d02d0bd6c977d3cee48fd535ebf203",
          "frontier_check_exit_code": 1,
          "full_repository_acceptance": false,
          "mathematical_statement_or_proof_changed": false,
          "repair_owner": "root sole serialized stabilization lane",
          "scientific_VERIFIED_scope": "Exact original-input main/Test Lean truth, current reviewed publication and source fidelity, fakeclosure cleanliness only; no aggregate or rendered reader acceptance"
        },
        "publication_declarations": [
          "AutoSamplingTheory.ExampleCases.ProximalBPS.MacroscopicDefectRoot.actual_unique_positive_macroscopic_defect_root"
        ],
        "remaining_boundary": [
          "second B.5 identity beyond this new root target",
          "centered lower root order/coercivity",
          "centered root inverse and polar factor",
          "weak H1 domains and regularity/boundary adapters",
          "event dynamics/nonexplosion/invariance/hypocoercivity",
          "full paper mixing/error results",
          "actual-input expected-query costs and PBPS/SPHMC composition",
          "Gaussian Cloud and midpoint results",
          "serialized aggregate/repository/CI acceptance",
          "rendered Exposition Seal, merge, deployment and PURIFIED reader completion"
        ],
        "rendered_Exposition_Seal": false,
        "source_audit": {
          "EXCESS": 0,
          "all_current_qualified_bindings": {
            "lf_bytes": 291905,
            "lf_sha256": "85fc4018263c79b3943d13fb976ff0bed019bfe9610139c6e46f2cda1d1d80a8",
            "path": "E:/Samplinglib/runs/20261007-companion-priority/pbps-macro-root63/exact-science-verification/bindings.result.json",
            "raw_bytes": 291905,
            "raw_sha256": "85fc4018263c79b3943d13fb976ff0bed019bfe9610139c6e46f2cda1d1d80a8"
          },
          "canonical_audit": "ASTIS-RT-20261009-PBPSUniquePositiveMacroscopicDefectRoot",
          "independent_scientific_payload": {
            "lf_bytes": 358568,
            "lf_sha256": "d81da4c908301a984363da4d397f2a5dd53da6add285ba4bc4c058e3ff41b474",
            "path": "E:/Samplinglib/runs/20261007-companion-priority/pbps-macro-root63/exact-science-verification/named-verification.payload.json",
            "raw_bytes": 358568,
            "raw_sha256": "d81da4c908301a984363da4d397f2a5dd53da6add285ba4bc4c058e3ff41b474"
          },
          "native_source_run_sha256": "32b39c9148d59120ba67a632e836ea203a7d8c8477703c27a9c774886857b2e5",
          "source_assumption_repairs": 0,
          "source_fidelity_verdict": "equivalent-after-elaboration"
        },
        "verified_commit": "4d02622332d02d0bd6c977d3cee48fd535ebf203",
        "verifier_id": "/root/exact_science63"
      },
      "modes": [
        "independent-exact-science-verification"
      ],
      "needs_diagnosis": false,
      "no_progress_streak": 1,
      "owner_id": "companion_root_20261005",
      "priority": 100,
      "proposed_files": [
        "AutoSamplingTheory/ExampleCases/ProximalBPS/MacroscopicDefectRoot.lean",
        "Tests/ProximalBPSMacroscopicDefectRoot.lean"
      ],
      "publication_declarations": [
        "AutoSamplingTheory.ExampleCases.ProximalBPS.MacroscopicDefectRoot.actual_unique_positive_macroscopic_defect_root"
      ],
      "schema_version": 4,
      "source_anchor": "arXiv2609.06905v1 AppendixB1-B5 first identity/B10-B11 and D1; original C2/two Hessian/positive capped eta",
      "state": "VERIFIED",
      "target_declarations": [
        "AutoSamplingTheory.ExampleCases.ProximalBPS.MacroscopicDefectRoot.actual_unique_positive_macroscopic_defect_root"
      ],
      "task_id": "ASTIS-SW-PBPS-2026",
      "theorem_delta": "Join canonical macro range and actual reflected conditional operator to unique positive macro defect root; typed B:HP-to-joint has B.adjoint composed B=GammaP squared and allmacro norm energy. Genuine original-input Test additionally derives root contraction.",
      "truth_boundary": "Actual printed macro positive square root B10/B11 and typed first B5 Gram on HP=lpMeas=ran(P) only. SAME canonical M/e/U/T, scalar Gamma and transported GammaP. All positive macro alternatives, no public completeness/CFC/onto/root/energy certificate. Centered order/inverse/polar/H1/dynamics/nonexplosion/invariance/hypocoercivity/main/errors/querycost/composition remain separate.",
      "updated_at": "2026-10-09T03:18:08+00:00"
    },
    {
      "advance_id": "ASTIS-SA-20261009-PBPSPositiveRealRootUniqueness",
      "checkpoint_count": 1,
      "created_at": "2026-10-08T18:08:40+00:00",
      "created_by": "companion_root_20261005",
      "dag_inputs": [
        "ASTIS-SHARED-l2-real-complex-positive-lift",
        "ASTIS-SW-PBPS-real-defect-root"
      ],
      "event": "proposal",
      "fingerprint": "a8224b184cf059f4dab9d49bca50f445dd403230e8018d71bf6b520c6e5b3f17",
      "focused_checks": [
        "lake build Tests.ProximalBPSRealDefectRootUnique"
      ],
      "frontier_cell": "ASTIS-SW-PBPS-real-defect-root-uniqueness",
      "goal": "Prove unique positive REAL scalar square root, with original-input PBPS consumer for SAME defect.",
      "last_actor": "independent_whole_math52_exact62",
      "latest_checkpoint": {
        "advance_id": "ASTIS-SA-20261009-PBPSPositiveRealRootUniqueness",
        "context_characters": 0,
        "created_at": "2026-10-08T18:16:06+00:00",
        "event": "checkpoint",
        "exact_residual": "Independent math/anonymous/source/publication/aggregate pending; joint GammaP/ontoM/B*B and centered inverse/polar/H1/dynamics/main/error/cost/composition remain open.",
        "mathematical_delta": "Positive real bounded A,B on arbitrary-measure L2 with A*A=B*B imply A=B. Same actual PBPS T/D/root gains uniqueness among ALL positive roots with same square, without alternative-root energy premise.",
        "needs_diagnosis": false,
        "no_progress_streak": 1,
        "progress_signature": "3918PASS-first-attempt-two-exact-headers-standard3-actual-alternative-root-consumer",
        "route_fingerprint": "canonical-positive-complex-lift-squares-unique-real-injective",
        "schema_version": 4,
        "worker_id": "companion_root_20261005"
      },
      "latest_evidence": {
        "bounded_gates": "E:/Samplinglib/runs/20261007-companion-priority/pbps-real-root-unique62/exact-science-verification/gates.json",
        "checked_commit": "9d7f7b640c7cb18fea133ccbd300de129af40b83",
        "compiler_standard3": true,
        "fake_closure_scan": "E:/Samplinglib/runs/20261007-companion-priority/pbps-real-root-unique62/exact-science-verification/fake-closure.json",
        "gate": "Actual focused lake build Tests.ProximalBPSRealDefectRootUnique PID50432 EXIT0 PASS3918, pinned Lean4.33.0/Mathlib; four independent noncompiler gates PASS. Shared aggregate deferred.",
        "publication_declarations": [
          "AutoSamplingTheory.TechnicalLemmas.Measure.L2RealSquareRootUnique.positive_square_roots_unique",
          "AutoSamplingTheory.ExampleCases.ProximalBPS.RealDefectRootUnique.actual_unique_positive_real_defect_root"
        ],
        "source_audit": [
          "E:/Samplinglib/research-wiki/semantic-roundtrip/audits/ASTIS-RT-20261009-L2PositiveRealRootUniqueness.json",
          "E:/Samplinglib/research-wiki/semantic-roundtrip/audits/ASTIS-RT-20261009-PBPSUniquePositiveRealDefectRoot.json"
        ],
        "source_gate": "E:/Samplinglib/runs/20261007-companion-priority/pbps-real-root-unique62/exact-science-verification/native.review.json",
        "truth_boundary": "Exported real scalar uniqueness and genuine original-input same defect/root only. Printed joint GammaP/ontoM/typed B*B, centered order/inverse/polar/H1/dynamics/main/cost/composition remain separate.",
        "verification_receipt": "E:/Samplinglib/runs/20261007-companion-priority/pbps-real-root-unique62/exact-science-verification/receipt.json",
        "verified_commit": "9d7f7b640c7cb18fea133ccbd300de129af40b83",
        "verifier_id": "independent_whole_math52_exact62"
      },
      "modes": [
        "faithfulPaper"
      ],
      "needs_diagnosis": false,
      "no_progress_streak": 1,
      "owner_id": "companion_root_20261005",
      "priority": 100,
      "proposed_files": [
        "AutoSamplingTheory/TechnicalLemmas/Measure/L2RealSquareRootUnique.lean",
        "AutoSamplingTheory/ExampleCases/ProximalBPS/RealDefectRootUnique.lean",
        "Tests/ProximalBPSRealDefectRootUnique.lean"
      ],
      "publication_declarations": [
        "AutoSamplingTheory.TechnicalLemmas.Measure.L2RealSquareRootUnique.positive_square_roots_unique",
        "AutoSamplingTheory.ExampleCases.ProximalBPS.RealDefectRootUnique.actual_unique_positive_real_defect_root"
      ],
      "schema_version": 4,
      "source_anchor": "arXiv2609.06905v1 D1 positive-root uniqueness background; scalar antecedent to printed B10 canonical joint root",
      "state": "VERIFIED",
      "target_declarations": [
        "AutoSamplingTheory.TechnicalLemmas.Measure.L2RealSquareRootUnique.positive_square_roots_unique",
        "AutoSamplingTheory.ExampleCases.ProximalBPS.RealDefectRootUnique.actual_unique_positive_real_defect_root"
      ],
      "task_id": "ASTIS-SW-PBPS-2026",
      "theorem_delta": "Positive real bounded A,B on arbitrary-measure L2 with A*A=B*B imply A=B. Same actual PBPS T/D/root gains uniqueness among ALL positive roots with same square, without alternative-root energy premise.",
      "truth_boundary": "Exported real scalar uniqueness and genuine original-input same defect/root only. Printed joint GammaP/ontoM/typed B*B, centered order/inverse/polar/H1/dynamics/main/cost/composition remain separate.",
      "updated_at": "2026-10-08T18:58:10+00:00"
    },
    {
      "advance_id": "ASTIS-SA-20261009-PBPSPositiveRealDefectRoot",
      "checkpoint_count": 2,
      "created_at": "2026-10-08T16:41:49+00:00",
      "created_by": "companion_root_20261005",
      "dag_inputs": [
        "ASTIS-SHARED-l2-real-complex-positive-lift",
        "ASTIS-SW-PBPS-centered-selfadjoint-defect"
      ],
      "event": "proposal",
      "fingerprint": "bf996c5abb63ac24de83bc00c60e3653ced078223d70ea8459cb81cfb78ae7f5",
      "focused_checks": [
        "lake build Tests.ProximalBPSRealDefectRoot"
      ],
      "frontier_cell": "ASTIS-SW-PBPS-real-defect-root",
      "goal": "Construct genuine bounded positive REAL square root and full scalar defect energy on actual PBPS marginal.",
      "last_actor": "independent_whole_math52_exact61",
      "latest_checkpoint": {
        "advance_id": "ASTIS-SA-20261009-PBPSPositiveRealDefectRoot",
        "context_characters": 0,
        "created_at": "2026-10-08T17:01:08+00:00",
        "event": "checkpoint",
        "exact_residual": "Independent whole math/anonymous/source/publication/aggregate pending; printed GammaP/B11/realuniqueness/centeredroot/polar/dynamics/main/error/cost/composition still open.",
        "mathematical_delta": "Produce positive real Gamma internally from arbitrary positive real D using canonical complexification; Gamma*Gamma=D, normGamma squared equals actual quadratic form. Under original PBPS binders actual same kernel T gives full scalar norm defect.",
        "needs_diagnosis": false,
        "no_progress_streak": 1,
        "progress_signature": "3916PASS-two-exact-sealed-real-root-headers-standard3-actual-contractivity",
        "route_fingerprint": "positive-complex-root-conjugate-unique-real-descent",
        "schema_version": 4,
        "worker_id": "companion_root_20261005"
      },
      "latest_evidence": {
        "all_691_science_entries_matched_current_LF": true,
        "checked_commit": "bcd245d90b21b899acb9937fc54dffcea20e86ee",
        "exact_scope": "Positive REAL L2 square-root existence and quadratic energy for arbitrary measure; SAME actual PBPS normalized/reflected law/T scalar defect root and full scalar energy, genuine original-input root-contractivity Test. No exported real uniqueness/joint GammaP/B11.",
        "fake_closure_scan": {
          "lf_bytes": 2792,
          "lf_sha256": "a96da3ad654f95a5c3fe49fdd675624e8a34322f310337a535cc7c8567eae283",
          "path": "E:/Samplinglib/runs/20261007-companion-priority/pbps-real-defect-root61/exact-science-verification/fake-closure.json",
          "raw_bytes": 2792,
          "raw_sha256": "a96da3ad654f95a5c3fe49fdd675624e8a34322f310337a535cc7c8567eae283"
        },
        "gate": {
          "actual_PID": 38692,
          "compiler": {
            "lf_bytes": 3772,
            "lf_sha256": "556bc22d667335c24944d0882748ad8039ae4fff0178afe498b7f087d9857312",
            "path": "E:/Samplinglib/runs/20261007-companion-priority/pbps-real-defect-root61/exact-science-verification/compiler.json",
            "raw_bytes": 3772,
            "raw_sha256": "556bc22d667335c24944d0882748ad8039ae4fff0178afe498b7f087d9857312"
          },
          "exit_code": 0,
          "focused_command": "lake build Tests.ProximalBPSRealDefectRoot",
          "focused_jobs": 3916
        },
        "mandatory_aggregate": "Deferred to sole serialized root integration; no credit granted by this focused verification",
        "named_verification_payload_sha256": "847eb5fb43407e2c212a004d873287fd6ac67137bfa5b2e82ed935a16cbed73d",
        "publication_declarations": [
          "AutoSamplingTheory.TechnicalLemmas.Measure.L2RealSquareRoot.exists_positive_real_square_root",
          "AutoSamplingTheory.ExampleCases.ProximalBPS.RealDefectRoot.actual_positive_real_defect_root"
        ],
        "source_audit": [
          {
            "audit": {
              "lf_bytes": 32139,
              "lf_sha256": "373da8bf73d5f84ca015301b12cacbfeafbd77932a4388a3a417a3cfec11b6e1",
              "path": "E:/Samplinglib/research-wiki/semantic-roundtrip/audits/ASTIS-RT-20261009-L2PositiveRealSquareRoot.json",
              "raw_bytes": 32139,
              "raw_sha256": "373da8bf73d5f84ca015301b12cacbfeafbd77932a4388a3a417a3cfec11b6e1"
            },
            "binding_sha256": "2b9c64cde01e98c6363ffd10ad0a3d292f4772989fa691eff4482684bd0ee1ba",
            "declaration": "AutoSamplingTheory.TechnicalLemmas.Measure.L2RealSquareRoot.exists_positive_real_square_root",
            "native_source_review": {
              "lf_bytes": 6216,
              "lf_sha256": "30f16b36b3ee8b92a10c6b978aa3c701354b649843dc9d06f034bbe80dfc62c8",
              "path": "E:/Samplinglib/runs/20261007-companion-priority/pbps-real-defect-root61/source-review61/source.0.review.json",
              "raw_bytes": 6216,
              "raw_sha256": "30f16b36b3ee8b92a10c6b978aa3c701354b649843dc9d06f034bbe80dfc62c8"
            }
          },
          {
            "audit": {
              "lf_bytes": 34140,
              "lf_sha256": "45bcc948b3aa9501e063ba3511f3a5c390986bb649a113d1dcd2c8eb84b8ea37",
              "path": "E:/Samplinglib/research-wiki/semantic-roundtrip/audits/ASTIS-RT-20261009-PBPSPositiveRealDefectRoot.json",
              "raw_bytes": 34140,
              "raw_sha256": "45bcc948b3aa9501e063ba3511f3a5c390986bb649a113d1dcd2c8eb84b8ea37"
            },
            "binding_sha256": "ec6084754ec6f78c5dcac19837e77e94cfd53fc789aaf99ce651db1600aa6ded",
            "declaration": "AutoSamplingTheory.ExampleCases.ProximalBPS.RealDefectRoot.actual_positive_real_defect_root",
            "native_source_review": {
              "lf_bytes": 7211,
              "lf_sha256": "496cf892afb12d5b1828cdfc0d974062faca69983c26ccf8de22094cc57ba223",
              "path": "E:/Samplinglib/runs/20261007-companion-priority/pbps-real-defect-root61/source-review61/source.1.review.json",
              "raw_bytes": 7211,
              "raw_sha256": "496cf892afb12d5b1828cdfc0d974062faca69983c26ccf8de22094cc57ba223"
            }
          }
        ],
        "verification_payload": "runs/20261007-companion-priority/pbps-real-defect-root61/exact-science-verification/payload.json",
        "verification_receipt": "runs/20261007-companion-priority/pbps-real-defect-root61/exact-science-verification/receipt.json",
        "verification_run": "runs/20261007-companion-priority/pbps-real-defect-root61/exact-science-verification/run.json",
        "verified_commit": "bcd245d90b21b899acb9937fc54dffcea20e86ee",
        "verifier_id": "independent_whole_math52_exact61"
      },
      "modes": [
        "independent-exact-science-verification"
      ],
      "needs_diagnosis": false,
      "no_progress_streak": 1,
      "owner_id": "companion_root_20261005",
      "priority": 100,
      "proposed_files": [
        "AutoSamplingTheory/TechnicalLemmas/Measure/L2RealSquareRoot.lean",
        "AutoSamplingTheory/ExampleCases/ProximalBPS/RealDefectRoot.lean",
        "Tests/ProximalBPSRealDefectRoot.lean"
      ],
      "publication_declarations": [
        "AutoSamplingTheory.TechnicalLemmas.Measure.L2RealSquareRoot.exists_positive_real_square_root",
        "AutoSamplingTheory.ExampleCases.ProximalBPS.RealDefectRoot.actual_positive_real_defect_root"
      ],
      "schema_version": 4,
      "source_anchor": "Appendix D.1 positive real square-root background; B.10-B.11 scalar defect energy precursor. ASTIS background completion, not printed joint GammaP.",
      "state": "VERIFIED",
      "target_declarations": [
        "AutoSamplingTheory.TechnicalLemmas.Measure.L2RealSquareRoot.exists_positive_real_square_root",
        "AutoSamplingTheory.ExampleCases.ProximalBPS.RealDefectRoot.actual_positive_real_defect_root"
      ],
      "task_id": "ASTIS-SW-PBPS-2026",
      "theorem_delta": "Produce positive real Gamma internally from arbitrary positive real D using canonical complexification; Gamma*Gamma=D, normGamma squared equals actual quadratic form. Under original PBPS binders actual same kernel T gives full scalar norm defect.",
      "truth_boundary": "REAL scalar positive root and scalar energy only. Generic real uniqueness, canonical joint GammaP / P U blocks / onto transport / typed B*B, centered root order/inverse/polar, weakH1,dynamics,hypocoercivity,main,error,cost,composition remain separate; paper/Goal open.",
      "updated_at": "2026-10-08T17:40:45+00:00"
    }
  ],
  "arbiter_queue": [
    "ASTIS-SW-SPHMC-full-range-proximal-gaussian-oracle",
    "ASTIS-SW-SPHMC-two-noise-rgo",
    "ASTIS-SW-SPHMC-standardized-rgo-sqrt-density",
    "ASTIS-SW-SPHMC-standardized-rgo-relative-entropy",
    "ASTIS-SW-SPHMC-standardized-rgo-position-fisher",
    "ASTIS-SW-SPHMC-standardized-rgo-kl-fisher",
    "ASTIS-SW-SPHMC-standardized-rgo-kl-dimension",
    "ASTIS-SW-SPHMC-source-quadrature-work"
  ],
  "conceptual_mirror_protocol": "Libraries/conceptual-mirror-protocol.json",
  "control_model": "substantive-advance-frontier-mesh",
  "coordinator_policy": "cell-synthesis-first; conceptual-mirror-aware; raw transcripts forbidden",
  "discoveries": [
    {
      "advance_id": "ASTIS-20260908-KernelInvariance",
      "created_at": "2026-09-08T12:02:34+00:00",
      "created_by": "root-samplewiki-resume",
      "discovery_id": "ASTIS-DISC-20260908-shared-kernel-synthesis-v2",
      "event": "discovery",
      "evidence": "runs/20260908-samplewiki-resume/kernel-cell-synthesis-v2.json; canonical Frontier Cells; immutable independent review capsules; source-bound gate at bb6fa815270f0bb41a6ec197caecae737227acf6.",
      "fingerprint": "3d26ac78fe10708c4e8a8f56a2bf23a5f26e9a167620fea7cac6a589549ac2a6",
      "frontier_cell": "ASTIS-SHARED-random-scan-heat-bath",
      "kind": "synthesis",
      "latest_actor": "reversibility_proof_review",
      "latest_note": "Independent bounded comparison against all eight canonical cells, their basis bb6fa815 statuses and compact review capsules: exact contracts and one stabilized/seven independently_verified counts accepted. Current reversibility packet is NOT an eighth-member snapshot inclusion or a new result count. Historical gate digest provenance checked without rebuilding old proofs. Evidence: runs/20260908-samplewiki-resume/reversibility-independent-review.md.",
      "metadata": {
        "next_candidate": "ASTIS-SHARED-random-scan-reversibility",
        "snapshot": "runs/20260908-samplewiki-resume/kernel-cell-synthesis-v2.json",
        "supersedes_snapshot_for_scheduling": "runs/20260908-samplewiki-resume/kernel-cell-synthesis.json"
      },
      "provenance": "Root bounded synthesis of verified cells and exact prior gate; no new proof or source theorem certificate.",
      "schema_version": 3,
      "statement": "Eight independently checked shared kernel packets now reach the actual supported Boolean uniform random-scan transition law. Compact contracts distinguish real proof parents, invariance/power test consumers, scoped source acceptance and the unchanged single stabilization queue.",
      "status": "validated",
      "updated_at": "2026-09-08T12:35:28+00:00",
      "where_it_matters": "Shared MCMC/Discrete Sampling kernel floor; avoid replaying eight Worker histories before detailed balance."
    },
    {
      "advance_id": "ASTIS-20260908-KernelInvariance",
      "created_at": "2026-09-08T08:59:48+00:00",
      "created_by": "root-samplewiki-resume",
      "discovery_id": "ASTIS-DISC-20260908-shared-kernel-synthesis",
      "event": "discovery",
      "evidence": "runs/20260908-samplewiki-resume/kernel-cell-synthesis.json; independent-review.md; heat-bath-independent-review.md; kernel-mixture-independent-review.md; source-bound gate at 1d400af.",
      "fingerprint": "b85b66bae86d6a380180a1b8bdd7146dd1a670b309eff07736dadf5333a556dc",
      "frontier_cell": "ASTIS-SHARED-kernel-invariant-powers",
      "kind": "synthesis",
      "latest_actor": "kernel_transport_review",
      "latest_note": "Independent bounded synthesis audit against all four cells, three review capsules, actual theorem/test imports and contracts, current local Registry394/ledger queue and historical source-bound gate at 1d400af. Proof parents and test inputs distinguished; source-neutral prerequisites and local state only, no proof recertification, source-theorem assimilation, or remote merged-state certificate. Evidence: runs/20260908-samplewiki-resume/synthesis-audit.md.",
      "metadata": {
        "next_candidate": "ASTIS-SHARED-kernel-invariant-transport",
        "related_cells": [
          "ASTIS-SHARED-conditional-resampling-law",
          "ASTIS-SHARED-heat-bath-snd-invariance",
          "ASTIS-SHARED-finite-kernel-mixture"
        ],
        "snapshot": "runs/20260908-samplewiki-resume/kernel-cell-synthesis.json"
      },
      "provenance": "Root synthesis of current cells, exact review capsules and successful local gates; no new proof or publication certificate.",
      "schema_version": 3,
      "statement": "Four independently checked shared kernel interfaces form the finite-iteration, one-block conditional update and fixed-mixture floor; transport across a measurable equivalence is the next missing coordinate-update edge. Proof parents and concrete test inputs remain distinct.",
      "status": "validated",
      "updated_at": "2026-09-08T09:05:56+00:00",
      "where_it_matters": "MCMC and Discrete Sampling coordinate updates; compress the connected shared kernel slice before further work."
    },
    {
      "advance_id": "ASTIS-SA-20261007-BernoulliFunctionLogSobolev",
      "created_at": "2026-10-07T00:44:10+00:00",
      "created_by": "companion_root_20261005",
      "discovery_id": "ASTIS-DISC-20261007-BernoulliGaussianEntropyEnergyMirror",
      "event": "discovery",
      "evidence": ".astis/bernoulli-lsi34/conceptual-mirror.candidate.json",
      "fingerprint": "aa9e7bdb95a403195c1112c2551521249b55666443ba7389739176b66205f10e",
      "frontier_cell": "ASTIS-SW-SPHMC-bernoulli-function-lsi",
      "kind": "conceptual-mirror",
      "latest_actor": "phase_source_reviewer_20261005",
      "latest_note": "Independent accepted-scoped-conceptual-only review: runs/20261007-companion-priority/bernoulli-lsi-source-graph-review/conceptual-mirror-review.json; raw/LF SHA256=9656089f38abbb6b32f4c26672c45db1050c82f1153238b1207e59abbbf4d981; review_run_sha256=c809a05588df07d5998451ffb1a3cabb1af3c67475413acd4876e499e6d5425e. Canonical candidate byte-identical; metadata graph_views list preserves names and full original graph-view contracts. Validation is source/mathematical conceptual correspondence only: finite coefficient1/2, true flip-energy factor4 yields Gaussian coefficient2 only after actual limit/adapters. No Lean transport/equivalence/functor, Gaussian LSI/T2/W2/main/work completion or stabilization credit.",
      "metadata": {
        "bridge_id": "transport:bernoulli-gaussian-entropy-energy-limit",
        "conclusion_map": {
          "Gaussian": "Entropy of f squared bounded by twice real derivative-square integral after the proven factor4 limit.",
          "finite": "Entropy of h squared bounded by half of unnormalized sum of full coordinate-flip squares.",
          "paper": "Only after true finite-Hilbert/cutoff and canonical entropy/quarter-energy identity does this supply KL<=Fisher/2; no T2 or W2 from this bridge."
        },
        "domains": [
          "concept:finite-boolean-product",
          "concept:real-gaussian-function-entropy"
        ],
        "failure_boundary": "No arbitrary dependent Boolean/Gibbs law, modified LSI jump entropy, covariance mismatch, noncompact extension without limits, canonical RN differentiation from AE equality, T2/W2/main/composition or unbounded cost transfer. CLT law convergence alone does not imply flip-energy convergence; the map is many-to-one and no theorem equivalence is asserted.",
        "family_id": "family:entropy-coordinate-energy",
        "formula": "Ent_mu_n(h_n^2) <= (1/2) E_mu_n sum_i (h_n-h_n o flip_i)^2; h_n=f(S_n), S_n=sum_i(sign_i)/sqrt(n); actual entropy limit is Ent_gamma(f^2), actual flip-energy limit is4 E_gamma(deriv f)^2, giving coefficient2.",
        "graph_view_contracts": {
          "functor": "Typed candidate after independent mathematical/source validation.",
          "lean": "No solid conceptual edge; only source-present compiled candidate substrates after actual local proof exists.",
          "overview": "Source/mechanism topology only."
        },
        "graph_views": [
          "overview",
          "functor",
          "lean"
        ],
        "hypothesis_map": {
          "finite": "Actual normalized counting law on all Fin n -> Bool, independent balanced coordinates; signed arbitrary h; all finite L1 domains produced.",
          "limit": "Actual normalized Rademacher sums, weak limit covariance1 gamma; for the compact core, real C2 compact-support f and genuine entropy/gradient limit producers, not supplied limits.",
          "noncompact_source": "Actual SPHMC sqrt density is C2 and noncompact; true cutoff mass/entropy/energy limits remain required. Gaussian law/orthonormal finite-product adapters are separate."
        },
        "mechanism": "Coordinate entropy controls assemble by true product entropy decomposition and RMS energy contraction; a law limit plus separately justified local perturbation-energy limit changes the ambient state space. This candidate records proof mechanism and adapter obligations; no Lean implication, equivalence or certified functor.",
        "source_ids": [
          "arXiv:2609.06906v1:S4.E6:omitted-Gaussian-LSI",
          "SLT:d0f506f0a695018265dccb33bcb05e2f5ca1c876:BernoulliLSI.bernoulli_logSobolev",
          "SLT:d0f506f0a695018265dccb33bcb05e2f5ca1c876:GaussianLSI.gaussian_logSobolev_CompSmo",
          "runs/20261007-companion-priority/gaussian-one-dimensional-preread/bounded-synthesis.json",
          "runs/20261007-companion-priority/bernoulli-lsi-source-preread/bounded-synthesis.json"
        ]
      },
      "provenance": "Pinned source first prereads and independent statement admission; no formal transport proof.",
      "schema_version": 4,
      "statement": "Ent_mu_n(h_n^2) <= (1/2) E_mu_n sum_i (h_n-h_n o flip_i)^2; h_n=f(S_n), S_n=sum_i(sign_i)/sqrt(n); actual entropy limit is Ent_gamma(f^2), actual flip-energy limit is4 E_gamma(deriv f)^2, giving coefficient2.",
      "status": "validated",
      "updated_at": "2026-10-07T00:53:28+00:00",
      "where_it_matters": "Genuine finite Bernoulli function-LSI required by actual normalized Rademacher Gaussian CLT/gradient limits for compact1D Gaussian LSI, then compact finite Hilbert and cutoff extension consume actual SPHMC32 C2 noncompact square root and finitecanonical33 entropy; all downstream obligations still OPEN."
    },
    {
      "advance_id": "ASTIS-SA-20261008-PBPSMacroscopicCenteredRange",
      "created_at": "2026-10-08T10:55:52+00:00",
      "created_by": "companion_root_20261005",
      "discovery_id": "ASTIS-DISC-20261008-RealL2FixedSpaceCFC-Candidate",
      "event": "discovery",
      "evidence": "Post58 dependency/API reading: fixed Mathlib StarOrder has complex-Hilbert CFC instances, real instStarOrderedRingRCLike requires unavailable realCFC; MemLp.ofReal exists in LpSpace/Basic line758. Name-pattern searches did not locate a dedicated generic Complexification file; this is not an exhaustive nonexistence claim. Independent source-only59 contract pins PBPS D.1 actual positive root definition; no eta prefactor.",
      "fingerprint": "c5b00529f6b677f353bbd658a5592d0d784731d4c0861e9cb27424c599e2c715",
      "frontier_cell": "ASTIS-SW-PBPS-macroscopic-centered-range",
      "kind": "conceptual-mirror",
      "metadata": {
        "bridge_id": "transport:real-l2-fixed-space-positive-root-candidate",
        "certificate": false,
        "compiled": false,
        "conclusion_map": "Candidate positive real root, exact square identity and norm identities on the SAME actual domain. Centered lower gap delta would become root norm lower gap sqrt(delta) only after exact root construction. No eta prefactor; no dynamics/main/cost/composition consequence.",
        "domains": [
          "concept:real-l2",
          "concept:complex-l2"
        ],
        "failure_boundary": "Actual complex extension, centered-domain compatibility, antiunitary conjugation star-algebra map, CFC naturality/root uniqueness, and restriction positivity all remain UNPROVED/unselected. No formal edge or Gamma inverse claim. A generic real Hilbert complexification may be more work than the actual L2 adapter; compare routes after59 source/statement seals.",
        "family_id": "family:l2-coercivity",
        "formula": "If e:H_R≃isometry Fix(C) and actual D_C extends D_R and commutes with antiunitary involution C, then Gamma_R u := e^{-1}_{Fix(C)}(sqrt(D_C)(e u)); Gamma_R^2=D_R and the actual norm/coercivity constants transport. Every adapter premise must be internally constructed, not a public source binder.",
        "graph_views": [
          "functor"
        ],
        "hypothesis_map": "Actual complete real L2/closed centered domain -> internally constructed genuine complex L2/centered Hilbert domain and onto real fixed-space isometry. Actual real positive selfadjoint D -> actual complex extension with positivity, plus C antiunitary involution and real star-algebra transport preserving D. No finite-dimensionality of L2, supplied CFC/centering/extension/root certificate.",
        "mechanism": "Realize real observables as conjugation-fixed complex observables. The real star algebra conjugation A↦C A C fixes D_C; a genuine CFC-map or positive-root uniqueness proof must show it fixes sqrt(D_C), permitting restriction to the real closed subspace.",
        "source_ids": [
          "arXiv:2609.06905v1 AppendixD D.1",
          "Mathlib@db584cd6d46c92f209a44c0f1c829460d327499d:Analysis/InnerProductSpace/StarOrder.lean",
          "Mathlib@db584cd6d46c92f209a44c0f1c829460d327499d:MeasureTheory/Function/LpSpace/Basic.lean"
        ],
        "validated": false
      },
      "provenance": "Root postintegration candidate observation, not a printed paper route, compiled adapter, validated mirror, theorem equivalence or certified functor.",
      "schema_version": 4,
      "statement": "Candidate ASTIS adapter: construct the actual complex L2/centered extension internally, use its genuine complex-Hilbert positive functional calculus, and restrict the positive root to the real fixed subspace of pointwise conjugation. No real-CFC certificate or finite-dimensional L2 may be added as a source premise.",
      "status": "raw",
      "where_it_matters": "After actual selfadjoint centered T0 and positive/coercive D0 are proved. Later PBPS real Gamma_P background; not part58 math closure or yet selected59 proof route."
    },
    {
      "advance_id": "ASTIS-SA-20261005-SPHMCKineticDissipation",
      "created_at": "2026-10-05T13:00:12+00:00",
      "created_by": "companion_root_20261005",
      "discovery_id": "ASTIS-D-20261005-KineticLyapunovScalarCoercivity",
      "event": "discovery",
      "evidence": "Source SPHMC v1 (4.14)-(4.15); independently verified source_kinetic_dissipation at 3dcc65cfe1e6029ca8b0df80d7813ddfe7cc2e2d. Existing SemigroupDecay isolates the scalar mechanism behind Chewi Theorems1.2.21/22/26; it constructs no actual semigroup.",
      "fingerprint": "4bc8aba86a4845171a00b37a9f6f67945392fecebaa26f2c90b6dd67f4fd4d7c",
      "frontier_cell": "ASTIS-SW-SPHMC-kinetic-dissipation",
      "kind": "conceptual-mirror",
      "metadata": {
        "bridge_id": "transport:kinetic-lyapunov-scalar-coercivity",
        "candidate_substrates": [
          "AutoSamplingTheory.ExampleCases.SmoothedPicardHMC.KineticDissipation.source_kinetic_dissipation",
          "AutoSamplingTheory.TechnicalLemmas.FunctionalInequalities.SemigroupDecay.exponential_decay_of_scaled_dissipation_from"
        ],
        "conclusion_map": "Conditional scalar energy exponential decay; neither sampler invariance nor discrete transition contraction follows without its own adapters. Existing scalar Gronwall substrate can be considered only after the actual derivative/coercivity contracts compile.",
        "domains": [
          "concept:sampling"
        ],
        "failure_boundary": "Nonselfadjoint kinetic A_H is not the reversible L2 density generator. No Poincare identity, cross-space theorem implication, actual K/Khat contraction, Markov semigroup or transport certificate is asserted. Step/remainder, regularity and norm-equivalence obligations cannot be dropped.",
        "family_id": "family:l2-coercivity",
        "formula": "Kinetic: Q_kappa(z)=<M_kappa z,z>, D_H(z)=-2<M_kappa z,A_H z> >= Q_kappa(z)/(8kappa). With an independently established C1 curve z'=A_H z, Q'=-D_H. Reversible L2: E'=-2 Dirichlet and Dirichlet>=E/C_PI. Each maps to E'<=-r E and scalar Gronwall, with respective r=1/(8kappa) and 2/C_PI.",
        "graph_views": [
          "functor"
        ],
        "hypothesis_map": "Kinetic: finite real inner-product E, kappa>=1, H symmetric, (2kappa)^-1 I<=H<=I, actual M_kappa and A_H; a C1 solution curve/chain-rule adapter must separately be proved. L2: actual reversible density evolution, generator-domain derivative identity and Poincare coercivity must separately be proved.",
        "mechanism": "Exact energy derivative plus source-specific coercivity yields a scalar differential inequality. The spaces, operators, regularity domains and rates remain distinct; this is a candidate instance of the family mechanism, not an equivalence.",
        "source_ids": [
          "sphmc-2026",
          "sampling"
        ],
        "validation_boundary": "raw candidate only; independent mathematical/source validation pending; not stabilized in Graph Memory/Hypergraph"
      },
      "provenance": "Post-PROVED_LOCAL retrieval on 2026-10-05. Earlier none-found audit remains its historical checkpoint; new candidate is raw and unvalidated. No change to accepted proof/source binding.",
      "schema_version": 4,
      "statement": "After the source kinetic drift admission, a candidate recurring scalar coercivity/dissipation mechanism is recorded. It is not a formal kernel dependency or a theorem transport certificate.",
      "status": "raw",
      "where_it_matters": "Future linear-flow derivative adapter and faithful sampling decay interfaces; the actual discrete K first-order remainder and step restrictions remain mandatory and are not supplied by this mirror."
    },
    {
      "advance_id": "ASTIS-SA-20261007-GaussianSharpConcentration",
      "created_at": "2026-10-06T20:22:42+00:00",
      "created_by": "companion_root_20261005",
      "discovery_id": "ASTIS-DISC-20261007-GaussianSymmetryPushforwardRepaired",
      "event": "discovery",
      "evidence": "runs/20261007-companion-priority/gaussian-sharp-concentration/conceptual-mirror.gaussian-symmetry.repaired.proposal.json",
      "fingerprint": "0fc184da7c47c8967f95bbf45885c347bfbc06962c40ba4625a482cf4ad4ed94",
      "frontier_cell": "ASTIS-SHARED-gaussian-sharp-concentration",
      "kind": "conceptual-mirror",
      "latest_actor": "companion_root_20261005",
      "latest_note": "Serialized local conceptual stabilization in existing Graph Memory + Functor Hypergraph after independent source validation; this discovery status is not Git PR merge or formal theorem implication. Candidate substrates only; no solid edge. runs/20261007-companion-priority/gaussian-sharp-concentration/conceptual-mirror.gaussian-symmetry.repaired.review.json",
      "metadata": {
        "bridge_id": "transport:gaussian-symmetry-pushforward",
        "candidate_substrates": [
          "AutoSamplingTheory.ExampleCases.ProximalBPS.GaussianReflection.reflection_preserves_augmentation",
          "AutoSamplingTheory.TechnicalLemmas.Probability.GaussianLipschitzExponential.integral_exp_centered_le_stdGaussian_of_lipschitz"
        ],
        "conclusion_map": "PBPS: literal augmentation law is invariant under R(x,y)=(x,2x-y), and R is involutive. Concentration background: the product Gaussian integral is unchanged by rotation, enabling conditional Stein/covariance calculation. Only coordinate-law invariance is shared; neither conclusion is a PBPS process-invariance theorem or Gaussian LSI/T2 certificate.",
        "domains": [
          "concept:probability",
          "concept:sampling",
          "concept:mcmc"
        ],
        "failure_boundary": "Rotating an arbitrary mu with a Gaussian does not preserve mu product gamma: at theta=pi/2 a non-Gaussian or noncentered mu is swapped with gamma. PBPS avoids that by fixing the arbitrary input. Gaussian reflection and rotation are different maps; reflection involutivity is not a generic rotation conclusion. Identically distributed centered anisotropic Gaussian copies may retain rotation invariance, but isotropic sharp coefficient1/2 in the given metric cannot be inferred. No PBPS reflection theorem implies the sharp concentration bound, nonexplosion, hypocoercivity, actual algorithm or query costs. No certified functor/equivalence or solid Lean dependency is claimed.",
        "family_id": "family:gaussian-law-symmetry",
        "formal_credit": false,
        "formula": "S_\\#\\nu=\\nu,\\quad R\\circ\\Phi=\\Phi\\circ S\\quad\\Longrightarrow\\quad R_\\#(\\Phi_\\#\\nu)=\\Phi_\\#\\nu.",
        "graph_views": [
          "overview",
          "functor"
        ],
        "hypothesis_map": "Common: actual measurable maps and law-preservation identity. PBPS: nu=mu product stdGaussian, arbitrary probability mu, S(x,z)=(x,-z), Phi(x,z)=(x,x+sqrt(eta)z), eta>0. Concentration background: nu=stdGaussian product itself, Phi=id and R=S=T_theta, T_theta(x,z)=(cos(theta)x+sin(theta)z,-sin(theta)x+cos(theta)z); both inputs Gaussian, centered and with identical covariance. The actual source standard-Gaussian instance has identity covariance in the Hilbert metric; the sharp numerical coefficient requires a separate covariance-scale/concentration calibration and does not follow from product-rotation law invariance alone.",
        "mechanism": "Preserve an underlying centered Gaussian law by an appropriate linear symmetry, then transport the symmetry through an actual measurable generative map. PBPS flips the noise while fixing the arbitrary input; the authored SPHMC concentration background rotates two independent identically distributed centered Gaussian copies before conditional Stein. Measure preservation permits changing integration coordinates. This does not identify the algorithms or their convergence guarantees.",
        "source_ids": [
          "arXiv:2609.06905v1:S2.SS2:(2.7),(2.14):Proposition2.1(iii)",
          "arXiv:2609.06906v1:S4.E3:omitted-Gaussian-background",
          "Mathlib:db584cd6:Gaussian.Fernique:map_rotation_eq_self",
          "Mathlib:db584cd6:Gaussian.Multivariate:stdGaussian_map"
        ],
        "source_route_distinction": "PBPS reflection is a printed source component; the rotation/Stein/Herbst proof is an ASTIS authored background route for the printed SPHMC concentration estimate, not attributed to the primary author proof."
      },
      "provenance": "Successor retains pinned primary/API source distinction and repairs a mathematical necessity claim identified by independent review; original raw candidate/review retained.",
      "schema_version": 4,
      "statement": "Gaussian symmetry preservation transported through actual measurable generative maps: PBPS noise reflection and authored concentration product rotation, with separate covariance calibration and distinct exact hypotheses/conclusions.",
      "status": "merged",
      "updated_at": "2026-10-06T20:34:40+00:00",
      "where_it_matters": "PBPS augmentation reflection and authored SPHMC omitted Gaussian-concentration background; conceptual coordinate-law mechanism only."
    },
    {
      "advance_id": "ASTIS-SA-20261007-GaussianSharpConcentration",
      "created_at": "2026-10-06T20:14:49+00:00",
      "created_by": "companion_root_20261005",
      "discovery_id": "ASTIS-DISC-20261007-GaussianSymmetryPushforward",
      "event": "discovery",
      "evidence": "runs/20261007-companion-priority/gaussian-sharp-concentration/conceptual-mirror.gaussian-symmetry.proposal.json",
      "fingerprint": "a112d1530a92860e0df1a6bca964a443d5b7ef6a5f82e7e58c26b4eea257beb2",
      "frontier_cell": "ASTIS-SHARED-gaussian-sharp-concentration",
      "kind": "conceptual-mirror",
      "latest_actor": "companion_root_20261005",
      "latest_note": "Original immutable candidate superseded only for the independently identified identity-covariance necessity wording; mechanism retained in corrected successor. runs/20261007-companion-priority/gaussian-sharp-concentration/conceptual-mirror.gaussian-symmetry.review.json",
      "metadata": {
        "bridge_id": "transport:gaussian-symmetry-pushforward",
        "candidate_substrates": [
          "AutoSamplingTheory.ExampleCases.ProximalBPS.GaussianReflection.reflection_preserves_augmentation",
          "AutoSamplingTheory.TechnicalLemmas.Probability.GaussianLipschitzExponential.integral_exp_centered_le_stdGaussian_of_lipschitz"
        ],
        "conclusion_map": "PBPS: literal augmentation law is invariant under R(x,y)=(x,2x-y), and R is involutive. Concentration background: the product Gaussian integral is unchanged by rotation, enabling conditional Stein/covariance calculation. Only coordinate-law invariance is shared; neither conclusion is a PBPS process-invariance theorem or Gaussian LSI/T2 certificate.",
        "domains": [
          "concept:probability",
          "concept:sampling",
          "concept:mcmc"
        ],
        "failure_boundary": "Rotating an arbitrary mu with a Gaussian does not preserve mu product gamma: at theta=pi/2 a non-Gaussian or noncentered mu is swapped with gamma. PBPS avoids that by fixing the arbitrary input. Gaussian reflection and rotation are different maps; reflection involutivity is not a generic rotation conclusion. Identically distributed centered anisotropic Gaussian copies may retain rotation invariance, but isotropic sharp coefficient1/2 in the given metric cannot be inferred. No PBPS reflection theorem implies the sharp concentration bound, nonexplosion, hypocoercivity, actual algorithm or query costs. No certified functor/equivalence or solid Lean dependency is claimed.",
        "family_id": "family:gaussian-law-symmetry",
        "formal_credit": false,
        "formula": "S_\\#\\nu=\\nu,\\quad R\\circ\\Phi=\\Phi\\circ S\\quad\\Longrightarrow\\quad R_\\#(\\Phi_\\#\\nu)=\\Phi_\\#\\nu.",
        "graph_views": [
          "overview",
          "functor"
        ],
        "hypothesis_map": "Common: actual measurable maps and law-preservation identity. PBPS: nu=mu product stdGaussian, arbitrary probability mu, S(x,z)=(x,-z), Phi(x,z)=(x,x+sqrt(eta)z), eta>0. Concentration background: nu=stdGaussian product itself, Phi=id and R=S=T_theta, T_theta(x,z)=(cos(theta)x+sin(theta)z,-sin(theta)x+cos(theta)z); both inputs Gaussian, centered and with identical covariance. Identity covariance in the actual Hilbert metric is additionally needed for the stated sharp1/2 Lipschitz coefficient.",
        "mechanism": "Preserve an underlying centered Gaussian law by an appropriate linear symmetry, then transport the symmetry through an actual measurable generative map. PBPS flips the noise while fixing the arbitrary input; the authored SPHMC concentration background rotates two independent identically distributed centered Gaussian copies before conditional Stein. Measure preservation permits changing integration coordinates. This does not identify the algorithms or their convergence guarantees.",
        "source_ids": [
          "arXiv:2609.06905v1:S2.SS2:(2.7),(2.14):Proposition2.1(iii)",
          "arXiv:2609.06906v1:S4.E3:omitted-Gaussian-background",
          "Mathlib:db584cd6:Gaussian.Fernique:map_rotation_eq_self",
          "Mathlib:db584cd6:Gaussian.Multivariate:stdGaussian_map"
        ],
        "source_route_distinction": "PBPS reflection is a printed source component; the rotation/Stein/Herbst proof is an ASTIS authored background route for the printed SPHMC concentration estimate, not attributed to the primary author proof."
      },
      "provenance": "Exact pinned primary PBPS2.7/2.14, SPHMC4.3 and pinned Mathlib Gaussian symmetry declarations; ASTIS authored rotation background distinct from printed source route.",
      "schema_version": 4,
      "statement": "Gaussian law symmetries reused as actual coordinate changes: PBPS generative noise reflection and the authored sharp concentration proof product rotation share preservation plus measurable pushforward intertwining, with different exact hypotheses and conclusions.",
      "status": "rejected",
      "updated_at": "2026-10-06T20:22:42+00:00",
      "where_it_matters": "PBPS augmentation reflection and SPHMC omitted Gaussian-concentration background; retain reusable mechanism without a formal dependency or process guarantee."
    },
    {
      "advance_id": "ASTIS-20260908-RandomScanReversibility",
      "created_at": "2026-09-08T12:09:54+00:00",
      "created_by": "random_scan_reversibility_worker",
      "discovery_id": "ASTIS-DISC-20260908-CountableAtomicReversibility",
      "event": "discovery",
      "evidence": "KernelReversibility.isReversible_of_singleton_balance compiled pinned Lean4.33.0 single-thread; consumed by actual randomScan_isReversible and infinite Nat counting-kernel test. Both public theorem axioms standard only.",
      "fingerprint": "34acfcd6c39e9bccd152bc3c157b7ab38c08fbb8f64a14c0901a6c4ad8d16fed",
      "frontier_cell": "ASTIS-SHARED-random-scan-reversibility",
      "kind": "interface",
      "latest_actor": "reversibility_proof_review",
      "latest_note": "Independent fresh Lean4.33.0 single-thread proof/test/API/axiom checks at 865871bfe058e073421a478103bd5fc9f9b1a3eb accept Countable+MeasurableSingleton singleton balance to Mathlib set-lintegral reversibility, without Markov/finite/probability assumptions. Direct actual randomScan consumer, zero measures, infinite atom and counting tests checked; standard axioms only. Evidence: runs/20260908-samplewiki-resume/reversibility-independent-review.md.",
      "metadata": {
        "lean_declaration": "AutoSamplingTheory.TechnicalLemmas.Probability.KernelReversibility.isReversible_of_singleton_balance",
        "status_boundary": "PROVED_LOCAL evidence, not independently verified"
      },
      "provenance": "Samplinglib/Mathlib/shared-cell retrieval; Mathlib lintegral_countable, ENNReal.tsum_mul_right and tsum_comm; exact source-neutral countable adapter, no external Lean port.",
      "schema_version": 3,
      "statement": "Countable measurable-singleton atomic flux symmetry implies the existing Kernel.IsReversible set-lintegral property without Markov, finite or probability assumptions.",
      "status": "validated",
      "updated_at": "2026-09-08T12:35:28+00:00",
      "where_it_matters": "Canonical shared adapter for finite/discrete MCMC balance calculations; no duplicate reversibility definition and no general-state uncountable claim."
    },
    {
      "advance_id": "ASTIS-SA-20261009-PBPSAmbientAdjointCorrector",
      "created_at": "2026-10-09T07:50:35+00:00",
      "created_by": "companion_root_20261005",
      "discovery_id": "ASTIS-DISC-20261009-DependentPropStatementStaging",
      "event": "discovery",
      "evidence": "runs/20261007-companion-priority/pbps-ambient-adjoint-preproof66/root.type-representation66.adoption.json;runs/20261007-companion-priority/pbps-ambient-adjoint66/focused-main-private-v6/receipt.json",
      "fingerprint": "2dccce6b4efb6975cb3712574deb5134aeb28fb394a3177546582c4ef4abb9c6",
      "frontier_cell": "ASTIS-SW-PBPS-ambient-adjoint-corrector",
      "kind": "process",
      "metadata": {
        "exact_literal_expansion_required": true,
        "mathematical_progress_credit": false,
        "private_mathematical_provider": false,
        "process_only": true,
        "scope": "Bounded implementation route observation; not a generic Lean theorem or an instruction to introduce aliases everywhere.",
        "source_math_repair": false,
        "standing_instruction": false,
        "whole_module_source_review_required": true
      },
      "provenance": "Independent CLOSED147 neutral probes and seven-slot representation review;root actual main3945 compile. Earlier unknown-tactic credit withdrawn;all negatives retained.",
      "schema_version": 4,
      "statement": "For the exact66 deep dependent existential/let-instance statement under pinned Lean4.33.0,unknown-tactic failure did not establish full inline theorem elaboration. The literal full expression elaborated as Prop; direct/id/show/async inline routes remained unsupported. A private transparent definition with the same complete proposition and caller binders staged the theorem proof successfully without a mathematical provider or new premise.",
      "status": "raw",
      "where_it_matters": "Only the recorded66 dependent-generalization failure fingerprint and exact literal representation adapter; inspect/recheck before reuse elsewhere."
    },
    {
      "advance_id": "ASTIS-SA-20261009-PBPSActualPolarIsometry",
      "created_at": "2026-10-09T06:15:53+00:00",
      "created_by": "companion_root_20261005",
      "discovery_id": "ASTIS-DISC-20261009-PBPSActualRootCommutationForB21",
      "event": "discovery",
      "evidence": "runs/20261007-companion-priority/pbps-polar65/next-root-commutation-retrieval65/interface.proposal.json",
      "fingerprint": "566b943b8a62364a87d398e478a3789f61def087e777203e1aa9905eb3bc321e",
      "frontier_cell": "ASTIS-SW-PBPS-actual-polar-isometry",
      "kind": "interface",
      "metadata": {
        "failure_boundary": "This is retrieval/proposal only. Exact source66 inventory, sealed statement, Lean proof, independent reviews and actual consumer remain required. No B17, H1, B13/B14 lower floor, half-turn dynamics, hypocoercivity, main result, implementation or expected-cost/composition closure.",
        "status_boundary": "raw-unvalidated; no Lean edge or new SAU"
      },
      "provenance": "Root exact pinned primary byte slice and local fixed-Mathlib retrieval; unvalidated proposed next consumer interface, zero formal credit.",
      "schema_version": 4,
      "statement": "Derive SAME actual positive defect-root commutation with the actual macroscopic reflection, including exact centered restriction; no extra commutation/root/CFC premise.",
      "status": "raw",
      "where_it_matters": "Printed B21: the second rotation component explicitly uses A Gamma=Gamma A and applies the centered inverse to obtain V* U_perpperp=-A V*. This is independent of the unproved actual half-turn B17 bound."
    },
    {
      "advance_id": "ASTIS-SA-20261008-PBPSCenteredDefectOperator",
      "created_at": "2026-10-08T13:10:00+00:00",
      "created_by": "companion_root_20261005",
      "discovery_id": "ASTIS-DISC-20261008-NamedKernelHeaderElaboration59",
      "event": "discovery",
      "evidence": "Original named-type.negative-addendum.json and independently CLOSED independent-elab-type-second exact proposal/TYPE controls; distinct elaboration-kernel-overlay-source-review; root.statement-seal59.v3.json; actual final-consumer-v3 focused3911 PASS; independent full mathematics and source review. Intentionalfail and diagnostic_input controls remain excluded from source proof credit.",
      "fingerprint": "605f348f75e8aa0d3248da3202028c8928b1cdb04da8fb92ed06c66f1772daf3",
      "frontier_cell": "ASTIS-SW-PBPS-centered-selfadjoint-defect",
      "kind": "process",
      "metadata": {
        "compiler_diagnostic_is_proof": false,
        "control_plane_math_authority": false,
        "extra_public_binders": 0,
        "failure_class": "API_BLOCKED",
        "independent_process_validation": "Not requested; raw discovery, not validated conceptual mirror or Lean edge.",
        "mathematical_source_assumptions_changed": false,
        "scope": "Pinned empirical type/proof separation only",
        "standing_instruction": false
      },
      "provenance": "Evidence-bound local process observation in fixed Lean4.33.0/Mathlibdb584cd6d46c92f209a44c0f1c829460d327499d. Strict type reducer by whole_math52; exact syntax independently reviewed by next_primary59; actual source proof by companion_root_20261005. Not a universal compiler rule or mathematical implication.",
      "schema_version": 4,
      "statement": "For this pinned Lean4.33.0 real-L2 dependent centered-kernel header, complete Prop-valued definitions and named rfl equalities compiled while the original named theorem type failed before its proof. Exact definitional inlining of the H0 kernel fixed both complete named types; the actual complete source theorem proofs were then compiled separately.",
      "status": "raw",
      "where_it_matters": "Preproof API/elaboration diagnosis for similar dependent public L2/closed-subspace types. Require a named complete declaration type check; a Prop-valued or reduced fragment equality is not operational type admission for the full theorem."
    },
    {
      "advance_id": "ASTIS-SA-20261007-StandardizedRGOKLDimension",
      "created_at": "2026-10-07T15:20:10+00:00",
      "created_by": "gaussian_noncompact_preread_42",
      "discovery_id": "ASTIS-DISC-20261007-GaussianTalagrandRepresentativeDerivativeGap",
      "event": "discovery",
      "evidence": "runs/20261007-companion-priority/gaussian-talagrand-next-leaf-preread46/run.json",
      "fingerprint": "bf0f6ec68419d782165296d7ecb20ccd4a8da76e7ea1736bc4f2e1b6e48b3bc9",
      "frontier_cell": "ASTIS-SW-SPHMC-standardized-rgo-kl-dimension",
      "kind": "source-gap",
      "metadata": {
        "compiler_credit": false,
        "failure_boundary": "Bounded API absence is not a nonexistence theorem; scalar reproducer is not compiled truth; source C2 density does not silently provide a global C1 map or Caffarelli certificate. Dynamic evolution obligations remain distinct.",
        "retired_route": "Directly feed total Rockafellar gradient AE graph identity to global-monotone Jacobian consumer.",
        "run_sha256": "d77c0a01aa97c43f859f3884644027798e9ddbab7c01d55d21670ceae4601780",
        "smaller_next_delta": "Internally produce vector approximate/relative derivative and PSD on actual full-measure transport support with a compatible Jacobian passage, or prove actual special-RGO Caffarelli producer.",
        "source_detail_sha256": "88488089011add8e49664fac486861dd50c835317b67b5fb896ba045414cbe26",
        "status": "RAW-source-only-representative-and-vector-regularity-obstruction",
        "theorem_credit": false
      },
      "provenance": "Independent source/API-only46 reduction by gaussian_noncompact_preread_42. Original63raw/LF inputs32publicheaders and actualclosedlease preserved. No compiler, independent theorem verification, general absence claim, conditionalwrapper or source weakening.",
      "schema_version": 4,
      "statement": "Static covariance-I GaussianT2 route is strictly reduced to an actual full-measure vector derivative/PSD contract and compatible representative/localized Jacobian passage. Existing genuine optimizer/Brenier substrates and scalar convex-potential AE differentiation do not supply these vector contracts. Literal totalgradient may fail global monotonicity at nondifferentiability points; a concrete convex scalar reproducer is recorded as uncompiled diagnostic evidence. Special SPHMC source4.10 uses Caffarelli, whose actual producer was not located in the bounded pinned scopes.",
      "status": "raw",
      "where_it_matters": "True actual standardized RGO W2/FIRST4.6 consumer after numerical canonicalKL; paper mains and actual-input expected-query-cost composition remain separate."
    }
  ],
  "frontier_cells": [
    {
      "active_advances": [
        "ASTIS-SA-20261007-GaussianSharpConcentration",
        "ASTIS-SA-20261007-GaussianLaplaceDomain",
        "ASTIS-SA-20261007-PositiveStepProximalRGO",
        "ASTIS-SA-20261006-FullRangeProximalGaussianOracle"
      ],
      "blocked_advances": [],
      "frontier_cell": "ASTIS-SW-SPHMC-full-range-proximal-gaussian-oracle",
      "needs_diagnosis": [],
      "requires_local_synthesis": true,
      "top_priority": 100,
      "validated_conceptual_mirrors": [],
      "validated_syntheses": [],
      "verified_advances": [
        "ASTIS-SA-20261007-GaussianSharpConcentration",
        "ASTIS-SA-20261007-GaussianLaplaceDomain",
        "ASTIS-SA-20261007-PositiveStepProximalRGO",
        "ASTIS-SA-20261006-FullRangeProximalGaussianOracle"
      ]
    },
    {
      "active_advances": [
        "ASTIS-SA-20260911-SPHMCTwoNoiseRGO"
      ],
      "blocked_advances": [],
      "frontier_cell": "ASTIS-SW-SPHMC-two-noise-rgo",
      "needs_diagnosis": [],
      "requires_local_synthesis": false,
      "top_priority": 100,
      "validated_conceptual_mirrors": [],
      "validated_syntheses": [],
      "verified_advances": [
        "ASTIS-SA-20260911-SPHMCTwoNoiseRGO"
      ]
    },
    {
      "active_advances": [
        "ASTIS-SA-20261007-GaussianSqrtDensityDomain"
      ],
      "blocked_advances": [],
      "frontier_cell": "ASTIS-SW-SPHMC-standardized-rgo-sqrt-density",
      "needs_diagnosis": [],
      "requires_local_synthesis": false,
      "top_priority": 100,
      "validated_conceptual_mirrors": [],
      "validated_syntheses": [],
      "verified_advances": [
        "ASTIS-SA-20261007-GaussianSqrtDensityDomain"
      ]
    },
    {
      "active_advances": [
        "ASTIS-SA-20261007-StandardizedRGORelativeEntropy"
      ],
      "blocked_advances": [],
      "frontier_cell": "ASTIS-SW-SPHMC-standardized-rgo-relative-entropy",
      "needs_diagnosis": [],
      "requires_local_synthesis": false,
      "top_priority": 100,
      "validated_conceptual_mirrors": [],
      "validated_syntheses": [],
      "verified_advances": [
        "ASTIS-SA-20261007-StandardizedRGORelativeEntropy"
      ]
    },
    {
      "active_advances": [
        "ASTIS-SA-20261006-StandardizedRGOPositionFisher"
      ],
      "blocked_advances": [],
      "frontier_cell": "ASTIS-SW-SPHMC-standardized-rgo-position-fisher",
      "needs_diagnosis": [],
      "requires_local_synthesis": false,
      "top_priority": 100,
      "validated_conceptual_mirrors": [],
      "validated_syntheses": [],
      "verified_advances": [
        "ASTIS-SA-20261006-StandardizedRGOPositionFisher"
      ]
    },
    {
      "active_advances": [
        "ASTIS-SA-20261007-StandardizedRGOKLFisher"
      ],
      "blocked_advances": [],
      "frontier_cell": "ASTIS-SW-SPHMC-standardized-rgo-kl-fisher",
      "needs_diagnosis": [],
      "requires_local_synthesis": false,
      "top_priority": 100,
      "validated_conceptual_mirrors": [],
      "validated_syntheses": [],
      "verified_advances": [
        "ASTIS-SA-20261007-StandardizedRGOKLFisher"
      ]
    },
    {
      "active_advances": [
        "ASTIS-SA-20261007-StandardizedRGOKLDimension"
      ],
      "blocked_advances": [],
      "frontier_cell": "ASTIS-SW-SPHMC-standardized-rgo-kl-dimension",
      "needs_diagnosis": [],
      "requires_local_synthesis": false,
      "top_priority": 100,
      "validated_conceptual_mirrors": [],
      "validated_syntheses": [],
      "verified_advances": [
        "ASTIS-SA-20261007-StandardizedRGOKLDimension"
      ]
    },
    {
      "active_advances": [
        "ASTIS-SA-20261005-SPHMCSourceQuadrature"
      ],
      "blocked_advances": [],
      "frontier_cell": "ASTIS-SW-SPHMC-source-quadrature-work",
      "needs_diagnosis": [],
      "requires_local_synthesis": false,
      "top_priority": 100,
      "validated_conceptual_mirrors": [],
      "validated_syntheses": [],
      "verified_advances": [
        "ASTIS-SA-20261005-SPHMCSourceQuadrature"
      ]
    }
  ],
  "generated_at": "2026-10-09T11:12:11+00:00",
  "graph_memory_index": "website/content/graph_memory_index.json",
  "no_progress_advances": [],
  "omitted_advance_count": 172,
  "omitted_cell_count": 170,
  "omitted_discovery_count": 20,
  "raw_worker_transcripts_included": false,
  "schema_version": 4,
  "serialized_characters": 90834,
  "single_stabilization_lane": [
    "ASTIS-SA-20261005-SPHMCImplementedPhaseKernel"
  ],
  "validated_conceptual_mirrors": [
    {
      "advance_id": "ASTIS-SA-20261007-BernoulliFunctionLogSobolev",
      "bridge_id": "transport:bernoulli-gaussian-entropy-energy-limit",
      "discovery_id": "ASTIS-DISC-20261007-BernoulliGaussianEntropyEnergyMirror",
      "domains": [
        "concept:finite-boolean-product",
        "concept:real-gaussian-function-entropy"
      ],
      "family_id": "family:entropy-coordinate-energy",
      "frontier_cell": "ASTIS-SW-SPHMC-bernoulli-function-lsi",
      "status": "validated"
    },
    {
      "advance_id": "ASTIS-SA-20261007-GaussianSharpConcentration",
      "bridge_id": "transport:gaussian-symmetry-pushforward",
      "discovery_id": "ASTIS-DISC-20261007-GaussianSymmetryPushforwardRepaired",
      "domains": [
        "concept:probability",
        "concept:sampling",
        "concept:mcmc"
      ],
      "family_id": "family:gaussian-law-symmetry",
      "frontier_cell": "ASTIS-SHARED-gaussian-sharp-concentration",
      "status": "merged"
    }
  ]
}
