ℹ [3180/3273] Replayed AutoSamplingTheory.ExampleCases.ProximalBPS.ConditionalScore
info: AutoSamplingTheory/ExampleCases/ProximalBPS/ConditionalScore.lean:296:52: Try this:
  [apply] ring_nf
  
  The `ring` tactic failed to close the goal. Use `ring_nf` to obtain a normal form.
    
  Note that `ring` works primarily in *commutative* rings. If you have a noncommutative ring, abelian group or module, consider using `noncomm_ring`, `abel` or `module` instead.
⚠ [3188/3273] Replayed AutoSamplingTheory.TechnicalLemmas.FunctionalInequalities.ScaledClosedGraphResolvent
warning: AutoSamplingTheory/TechnicalLemmas/FunctionalInequalities/ScaledClosedGraphResolvent.lean:93:8: automatically included section variable(s) unused in theorem `_private.AutoSamplingTheory.TechnicalLemmas.FunctionalInequalities.ScaledClosedGraphResolvent.0.AutoSamplingTheory.TechnicalLemmas.FunctionalInequalities.ScaledClosedGraphResolvent.scaled_energy_bounds`:
  [CompleteSpace H]
  [CompleteSpace K]
consider restructuring your `variable` declarations so that the variables are not in scope or explicitly omit them:
  omit [CompleteSpace H] [CompleteSpace K] in theorem ...

Note: This linter can be disabled with `set_option linter.unusedSectionVars false`
⚠ [3270/3273] Replayed AutoSamplingTheory.TechnicalLemmas.FunctionalInequalities.CenteredGibbsResolventLimit
warning: AutoSamplingTheory/TechnicalLemmas/FunctionalInequalities/CenteredGibbsResolventLimit.lean:39:2: Try this: 
  letI̵

The goal is a proposition, so `let` is preferred over `letI`.
The difference between `let` and `letI` is that `letI` inlines the value.
But this is not relevant for proofs because of proof irrelevance.

Note: This linter can be disabled with `set_option linter.style.haveILetI false`
warning: AutoSamplingTheory/TechnicalLemmas/FunctionalInequalities/CenteredGibbsResolventLimit.lean:41:2: Try this: 
  letI̵

The goal is a proposition, so `let` is preferred over `letI`.
The difference between `let` and `letI` is that `letI` inlines the value.
But this is not relevant for proofs because of proof irrelevance.

Note: This linter can be disabled with `set_option linter.style.haveILetI false`
warning: AutoSamplingTheory/TechnicalLemmas/FunctionalInequalities/CenteredGibbsResolventLimit.lean:42:2: Try this: 
  letI̵

The goal is a proposition, so `let` is preferred over `letI`.
The difference between `let` and `letI` is that `letI` inlines the value.
But this is not relevant for proofs because of proof irrelevance.

Note: This linter can be disabled with `set_option linter.style.haveILetI false`
⚠ [3305/3749] Replayed AutoSamplingTheory.TechnicalLemmas.FunctionalInequalities.CompactWeakPoissonSobolev
warning: AutoSamplingTheory/TechnicalLemmas/FunctionalInequalities/CompactWeakPoissonSobolev.lean:12:8: automatically included section variable(s) unused in theorem `_private.AutoSamplingTheory.TechnicalLemmas.FunctionalInequalities.CompactWeakPoissonSobolev.0.AutoSamplingTheory.TechnicalLemmas.FunctionalInequalities.CompactWeakPoissonSobolev.outer_cutoff`:
  [MeasurableSpace E]
  [BorelSpace E]
consider restructuring your `variable` declarations so that the variables are not in scope or explicitly omit them:
  omit [MeasurableSpace E] [BorelSpace E] in theorem ...

Note: This linter can be disabled with `set_option linter.unusedSectionVars false`
⚠ [3868/3945] Replayed AutoSamplingTheory.TechnicalLemmas.FunctionalInequalities.CompactC1GradientDomain
warning: AutoSamplingTheory/TechnicalLemmas/FunctionalInequalities/CompactC1GradientDomain.lean:100:8: automatically included section variable(s) unused in theorem `_private.AutoSamplingTheory.TechnicalLemmas.FunctionalInequalities.CompactC1GradientDomain.0.AutoSamplingTheory.TechnicalLemmas.FunctionalInequalities.CompactC1GradientDomain.l2_convergence`:
  [NormedAddCommGroup E]
  [InnerProductSpace ℝ E]
  [FiniteDimensional ℝ E]
  [BorelSpace E]
consider restructuring your `variable` declarations so that the variables are not in scope or explicitly omit them:
  omit [NormedAddCommGroup E] [InnerProductSpace ℝ E] [FiniteDimensional ℝ E] [BorelSpace E] in theorem ...

Note: This linter can be disabled with `set_option linter.unusedSectionVars false`
⚠ [3871/3945] Replayed AutoSamplingTheory.TechnicalLemmas.FunctionalInequalities.OrdinaryWeakResolvent
warning: AutoSamplingTheory/TechnicalLemmas/FunctionalInequalities/OrdinaryWeakResolvent.lean:16:8: automatically included section variable(s) unused in theorem `_private.AutoSamplingTheory.TechnicalLemmas.FunctionalInequalities.OrdinaryWeakResolvent.0.AutoSamplingTheory.TechnicalLemmas.FunctionalInequalities.OrdinaryWeakResolvent.inverseweight_gradient`:
  [MeasurableSpace E]
  [BorelSpace E]
consider restructuring your `variable` declarations so that the variables are not in scope or explicitly omit them:
  omit [MeasurableSpace E] [BorelSpace E] in theorem ...

Note: This linter can be disabled with `set_option linter.unusedSectionVars false`
⚠ [3872/3945] Replayed AutoSamplingTheory.TechnicalLemmas.FunctionalInequalities.LocalizedWeakResolvent
warning: AutoSamplingTheory/TechnicalLemmas/FunctionalInequalities/LocalizedWeakResolvent.lean:35:8: automatically included section variable(s) unused in theorem `_private.AutoSamplingTheory.TechnicalLemmas.FunctionalInequalities.LocalizedWeakResolvent.0.AutoSamplingTheory.TechnicalLemmas.FunctionalInequalities.LocalizedWeakResolvent.directional_second`:
  [FiniteDimensional ℝ E]
  [MeasurableSpace E]
  [BorelSpace E]
consider restructuring your `variable` declarations so that the variables are not in scope or explicitly omit them:
  omit [FiniteDimensional ℝ E] [MeasurableSpace E] [BorelSpace E] in theorem ...

Note: This linter can be disabled with `set_option linter.unusedSectionVars false`
warning: AutoSamplingTheory/TechnicalLemmas/FunctionalInequalities/LocalizedWeakResolvent.lean:41:8: automatically included section variable(s) unused in theorem `_private.AutoSamplingTheory.TechnicalLemmas.FunctionalInequalities.LocalizedWeakResolvent.0.AutoSamplingTheory.TechnicalLemmas.FunctionalInequalities.LocalizedWeakResolvent.first_product`:
  [FiniteDimensional ℝ E]
  [MeasurableSpace E]
  [BorelSpace E]
consider restructuring your `variable` declarations so that the variables are not in scope or explicitly omit them:
  omit [FiniteDimensional ℝ E] [MeasurableSpace E] [BorelSpace E] in theorem ...

Note: This linter can be disabled with `set_option linter.unusedSectionVars false`
warning: AutoSamplingTheory/TechnicalLemmas/FunctionalInequalities/LocalizedWeakResolvent.lean:75:8: automatically included section variable(s) unused in theorem `_private.AutoSamplingTheory.TechnicalLemmas.FunctionalInequalities.LocalizedWeakResolvent.0.AutoSamplingTheory.TechnicalLemmas.FunctionalInequalities.LocalizedWeakResolvent.laplacian_trace`:
  [MeasurableSpace E]
  [BorelSpace E]
consider restructuring your `variable` declarations so that the variables are not in scope or explicitly omit them:
  omit [MeasurableSpace E] [BorelSpace E] in theorem ...

Note: This linter can be disabled with `set_option linter.unusedSectionVars false`
warning: AutoSamplingTheory/TechnicalLemmas/FunctionalInequalities/LocalizedWeakResolvent.lean:121:8: automatically included section variable(s) unused in theorem `_private.AutoSamplingTheory.TechnicalLemmas.FunctionalInequalities.LocalizedWeakResolvent.0.AutoSamplingTheory.TechnicalLemmas.FunctionalInequalities.LocalizedWeakResolvent.gradient_compact`:
  [MeasurableSpace E]
  [BorelSpace E]
consider restructuring your `variable` declarations so that the variables are not in scope or explicitly omit them:
  omit [MeasurableSpace E] [BorelSpace E] in theorem ...

Note: This linter can be disabled with `set_option linter.unusedSectionVars false`
warning: AutoSamplingTheory/TechnicalLemmas/FunctionalInequalities/LocalizedWeakResolvent.lean:434:30: Used `tac1 <;> tac2` where `(tac1; tac2)` would suffice

Note: This linter can be disabled with `set_option linter.unnecessarySeqFocus false`
⚠ [3879/3945] Replayed AutoSamplingTheory.ExampleCases.ProximalBPS.ConditionalScoreDomain
warning: AutoSamplingTheory/ExampleCases/ProximalBPS/ConditionalScoreDomain.lean:199:15: This simp argument is unused:
  smul_eq_mul

Hint: Omit it from the simp argument list.
  [apply] simp only [Real.norm_eq_abs, abs_of_nonneg (mul_nonneg (Real.exp_nonneg _) (sq_nonneg _))]

Note: This linter can be disabled with `set_option linter.unusedSimpArgs false`
warning: AutoSamplingTheory/ExampleCases/ProximalBPS/ConditionalScoreDomain.lean:80:114: Used `tac1 <;> tac2` where `(tac1; tac2)` would suffice

Note: This linter can be disabled with `set_option linter.unnecessarySeqFocus false`
⚠ [3887/3945] Replayed AutoSamplingTheory.ExampleCases.ProximalBPS.ConditionalGradientEnergy
warning: AutoSamplingTheory/ExampleCases/ProximalBPS/ConditionalGradientEnergy.lean:35:2: Try this: 
  letI̵

The goal is a proposition, so `let` is preferred over `letI`.
The difference between `let` and `letI` is that `letI` inlines the value.
But this is not relevant for proofs because of proof irrelevance.

Note: This linter can be disabled with `set_option linter.style.haveILetI false`
warning: AutoSamplingTheory/ExampleCases/ProximalBPS/ConditionalGradientEnergy.lean:109:2: Try this: 
  letI̵

The goal is a proposition, so `let` is preferred over `letI`.
The difference between `let` and `letI` is that `letI` inlines the value.
But this is not relevant for proofs because of proof irrelevance.

Note: This linter can be disabled with `set_option linter.style.haveILetI false`
warning: AutoSamplingTheory/ExampleCases/ProximalBPS/ConditionalGradientEnergy.lean:110:2: Try this: 
  letI̵

The goal is a proposition, so `let` is preferred over `letI`.
The difference between `let` and `letI` is that `letI` inlines the value.
But this is not relevant for proofs because of proof irrelevance.

Note: This linter can be disabled with `set_option linter.style.haveILetI false`
warning: AutoSamplingTheory/ExampleCases/ProximalBPS/ConditionalGradientEnergy.lean:112:2: Try this: 
  letI̵

The goal is a proposition, so `let` is preferred over `letI`.
The difference between `let` and `letI` is that `letI` inlines the value.
But this is not relevant for proofs because of proof irrelevance.

Note: This linter can be disabled with `set_option linter.style.haveILetI false`
warning: AutoSamplingTheory/ExampleCases/ProximalBPS/ConditionalGradientEnergy.lean:115:2: Try this: 
  letI̵

The goal is a proposition, so `let` is preferred over `letI`.
The difference between `let` and `letI` is that `letI` inlines the value.
But this is not relevant for proofs because of proof irrelevance.

Note: This linter can be disabled with `set_option linter.style.haveILetI false`
warning: AutoSamplingTheory/ExampleCases/ProximalBPS/ConditionalGradientEnergy.lean:116:2: Try this: 
  letI̵

The goal is a proposition, so `let` is preferred over `letI`.
The difference between `let` and `letI` is that `letI` inlines the value.
But this is not relevant for proofs because of proof irrelevance.

Note: This linter can be disabled with `set_option linter.style.haveILetI false`
warning: AutoSamplingTheory/ExampleCases/ProximalBPS/ConditionalGradientEnergy.lean:174:4: Used `tac1 <;> tac2` where `(tac1; tac2)` would suffice

Note: This linter can be disabled with `set_option linter.unnecessarySeqFocus false`
⚠ [3891/3945] Replayed AutoSamplingTheory.TechnicalLemmas.Measure.GaussianConvolutionRegularity
warning: AutoSamplingTheory/TechnicalLemmas/Measure/GaussianConvolutionRegularity.lean:68:8: automatically included section variable(s) unused in theorem `_private.AutoSamplingTheory.TechnicalLemmas.Measure.GaussianConvolutionRegularity.0.AutoSamplingTheory.TechnicalLemmas.Measure.GaussianConvolutionRegularity.weight_bounds`:
  [InnerProductSpace ℝ E]
consider restructuring your `variable` declarations so that the variables are not in scope or explicitly omit them:
  omit [InnerProductSpace ℝ E] in theorem ...

Note: This linter can be disabled with `set_option linter.unusedSectionVars false`
warning: AutoSamplingTheory/TechnicalLemmas/Measure/GaussianConvolutionRegularity.lean:319:8: automatically included section variable(s) unused in theorem `_private.AutoSamplingTheory.TechnicalLemmas.Measure.GaussianConvolutionRegularity.0.AutoSamplingTheory.TechnicalLemmas.Measure.GaussianConvolutionRegularity.posteriorIntegral`:
  [InnerProductSpace ℝ E]
  [BorelSpace E]
  [FiniteDimensional ℝ E]
consider restructuring your `variable` declarations so that the variables are not in scope or explicitly omit them:
  omit [InnerProductSpace ℝ E] [BorelSpace E] [FiniteDimensional ℝ E] in theorem ...

Note: This linter can be disabled with `set_option linter.unusedSectionVars false`
warning: AutoSamplingTheory/TechnicalLemmas/Measure/GaussianConvolutionRegularity.lean:405:58: Used `tac1 <;> tac2` where `(tac1; tac2)` would suffice

Note: This linter can be disabled with `set_option linter.unnecessarySeqFocus false`
warning: AutoSamplingTheory/TechnicalLemmas/Measure/GaussianConvolutionRegularity.lean:463:4: Try this: 
  haveI̵

The goal is a proposition, so `have` is preferred over `haveI`.
The difference between `have` and `haveI` is that `haveI` inlines the value.
But this is not relevant for proofs because of proof irrelevance.

Note: This linter can be disabled with `set_option linter.style.haveILetI false`
warning: AutoSamplingTheory/TechnicalLemmas/Measure/GaussianConvolutionRegularity.lean:488:4: Try this: 
  haveI̵

The goal is a proposition, so `have` is preferred over `haveI`.
The difference between `have` and `haveI` is that `haveI` inlines the value.
But this is not relevant for proofs because of proof irrelevance.

Note: This linter can be disabled with `set_option linter.style.haveILetI false`
⚠ [3895/3945] Replayed AutoSamplingTheory.ExampleCases.ProximalBPS.CenteredDefectOperator
warning: AutoSamplingTheory/ExampleCases/ProximalBPS/CenteredDefectOperator.lean:74:2: Try this: 
  letI̵

The goal is a proposition, so `let` is preferred over `letI`.
The difference between `let` and `letI` is that `letI` inlines the value.
But this is not relevant for proofs because of proof irrelevance.

Note: This linter can be disabled with `set_option linter.style.haveILetI false`
warning: AutoSamplingTheory/ExampleCases/ProximalBPS/CenteredDefectOperator.lean:75:2: Try this: 
  letI̵

The goal is a proposition, so `let` is preferred over `letI`.
The difference between `let` and `letI` is that `letI` inlines the value.
But this is not relevant for proofs because of proof irrelevance.

Note: This linter can be disabled with `set_option linter.style.haveILetI false`
warning: AutoSamplingTheory/ExampleCases/ProximalBPS/CenteredDefectOperator.lean:76:2: Try this: 
  letI̵

The goal is a proposition, so `let` is preferred over `letI`.
The difference between `let` and `letI` is that `letI` inlines the value.
But this is not relevant for proofs because of proof irrelevance.

Note: This linter can be disabled with `set_option linter.style.haveILetI false`
warning: AutoSamplingTheory/ExampleCases/ProximalBPS/CenteredDefectOperator.lean:77:2: Try this: 
  letI̵

The goal is a proposition, so `let` is preferred over `letI`.
The difference between `let` and `letI` is that `letI` inlines the value.
But this is not relevant for proofs because of proof irrelevance.

Note: This linter can be disabled with `set_option linter.style.haveILetI false`
warning: AutoSamplingTheory/ExampleCases/ProximalBPS/CenteredDefectOperator.lean:78:2: Try this: 
  letI̵

The goal is a proposition, so `let` is preferred over `letI`.
The difference between `let` and `letI` is that `letI` inlines the value.
But this is not relevant for proofs because of proof irrelevance.

Note: This linter can be disabled with `set_option linter.style.haveILetI false`
warning: AutoSamplingTheory/ExampleCases/ProximalBPS/CenteredDefectOperator.lean:137:15: `ContinuousLinearMap.sub_apply` has been deprecated: Use `sub_apply` instead

Note: The updated constant is in a different namespace. Dot notation may need to be changed (e.g., from `x.sub_apply` to `sub_apply x`).
warning: AutoSamplingTheory/ExampleCases/ProximalBPS/CenteredDefectOperator.lean:137:46: `ContinuousLinearMap.one_apply` has been deprecated: Use `one_apply_eq_self` instead

Note: The updated constant is in a different namespace. Dot notation may need to be changed (e.g., from `x.one_apply` to `one_apply_eq_self x`).
warning: AutoSamplingTheory/ExampleCases/ProximalBPS/CenteredDefectOperator.lean:138:6: `ContinuousLinearMap.mul_apply` has been deprecated: Use `mul_apply_eq_comp` instead

Note: The updated constant is in a different namespace. Dot notation may need to be changed (e.g., from `x.mul_apply` to `mul_apply_eq_comp x`).
warning: AutoSamplingTheory/ExampleCases/ProximalBPS/CenteredDefectOperator.lean:148:15: `ContinuousLinearMap.sub_apply` has been deprecated: Use `sub_apply` instead

Note: The updated constant is in a different namespace. Dot notation may need to be changed (e.g., from `x.sub_apply` to `sub_apply x`).
warning: AutoSamplingTheory/ExampleCases/ProximalBPS/CenteredDefectOperator.lean:148:46: `ContinuousLinearMap.one_apply` has been deprecated: Use `one_apply_eq_self` instead

Note: The updated constant is in a different namespace. Dot notation may need to be changed (e.g., from `x.one_apply` to `one_apply_eq_self x`).
warning: AutoSamplingTheory/ExampleCases/ProximalBPS/CenteredDefectOperator.lean:149:6: `ContinuousLinearMap.mul_apply` has been deprecated: Use `mul_apply_eq_comp` instead

Note: The updated constant is in a different namespace. Dot notation may need to be changed (e.g., from `x.mul_apply` to `mul_apply_eq_comp x`).
warning: AutoSamplingTheory/ExampleCases/ProximalBPS/CenteredDefectOperator.lean:165:17: `ContinuousLinearMap.sub_apply` has been deprecated: Use `sub_apply` instead

Note: The updated constant is in a different namespace. Dot notation may need to be changed (e.g., from `x.sub_apply` to `sub_apply x`).
warning: AutoSamplingTheory/ExampleCases/ProximalBPS/CenteredDefectOperator.lean:165:47: `ContinuousLinearMap.one_apply` has been deprecated: Use `one_apply_eq_self` instead

Note: The updated constant is in a different namespace. Dot notation may need to be changed (e.g., from `x.one_apply` to `one_apply_eq_self x`).
warning: AutoSamplingTheory/ExampleCases/ProximalBPS/CenteredDefectOperator.lean:166:8: `ContinuousLinearMap.mul_apply` has been deprecated: Use `mul_apply_eq_comp` instead

Note: The updated constant is in a different namespace. Dot notation may need to be changed (e.g., from `x.mul_apply` to `mul_apply_eq_comp x`).
info: AutoSamplingTheory/ExampleCases/ProximalBPS/CenteredDefectOperator.lean:173:0: 'AutoSamplingTheory.ExampleCases.ProximalBPS.CenteredDefectOperator.actual_centered_selfadjoint_defect' depends on axioms: [propext,
 Classical.choice,
 Quot.sound]
⚠ [3898/3945] Replayed AutoSamplingTheory.ExampleCases.ProximalBPS.MacroscopicRange
warning: AutoSamplingTheory/ExampleCases/ProximalBPS/MacroscopicRange.lean:56:2: Try this: 
  letI̵

The goal is a proposition, so `let` is preferred over `letI`.
The difference between `let` and `letI` is that `letI` inlines the value.
But this is not relevant for proofs because of proof irrelevance.

Note: This linter can be disabled with `set_option linter.style.haveILetI false`
warning: AutoSamplingTheory/ExampleCases/ProximalBPS/MacroscopicRange.lean:58:2: Try this: 
  letI̵

The goal is a proposition, so `let` is preferred over `letI`.
The difference between `let` and `letI` is that `letI` inlines the value.
But this is not relevant for proofs because of proof irrelevance.

Note: This linter can be disabled with `set_option linter.style.haveILetI false`
warning: AutoSamplingTheory/ExampleCases/ProximalBPS/MacroscopicRange.lean:59:2: Try this: 
  letI̵

The goal is a proposition, so `let` is preferred over `letI`.
The difference between `let` and `letI` is that `letI` inlines the value.
But this is not relevant for proofs because of proof irrelevance.

Note: This linter can be disabled with `set_option linter.style.haveILetI false`
warning: AutoSamplingTheory/ExampleCases/ProximalBPS/MacroscopicRange.lean:21:24: Variable name `hαβ` is not explicitly referenced.

Hint: The binding can be removed (if unused) or named `_` (if used implicitly). Alternatively, prefix the name with `_` to silence this warning:
  [apply] _hαβ

Note: This linter can be disabled with `set_option linter.unusedVariables false`
warning: AutoSamplingTheory/ExampleCases/ProximalBPS/MacroscopicRange.lean:25:18: Variable name `hβη` is not explicitly referenced.

Hint: The binding can be removed (if unused) or named `_` (if used implicitly). Alternatively, prefix the name with `_` to silence this warning:
  [apply] _hβη

Note: This linter can be disabled with `set_option linter.unusedVariables false`
warning: AutoSamplingTheory/ExampleCases/ProximalBPS/MacroscopicRange.lean:66:4: Unused tactic linter: `change P.range = S` does nothing

Note: This linter can be disabled with `set_option linter.unusedTactic false`
ℹ [3899/3945] Replayed AutoSamplingTheory.TechnicalLemmas.Measure.L2RealComplexOperator
info: AutoSamplingTheory/TechnicalLemmas/Measure/L2RealComplexOperator.lean:232:0: 'AutoSamplingTheory.TechnicalLemmas.Measure.L2RealComplexOperator.exists_positive_complex_lift' depends on axioms: [propext,
 Classical.choice,
 Quot.sound]
⚠ [3917/3945] Replayed AutoSamplingTheory.TechnicalLemmas.Measure.L2RealSquareRoot
warning: AutoSamplingTheory/TechnicalLemmas/Measure/L2RealSquareRoot.lean:100:2: Try this: 
  letI̵

The goal is a proposition, so `let` is preferred over `letI`.
The difference between `let` and `letI` is that `letI` inlines the value.
But this is not relevant for proofs because of proof irrelevance.

Note: This linter can be disabled with `set_option linter.style.haveILetI false`
warning: AutoSamplingTheory/TechnicalLemmas/Measure/L2RealSquareRoot.lean:102:2: Try this: 
  letI̵

The goal is a proposition, so `let` is preferred over `letI`.
The difference between `let` and `letI` is that `letI` inlines the value.
But this is not relevant for proofs because of proof irrelevance.

Note: This linter can be disabled with `set_option linter.style.haveILetI false`
warning: AutoSamplingTheory/TechnicalLemmas/Measure/L2RealSquareRoot.lean:105:2: Try this: 
  letI̵

The goal is a proposition, so `let` is preferred over `letI`.
The difference between `let` and `letI` is that `letI` inlines the value.
But this is not relevant for proofs because of proof irrelevance.

Note: This linter can be disabled with `set_option linter.style.haveILetI false`
info: AutoSamplingTheory/TechnicalLemmas/Measure/L2RealSquareRoot.lean:175:0: 'AutoSamplingTheory.TechnicalLemmas.Measure.L2RealSquareRoot.exists_positive_real_square_root' depends on axioms: [propext,
 Classical.choice,
 Quot.sound]
⚠ [3918/3945] Replayed AutoSamplingTheory.TechnicalLemmas.Measure.L2RealSquareRootUnique
warning: AutoSamplingTheory/TechnicalLemmas/Measure/L2RealSquareRootUnique.lean:19:2: Try this: 
  letI̵

The goal is a proposition, so `let` is preferred over `letI`.
The difference between `let` and `letI` is that `letI` inlines the value.
But this is not relevant for proofs because of proof irrelevance.

Note: This linter can be disabled with `set_option linter.style.haveILetI false`
warning: AutoSamplingTheory/TechnicalLemmas/Measure/L2RealSquareRootUnique.lean:21:2: Try this: 
  letI̵

The goal is a proposition, so `let` is preferred over `letI`.
The difference between `let` and `letI` is that `letI` inlines the value.
But this is not relevant for proofs because of proof irrelevance.

Note: This linter can be disabled with `set_option linter.style.haveILetI false`
warning: AutoSamplingTheory/TechnicalLemmas/Measure/L2RealSquareRootUnique.lean:24:2: Try this: 
  letI̵

The goal is a proposition, so `let` is preferred over `letI`.
The difference between `let` and `letI` is that `letI` inlines the value.
But this is not relevant for proofs because of proof irrelevance.

Note: This linter can be disabled with `set_option linter.style.haveILetI false`
info: AutoSamplingTheory/TechnicalLemmas/Measure/L2RealSquareRootUnique.lean:63:0: 'AutoSamplingTheory.TechnicalLemmas.Measure.L2RealSquareRootUnique.positive_square_roots_unique' depends on axioms: [propext,
 Classical.choice,
 Quot.sound]
⚠ [3919/3945] Replayed AutoSamplingTheory.ExampleCases.ProximalBPS.MacroscopicDefectRoot
warning: AutoSamplingTheory/ExampleCases/ProximalBPS/MacroscopicDefectRoot.lean:81:2: Try this: 
  letI̵

The goal is a proposition, so `let` is preferred over `letI`.
The difference between `let` and `letI` is that `letI` inlines the value.
But this is not relevant for proofs because of proof irrelevance.

Note: This linter can be disabled with `set_option linter.style.haveILetI false`
warning: AutoSamplingTheory/ExampleCases/ProximalBPS/MacroscopicDefectRoot.lean:82:2: Try this: 
  letI̵

The goal is a proposition, so `let` is preferred over `letI`.
The difference between `let` and `letI` is that `letI` inlines the value.
But this is not relevant for proofs because of proof irrelevance.

Note: This linter can be disabled with `set_option linter.style.haveILetI false`
warning: AutoSamplingTheory/ExampleCases/ProximalBPS/MacroscopicDefectRoot.lean:85:2: Try this: 
  letI̵

The goal is a proposition, so `let` is preferred over `letI`.
The difference between `let` and `letI` is that `letI` inlines the value.
But this is not relevant for proofs because of proof irrelevance.

Note: This linter can be disabled with `set_option linter.style.haveILetI false`
warning: AutoSamplingTheory/ExampleCases/ProximalBPS/MacroscopicDefectRoot.lean:86:2: Try this: 
  letI̵

The goal is a proposition, so `let` is preferred over `letI`.
The difference between `let` and `letI` is that `letI` inlines the value.
But this is not relevant for proofs because of proof irrelevance.

Note: This linter can be disabled with `set_option linter.style.haveILetI false`
warning: AutoSamplingTheory/ExampleCases/ProximalBPS/MacroscopicDefectRoot.lean:94:2: Try this: 
  letI̵

The goal is a proposition, so `let` is preferred over `letI`.
The difference between `let` and `letI` is that `letI` inlines the value.
But this is not relevant for proofs because of proof irrelevance.

Note: This linter can be disabled with `set_option linter.style.haveILetI false`
warning: AutoSamplingTheory/ExampleCases/ProximalBPS/MacroscopicDefectRoot.lean:95:2: Try this: 
  letI̵

The goal is a proposition, so `let` is preferred over `letI`.
The difference between `let` and `letI` is that `letI` inlines the value.
But this is not relevant for proofs because of proof irrelevance.

Note: This linter can be disabled with `set_option linter.style.haveILetI false`
warning: AutoSamplingTheory/ExampleCases/ProximalBPS/MacroscopicDefectRoot.lean:96:2: Try this: 
  letI̵

The goal is a proposition, so `let` is preferred over `letI`.
The difference between `let` and `letI` is that `letI` inlines the value.
But this is not relevant for proofs because of proof irrelevance.

Note: This linter can be disabled with `set_option linter.style.haveILetI false`
warning: AutoSamplingTheory/ExampleCases/ProximalBPS/MacroscopicDefectRoot.lean:206:57: This simp argument is unused:
  e.apply_symm_apply

Hint: Omit it from the simp argument list.
  [apply] simp only [LinearIsometryEquiv.conjStarAlgEquiv_apply_apply, LinearIsometryEquiv.symm_symm,
    e.symm_apply_apply]

Note: This linter can be disabled with `set_option linter.unusedSimpArgs false`
warning: AutoSamplingTheory/ExampleCases/ProximalBPS/MacroscopicDefectRoot.lean:218:40: This simp argument is unused:
  e.symm_apply_apply

Hint: Omit it from the simp argument list.
  [apply] simp only [G0, LinearIsometryEquiv.conjStarAlgEquiv_apply_apply, LinearIsometryEquiv.symm_symm,
    e.apply_symm_apply]

Note: This linter can be disabled with `set_option linter.unusedSimpArgs false`
warning: AutoSamplingTheory/ExampleCases/ProximalBPS/MacroscopicDefectRoot.lean:105:4: Unused tactic linter: `change P.range = HP` does nothing

Note: This linter can be disabled with `set_option linter.unusedTactic false`
info: AutoSamplingTheory/ExampleCases/ProximalBPS/MacroscopicDefectRoot.lean:231:0: 'AutoSamplingTheory.ExampleCases.ProximalBPS.MacroscopicDefectRoot.actual_unique_positive_macroscopic_defect_root' depends on axioms: [propext,
 Classical.choice,
 Quot.sound]
⚠ [3923/3945] Replayed AutoSamplingTheory.ExampleCases.ProximalBPS.SourceMeanGradientDomain
warning: AutoSamplingTheory/ExampleCases/ProximalBPS/SourceMeanGradientDomain.lean:67:2: Try this: 
  letI̵

The goal is a proposition, so `let` is preferred over `letI`.
The difference between `let` and `letI` is that `letI` inlines the value.
But this is not relevant for proofs because of proof irrelevance.

Note: This linter can be disabled with `set_option linter.style.haveILetI false`
warning: AutoSamplingTheory/ExampleCases/ProximalBPS/SourceMeanGradientDomain.lean:68:2: Try this: 
  letI̵

The goal is a proposition, so `let` is preferred over `letI`.
The difference between `let` and `letI` is that `letI` inlines the value.
But this is not relevant for proofs because of proof irrelevance.

Note: This linter can be disabled with `set_option linter.style.haveILetI false`
⚠ [3929/3945] Replayed AutoSamplingTheory.TechnicalLemmas.FunctionalInequalities.GaussianMarginalPoincare
warning: AutoSamplingTheory/TechnicalLemmas/FunctionalInequalities/GaussianMarginalPoincare.lean:51:2: Try this: 
  letI̵

The goal is a proposition, so `let` is preferred over `letI`.
The difference between `let` and `letI` is that `letI` inlines the value.
But this is not relevant for proofs because of proof irrelevance.

Note: This linter can be disabled with `set_option linter.style.haveILetI false`
warning: AutoSamplingTheory/TechnicalLemmas/FunctionalInequalities/GaussianMarginalPoincare.lean:66:2: Try this: 
  letI̵

The goal is a proposition, so `let` is preferred over `letI`.
The difference between `let` and `letI` is that `letI` inlines the value.
But this is not relevant for proofs because of proof irrelevance.

Note: This linter can be disabled with `set_option linter.style.haveILetI false`
warning: AutoSamplingTheory/TechnicalLemmas/FunctionalInequalities/GaussianMarginalPoincare.lean:68:2: Try this: 
  letI̵

The goal is a proposition, so `let` is preferred over `letI`.
The difference between `let` and `letI` is that `letI` inlines the value.
But this is not relevant for proofs because of proof irrelevance.

Note: This linter can be disabled with `set_option linter.style.haveILetI false`
warning: AutoSamplingTheory/TechnicalLemmas/FunctionalInequalities/GaussianMarginalPoincare.lean:69:2: Try this: 
  letI̵

The goal is a proposition, so `let` is preferred over `letI`.
The difference between `let` and `letI` is that `letI` inlines the value.
But this is not relevant for proofs because of proof irrelevance.

Note: This linter can be disabled with `set_option linter.style.haveILetI false`
warning: AutoSamplingTheory/TechnicalLemmas/FunctionalInequalities/GaussianMarginalPoincare.lean:36:18: Variable name `hβη` is not explicitly referenced.

Hint: The binding can be removed (if unused) or named `_` (if used implicitly). Alternatively, prefix the name with `_` to silence this warning:
  [apply] _hβη

Note: This linter can be disabled with `set_option linter.unusedVariables false`
⚠ [3942/3945] Replayed AutoSamplingTheory.TechnicalLemmas.Measure.L2RealSquareOrder
warning: AutoSamplingTheory/TechnicalLemmas/Measure/L2RealSquareOrder.lean:20:2: Try this: 
  letI̵

The goal is a proposition, so `let` is preferred over `letI`.
The difference between `let` and `letI` is that `letI` inlines the value.
But this is not relevant for proofs because of proof irrelevance.

Note: This linter can be disabled with `set_option linter.style.haveILetI false`
warning: AutoSamplingTheory/TechnicalLemmas/Measure/L2RealSquareOrder.lean:22:2: Try this: 
  letI̵

The goal is a proposition, so `let` is preferred over `letI`.
The difference between `let` and `letI` is that `letI` inlines the value.
But this is not relevant for proofs because of proof irrelevance.

Note: This linter can be disabled with `set_option linter.style.haveILetI false`
warning: AutoSamplingTheory/TechnicalLemmas/Measure/L2RealSquareOrder.lean:24:2: Try this: 
  letI̵

The goal is a proposition, so `let` is preferred over `letI`.
The difference between `let` and `letI` is that `letI` inlines the value.
But this is not relevant for proofs because of proof irrelevance.

Note: This linter can be disabled with `set_option linter.style.haveILetI false`
warning: AutoSamplingTheory/TechnicalLemmas/Measure/L2RealSquareOrder.lean:27:2: Try this: 
  letI̵

The goal is a proposition, so `let` is preferred over `letI`.
The difference between `let` and `letI` is that `letI` inlines the value.
But this is not relevant for proofs because of proof irrelevance.

Note: This linter can be disabled with `set_option linter.style.haveILetI false`
warning: AutoSamplingTheory/TechnicalLemmas/Measure/L2RealSquareOrder.lean:47:15: `ContinuousLinearMap.sub_apply` has been deprecated: Use `sub_apply` instead

Note: The updated constant is in a different namespace. Dot notation may need to be changed (e.g., from `x.sub_apply` to `sub_apply x`).
warning: AutoSamplingTheory/TechnicalLemmas/Measure/L2RealSquareOrder.lean:47:45: `ContinuousLinearMap.mul_apply` has been deprecated: Use `mul_apply_eq_comp` instead

Note: The updated constant is in a different namespace. Dot notation may need to be changed (e.g., from `x.mul_apply` to `mul_apply_eq_comp x`).
warning: AutoSamplingTheory/TechnicalLemmas/Measure/L2RealSquareOrder.lean:61:2: Try this: 
  letI̵

The goal is a proposition, so `let` is preferred over `letI`.
The difference between `let` and `letI` is that `letI` inlines the value.
But this is not relevant for proofs because of proof irrelevance.

Note: This linter can be disabled with `set_option linter.style.haveILetI false`
warning: AutoSamplingTheory/TechnicalLemmas/Measure/L2RealSquareOrder.lean:71:15: `ContinuousLinearMap.sub_apply` has been deprecated: Use `sub_apply` instead

Note: The updated constant is in a different namespace. Dot notation may need to be changed (e.g., from `x.sub_apply` to `sub_apply x`).
⚠ [3943/3945] Replayed AutoSamplingTheory.ExampleCases.ProximalBPS.CenteredRootOrderInverse
warning: AutoSamplingTheory/ExampleCases/ProximalBPS/CenteredRootOrderInverse.lean:94:2: Try this: 
  letI̵

The goal is a proposition, so `let` is preferred over `letI`.
The difference between `let` and `letI` is that `letI` inlines the value.
But this is not relevant for proofs because of proof irrelevance.

Note: This linter can be disabled with `set_option linter.style.haveILetI false`
warning: AutoSamplingTheory/ExampleCases/ProximalBPS/CenteredRootOrderInverse.lean:95:2: Try this: 
  letI̵

The goal is a proposition, so `let` is preferred over `letI`.
The difference between `let` and `letI` is that `letI` inlines the value.
But this is not relevant for proofs because of proof irrelevance.

Note: This linter can be disabled with `set_option linter.style.haveILetI false`
warning: AutoSamplingTheory/ExampleCases/ProximalBPS/CenteredRootOrderInverse.lean:97:2: Try this: 
  letI̵

The goal is a proposition, so `let` is preferred over `letI`.
The difference between `let` and `letI` is that `letI` inlines the value.
But this is not relevant for proofs because of proof irrelevance.

Note: This linter can be disabled with `set_option linter.style.haveILetI false`
warning: AutoSamplingTheory/ExampleCases/ProximalBPS/CenteredRootOrderInverse.lean:98:2: Try this: 
  letI̵

The goal is a proposition, so `let` is preferred over `letI`.
The difference between `let` and `letI` is that `letI` inlines the value.
But this is not relevant for proofs because of proof irrelevance.

Note: This linter can be disabled with `set_option linter.style.haveILetI false`
warning: AutoSamplingTheory/ExampleCases/ProximalBPS/CenteredRootOrderInverse.lean:107:2: Try this: 
  letI̵

The goal is a proposition, so `let` is preferred over `letI`.
The difference between `let` and `letI` is that `letI` inlines the value.
But this is not relevant for proofs because of proof irrelevance.

Note: This linter can be disabled with `set_option linter.style.haveILetI false`
warning: AutoSamplingTheory/ExampleCases/ProximalBPS/CenteredRootOrderInverse.lean:108:2: Try this: 
  letI̵

The goal is a proposition, so `let` is preferred over `letI`.
The difference between `let` and `letI` is that `letI` inlines the value.
But this is not relevant for proofs because of proof irrelevance.

Note: This linter can be disabled with `set_option linter.style.haveILetI false`
warning: AutoSamplingTheory/ExampleCases/ProximalBPS/CenteredRootOrderInverse.lean:109:2: Try this: 
  letI̵

The goal is a proposition, so `let` is preferred over `letI`.
The difference between `let` and `letI` is that `letI` inlines the value.
But this is not relevant for proofs because of proof irrelevance.

Note: This linter can be disabled with `set_option linter.style.haveILetI false`
warning: AutoSamplingTheory/ExampleCases/ProximalBPS/CenteredRootOrderInverse.lean:243:8: `ContinuousLinearMap.sub_apply` has been deprecated: Use `sub_apply` instead

Note: The updated constant is in a different namespace. Dot notation may need to be changed (e.g., from `x.sub_apply` to `sub_apply x`).
warning: AutoSamplingTheory/ExampleCases/ProximalBPS/CenteredRootOrderInverse.lean:244:6: `ContinuousLinearMap.smul_apply` has been deprecated: Use `smul_apply` instead

Note: The updated constant is in a different namespace. Dot notation may need to be changed (e.g., from `x.smul_apply` to `smul_apply x`).
warning: AutoSamplingTheory/ExampleCases/ProximalBPS/CenteredRootOrderInverse.lean:253:2: Try this: 
  letI̵

The goal is a proposition, so `let` is preferred over `letI`.
The difference between `let` and `letI` is that `letI` inlines the value.
But this is not relevant for proofs because of proof irrelevance.

Note: This linter can be disabled with `set_option linter.style.haveILetI false`
warning: AutoSamplingTheory/ExampleCases/ProximalBPS/CenteredRootOrderInverse.lean:254:2: Try this: 
  letI̵

The goal is a proposition, so `let` is preferred over `letI`.
The difference between `let` and `letI` is that `letI` inlines the value.
But this is not relevant for proofs because of proof irrelevance.

Note: This linter can be disabled with `set_option linter.style.haveILetI false`
warning: AutoSamplingTheory/ExampleCases/ProximalBPS/CenteredRootOrderInverse.lean:282:15: `ContinuousLinearMap.sub_apply` has been deprecated: Use `sub_apply` instead

Note: The updated constant is in a different namespace. Dot notation may need to be changed (e.g., from `x.sub_apply` to `sub_apply x`).
warning: AutoSamplingTheory/ExampleCases/ProximalBPS/CenteredRootOrderInverse.lean:282:45: `ContinuousLinearMap.smul_apply` has been deprecated: Use `smul_apply` instead

Note: The updated constant is in a different namespace. Dot notation may need to be changed (e.g., from `x.smul_apply` to `smul_apply x`).
warning: AutoSamplingTheory/ExampleCases/ProximalBPS/CenteredRootOrderInverse.lean:283:6: `ContinuousLinearMap.one_apply` has been deprecated: Use `one_apply_eq_self` instead

Note: The updated constant is in a different namespace. Dot notation may need to be changed (e.g., from `x.one_apply` to `one_apply_eq_self x`).
warning: AutoSamplingTheory/ExampleCases/ProximalBPS/CenteredRootOrderInverse.lean:296:15: `ContinuousLinearMap.sub_apply` has been deprecated: Use `sub_apply` instead

Note: The updated constant is in a different namespace. Dot notation may need to be changed (e.g., from `x.sub_apply` to `sub_apply x`).
warning: AutoSamplingTheory/ExampleCases/ProximalBPS/CenteredRootOrderInverse.lean:296:45: `ContinuousLinearMap.smul_apply` has been deprecated: Use `smul_apply` instead

Note: The updated constant is in a different namespace. Dot notation may need to be changed (e.g., from `x.smul_apply` to `smul_apply x`).
warning: AutoSamplingTheory/ExampleCases/ProximalBPS/CenteredRootOrderInverse.lean:297:6: `ContinuousLinearMap.one_apply` has been deprecated: Use `one_apply_eq_self` instead

Note: The updated constant is in a different namespace. Dot notation may need to be changed (e.g., from `x.one_apply` to `one_apply_eq_self x`).
warning: AutoSamplingTheory/ExampleCases/ProximalBPS/CenteredRootOrderInverse.lean:221:10: This simp argument is unused:
  real_inner_self_eq_norm_sq

Hint: Omit it from the simp argument list.
  [apply] simp

Note: This linter can be disabled with `set_option linter.unusedSimpArgs false`
⚠ [3944/3945] Replayed AutoSamplingTheory.ExampleCases.ProximalBPS.PolarIsometry
warning: AutoSamplingTheory/ExampleCases/ProximalBPS/PolarIsometry.lean:99:2: Try this: 
  letI̵

The goal is a proposition, so `let` is preferred over `letI`.
The difference between `let` and `letI` is that `letI` inlines the value.
But this is not relevant for proofs because of proof irrelevance.

Note: This linter can be disabled with `set_option linter.style.haveILetI false`
warning: AutoSamplingTheory/ExampleCases/ProximalBPS/PolarIsometry.lean:100:2: Try this: 
  letI̵

The goal is a proposition, so `let` is preferred over `letI`.
The difference between `let` and `letI` is that `letI` inlines the value.
But this is not relevant for proofs because of proof irrelevance.

Note: This linter can be disabled with `set_option linter.style.haveILetI false`
warning: AutoSamplingTheory/ExampleCases/ProximalBPS/PolarIsometry.lean:102:2: Try this: 
  letI̵

The goal is a proposition, so `let` is preferred over `letI`.
The difference between `let` and `letI` is that `letI` inlines the value.
But this is not relevant for proofs because of proof irrelevance.

Note: This linter can be disabled with `set_option linter.style.haveILetI false`
warning: AutoSamplingTheory/ExampleCases/ProximalBPS/PolarIsometry.lean:103:2: Try this: 
  letI̵

The goal is a proposition, so `let` is preferred over `letI`.
The difference between `let` and `letI` is that `letI` inlines the value.
But this is not relevant for proofs because of proof irrelevance.

Note: This linter can be disabled with `set_option linter.style.haveILetI false`
warning: AutoSamplingTheory/ExampleCases/ProximalBPS/PolarIsometry.lean:120:2: Try this: 
  letI̵

The goal is a proposition, so `let` is preferred over `letI`.
The difference between `let` and `letI` is that `letI` inlines the value.
But this is not relevant for proofs because of proof irrelevance.

Note: This linter can be disabled with `set_option linter.style.haveILetI false`
warning: AutoSamplingTheory/ExampleCases/ProximalBPS/PolarIsometry.lean:121:2: Try this: 
  letI̵

The goal is a proposition, so `let` is preferred over `letI`.
The difference between `let` and `letI` is that `letI` inlines the value.
But this is not relevant for proofs because of proof irrelevance.

Note: This linter can be disabled with `set_option linter.style.haveILetI false`
warning: AutoSamplingTheory/ExampleCases/ProximalBPS/PolarIsometry.lean:122:2: Try this: 
  letI̵

The goal is a proposition, so `let` is preferred over `letI`.
The difference between `let` and `letI` is that `letI` inlines the value.
But this is not relevant for proofs because of proof irrelevance.

Note: This linter can be disabled with `set_option linter.style.haveILetI false`
warning: AutoSamplingTheory/ExampleCases/ProximalBPS/PolarIsometry.lean:124:2: Try this: 
  letI̵

The goal is a proposition, so `let` is preferred over `letI`.
The difference between `let` and `letI` is that `letI` inlines the value.
But this is not relevant for proofs because of proof irrelevance.

Note: This linter can be disabled with `set_option linter.style.haveILetI false`
warning: AutoSamplingTheory/ExampleCases/ProximalBPS/PolarIsometry.lean:125:2: Try this: 
  letI̵

The goal is a proposition, so `let` is preferred over `letI`.
The difference between `let` and `letI` is that `letI` inlines the value.
But this is not relevant for proofs because of proof irrelevance.

Note: This linter can be disabled with `set_option linter.style.haveILetI false`
warning: AutoSamplingTheory/ExampleCases/ProximalBPS/PolarIsometry.lean:126:2: Try this: 
  letI̵

The goal is a proposition, so `let` is preferred over `letI`.
The difference between `let` and `letI` is that `letI` inlines the value.
But this is not relevant for proofs because of proof irrelevance.

Note: This linter can be disabled with `set_option linter.style.haveILetI false`
✖ [3945/3945] Building AutoSamplingTheory.ExampleCases.ProximalBPS.AmbientAdjointCorrector (13s)
trace: .> LEAN_PATH=E:\Samplinglib\.lake\packages\Cli\.lake\build\lib\lean;E:\Samplinglib\.lake\packages\batteries\.lake\build\lib\lean;E:\Samplinglib\.lake\packages\Qq\.lake\build\lib\lean;E:\Samplinglib\.lake\packages\aesop\.lake\build\lib\lean;E:\Samplinglib\.lake\packages\proofwidgets\.lake\build\lib\lean;E:\Samplinglib\.lake\packages\importGraph\.lake\build\lib\lean;E:\Samplinglib\.lake\packages\LeanSearchClient\.lake\build\lib\lean;E:\Samplinglib\.lake\packages\plausible\.lake\build\lib\lean;E:\Samplinglib\.lake\packages\mathlib\.lake\build\lib\lean;E:\Samplinglib\.lake\build\lib\lean c:\Users\admin\.elan\toolchains\leanprover--lean4---v4.33.0\bin\lean.exe E:\Samplinglib\AutoSamplingTheory\ExampleCases\ProximalBPS\AmbientAdjointCorrector.lean -o E:\Samplinglib\.lake\build\lib\lean\AutoSamplingTheory\ExampleCases\ProximalBPS\AmbientAdjointCorrector.olean -i E:\Samplinglib\.lake\build\lib\lean\AutoSamplingTheory\ExampleCases\ProximalBPS\AmbientAdjointCorrector.ilean -c E:\Samplinglib\.lake\build\ir\AutoSamplingTheory\ExampleCases\ProximalBPS\AmbientAdjointCorrector.c --setup E:\Samplinglib\.lake\build\ir\AutoSamplingTheory\ExampleCases\ProximalBPS\AmbientAdjointCorrector.setup.json --json
warning: AutoSamplingTheory/ExampleCases/ProximalBPS/AmbientAdjointCorrector.lean:113:2: Try this: 
  letI̵

The goal is a proposition, so `let` is preferred over `letI`.
The difference between `let` and `letI` is that `letI` inlines the value.
But this is not relevant for proofs because of proof irrelevance.

Note: This linter can be disabled with `set_option linter.style.haveILetI false`
warning: AutoSamplingTheory/ExampleCases/ProximalBPS/AmbientAdjointCorrector.lean:114:2: Try this: 
  letI̵

The goal is a proposition, so `let` is preferred over `letI`.
The difference between `let` and `letI` is that `letI` inlines the value.
But this is not relevant for proofs because of proof irrelevance.

Note: This linter can be disabled with `set_option linter.style.haveILetI false`
warning: AutoSamplingTheory/ExampleCases/ProximalBPS/AmbientAdjointCorrector.lean:116:2: Try this: 
  letI̵

The goal is a proposition, so `let` is preferred over `letI`.
The difference between `let` and `letI` is that `letI` inlines the value.
But this is not relevant for proofs because of proof irrelevance.

Note: This linter can be disabled with `set_option linter.style.haveILetI false`
warning: AutoSamplingTheory/ExampleCases/ProximalBPS/AmbientAdjointCorrector.lean:117:2: Try this: 
  letI̵

The goal is a proposition, so `let` is preferred over `letI`.
The difference between `let` and `letI` is that `letI` inlines the value.
But this is not relevant for proofs because of proof irrelevance.

Note: This linter can be disabled with `set_option linter.style.haveILetI false`
error: AutoSamplingTheory/ExampleCases/ProximalBPS/AmbientAdjointCorrector.lean:123:2: Tactic `generalize` failed: result is not type correct
  IsProbabilityMeasure (ℙ.tilted fun x => -V x) ∧
    IsProbabilityMeasure
        (Measure.map (fun p => (p.1, p.1 + √η • p.2)) ((ℙ.tilted fun x => -V x).prod (stdGaussian E))) ∧
      IsProbabilityMeasure
          (Measure.map (fun p => (p.1, p.1 + √η • p.2)) ((ℙ.tilted fun x => -V x).prod (stdGaussian E))).snd ∧
        lpMeas ℝ ℝ (MeasurableSpace.comap Prod.snd inferInstance) 2
              (Measure.map (fun p => (p.1, p.1 + √η • p.2)) ((ℙ.tilted fun x => -V x).prod (stdGaussian E))) =
            (↑((lpMeas ℝ ℝ (MeasurableSpace.comap Prod.snd inferInstance) 2
                      (Measure.map (fun p => (p.1, p.1 + √η • p.2))
                        ((ℙ.tilted fun x => -V x).prod (stdGaussian E)))).subtypeL ∘SL
                  condExpL2 ℝ ℝ ⋯)).range ∧
          (∀
              (f :
                ↥(lpMeas ℝ ℝ (MeasurableSpace.comap Prod.snd inferInstance) 2
                    (Measure.map (fun p => (p.1, p.1 + √η • p.2)) ((ℙ.tilted fun x => -V x).prod (stdGaussian E))))),
              ((lpMeas ℝ ℝ (MeasurableSpace.comap Prod.snd inferInstance) 2
                        (Measure.map (fun p => (p.1, p.1 + √η • p.2))
                          ((ℙ.tilted fun x => -V x).prod (stdGaussian E)))).subtypeL ∘SL
                    condExpL2 ℝ ℝ ⋯)
                  ↑f =
                ↑f) ∧
            ∃ S,
              IsMarkovKernel S ∧
                (∀ (y : E), S y = ℙ.tilted fun x => -V ((1 / 2) • (y + x)) - ‖y - x‖ ^ 2 / (8 * η)) ∧
                  (Measure.map (fun p => (p.2, 2 • p.1 - p.2))
                          (Measure.map (fun p => (p.1, p.1 + √η • p.2))
                            ((ℙ.tilted fun x => -V x).prod (stdGaussian E)))).IsCondKernel
                      S ∧
                    (Measure.map (fun p => (p.2, 2 • p.1 - p.2))
                            (Measure.map (fun p => (p.1, p.1 + √η • p.2))
                              ((ℙ.tilted fun x => -V x).prod (stdGaussian E)))).fst =
                        (Measure.map (fun p => (p.1, p.1 + √η • p.2))
                            ((ℙ.tilted fun x => -V x).prod (stdGaussian E))).snd ∧
                      (Measure.map (fun p => (p.2, 2 • p.1 - p.2))
                              (Measure.map (fun p => (p.1, p.1 + √η • p.2))
                                ((ℙ.tilted fun x => -V x).prod (stdGaussian E)))).snd =
                          (Measure.map (fun p => (p.1, p.1 + √η • p.2))
                              ((ℙ.tilted fun x => -V x).prod (stdGaussian E))).snd ∧
                        ∃ e,
                          (∀
                              (u :
                                ↥(Lp ℝ 2
                                    (Measure.map (fun p => (p.1, p.1 + √η • p.2))
                                        ((ℙ.tilted fun x => -V x).prod (stdGaussian E))).snd)),
                              ↑(e u) = (Lp.compMeasurePreservingₗᵢ ℝ Prod.snd ⋯) u) ∧
                            ∃ U,
                              (∀
                                  (g :
                                    ↥(Lp ℝ 2
                                        (Measure.map (fun p => (p.1, p.1 + √η • p.2))
                                          ((ℙ.tilted fun x => -V x).prod (stdGaussian E))))),
                                  ↑↑(U
                                          g) =ᵐ[Measure.map (fun p => (p.1, p.1 + √η • p.2))
                                      ((ℙ.tilted fun x => -V x).prod (stdGaussian E))]
                                    ↑↑g ∘ fun p => (p.1, 2 • p.1 - p.2)) ∧
                                Function.Involutive ⇑U ∧
                                  IsSelfAdjoint U.toContinuousLinearMap ∧
                                    ∃ T,
                                      IsSelfAdjoint T ∧
                                        (∀
                                            (u :
                                              ↥(Lp ℝ 2
                                                  (Measure.map (fun p => (p.1, p.1 + √η • p.2))
                                                      ((ℙ.tilted fun x => -V x).prod (stdGaussian E))).snd)),
                                            ‖T u‖ ≤ ‖u‖ ∧
                                              (↑↑(T
                                                        u) =ᵐ[(Measure.map (fun p => (p.1, p.1 + √η • p.2))
                                                      ((ℙ.tilted fun x => -V x).prod (stdGaussian E))).snd]
                                                  fun y => ∫ (x : E), ↑↑u x ∂S y) ∧
                                                ∫ (y : E),
                                                    ↑↑(T u)
                                                      y ∂(Measure.map (fun p => (p.1, p.1 + √η • p.2))
                                                        ((ℙ.tilted fun x => -V x).prod (stdGaussian E))).snd =
                                                  ∫ (y : E),
                                                    ↑↑u
                                                      y ∂(Measure.map (fun p => (p.1, p.1 + √η • p.2))
                                                        ((ℙ.tilted fun x => -V x).prod (stdGaussian E))).snd) ∧
                                          (lpMeas ℝ ℝ (MeasurableSpace.comap Prod.snd inferInstance) 2
                                                    (Measure.map (fun p => (p.1, p.1 + √η • p.2))
                                                      ((ℙ.tilted fun x => -V x).prod
                                                        (stdGaussian E)))).orthogonalProjectionOnto ∘SL
                                                U.toContinuousLinearMap ∘SL
                                                  (lpMeas ℝ ℝ (MeasurableSpace.comap Prod.snd inferInstance) 2
                                                      (Measure.map (fun p => (p.1, p.1 + √η • p.2))
                                                        ((ℙ.tilted fun x => -V x).prod (stdGaussian E)))).subtypeL =
                                              e.conjStarAlgEquiv T ∧
                                            IsSelfAdjoint
                                                ((lpMeas ℝ ℝ (MeasurableSpace.comap Prod.snd inferInstance) 2
                                                      (Measure.map (fun p => (p.1, p.1 + √η • p.2))
                                                        ((ℙ.tilted fun x => -V x).prod
                                                          (stdGaussian E)))).orthogonalProjectionOnto ∘SL
                                                  U.toContinuousLinearMap ∘SL
                                                    (lpMeas ℝ ℝ (MeasurableSpace.comap Prod.snd inferInstance) 2
                                                        (Measure.map (fun p => (p.1, p.1 + √η • p.2))
                                                          ((ℙ.tilted fun x => -V x).prod (stdGaussian E)))).subtypeL) ∧
                                              (∀
                                                  (f :
                                                    ↥(lpMeas ℝ ℝ (MeasurableSpace.comap Prod.snd inferInstance) 2
                                                        (Measure.map (fun p => (p.1, p.1 + √η • p.2))
                                                          ((ℙ.tilted fun x => -V x).prod (stdGaussian E))))),
                                                  ‖((lpMeas ℝ ℝ (MeasurableSpace.comap Prod.snd inferInstance) 2
                                                              (Measure.map (fun p => (p.1, p.1 + √η • p.2))
                                                                ((ℙ.tilted fun x => -V x).prod
                                                                  (stdGaussian E)))).orthogonalProjectionOnto ∘SL
                                                          U.toContinuousLinearMap ∘SL
                                                            (lpMeas ℝ ℝ (MeasurableSpace.comap Prod.snd inferInstance) 2
                                                                (Measure.map (fun p => (p.1, p.1 + √η • p.2))
                                                                  ((ℙ.tilted fun x => -V x).prod
                                                                    (stdGaussian E)))).subtypeL)
                                                        f‖ ≤
                                                    ‖f‖) ∧
                                                (∀
                                                    (f :
                                                      ↥(lpMeas ℝ ℝ (MeasurableSpace.comap Prod.snd inferInstance) 2
                                                          (Measure.map (fun p => (p.1, p.1 + √η • p.2))
                                                            ((ℙ.tilted fun x => -V x).prod (stdGaussian E))))),
                                                    ((lpMeas ℝ ℝ (MeasurableSpace.comap Prod.snd inferInstance) 2
                                                              (Measure.map (fun p => (p.1, p.1 + √η • p.2))
                                                                ((ℙ.tilted fun x => -V x).prod
                                                                  (stdGaussian E)))).subtypeL ∘SL
                                                          condExpL2 ℝ ℝ ⋯)
                                                        ((((1 -
                                                                  (lpMeas ℝ ℝ
                                                                        (MeasurableSpace.comap Prod.snd inferInstance) 2
                                                                        (Measure.map (fun p => (p.1, p.1 + √η • p.2))
                                                                          ((ℙ.tilted fun x => -V x).prod
                                                                            (stdGaussian E)))).subtypeL ∘SL
                                                                    condExpL2 ℝ ℝ ⋯) *
                                                                U.toContinuousLinearMap *
                                                              (lpMeas ℝ ℝ (MeasurableSpace.comap Prod.snd inferInstance)
                                                                    2
                                                                    (Measure.map (fun p => (p.1, p.1 + √η • p.2))
                                                                      ((ℙ.tilted fun x => -V x).prod
                                                                        (stdGaussian E)))).subtypeL ∘SL
                                                                condExpL2 ℝ ℝ ⋯) ∘SL
                                                            (lpMeas ℝ ℝ (MeasurableSpace.comap Prod.snd inferInstance) 2
                                                                (Measure.map (fun p => (p.1, p.1 + √η • p.2))
                                                                  ((ℙ.tilted fun x => -V x).prod
                                                                    (stdGaussian E)))).subtypeL)
                                                          f) =
                                                      0) ∧
                                                  ∃ Γ,
                                                    Γ.IsPositive ∧
                                                      Γ * Γ = 1 - T * T ∧
                                                        (e.conjStarAlgEquiv Γ).IsPositive ∧
                                                          e.conjStarAlgEquiv Γ * e.conjStarAlgEquiv Γ =
                                                              1 -
                                                                (lpMeas ℝ ℝ
                                                                        (MeasurableSpace.comap Prod.snd inferInstance) 2
                                                                        (Measure.map (fun p => (p.1, p.1 + √η • p.2))
                                                                          ((ℙ.tilted fun x => -V x).prod
                                                                            (stdGaussian
                                                                              E)))).orthogonalProjectionOnto ∘SL
                                                                    U.toContinuousLinearMap ∘SL
                                                                      (lpMeas ℝ ℝ
                                                                          (MeasurableSpace.comap Prod.snd inferInstance)
                                                                          2
                                                                          (Measure.map (fun p => (p.1, p.1 + √η • p.2))
                                                                            ((ℙ.tilted fun x => -V x).prod
                                                                              (stdGaussian E)))).subtypeL *
                                                                  (lpMeas ℝ ℝ
                                                                        (MeasurableSpace.comap Prod.snd inferInstance) 2
                                                                        (Measure.map (fun p => (p.1, p.1 + √η • p.2))
                                                                          ((ℙ.tilted fun x => -V x).prod
                                                                            (stdGaussian
                                                                              E)))).orthogonalProjectionOnto ∘SL
                                                                    U.toContinuousLinearMap ∘SL
                                                                      (lpMeas ℝ ℝ
                                                                          (MeasurableSpace.comap Prod.snd inferInstance)
                                                                          2
                                                                          (Measure.map (fun p => (p.1, p.1 + √η • p.2))
                                                                            ((ℙ.tilted fun x => -V x).prod
                                                                              (stdGaussian E)))).subtypeL ∧
                                                            ContinuousLinearMap.adjoint
                                                                    (((1 -
                                                                            (lpMeas ℝ ℝ
                                                                                  (MeasurableSpace.comap Prod.snd
                                                                                    inferInstance)
                                                                                  2
                                                                                  (Measure.map
                                                                                    (fun p => (p.1, p.1 + √η • p.2))
                                                                                    ((ℙ.tilted fun x => -V x).prod
                                                                                      (stdGaussian E)))).subtypeL ∘SL
                                                                              condExpL2 ℝ ℝ ⋯) *
                                                                          U.toContinuousLinearMap *
                                                                        (lpMeas ℝ ℝ
                                                                              (MeasurableSpace.comap Prod.snd
                                                                                inferInstance)
                                                                              2
                                                                              (Measure.map
                                                                                (fun p => (p.1, p.1 + √η • p.2))
                                                                                ((ℙ.tilted fun x => -V x).prod
                                                                                  (stdGaussian E)))).subtypeL ∘SL
                                                                          condExpL2 ℝ ℝ ⋯) ∘SL
                                                                      (lpMeas ℝ ℝ
                                                                          (MeasurableSpace.comap Prod.snd inferInstance)
                                                                          2
                                                                          (Measure.map (fun p => (p.1, p.1 + √η • p.2))
                                                                            ((ℙ.tilted fun x => -V x).prod
                                                                              (stdGaussian E)))).subtypeL) ∘SL
                                                                  ((1 -
                                                                          (lpMeas ℝ ℝ
                                                                                (MeasurableSpace.comap Prod.snd
                                                                                  inferInstance)
                                                                                2
                                                                                (Measure.map
                                                                                  (fun p => (p.1, p.1 + √η • p.2))
                                                                                  ((ℙ.tilted fun x => -V x).prod
                                                                                    (stdGaussian E)))).subtypeL ∘SL
                                                                            condExpL2 ℝ ℝ ⋯) *
                                                                        U.toContinuousLinearMap *
                                                                      (lpMeas ℝ ℝ
                                                                            (MeasurableSpace.comap Prod.snd
                                                                              inferInstance)
                                                                            2
                                                                            (Measure.map
                                                                              (fun p => (p.1, p.1 + √η • p.2))
                                                                              ((ℙ.tilted fun x => -V x).prod
                                                                                (stdGaussian E)))).subtypeL ∘SL
                                                                        condExpL2 ℝ ℝ ⋯) ∘SL
                                                                    (lpMeas ℝ ℝ
                                                                        (MeasurableSpace.comap Prod.snd inferInstance) 2
                                                                        (Measure.map (fun p => (p.1, p.1 + √η • p.2))
                                                                          ((ℙ.tilted fun x => -V x).prod
                                                                            (stdGaussian E)))).subtypeL =
                                                                e.conjStarAlgEquiv Γ * e.conjStarAlgEquiv Γ ∧
                                                              ∃ q,
                                                                (↑↑q =ᵐ[(Measure.map (fun p => (p.1, p.1 + √η • p.2))
                                                                        ((ℙ.tilted fun x => -V x).prod
                                                                          (stdGaussian E))).snd]
                                                                    fun x => 1) ∧
                                                                  T q = q ∧
                                                                    (∀
                                                                        (u :
                                                                          ↥(Lp ℝ 2
                                                                              (Measure.map
                                                                                  (fun p => (p.1, p.1 + √η • p.2))
                                                                                  ((ℙ.tilted fun x => -V x).prod
                                                                                    (stdGaussian E))).snd)),
                                                                        ⟪q, u⟫ =
                                                                          ∫ (y : E),
                                                                            ↑↑u
                                                                              y ∂(Measure.map
                                                                                (fun p => (p.1, p.1 + √η • p.2))
                                                                                ((ℙ.tilted fun x => -V x).prod
                                                                                  (stdGaussian E))).snd) ∧
                                                                      (∀
                                                                          (f :
                                                                            ↥(lpMeas ℝ ℝ
                                                                                (MeasurableSpace.comap Prod.snd
                                                                                  inferInstance)
                                                                                2
                                                                                (Measure.map
                                                                                  (fun p => (p.1, p.1 + √η • p.2))
                                                                                  ((ℙ.tilted fun x => -V x).prod
                                                                                    (stdGaussian E))))),
                                                                          f ∈ (↑((innerSL ℝ) (e q))).ker ↔
                                                                            ∫ (y : E),
                                                                                ↑↑(e.symm f)
                                                                                  y ∂(Measure.map
                                                                                    (fun p => (p.1, p.1 + √η • p.2))
                                                                                    ((ℙ.tilted fun x => -V x).prod
                                                                                      (stdGaussian E))).snd =
                                                                              0) ∧
                                                                        (e.conjStarAlgEquiv Γ) (e q) = 0 ∧
                                                                          0 < 2 * √(↑α * η) / (1 + ↑α * η) ∧
                                                                            ∃ ΓP0,
                                                                              (∀ (f : ↥(↑((innerSL ℝ) (e q))).ker),
                                                                                  ↑(ΓP0 f) =
                                                                                    (e.conjStarAlgEquiv Γ) ↑f) ∧
                                                                                ΓP0.IsPositive ∧
                                                                                  (ΓP0 -
                                                                                        (2 * √(↑α * η) / (1 + ↑α * η)) •
                                                                                          1).IsPositive ∧
                                                                                    IsUnit ΓP0 ∧
                                                                                      ∃ Inv,
                                                                                        Inv * ΓP0 = 1 ∧
                                                                                          ΓP0 * Inv = 1 ∧
                                                                                            ‖Inv‖ ≤
                                                                                                1 /
                                                                                                  (2 * √(↑α * η) /
                                                                                                    (1 + ↑α * η)) ∧
                                                                                              ∃ B0,
                                                                                                (∀ (f : ↥⋯), ⋯ = ⋯) ∧
                                                                                                  ∃ V0, ⋯ ∧ ⋯

E : Type u_1
inst✝⁴ : NormedAddCommGroup E
inst✝³ : InnerProductSpace ℝ E
inst✝² : FiniteDimensional ℝ E
inst✝¹ : MeasurableSpace E
inst✝ : BorelSpace E
V : E → ℝ
α β : ℝ≥0
η : ℝ
hα : 0 < ↑α
hαβ : α ≤ β
hV : ContDiff ℝ 2 V
hH : ∀ (x v : E), ↑α * ‖v‖ ^ 2 ≤ ((fderiv ℝ (fderiv ℝ V) x) v) v ∧ ((fderiv ℝ (fderiv ℝ V) x) v) v ≤ ↑β * ‖v‖ ^ 2
hη : 0 < η
hβη : ↑β * η ≤ 1
μ : Measure E := ℙ.tilted fun x => -V x
J : Measure (E × E) := Measure.map (fun p => (p.1, p.1 + √η • p.2)) (μ.prod (stdGaussian E))
ν : Measure E := J.snd
mY : MeasurableSpace (E × E) := MeasurableSpace.comap Prod.snd inferInstance
this✝² : MeasurableSpace (E × E) := Prod.instMeasurableSpace
this✝¹ : Fact (mY ≤ inferInstance) := { out := Measurable.comap_le measurable_snd }
HP : Submodule ℝ ↥(Lp ℝ 2 J) := lpMeas ℝ ℝ mY 2 J
this✝ : NormedAddCommGroup ↥HP := HP.normedAddCommGroup
this : InnerProductSpace ℝ ↥HP := HP.innerProductSpace
P : ↥(Lp ℝ 2 J) →L[ℝ] ↥(Lp ℝ 2 J) := HP.subtypeL ∘SL condExpL2 ℝ ℝ ⋯
hBase :
  IsProbabilityMeasure (ℙ.tilted fun x => -V x) ∧
    IsProbabilityMeasure
        (Measure.map (fun p => (p.1, p.1 + √η • p.2)) ((ℙ.tilted fun x => -V x).prod (stdGaussian E))) ∧
      IsProbabilityMeasure
          (Measure.map (fun p => (p.1, p.1 + √η • p.2)) ((ℙ.tilted fun x => -V x).prod (stdGaussian E))).snd ∧
        lpMeas ℝ ℝ (MeasurableSpace.comap Prod.snd inferInstance) 2
              (Measure.map (fun p => (p.1, p.1 + √η • p.2)) ((ℙ.tilted fun x => -V x).prod (stdGaussian E))) =
            (↑((lpMeas ℝ ℝ (MeasurableSpace.comap Prod.snd inferInstance) 2
                      (Measure.map (fun p => (p.1, p.1 + √η • p.2))
                        ((ℙ.tilted fun x => -V x).prod (stdGaussian E)))).subtypeL ∘SL
                  condExpL2 ℝ ℝ ⋯)).range ∧
          (∀
              (f :
                ↥(lpMeas ℝ ℝ (MeasurableSpace.comap Prod.snd inferInstance) 2
                    (Measure.map (fun p => (p.1, p.1 + √η • p.2)) ((ℙ.tilted fun x => -V x).prod (stdGaussian E))))),
              ((lpMeas ℝ ℝ (MeasurableSpace.comap Prod.snd inferInstance) 2
                        (Measure.map (fun p => (p.1, p.1 + √η • p.2))
                          ((ℙ.tilted fun x => -V x).prod (stdGaussian E)))).subtypeL ∘SL
                    condExpL2 ℝ ℝ ⋯)
                  ↑f =
                ↑f) ∧
            ∃ S,
              IsMarkovKernel S ∧
                (∀ (y : E), S y = ℙ.tilted fun x => -V ((1 / 2) • (y + x)) - ‖y - x‖ ^ 2 / (8 * η)) ∧
                  (Measure.map (fun p => (p.2, 2 • p.1 - p.2))
                          (Measure.map (fun p => (p.1, p.1 + √η • p.2))
                            ((ℙ.tilted fun x => -V x).prod (stdGaussian E)))).IsCondKernel
                      S ∧
                    (Measure.map (fun p => (p.2, 2 • p.1 - p.2))
                            (Measure.map (fun p => (p.1, p.1 + √η • p.2))
                              ((ℙ.tilted fun x => -V x).prod (stdGaussian E)))).fst =
                        (Measure.map (fun p => (p.1, p.1 + √η • p.2))
                            ((ℙ.tilted fun x => -V x).prod (stdGaussian E))).snd ∧
                      (Measure.map (fun p => (p.2, 2 • p.1 - p.2))
                              (Measure.map (fun p => (p.1, p.1 + √η • p.2))
                                ((ℙ.tilted fun x => -V x).prod (stdGaussian E)))).snd =
                          (Measure.map (fun p => (p.1, p.1 + √η • p.2))
                              ((ℙ.tilted fun x => -V x).prod (stdGaussian E))).snd ∧
                        ∃ e,
                          (∀
                              (u :
                                ↥(Lp ℝ 2
                                    (Measure.map (fun p => (p.1, p.1 + √η • p.2))
                                        ((ℙ.tilted fun x => -V x).prod (stdGaussian E))).snd)),
                              ↑(e u) = (Lp.compMeasurePreservingₗᵢ ℝ Prod.snd ⋯) u) ∧
                            ∃ U,
                              (∀
                                  (g :
                                    ↥(Lp ℝ 2
                                        (Measure.map (fun p => (p.1, p.1 + √η • p.2))
                                          ((ℙ.tilted fun x => -V x).prod (stdGaussian E))))),
                                  ↑↑(U
                                          g) =ᵐ[Measure.map (fun p => (p.1, p.1 + √η • p.2))
                                      ((ℙ.tilted fun x => -V x).prod (stdGaussian E))]
                                    ↑↑g ∘ fun p => (p.1, 2 • p.1 - p.2)) ∧
                                Function.Involutive ⇑U ∧
                                  IsSelfAdjoint U.toContinuousLinearMap ∧
                                    ∃ T,
                                      IsSelfAdjoint T ∧
                                        (∀
                                            (u :
                                              ↥(Lp ℝ 2
                                                  (Measure.map (fun p => (p.1, p.1 + √η • p.2))
                                                      ((ℙ.tilted fun x => -V x).prod (stdGaussian E))).snd)),
                                            ‖T u‖ ≤ ‖u‖ ∧
                                              (↑↑(T
                                                        u) =ᵐ[(Measure.map (fun p => (p.1, p.1 + √η • p.2))
                                                      ((ℙ.tilted fun x => -V x).prod (stdGaussian E))).snd]
                                                  fun y => ∫ (x : E), ↑↑u x ∂S y) ∧
                                                ∫ (y : E),
                                                    ↑↑(T u)
                                                      y ∂(Measure.map (fun p => (p.1, p.1 + √η • p.2))
                                                        ((ℙ.tilted fun x => -V x).prod (stdGaussian E))).snd =
                                                  ∫ (y : E),
                                                    ↑↑u
                                                      y ∂(Measure.map (fun p => (p.1, p.1 + √η • p.2))
                                                        ((ℙ.tilted fun x => -V x).prod (stdGaussian E))).snd) ∧
                                          (lpMeas ℝ ℝ (MeasurableSpace.comap Prod.snd inferInstance) 2
                                                    (Measure.map (fun p => (p.1, p.1 + √η • p.2))
                                                      ((ℙ.tilted fun x => -V x).prod
                                                        (stdGaussian E)))).orthogonalProjectionOnto ∘SL
                                                U.toContinuousLinearMap ∘SL
                                                  (lpMeas ℝ ℝ (MeasurableSpace.comap Prod.snd inferInstance) 2
                                                      (Measure.map (fun p => (p.1, p.1 + √η • p.2))
                                                        ((ℙ.tilted fun x => -V x).prod (stdGaussian E)))).subtypeL =
                                              e.conjStarAlgEquiv T ∧
                                            IsSelfAdjoint
                                                ((lpMeas ℝ ℝ (MeasurableSpace.comap Prod.snd inferInstance) 2
                                                      (Measure.map (fun p => (p.1, p.1 + √η • p.2))
                                                        ((ℙ.tilted fun x => -V x).prod
                                                          (stdGaussian E)))).orthogonalProjectionOnto ∘SL
                                                  U.toContinuousLinearMap ∘SL
                                                    (lpMeas ℝ ℝ (MeasurableSpace.comap Prod.snd inferInstance) 2
                                                        (Measure.map (fun p => (p.1, p.1 + √η • p.2))
                                                          ((ℙ.tilted fun x => -V x).prod (stdGaussian E)))).subtypeL) ∧
                                              (∀
                                                  (f :
                                                    ↥(lpMeas ℝ ℝ (MeasurableSpace.comap Prod.snd inferInstance) 2
                                                        (Measure.map (fun p => (p.1, p.1 + √η • p.2))
                                                          ((ℙ.tilted fun x => -V x).prod (stdGaussian E))))),
                                                  ‖((lpMeas ℝ ℝ (MeasurableSpace.comap Prod.snd inferInstance) 2
                                                              (Measure.map (fun p => (p.1, p.1 + √η • p.2))
                                                                ((ℙ.tilted fun x => -V x).prod
                                                                  (stdGaussian E)))).orthogonalProjectionOnto ∘SL
                                                          U.toContinuousLinearMap ∘SL
                                                            (lpMeas ℝ ℝ (MeasurableSpace.comap Prod.snd inferInstance) 2
                                                                (Measure.map (fun p => (p.1, p.1 + √η • p.2))
                                                                  ((ℙ.tilted fun x => -V x).prod
                                                                    (stdGaussian E)))).subtypeL)
                                                        f‖ ≤
                                                    ‖f‖) ∧
                                                (∀
                                                    (f :
                                                      ↥(lpMeas ℝ ℝ (MeasurableSpace.comap Prod.snd inferInstance) 2
                                                          (Measure.map (fun p => (p.1, p.1 + √η • p.2))
                                                            ((ℙ.tilted fun x => -V x).prod (stdGaussian E))))),
                                                    ((lpMeas ℝ ℝ (MeasurableSpace.comap Prod.snd inferInstance) 2
                                                              (Measure.map (fun p => (p.1, p.1 + √η • p.2))
                                                                ((ℙ.tilted fun x => -V x).prod
                                                                  (stdGaussian E)))).subtypeL ∘SL
                                                          condExpL2 ℝ ℝ ⋯)
                                                        ((((1 -
                                                                  (lpMeas ℝ ℝ
                                                                        (MeasurableSpace.comap Prod.snd inferInstance) 2
                                                                        (Measure.map (fun p => (p.1, p.1 + √η • p.2))
                                                                          ((ℙ.tilted fun x => -V x).prod
                                                                            (stdGaussian E)))).subtypeL ∘SL
                                                                    condExpL2 ℝ ℝ ⋯) *
                                                                U.toContinuousLinearMap *
                                                              (lpMeas ℝ ℝ (MeasurableSpace.comap Prod.snd inferInstance)
                                                                    2
                                                                    (Measure.map (fun p => (p.1, p.1 + √η • p.2))
                                                                      ((ℙ.tilted fun x => -V x).prod
                                                                        (stdGaussian E)))).subtypeL ∘SL
                                                                condExpL2 ℝ ℝ ⋯) ∘SL
                                                            (lpMeas ℝ ℝ (MeasurableSpace.comap Prod.snd inferInstance) 2
                                                                (Measure.map (fun p => (p.1, p.1 + √η • p.2))
                                                                  ((ℙ.tilted fun x => -V x).prod
                                                                    (stdGaussian E)))).subtypeL)
                                                          f) =
                                                      0) ∧
                                                  ∃ Γ,
                                                    Γ.IsPositive ∧
                                                      Γ * Γ = 1 - T * T ∧
                                                        (e.conjStarAlgEquiv Γ).IsPositive ∧
                                                          e.conjStarAlgEquiv Γ * e.conjStarAlgEquiv Γ =
                                                              1 -
                                                                (lpMeas ℝ ℝ
                                                                        (MeasurableSpace.comap Prod.snd inferInstance) 2
                                                                        (Measure.map (fun p => (p.1, p.1 + √η • p.2))
                                                                          ((ℙ.tilted fun x => -V x).prod
                                                                            (stdGaussian
                                                                              E)))).orthogonalProjectionOnto ∘SL
                                                                    U.toContinuousLinearMap ∘SL
                                                                      (lpMeas ℝ ℝ
                                                                          (MeasurableSpace.comap Prod.snd inferInstance)
                                                                          2
                                                                          (Measure.map (fun p => (p.1, p.1 + √η • p.2))
                                                                            ((ℙ.tilted fun x => -V x).prod
                                                                              (stdGaussian E)))).subtypeL *
                                                                  (lpMeas ℝ ℝ
                                                                        (MeasurableSpace.comap Prod.snd inferInstance) 2
                                                                        (Measure.map (fun p => (p.1, p.1 + √η • p.2))
                                                                          ((ℙ.tilted fun x => -V x).prod
                                                                            (stdGaussian
                                                                              E)))).orthogonalProjectionOnto ∘SL
                                                                    U.toContinuousLinearMap ∘SL
                                                                      (lpMeas ℝ ℝ
                                                                          (MeasurableSpace.comap Prod.snd inferInstance)
                                                                          2
                                                                          (Measure.map (fun p => (p.1, p.1 + √η • p.2))
                                                                            ((ℙ.tilted fun x => -V x).prod
                                                                              (stdGaussian E)))).subtypeL ∧
                                                            ContinuousLinearMap.adjoint
                                                                    (((1 -
                                                                            (lpMeas ℝ ℝ
                                                                                  (MeasurableSpace.comap Prod.snd
                                                                                    inferInstance)
                                                                                  2
                                                                                  (Measure.map
                                                                                    (fun p => (p.1, p.1 + √η • p.2))
                                                                                    ((ℙ.tilted fun x => -V x).prod
                                                                                      (stdGaussian E)))).subtypeL ∘SL
                                                                              condExpL2 ℝ ℝ ⋯) *
                                                                          U.toContinuousLinearMap *
                                                                        (lpMeas ℝ ℝ
                                                                              (MeasurableSpace.comap Prod.snd
                                                                                inferInstance)
                                                                              2
                                                                              (Measure.map
                                                                                (fun p => (p.1, p.1 + √η • p.2))
                                                                                ((ℙ.tilted fun x => -V x).prod
                                                                                  (stdGaussian E)))).subtypeL ∘SL
                                                                          condExpL2 ℝ ℝ ⋯) ∘SL
                                                                      (lpMeas ℝ ℝ
                                                                          (MeasurableSpace.comap Prod.snd inferInstance)
                                                                          2
                                                                          (Measure.map (fun p => (p.1, p.1 + √η • p.2))
                                                                            ((ℙ.tilted fun x => -V x).prod
                                                                              (stdGaussian E)))).subtypeL) ∘SL
                                                                  ((1 -
                                                                          (lpMeas ℝ ℝ
                                                                                (MeasurableSpace.comap Prod.snd
                                                                                  inferInstance)
                                                                                2
                                                                                (Measure.map
                                                                                  (fun p => (p.1, p.1 + √η • p.2))
                                                                                  ((ℙ.tilted fun x => -V x).prod
                                                                                    (stdGaussian E)))).subtypeL ∘SL
                                                                            condExpL2 ℝ ℝ ⋯) *
                                                                        U.toContinuousLinearMap *
                                                                      (lpMeas ℝ ℝ
                                                                            (MeasurableSpace.comap Prod.snd
                                                                              inferInstance)
                                                                            2
                                                                            (Measure.map
                                                                              (fun p => (p.1, p.1 + √η • p.2))
                                                                              ((ℙ.tilted fun x => -V x).prod
                                                                                (stdGaussian E)))).subtypeL ∘SL
                                                                        condExpL2 ℝ ℝ ⋯) ∘SL
                                                                    (lpMeas ℝ ℝ
                                                                        (MeasurableSpace.comap Prod.snd inferInstance) 2
                                                                        (Measure.map (fun p => (p.1, p.1 + √η • p.2))
                                                                          ((ℙ.tilted fun x => -V x).prod
                                                                            (stdGaussian E)))).subtypeL =
                                                                e.conjStarAlgEquiv Γ * e.conjStarAlgEquiv Γ ∧
                                                              ∃ q,
                                                                (↑↑q =ᵐ[(Measure.map (fun p => (p.1, p.1 + √η • p.2))
                                                                        ((ℙ.tilted fun x => -V x).prod
                                                                          (stdGaussian E))).snd]
                                                                    fun x => 1) ∧
                                                                  T q = q ∧
                                                                    (∀
                                                                        (u :
                                                                          ↥(Lp ℝ 2
                                                                              (Measure.map
                                                                                  (fun p => (p.1, p.1 + √η • p.2))
                                                                                  ((ℙ.tilted fun x => -V x).prod
                                                                                    (stdGaussian E))).snd)),
                                                                        ⟪q, u⟫ =
                                                                          ∫ (y : E),
                                                                            ↑↑u
                                                                              y ∂(Measure.map
                                                                                (fun p => (p.1, p.1 + √η • p.2))
                                                                                ((ℙ.tilted fun x => -V x).prod
                                                                                  (stdGaussian E))).snd) ∧
                                                                      (∀
                                                                          (f :
                                                                            ↥(lpMeas ℝ ℝ
                                                                                (MeasurableSpace.comap Prod.snd
                                                                                  inferInstance)
                                                                                2
                                                                                (Measure.map
                                                                                  (fun p => (p.1, p.1 + √η • p.2))
                                                                                  ((ℙ.tilted fun x => -V x).prod
                                                                                    (stdGaussian E))))),
                                                                          f ∈ (↑((innerSL ℝ) (e q))).ker ↔
                                                                            ∫ (y : E),
                                                                                ↑↑(e.symm f)
                                                                                  y ∂(Measure.map
                                                                                    (fun p => (p.1, p.1 + √η • p.2))
                                                                                    ((ℙ.tilted fun x => -V x).prod
                                                                                      (stdGaussian E))).snd =
                                                                              0) ∧
                                                                        (e.conjStarAlgEquiv Γ) (e q) = 0 ∧
                                                                          0 < 2 * √(↑α * η) / (1 + ↑α * η) ∧
                                                                            ∃ ΓP0,
                                                                              (∀ (f : ↥(↑((innerSL ℝ) (e q))).ker),
                                                                                  ↑(ΓP0 f) =
                                                                                    (e.conjStarAlgEquiv Γ) ↑f) ∧
                                                                                ΓP0.IsPositive ∧
                                                                                  (ΓP0 -
                                                                                        (2 * √(↑α * η) / (1 + ↑α * η)) •
                                                                                          1).IsPositive ∧
                                                                                    IsUnit ΓP0 ∧
                                                                                      ∃ Inv,
                                                                                        Inv * ΓP0 = 1 ∧
                                                                                          ΓP0 * Inv = 1 ∧
                                                                                            ‖Inv‖ ≤
                                                                                                1 /
                                                                                                  (2 * √(↑α * η) /
                                                                                                    (1 + ↑α * η)) ∧
                                                                                              ∃ B0,
                                                                                                (∀ (f : ↥⋯.ker),
                                                                                                    ↑⋯ = ⋯ ⋯) ∧
                                                                                                  ∃ V0, V0 = ⋯ ∧ ⋯ ∧ ⋯
⊢ IsProbabilityMeasure (ℙ.tilted fun x => -V x) ∧
    IsProbabilityMeasure
        (Measure.map (fun p => (p.1, p.1 + √η • p.2)) ((ℙ.tilted fun x => -V x).prod (stdGaussian E))) ∧
      IsProbabilityMeasure
          (Measure.map (fun p => (p.1, p.1 + √η • p.2)) ((ℙ.tilted fun x => -V x).prod (stdGaussian E))).snd ∧
        lpMeas ℝ ℝ (MeasurableSpace.comap Prod.snd inferInstance) 2
              (Measure.map (fun p => (p.1, p.1 + √η • p.2)) ((ℙ.tilted fun x => -V x).prod (stdGaussian E))) =
            (↑((lpMeas ℝ ℝ (MeasurableSpace.comap Prod.snd inferInstance) 2
                      (Measure.map (fun p => (p.1, p.1 + √η • p.2))
                        ((ℙ.tilted fun x => -V x).prod (stdGaussian E)))).subtypeL ∘SL
                  condExpL2 ℝ ℝ ⋯)).range ∧
          (∀
              (f :
                ↥(lpMeas ℝ ℝ (MeasurableSpace.comap Prod.snd inferInstance) 2
                    (Measure.map (fun p => (p.1, p.1 + √η • p.2)) ((ℙ.tilted fun x => -V x).prod (stdGaussian E))))),
              ((lpMeas ℝ ℝ (MeasurableSpace.comap Prod.snd inferInstance) 2
                        (Measure.map (fun p => (p.1, p.1 + √η • p.2))
                          ((ℙ.tilted fun x => -V x).prod (stdGaussian E)))).subtypeL ∘SL
                    condExpL2 ℝ ℝ ⋯)
                  ↑f =
                ↑f) ∧
            ∃ S,
              IsMarkovKernel S ∧
                (∀ (y : E), S y = ℙ.tilted fun x => -V ((1 / 2) • (y + x)) - ‖y - x‖ ^ 2 / (8 * η)) ∧
                  (Measure.map (fun p => (p.2, 2 • p.1 - p.2))
                          (Measure.map (fun p => (p.1, p.1 + √η • p.2))
                            ((ℙ.tilted fun x => -V x).prod (stdGaussian E)))).IsCondKernel
                      S ∧
                    (Measure.map (fun p => (p.2, 2 • p.1 - p.2))
                            (Measure.map (fun p => (p.1, p.1 + √η • p.2))
                              ((ℙ.tilted fun x => -V x).prod (stdGaussian E)))).fst =
                        (Measure.map (fun p => (p.1, p.1 + √η • p.2))
                            ((ℙ.tilted fun x => -V x).prod (stdGaussian E))).snd ∧
                      (Measure.map (fun p => (p.2, 2 • p.1 - p.2))
                              (Measure.map (fun p => (p.1, p.1 + √η • p.2))
                                ((ℙ.tilted fun x => -V x).prod (stdGaussian E)))).snd =
                          (Measure.map (fun p => (p.1, p.1 + √η • p.2))
                              ((ℙ.tilted fun x => -V x).prod (stdGaussian E))).snd ∧
                        ∃ e,
                          (∀
                              (u :
                                ↥(Lp ℝ 2
                                    (Measure.map (fun p => (p.1, p.1 + √η • p.2))
                                        ((ℙ.tilted fun x => -V x).prod (stdGaussian E))).snd)),
                              ↑(e u) = (Lp.compMeasurePreservingₗᵢ ℝ Prod.snd ⋯) u) ∧
                            ∃ U,
                              (∀
                                  (g :
                                    ↥(Lp ℝ 2
                                        (Measure.map (fun p => (p.1, p.1 + √η • p.2))
                                          ((ℙ.tilted fun x => -V x).prod (stdGaussian E))))),
                                  ↑↑(U
                                          g) =ᵐ[Measure.map (fun p => (p.1, p.1 + √η • p.2))
                                      ((ℙ.tilted fun x => -V x).prod (stdGaussian E))]
                                    ↑↑g ∘ fun p => (p.1, 2 • p.1 - p.2)) ∧
                                Function.Involutive ⇑U ∧
                                  IsSelfAdjoint U.toContinuousLinearMap ∧
                                    ∃ T,
                                      IsSelfAdjoint T ∧
                                        (∀
                                            (u :
                                              ↥(Lp ℝ 2
                                                  (Measure.map (fun p => (p.1, p.1 + √η • p.2))
                                                      ((ℙ.tilted fun x => -V x).prod (stdGaussian E))).snd)),
                                            ‖T u‖ ≤ ‖u‖ ∧
                                              (↑↑(T
                                                        u) =ᵐ[(Measure.map (fun p => (p.1, p.1 + √η • p.2))
                                                      ((ℙ.tilted fun x => -V x).prod (stdGaussian E))).snd]
                                                  fun y => ∫ (x : E), ↑↑u x ∂S y) ∧
                                                ∫ (y : E),
                                                    ↑↑(T u)
                                                      y ∂(Measure.map (fun p => (p.1, p.1 + √η • p.2))
                                                        ((ℙ.tilted fun x => -V x).prod (stdGaussian E))).snd =
                                                  ∫ (y : E),
                                                    ↑↑u
                                                      y ∂(Measure.map (fun p => (p.1, p.1 + √η • p.2))
                                                        ((ℙ.tilted fun x => -V x).prod (stdGaussian E))).snd) ∧
                                          (lpMeas ℝ ℝ (MeasurableSpace.comap Prod.snd inferInstance) 2
                                                    (Measure.map (fun p => (p.1, p.1 + √η • p.2))
                                                      ((ℙ.tilted fun x => -V x).prod
                                                        (stdGaussian E)))).orthogonalProjectionOnto ∘SL
                                                U.toContinuousLinearMap ∘SL
                                                  (lpMeas ℝ ℝ (MeasurableSpace.comap Prod.snd inferInstance) 2
                                                      (Measure.map (fun p => (p.1, p.1 + √η • p.2))
                                                        ((ℙ.tilted fun x => -V x).prod (stdGaussian E)))).subtypeL =
                                              e.conjStarAlgEquiv T ∧
                                            IsSelfAdjoint
                                                ((lpMeas ℝ ℝ (MeasurableSpace.comap Prod.snd inferInstance) 2
                                                      (Measure.map (fun p => (p.1, p.1 + √η • p.2))
                                                        ((ℙ.tilted fun x => -V x).prod
                                                          (stdGaussian E)))).orthogonalProjectionOnto ∘SL
                                                  U.toContinuousLinearMap ∘SL
                                                    (lpMeas ℝ ℝ (MeasurableSpace.comap Prod.snd inferInstance) 2
                                                        (Measure.map (fun p => (p.1, p.1 + √η • p.2))
                                                          ((ℙ.tilted fun x => -V x).prod (stdGaussian E)))).subtypeL) ∧
                                              (∀
                                                  (f :
                                                    ↥(lpMeas ℝ ℝ (MeasurableSpace.comap Prod.snd inferInstance) 2
                                                        (Measure.map (fun p => (p.1, p.1 + √η • p.2))
                                                          ((ℙ.tilted fun x => -V x).prod (stdGaussian E))))),
                                                  ‖((lpMeas ℝ ℝ (MeasurableSpace.comap Prod.snd inferInstance) 2
                                                              (Measure.map (fun p => (p.1, p.1 + √η • p.2))
                                                                ((ℙ.tilted fun x => -V x).prod
                                                                  (stdGaussian E)))).orthogonalProjectionOnto ∘SL
                                                          U.toContinuousLinearMap ∘SL
                                                            (lpMeas ℝ ℝ (MeasurableSpace.comap Prod.snd inferInstance) 2
                                                                (Measure.map (fun p => (p.1, p.1 + √η • p.2))
                                                                  ((ℙ.tilted fun x => -V x).prod
                                                                    (stdGaussian E)))).subtypeL)
                                                        f‖ ≤
                                                    ‖f‖) ∧
                                                (∀
                                                    (f :
                                                      ↥(lpMeas ℝ ℝ (MeasurableSpace.comap Prod.snd inferInstance) 2
                                                          (Measure.map (fun p => (p.1, p.1 + √η • p.2))
                                                            ((ℙ.tilted fun x => -V x).prod (stdGaussian E))))),
                                                    ((lpMeas ℝ ℝ (MeasurableSpace.comap Prod.snd inferInstance) 2
                                                              (Measure.map (fun p => (p.1, p.1 + √η • p.2))
                                                                ((ℙ.tilted fun x => -V x).prod
                                                                  (stdGaussian E)))).subtypeL ∘SL
                                                          condExpL2 ℝ ℝ ⋯)
                                                        ((((1 -
                                                                  (lpMeas ℝ ℝ
                                                                        (MeasurableSpace.comap Prod.snd inferInstance) 2
                                                                        (Measure.map (fun p => (p.1, p.1 + √η • p.2))
                                                                          ((ℙ.tilted fun x => -V x).prod
                                                                            (stdGaussian E)))).subtypeL ∘SL
                                                                    condExpL2 ℝ ℝ ⋯) *
                                                                U.toContinuousLinearMap *
                                                              (lpMeas ℝ ℝ (MeasurableSpace.comap Prod.snd inferInstance)
                                                                    2
                                                                    (Measure.map (fun p => (p.1, p.1 + √η • p.2))
                                                                      ((ℙ.tilted fun x => -V x).prod
                                                                        (stdGaussian E)))).subtypeL ∘SL
                                                                condExpL2 ℝ ℝ ⋯) ∘SL
                                                            (lpMeas ℝ ℝ (MeasurableSpace.comap Prod.snd inferInstance) 2
                                                                (Measure.map (fun p => (p.1, p.1 + √η • p.2))
                                                                  ((ℙ.tilted fun x => -V x).prod
                                                                    (stdGaussian E)))).subtypeL)
                                                          f) =
                                                      0) ∧
                                                  ∃ Γ,
                                                    Γ.IsPositive ∧
                                                      Γ * Γ = 1 - T * T ∧
                                                        (e.conjStarAlgEquiv Γ).IsPositive ∧
                                                          e.conjStarAlgEquiv Γ * e.conjStarAlgEquiv Γ =
                                                              1 -
                                                                (lpMeas ℝ ℝ
                                                                        (MeasurableSpace.comap Prod.snd inferInstance) 2
                                                                        (Measure.map (fun p => (p.1, p.1 + √η • p.2))
                                                                          ((ℙ.tilted fun x => -V x).prod
                                                                            (stdGaussian
                                                                              E)))).orthogonalProjectionOnto ∘SL
                                                                    U.toContinuousLinearMap ∘SL
                                                                      (lpMeas ℝ ℝ
                                                                          (MeasurableSpace.comap Prod.snd inferInstance)
                                                                          2
                                                                          (Measure.map (fun p => (p.1, p.1 + √η • p.2))
                                                                            ((ℙ.tilted fun x => -V x).prod
                                                                              (stdGaussian E)))).subtypeL *
                                                                  (lpMeas ℝ ℝ
                                                                        (MeasurableSpace.comap Prod.snd inferInstance) 2
                                                                        (Measure.map (fun p => (p.1, p.1 + √η • p.2))
                                                                          ((ℙ.tilted fun x => -V x).prod
                                                                            (stdGaussian
                                                                              E)))).orthogonalProjectionOnto ∘SL
                                                                    U.toContinuousLinearMap ∘SL
                                                                      (lpMeas ℝ ℝ
                                                                          (MeasurableSpace.comap Prod.snd inferInstance)
                                                                          2
                                                                          (Measure.map (fun p => (p.1, p.1 + √η • p.2))
                                                                            ((ℙ.tilted fun x => -V x).prod
                                                                              (stdGaussian E)))).subtypeL ∧
                                                            ContinuousLinearMap.adjoint
                                                                    (((1 -
                                                                            (lpMeas ℝ ℝ
                                                                                  (MeasurableSpace.comap Prod.snd
                                                                                    inferInstance)
                                                                                  2
                                                                                  (Measure.map
                                                                                    (fun p => (p.1, p.1 + √η • p.2))
                                                                                    ((ℙ.tilted fun x => -V x).prod
                                                                                      (stdGaussian E)))).subtypeL ∘SL
                                                                              condExpL2 ℝ ℝ ⋯) *
                                                                          U.toContinuousLinearMap *
                                                                        (lpMeas ℝ ℝ
                                                                              (MeasurableSpace.comap Prod.snd
                                                                                inferInstance)
                                                                              2
                                                                              (Measure.map
                                                                                (fun p => (p.1, p.1 + √η • p.2))
                                                                                ((ℙ.tilted fun x => -V x).prod
                                                                                  (stdGaussian E)))).subtypeL ∘SL
                                                                          condExpL2 ℝ ℝ ⋯) ∘SL
                                                                      (lpMeas ℝ ℝ
                                                                          (MeasurableSpace.comap Prod.snd inferInstance)
                                                                          2
                                                                          (Measure.map (fun p => (p.1, p.1 + √η • p.2))
                                                                            ((ℙ.tilted fun x => -V x).prod
                                                                              (stdGaussian E)))).subtypeL) ∘SL
                                                                  ((1 -
                                                                          (lpMeas ℝ ℝ
                                                                                (MeasurableSpace.comap Prod.snd
                                                                                  inferInstance)
                                                                                2
                                                                                (Measure.map
                                                                                  (fun p => (p.1, p.1 + √η • p.2))
                                                                                  ((ℙ.tilted fun x => -V x).prod
                                                                                    (stdGaussian E)))).subtypeL ∘SL
                                                                            condExpL2 ℝ ℝ ⋯) *
                                                                        U.toContinuousLinearMap *
                                                                      (lpMeas ℝ ℝ
                                                                            (MeasurableSpace.comap Prod.snd
                                                                              inferInstance)
                                                                            2
                                                                            (Measure.map
                                                                              (fun p => (p.1, p.1 + √η • p.2))
                                                                              ((ℙ.tilted fun x => -V x).prod
                                                                                (stdGaussian E)))).subtypeL ∘SL
                                                                        condExpL2 ℝ ℝ ⋯) ∘SL
                                                                    (lpMeas ℝ ℝ
                                                                        (MeasurableSpace.comap Prod.snd inferInstance) 2
                                                                        (Measure.map (fun p => (p.1, p.1 + √η • p.2))
                                                                          ((ℙ.tilted fun x => -V x).prod
                                                                            (stdGaussian E)))).subtypeL =
                                                                e.conjStarAlgEquiv Γ * e.conjStarAlgEquiv Γ ∧
                                                              ∃ q,
                                                                (↑↑q =ᵐ[(Measure.map (fun p => (p.1, p.1 + √η • p.2))
                                                                        ((ℙ.tilted fun x => -V x).prod
                                                                          (stdGaussian E))).snd]
                                                                    fun x => 1) ∧
                                                                  T q = q ∧
                                                                    (∀
                                                                        (u :
                                                                          ↥(Lp ℝ 2
                                                                              (Measure.map
                                                                                  (fun p => (p.1, p.1 + √η • p.2))
                                                                                  ((ℙ.tilted fun x => -V x).prod
                                                                                    (stdGaussian E))).snd)),
                                                                        ⟪q, u⟫ =
                                                                          ∫ (y : E),
                                                                            ↑↑u
                                                                              y ∂(Measure.map
                                                                                (fun p => (p.1, p.1 + √η • p.2))
                                                                                ((ℙ.tilted fun x => -V x).prod
                                                                                  (stdGaussian E))).snd) ∧
                                                                      (∀
                                                                          (f :
                                                                            ↥(lpMeas ℝ ℝ
                                                                                (MeasurableSpace.comap Prod.snd
                                                                                  inferInstance)
                                                                                2
                                                                                (Measure.map
                                                                                  (fun p => (p.1, p.1 + √η • p.2))
                                                                                  ((ℙ.tilted fun x => -V x).prod
                                                                                    (stdGaussian E))))),
                                                                          f ∈ (↑((innerSL ℝ) (e q))).ker ↔
                                                                            ∫ (y : E),
                                                                                ↑↑(e.symm f)
                                                                                  y ∂(Measure.map
                                                                                    (fun p => (p.1, p.1 + √η • p.2))
                                                                                    ((ℙ.tilted fun x => -V x).prod
                                                                                      (stdGaussian E))).snd =
                                                                              0) ∧
                                                                        (e.conjStarAlgEquiv Γ) (e q) = 0 ∧
                                                                          0 < 2 * √(↑α * η) / (1 + ↑α * η) ∧
                                                                            ∃ ΓP0,
                                                                              (∀ (f : ↥(↑((innerSL ℝ) (e q))).ker),
                                                                                  ↑(ΓP0 f) =
                                                                                    (e.conjStarAlgEquiv Γ) ↑f) ∧
                                                                                ΓP0.IsPositive ∧
                                                                                  (ΓP0 -
                                                                                        (2 * √(↑α * η) / (1 + ↑α * η)) •
                                                                                          1).IsPositive ∧
                                                                                    IsUnit ΓP0 ∧
                                                                                      ∃ Inv,
                                                                                        Inv * ΓP0 = 1 ∧
                                                                                          ΓP0 * Inv = 1 ∧
                                                                                            ‖Inv‖ ≤
                                                                                                1 /
                                                                                                  (2 * √(↑α * η) /
                                                                                                    (1 + ↑α * η)) ∧
                                                                                              ∃ B0,
                                                                                                (∀ (f : ↥⋯), ⋯ = ⋯) ∧
                                                                                                  ∃ V0, ⋯ ∧ ⋯
error: AutoSamplingTheory/ExampleCases/ProximalBPS/AmbientAdjointCorrector.lean:11:8: unknown free variable `_fvar.8858`
error: Lean exited with code 1
Some required targets logged failures:
- AutoSamplingTheory.ExampleCases.ProximalBPS.AmbientAdjointCorrector
