{
  "advances": [
    {
      "advance_id": "ASTIS-SA-20261005-SPHMCImplementedPhaseKernel",
      "checkpoint_count": 0,
      "created_at": "2026-10-05T06:01:35+00:00",
      "created_by": "root-samplinglib-writer",
      "dag_inputs": [
        "AutoSamplingTheory.ExampleCases.SmoothedPicardHMC.ApproximateProximalExecution.approximate_proximal_execution"
      ],
      "event": "proposal",
      "fingerprint": "176f9eb112f235932ff35292addf72fe987915f3d207aca7b57dd09f955310ff",
      "focused_checks": [
        "lake build Tests.SmoothedPicardHMCImplementedPhaseKernel"
      ],
      "frontier_cell": "ASTIS-SW-SPHMC-implemented-phase-kernel",
      "goal": "Construct the explicit independent product Gaussian law, both stopped-proximal Picard layers, second refresh, and the measurable Markov kernel for one implemented phase.",
      "last_actor": "companion_root_20261005",
      "latest_evidence": {
        "canonical_branch": "codex/sphmc-standardized-rgo",
        "integration_owner": "companion_root_20261005",
        "publication_declarations": [
          "AutoSamplingTheory.ExampleCases.SmoothedPicardHMC.ImplementedPhaseKernel.implemented_phase_kernel"
        ],
        "verified_commit": "eac95b96ed95ec926c27900020710e994076e7cb"
      },
      "modes": [],
      "needs_diagnosis": false,
      "no_progress_streak": 0,
      "owner_id": "root-samplinglib-writer",
      "priority": 100,
      "proposed_files": [
        "AutoSamplingTheory/ExampleCases/SmoothedPicardHMC/ImplementedPhaseKernel.lean",
        "Tests/SmoothedPicardHMCImplementedPhaseKernel.lean"
      ],
      "publication_declarations": [
        "AutoSamplingTheory.ExampleCases.SmoothedPicardHMC.ImplementedPhaseKernel.implemented_phase_kernel"
      ],
      "schema_version": 4,
      "source_anchor": "arXiv:2609.06906v1 Algorithm 3.1 steps 1-4 (HTML lines 282-306), Appendix D.1 (D.1) and D.2 Algorithm D.2 / Lemma D.3",
      "state": "STABILIZING",
      "target_declarations": [
        "AutoSamplingTheory.ExampleCases.SmoothedPicardHMC.ImplementedPhaseKernel.implemented_phase_kernel"
      ],
      "task_id": "ASTIS-SW-SPHMC-2026",
      "theorem_delta": "Actual measurable implemented two-layer phase and explicit independent Gaussian pushforward transition law.",
      "truth_boundary": "One implemented two-layer phase for supplied finite deterministic nodes and weights. Chebyshev-Lobatto coefficient construction, repeated history, Wp errors, stationarity, D.7/D.8 run-wide bounds and main theorems remain separate.",
      "updated_at": "2026-10-05T06:26:13+00:00"
    },
    {
      "advance_id": "ASTIS-SA-20261008-PBPSPositiveDefectComplexLift",
      "checkpoint_count": 1,
      "created_at": "2026-10-08T14:59:12+00:00",
      "created_by": "companion_root_20261005",
      "dag_inputs": [
        "ASTIS-SW-PBPS-centered-selfadjoint-defect"
      ],
      "event": "proposal",
      "fingerprint": "65e19282e4297f2960318b0fab8955ae6f879ba378720094955ec1cc6c2da0c0",
      "focused_checks": [
        "lake build Tests.ProximalBPSDefectComplexLift"
      ],
      "frontier_cell": "ASTIS-SW-PBPS-positive-defect-complex-lift",
      "goal": "Construct genuine positive complexification of real L2 operators and consume actual PBPS positive D under original source hypotheses.",
      "last_actor": "/root/whole_math52/exact-science60",
      "latest_checkpoint": {
        "advance_id": "ASTIS-SA-20261008-PBPSPositiveDefectComplexLift",
        "context_characters": 0,
        "created_at": "2026-10-08T15:30:09+00:00",
        "event": "checkpoint",
        "exact_residual": "Independent math/anonymous/source/publication/aggregate admission pending. No real root/descent/Gamma/B11/polar/dynamics/main/error/cost/composition closure.",
        "mathematical_delta": "Actual positive L2 complex lift with isometric real embedding, exact pointwise-conjugation fixed range, literal two-component operator formula/intertwining/conjugation compatibility.",
        "needs_diagnosis": false,
        "no_progress_streak": 1,
        "progress_signature": "3915PASS-two-unchanged-sealed-headers-standard3-complex-CFC-test",
        "route_fingerprint": "positive-real-L2-actual-complexification-fixed-range-canonical-scalar-action",
        "schema_version": 4,
        "worker_id": "companion_root_20261005"
      },
      "latest_evidence": {
        "checked_commit": "0a77416f5ec38702c46ec1358966b9dd4846c8d3",
        "exact_scope": "Positive real-to-complex L2 lift and actual same PBPS positive defect adapter; complex-root anonymous Test API consumer only.",
        "fake_closure_scan": {
          "bytes": 13378,
          "lf_bytes": 13378,
          "lf_sha256": "d4de7c86dd72a0a3f165460c87144c58334ee6ecf8a1bb3dcb5979a45dbe2476",
          "path": "E:/Samplinglib/runs/20261007-companion-priority/pbps-real-complex-lift60/exact-science-verification/fake-closure-axioms.json",
          "raw_sha256": "d4de7c86dd72a0a3f165460c87144c58334ee6ecf8a1bb3dcb5979a45dbe2476"
        },
        "gate": {
          "actual_other_gates": {
            "bytes": 6880,
            "lf_bytes": 6880,
            "lf_sha256": "6559e59b223563aec2275ccd068262cfd0bd17d9b3ce6d1f103a40e541fe797c",
            "path": "E:/Samplinglib/runs/20261007-companion-priority/pbps-real-complex-lift60/exact-science-verification/gates.json",
            "raw_sha256": "6559e59b223563aec2275ccd068262cfd0bd17d9b3ce6d1f103a40e541fe797c"
          },
          "focused": {
            "actual_PID": 40804,
            "command": [
              "C:\\Users\\admin\\.elan\\bin\\lake.EXE",
              "build",
              "Tests.ProximalBPSDefectComplexLift"
            ],
            "exit_code": 0,
            "label": "focused",
            "stderr": {
              "bytes": 0,
              "lf_bytes": 0,
              "lf_sha256": "e3b0c44298fc1c149afbf4c8996fb92427ae41e4649b934ca495991b7852b855",
              "path": "E:/Samplinglib/runs/20261007-companion-priority/pbps-real-complex-lift60/exact-science-verification/focused.stderr.log",
              "raw_sha256": "e3b0c44298fc1c149afbf4c8996fb92427ae41e4649b934ca495991b7852b855"
            },
            "stdout": {
              "bytes": 23351,
              "lf_bytes": 23351,
              "lf_sha256": "b7f5876f0f070818bbb51900044ac561019be35fd972b89768292ad9e8f97a3a",
              "path": "E:/Samplinglib/runs/20261007-companion-priority/pbps-real-complex-lift60/exact-science-verification/focused.stdout.log",
              "raw_sha256": "b7f5876f0f070818bbb51900044ac561019be35fd972b89768292ad9e8f97a3a"
            },
            "terminal_closed": true
          },
          "publication_reviewed": {
            "bytes": 1874,
            "lf_bytes": 1874,
            "lf_sha256": "8f8e87e38d21e689b2cf994f51b1429de5cc5fd822a1e9fa0943b6ba358d0ce3",
            "path": "E:/Samplinglib/runs/20261007-companion-priority/pbps-real-complex-lift60/exact-science-verification/source-publication-gate.json",
            "raw_sha256": "8f8e87e38d21e689b2cf994f51b1429de5cc5fd822a1e9fa0943b6ba358d0ce3"
          }
        },
        "historical_ledger_snapshot": {
          "bytes": 3714371,
          "lf_bytes": 3713256,
          "lf_sha256": "58e2453d41edc4df54300290c6c77e58c64df75d245f11f71f7fbe6fcfb08778",
          "path": "E:/Samplinglib/runs/20261007-companion-priority/pbps-real-complex-lift60/exact-science-verification/ledger.before-VERIFIED.exactraw.snapshot.jsonl",
          "raw_sha256": "7c2096c63378b5c0c60d703668cdacfe4b681cce02de0b53642b83f2b3f895a1"
        },
        "named_exact_verification_payload_sha256": "f266652619988b650a289667fe493e2a9b72406b7532a899b132eac30eb05212",
        "native_payload_path": "E:/Samplinglib/runs/20261007-companion-priority/pbps-real-complex-lift60/exact-science-verification/payload.json",
        "publication_declarations": [
          "AutoSamplingTheory.TechnicalLemmas.Measure.L2RealComplexOperator.exists_positive_complex_lift",
          "AutoSamplingTheory.ExampleCases.ProximalBPS.DefectComplexLift.actual_positive_defect_complex_lift"
        ],
        "remaining_boundary": [
          "Real root descent/conjugation preservation/uniqueness/Gamma/Gamma0/B11/B15/B16/polar/full weakH1/dynamics/main/error/cost/composition/full-paper/Goal remain open.",
          "Mandatory aggregate root/Tests/Registry/graph/site deferred to root serialized integration; not run here.",
          "Full-staged whitespace NEGATIVE159findings12exactimmutablepaths; authored complement alone PASS.",
          "One postcommit root observer log split is explicit; no all358 current/Git equality claim.",
          "Reader schema negatives and actual Git negative preserved; no original CLOSED math/source/decoder edits."
        ],
        "source_audit": [
          "E:/Samplinglib/research-wiki/semantic-roundtrip/audits/ASTIS-RT-20261008-L2PositiveComplexLift.json",
          "E:/Samplinglib/research-wiki/semantic-roundtrip/audits/ASTIS-RT-20261008-PBPSPositiveDefectComplexLift.json"
        ],
        "verified_commit": "0a77416f5ec38702c46ec1358966b9dd4846c8d3",
        "verifier_id": "/root/whole_math52/exact-science60"
      },
      "modes": [
        "faithfulPaper"
      ],
      "needs_diagnosis": false,
      "no_progress_streak": 1,
      "owner_id": "companion_root_20261005",
      "priority": 100,
      "proposed_files": [
        "AutoSamplingTheory/TechnicalLemmas/Measure/L2RealComplexOperator.lean",
        "AutoSamplingTheory/ExampleCases/ProximalBPS/DefectComplexLift.lean",
        "Tests/ProximalBPSDefectComplexLift.lean"
      ],
      "publication_declarations": [
        "AutoSamplingTheory.TechnicalLemmas.Measure.L2RealComplexOperator.exists_positive_complex_lift",
        "AutoSamplingTheory.ExampleCases.ProximalBPS.DefectComplexLift.actual_positive_defect_complex_lift"
      ],
      "schema_version": 4,
      "source_anchor": "Appendix D.1 real Hilbert conventions and positive square-root background; B.10-B.11 actual all-macro square-root prerequisite, attributed ASTIS complexification completion, not a printed paper theorem.",
      "state": "VERIFIED",
      "target_declarations": [
        "AutoSamplingTheory.TechnicalLemmas.Measure.L2RealComplexOperator.exists_positive_complex_lift",
        "AutoSamplingTheory.ExampleCases.ProximalBPS.DefectComplexLift.actual_positive_defect_complex_lift"
      ],
      "task_id": "ASTIS-SW-PBPS-2026",
      "theorem_delta": "Actual positive L2 complex lift with isometric real embedding, exact pointwise-conjugation fixed range, literal two-component operator formula/intertwining/conjugation compatibility.",
      "truth_boundary": "No root, real descent of complex CFC root, uniqueness, Gamma0/B15/B16, weakH1/dynamics/main/error/querycost/composition, paper or Goal closure.",
      "updated_at": "2026-10-08T16:00:53+00:00"
    },
    {
      "advance_id": "ASTIS-SA-20261008-PBPSCenteredDefectOperator",
      "checkpoint_count": 2,
      "created_at": "2026-10-08T11:33:43+00:00",
      "created_by": "companion_root_20261005",
      "dag_inputs": [
        "ASTIS-SW-PBPS-l2-macroscopic-mean",
        "ASTIS-SW-PBPS-centered-macro-defect-gap"
      ],
      "event": "proposal",
      "fingerprint": "ece8591e74d2eb74ab5f37fb0a79608bcdec338684e6e1abf128df22d23f1ca4",
      "focused_checks": [
        "lake build AutoSamplingTheory.ExampleCases.ProximalBPS.CenteredDefectOperator",
        "lake build Tests.ProximalBPSCenteredDefect"
      ],
      "frontier_cell": "ASTIS-SW-PBPS-centered-selfadjoint-defect",
      "goal": "SAME actual55 T on L2(nu), selfadjoint/mean preserving/constant fixed, exact complete mean-zero restriction T0, full and centered positive squared defects; real Test uses actual58 rho/delta to prove IsUnit centered squared defect. No Gamma/root/polar/full weakH1/hypocoercivity/dynamics/main/implementation error/cost/composition/fullpaper/Goal admission.",
      "last_actor": "/root/whole_math52/exact-science59",
      "latest_checkpoint": {
        "advance_id": "ASTIS-SA-20261008-PBPSCenteredDefectOperator",
        "context_characters": 0,
        "created_at": "2026-10-08T12:47:14+00:00",
        "event": "checkpoint",
        "exact_residual": "Independent proof/anonymous decoder/source/publication/aggregate admission pending; Gamma/root/polar/fullH1/dynamics/main/error/cost/composition remain open.",
        "mathematical_delta": "Actual complete centered Hilbert defect operator and sharp coercive squared-defect unit on true Gaussian marginal.",
        "needs_diagnosis": false,
        "no_progress_streak": 1,
        "progress_signature": "3911PASS-two-v3-sealed-headers-standard3",
        "route_fingerprint": "actual-centered-selfadjoint-positive-squared-defect-v3-explicit-norm-and-coercive-unit",
        "schema_version": 4,
        "worker_id": "companion_root_20261005"
      },
      "latest_evidence": {
        "cells_mutated_by_verifier": false,
        "checked_commit": "2d6cd0167adc4fae1d8d166068a2eda51cd3c3ad",
        "exact_scope": "Independent exact-science verification of actual_centered_selfadjoint_defect and actual_centered_defect_coercive_and_unit",
        "fake_closure_scan": {
          "bytes": 4536,
          "lf_bytes": 4536,
          "lf_sha256": "442ad16b22e6d4e455e38e842f20cb6633644bd23b6ccc66e807517ee1b1b9fa",
          "path": "E:/Samplinglib/runs/20261007-companion-priority/pbps-centered-defect59/exact-science-verification/headers-and-fake-scan.json",
          "raw_sha256": "442ad16b22e6d4e455e38e842f20cb6633644bd23b6ccc66e807517ee1b1b9fa"
        },
        "gate": {
          "changed_module_inventory": {
            "bytes": 1156,
            "lf_bytes": 1156,
            "lf_sha256": "b74b6bc671b46599ad68ed2bc910b227208e34f0e0206737e762cbd9d4f43db9",
            "path": "E:/Samplinglib/runs/20261007-companion-priority/pbps-centered-defect59/exact-science-verification/publication.changed-module.status.json",
            "raw_sha256": "b74b6bc671b46599ad68ed2bc910b227208e34f0e0206737e762cbd9d4f43db9"
          },
          "contributor": {
            "bytes": 1093,
            "lf_bytes": 1093,
            "lf_sha256": "674bc6d8f4b05e6f0a57d9bd89a45ef90a6b405a432b7e4e94a8c3e5d1ec6dba",
            "path": "E:/Samplinglib/runs/20261007-companion-priority/pbps-centered-defect59/exact-science-verification/contributor.status.json",
            "raw_sha256": "674bc6d8f4b05e6f0a57d9bd89a45ef90a6b405a432b7e4e94a8c3e5d1ec6dba"
          },
          "focused": {
            "bytes": 2000,
            "lf_bytes": 2000,
            "lf_sha256": "5b3062beb8f705c21217a9366a5a97f15631eb39a5e77e60f6b873bdd6104c45",
            "path": "E:/Samplinglib/runs/20261007-companion-priority/pbps-centered-defect59/exact-science-verification/focused.status.json",
            "raw_sha256": "5b3062beb8f705c21217a9366a5a97f15631eb39a5e77e60f6b873bdd6104c45"
          },
          "frontier": {
            "bytes": 1041,
            "lf_bytes": 1041,
            "lf_sha256": "6c26714e2b4487e78deff65c6c43797109be14d6fc26a283d031a485457a312f",
            "path": "E:/Samplinglib/runs/20261007-companion-priority/pbps-centered-defect59/exact-science-verification/frontier.status.json",
            "raw_sha256": "6c26714e2b4487e78deff65c6c43797109be14d6fc26a283d031a485457a312f"
          },
          "full_aggregate": "DEFERRED_TO_SERIALIZED_ROOT_INTEGRATION",
          "reviewed_publication": {
            "bytes": 1344,
            "lf_bytes": 1344,
            "lf_sha256": "b55896cb01dec811d5e5b970a5870a28d6943e3b66a62d895bfe01da654c59c5",
            "path": "E:/Samplinglib/runs/20261007-companion-priority/pbps-centered-defect59/exact-science-verification/publication.reviewed.status.json",
            "raw_sha256": "b55896cb01dec811d5e5b970a5870a28d6943e3b66a62d895bfe01da654c59c5"
          },
          "semantic": {
            "bytes": 1045,
            "lf_bytes": 1045,
            "lf_sha256": "ae0df2e58dc708fa065b491d70a579e55bc5311a7cc8fac5590f1a90bf18e3d2",
            "path": "E:/Samplinglib/runs/20261007-companion-priority/pbps-centered-defect59/exact-science-verification/semantic.status.json",
            "raw_sha256": "ae0df2e58dc708fa065b491d70a579e55bc5311a7cc8fac5590f1a90bf18e3d2"
          }
        },
        "named_exact_verification_payload_sha256": "badd35e6dceebd339b39ebe6f4461acb3c830af8c7a3dda18dc173bfe92f6968",
        "native_verifier_payload": {
          "bytes": 15790,
          "lf_bytes": 15790,
          "lf_sha256": "d267faf4b73ce1133db4a2d19b0b98663116dcf03eecae97815b8a0a6ee45683",
          "path": "E:/Samplinglib/runs/20261007-companion-priority/pbps-centered-defect59/exact-science-verification/exact-verification.payload.json",
          "raw_sha256": "d267faf4b73ce1133db4a2d19b0b98663116dcf03eecae97815b8a0a6ee45683"
        },
        "publication_declarations": [
          "AutoSamplingTheory.ExampleCases.ProximalBPS.CenteredDefectOperator.actual_centered_selfadjoint_defect",
          "Tests.ProximalBPSCenteredDefect.actual_centered_defect_coercive_and_unit"
        ],
        "receipt_path": "E:/Samplinglib/runs/20261007-companion-priority/pbps-centered-defect59/exact-science-verification/receipt.json",
        "remaining_truth_boundary": [
          "Gamma positive root/Loewner inverse/polar construction",
          "Full weakH1 and hypocoercivity",
          "Dynamics/main/errors/cost/composition",
          "Full paper/reader purification/live/Goal"
        ],
        "root_not_verifier": true,
        "source_audit": [
          {
            "actual_publication_binding_sha256": "0a7239afc96012d3c6c6c36b16e5c4bb1156886146b91d7159a1ca3962b2cf91",
            "blocking_deltas": 0,
            "current_audit": {
              "bytes": 46034,
              "lf_bytes": 46034,
              "lf_sha256": "f7d5de84d84d5a9f123bab8717d3ed44ce1f8edbd5e6d6668a31302c419f4e55",
              "path": "E:/Samplinglib/research-wiki/semantic-roundtrip/audits/ASTIS-RT-20261008-PBPSCenteredSelfadjointDefect.json",
              "raw_sha256": "f7d5de84d84d5a9f123bab8717d3ed44ce1f8edbd5e6d6668a31302c419f4e55"
            },
            "native_source_review": {
              "bytes": 10190,
              "lf_bytes": 10190,
              "lf_sha256": "d781ef85ea17e6eb452f6d497b7941f79a67d6f0bc1f999db9814cdda617b308",
              "path": "E:/Samplinglib/runs/20261007-companion-priority/pbps-centered-defect59/source-review59/source.0.review.json",
              "raw_sha256": "d781ef85ea17e6eb452f6d497b7941f79a67d6f0bc1f999db9814cdda617b308"
            },
            "repairs": 0,
            "slots": 7
          },
          {
            "actual_publication_binding_sha256": "3c357ada65d012f6e51e76e433532d0e86cd13bcb88255dc19213b066d307df6",
            "blocking_deltas": 0,
            "current_audit": {
              "bytes": 38662,
              "lf_bytes": 38662,
              "lf_sha256": "ddf5fa18f32a0bfe7bc95c4b7c73c3959bda36c64221dc841bf2227f07aad7f3",
              "path": "E:/Samplinglib/research-wiki/semantic-roundtrip/audits/ASTIS-RT-20261008-PBPSCenteredDefectInverse.json",
              "raw_sha256": "ddf5fa18f32a0bfe7bc95c4b7c73c3959bda36c64221dc841bf2227f07aad7f3"
            },
            "native_source_review": {
              "bytes": 10151,
              "lf_bytes": 10151,
              "lf_sha256": "1003fcb9498920fad273401a9ecbe8e2f2098c43063a1fc988ffad2133f93550",
              "path": "E:/Samplinglib/runs/20261007-companion-priority/pbps-centered-defect59/source-review59/source.1.review.json",
              "raw_sha256": "1003fcb9498920fad273401a9ecbe8e2f2098c43063a1fc988ffad2133f93550"
            },
            "repairs": 0,
            "slots": 7
          }
        ],
        "verified_commit": "2d6cd0167adc4fae1d8d166068a2eda51cd3c3ad",
        "verifier_id": "/root/whole_math52/exact-science59"
      },
      "modes": [
        "independent-exact-science-verification"
      ],
      "needs_diagnosis": false,
      "no_progress_streak": 1,
      "owner_id": "companion_root_20261005",
      "priority": 100,
      "proposed_files": [
        "AutoSamplingTheory/ExampleCases/ProximalBPS/CenteredDefectOperator.lean",
        "Tests/ProximalBPSCenteredDefect.lean"
      ],
      "publication_declarations": [
        "AutoSamplingTheory.ExampleCases.ProximalBPS.CenteredDefectOperator.actual_centered_selfadjoint_defect",
        "Tests.ProximalBPSCenteredDefect.actual_centered_defect_coercive_and_unit"
      ],
      "schema_version": 4,
      "source_anchor": "PBPS2609.06905v1 AppendixB B1-B5, D1-D2 real L2 stationarity/centering, C4/B15 squared-defect precursor; exact31regions/54items source inventory independently covered.",
      "state": "VERIFIED",
      "target_declarations": [
        "AutoSamplingTheory.ExampleCases.ProximalBPS.CenteredDefectOperator.actual_centered_selfadjoint_defect",
        "Tests.ProximalBPSCenteredDefect.actual_centered_defect_coercive_and_unit"
      ],
      "task_id": "ASTIS-SW-PBPS-2026",
      "theorem_delta": "Actual complete centered Hilbert defect operator and sharp coercive squared-defect unit on true Gaussian marginal.",
      "truth_boundary": "SAME actual55 T on L2(nu), selfadjoint/mean preserving/constant fixed, exact complete mean-zero restriction T0, full and centered positive squared defects; real Test uses actual58 rho/delta to prove IsUnit centered squared defect. No Gamma/root/polar/full weakH1/hypocoercivity/dynamics/main/implementation error/cost/composition/fullpaper/Goal admission.",
      "updated_at": "2026-10-08T13:21:40+00:00"
    },
    {
      "advance_id": "ASTIS-SA-20261008-PBPSMacroscopicCenteredRange",
      "checkpoint_count": 1,
      "created_at": "2026-10-08T08:42:31+00:00",
      "created_by": "companion_root_20261005",
      "dag_inputs": [
        "AutoSamplingTheory.ExampleCases.ProximalBPS.GibbsAugmentation.normalized_augmentation_density",
        "AutoSamplingTheory.ExampleCases.ProximalBPS.L2MacroscopicMean.actual_macroscopic_l2_mean",
        "AutoSamplingTheory.TechnicalLemmas.FunctionalInequalities.GaussianMarginalPoincare.actual_gaussian_marginal_centered_poincare"
      ],
      "event": "proposal",
      "fingerprint": "7e323c56e42f482647df40339cda236091af14338973e35f57dad5b996ac5b3d",
      "focused_checks": [
        "lake build AutoSamplingTheory.TechnicalLemmas.Measure.L2PullbackRange",
        "lake build Tests.ProximalBPSMacroscopicRange"
      ],
      "frontier_cell": "ASTIS-SW-PBPS-macroscopic-centered-range",
      "goal": "Actual macro and centered range bridge plus real sharp scalar contraction transport/squared defect gap.",
      "last_actor": "whole_math52_exact58",
      "latest_checkpoint": {
        "advance_id": "ASTIS-SA-20261008-PBPSMacroscopicCenteredRange",
        "context_characters": 0,
        "created_at": "2026-10-08T09:00:43+00:00",
        "event": "checkpoint",
        "exact_residual": "Independent math/anonymous decoder/source reviews/publication admission/aggregate pending. Gamma/root/inverse/fullH1/dynamics/main/cost/composition remain open.",
        "mathematical_delta": "Canonical shared pullback range equals comap measurable L2; actual Gibbs/Gaussian macro range and integral/centered image; real all-centered-macro contraction and sharp squared B gap.",
        "needs_diagnosis": false,
        "no_progress_streak": 1,
        "progress_signature": "3908PASS-three-unchanged-signatures-standard3",
        "route_fingerprint": "actual-pullback-range-centered-onto-real-macro-sharp-contraction-and-squared-defect-v1",
        "schema_version": 4,
        "worker_id": "companion_root_20261005"
      },
      "latest_evidence": {
        "checked_commit": "8c8847715c1d4c3033224b069d8dd694f2a4bd30",
        "fake_closure_scan": "Actual comment/string-stripped scan7 source files, 0 findings; exact3 successful standard axioms closures; failed-only elaboration sorryAx retained.",
        "gate": "Independent exact-commit lake build Tests.ProximalBPSMacroscopicRange PASS3908 plus reviewed publication/source/semantic/frontier/contributor gates; standard3 only.",
        "math_inputs": 72,
        "receipt": "runs/20261007-companion-priority/pbps-macroscopic-centered-range58/exact-verification58/receipt.json",
        "receipt_raw_sha256": "267016240d383e27669c1fcda5e72a1e2eac8eaab94637fce0846b20cd7f0f22",
        "remaining_truth_boundary": "PBPS2609.06905v1 AppendixB B1-B5 exact macro identification/centering feeding C3-C4 and B15. Public actual canonical pullback range=P range and centered image equality; real new Test transports exact57 scalar contraction to all actual centered macro f and squared defect gap. Finite real Hilbert/Borel/rank0 explicit extension; trueL2 generally infinite dimensional. Public generic pullback range and actual PBPS range/mean/centered image; realTest-only allmacro contraction/squaredBgap. NoGamma/fullweakH1/B13/B14/dynamics/main/cost/composition/fullpaper/Goal claim. Complete independent precommit mathematics, anonymous source/identity-blind decoder and independent anti-anchored source review accepted. Exact-science commit verification and shared integration remain pending.",
        "science_entries": 1185,
        "source_audit": [
          "E:/Samplinglib/research-wiki/semantic-roundtrip/audits/ASTIS-RT-20261008-L2PullbackRange.json",
          "E:/Samplinglib/research-wiki/semantic-roundtrip/audits/ASTIS-RT-20261008-PBPSMacroscopicCenteredRange.json",
          "E:/Samplinglib/research-wiki/semantic-roundtrip/audits/ASTIS-RT-20261008-PBPSCenteredMacroDefectGap.json"
        ],
        "verified_commit": "8c8847715c1d4c3033224b069d8dd694f2a4bd30",
        "verifier_binding_payload_sha256": "c60232bece66a6449fe28e16b58f43f51afff12bcb3f965cfc150692db2d88ab",
        "verifier_id": "whole_math52_exact58"
      },
      "modes": [
        "independent-exact-commit-verification"
      ],
      "needs_diagnosis": false,
      "no_progress_streak": 1,
      "owner_id": "companion_root_20261005",
      "priority": 100,
      "proposed_files": [
        "AutoSamplingTheory/TechnicalLemmas/Measure/L2PullbackRange.lean",
        "AutoSamplingTheory/ExampleCases/ProximalBPS/MacroscopicRange.lean",
        "Tests/ProximalBPSMacroscopicRange.lean"
      ],
      "publication_declarations": [
        "AutoSamplingTheory.TechnicalLemmas.Measure.L2PullbackRange.l2_pullback_range_eq_lpMeas",
        "AutoSamplingTheory.ExampleCases.ProximalBPS.MacroscopicRange.actual_macroscopic_centered_range",
        "Tests.ProximalBPSMacroscopicRange.actual_centered_macro_contraction_and_defect_gap"
      ],
      "schema_version": 4,
      "source_anchor": "PBPS2609.06905v1 AppendixB B1-B5 exact macro identification/centering feeding C3-C4 and B15. Public actual canonical pullback range=P range and centered image equality; real new Test transports exact57 scalar contraction to all actual centered macro f and squared defect gap.",
      "state": "VERIFIED",
      "target_declarations": [
        "AutoSamplingTheory.TechnicalLemmas.Measure.L2PullbackRange.l2_pullback_range_eq_lpMeas",
        "AutoSamplingTheory.ExampleCases.ProximalBPS.MacroscopicRange.actual_macroscopic_centered_range",
        "Tests.ProximalBPSMacroscopicRange.actual_centered_macro_contraction_and_defect_gap"
      ],
      "task_id": "ASTIS-COMPANION-PBPS",
      "theorem_delta": "AE comap representative -> strongly measurable factor -> pushforward MemLp -> exact L2 pullback range=lpMeas -> true conditional-projection macro range -> actual mean transport/centered onto image -> SAME55 M/T and57 T identification -> realTest allmacro sharp rho and squaredB defect gap.",
      "truth_boundary": "PBPS2609.06905v1 AppendixB B1-B5 exact macro identification/centering feeding C3-C4 and B15. Public actual canonical pullback range=P range and centered image equality; real new Test transports exact57 scalar contraction to all actual centered macro f and squared defect gap. Finite real Hilbert/Borel/rank0 explicit extension; trueL2 generally infinite dimensional. Public generic pullback range and actual PBPS range/mean/centered image; realTest-only allmacro contraction/squaredBgap. NoGamma/fullweakH1/B13/B14/dynamics/main/cost/composition/fullpaper/Goal claim.",
      "updated_at": "2026-10-08T10:11:24+00:00"
    },
    {
      "advance_id": "ASTIS-SA-20261008-GaussianMarginalPoincare",
      "checkpoint_count": 1,
      "created_at": "2026-10-08T06:51:29+00:00",
      "created_by": "companion_root_20261005",
      "dag_inputs": [
        "AutoSamplingTheory.TechnicalLemmas.FunctionalInequalities.GaussianMarginalGradient.gaussian_marginal_gradient_closable",
        "AutoSamplingTheory.TechnicalLemmas.FunctionalInequalities.CenteredDomainPoincare.gibbs_centered_domain_poincare",
        "AutoSamplingTheory.TechnicalLemmas.FunctionalInequalities.GibbsLinearCovarianceUpper.gibbs_linear_covariance_upper",
        "AutoSamplingTheory.TechnicalLemmas.Measure.GaussianConvolutionRegularity.gaussian_convolution_derivatives",
        "AutoSamplingTheory.ExampleCases.SmoothedPicardHMC.SmoothedGibbsPotential.smoothed_gibbs_potential",
        "AutoSamplingTheory.ExampleCases.SmoothedPicardHMC.SmoothedHessianUpper.smoothed_hessian_upper"
      ],
      "event": "proposal",
      "fingerprint": "ed870b181b73b6f5e77ff53f73c88e7b6daa7133f287520e2ceb79499b06ec0f",
      "focused_checks": [
        "lake build Tests.GaussianMarginalPoincare"
      ],
      "frontier_cell": "ASTIS-SHARED-gaussian-marginal-poincare",
      "goal": "Actual Gaussian Gibbs marginal centered Poincare with source coefficient and real SAME56 C3/C4 consumer.",
      "last_actor": "whole_math52_exact57",
      "latest_checkpoint": {
        "advance_id": "ASTIS-SA-20261008-GaussianMarginalPoincare",
        "context_characters": 0,
        "created_at": "2026-10-08T07:03:38+00:00",
        "event": "checkpoint",
        "exact_residual": "Independent wholemath/blind/source reviews and publication admission/aggregate pending. FullH1/B13/Gamma/macro-range/dynamics/main/errors/cost/composition open.",
        "mathematical_delta": "Actual nu centered closed-domain PI with source alpha/(1+alphaeta). Same-core equality transfers actual56 Tu/Ku; actual55 stationary literal law produces integral equality and centering; genuineC3+sharpC2 yields exactrho including alphaeta1.",
        "needs_diagnosis": false,
        "no_progress_streak": 1,
        "progress_signature": "3904PASS-exact1244-SAME56-domain-derived-centering-exactrho",
        "route_fingerprint": "actual-gaussian-marginal-curvature-genuine-compact-closure-poincare-same56-centered-consumer-v1",
        "schema_version": 4,
        "worker_id": "companion_root_20261005"
      },
      "latest_evidence": {
        "checked_commit": "e8a9044ba5a945eaa4b4aecd110b63494fe6c68e",
        "fake_closure_scan": {
          "actual_current_rows": 10,
          "all_empty": true,
          "evidence": {
            "bytes": 8576,
            "lf_bytes": 8384,
            "lf_sha256": "a3dd6ab5bb68084be4ce0680dd7a604d6418211ff0ca13e7ec2d851db9cb3479",
            "path": "runs/20261007-companion-priority/pbps-marginal-poincare57/exact-verification57/final.checks.json",
            "raw_sha256": "2518a6da5fb7d5e9f0d98d5a195cc5a374b5471d2fa8bf6a7b2172ca6f5b91a3"
          }
        },
        "gate": {
          "actual_CLOSED_compiler": {
            "bytes": 716,
            "lf_bytes": 694,
            "lf_sha256": "f8ab4cd3036b26443b563b7327ff5db4c0887e555cc05ebff4070a53ebcd922f",
            "path": "runs/20261007-companion-priority/pbps-marginal-poincare57/exact-verification57/compiler.lease.json",
            "raw_sha256": "ebf0740fd4f2f7845bc374ffb6dd8fda94cd3fb4089fe999233e8b1b720302cd"
          },
          "all_noncompiler": {
            "bytes": 5060,
            "lf_bytes": 4927,
            "lf_sha256": "dbb7a6a510ed6193a884a3cf8c42d60e4677447f093bbe4ae502194fecb40fe5",
            "path": "runs/20261007-companion-priority/pbps-marginal-poincare57/exact-verification57/gates.json",
            "raw_sha256": "5000660dac4217f4897ee7185c649fbfbe535e2eaa7d6b9df4b8f14542426c81"
          },
          "focused_Lean": {
            "bytes": 1382,
            "lf_bytes": 1347,
            "lf_sha256": "6cec335bd57537fbe49a7fd14b835e206337da18fdb9c86d9bfc9a7b0373b335",
            "path": "runs/20261007-companion-priority/pbps-marginal-poincare57/exact-verification57/focused.status.json",
            "raw_sha256": "d8ece8818ec5aa311ed6d238968aa4a9fecc2e504012d287c89166c8213cdacf"
          },
          "full_body_review": {
            "bytes": 11621,
            "lf_bytes": 11374,
            "lf_sha256": "50502cb30d5fb3fd1aa3d5db8c8525dfd6933bfd8b8d5479cb2f70a50d10dec3",
            "path": "runs/20261007-companion-priority/pbps-marginal-poincare57/whole-math57/receipt.json",
            "raw_sha256": "2e64d19d3ed976d7e21296aea5e42eaf90e410112ae421e397691513634e5511"
          }
        },
        "independent_receipt": {
          "bytes": 12617,
          "lf_bytes": 12353,
          "lf_sha256": "b0375fa5f4ff2e4b2718f8ac746e901194a099f897720c13dddc288a95c3bed8",
          "path": "runs/20261007-companion-priority/pbps-marginal-poincare57/exact-verification57/receipt.json",
          "raw_sha256": "7fe2f0a6ee30dfe311502a1819594cb33e33156a9f5928c7caf7dafe74adad2e"
        },
        "independent_run": {
          "bytes": 760107,
          "lf_bytes": 746211,
          "lf_sha256": "6e01e8a199277d52c43c230ba73a26960dcf5dac7309d2339334c76c998b22bb",
          "path": "runs/20261007-companion-priority/pbps-marginal-poincare57/exact-verification57/run.json",
          "raw_sha256": "11382009190cd418505ea588baf6f5b563edc5934372b8190a7e11187107b451"
        },
        "publication_declarations": [
          "AutoSamplingTheory.TechnicalLemmas.FunctionalInequalities.GaussianMarginalPoincare.actual_gaussian_marginal_centered_poincare"
        ],
        "source_audit": {
          "actual_CLOSED_source_lease": {
            "bytes": 716518,
            "lf_bytes": 716518,
            "lf_sha256": "411cc533adc03cd89ff5e5bffdf55d08061c4ca73abb100689386bc77cba9912",
            "path": "runs/20261007-companion-priority/pbps-marginal-poincare57/source.review.lease.json",
            "raw_sha256": "411cc533adc03cd89ff5e5bffdf55d08061c4ca73abb100689386bc77cba9912"
          },
          "canonical_audit": {
            "bytes": 45625,
            "lf_bytes": 45353,
            "lf_sha256": "84f50c69e05239e20d235ad92dc2f44cebac4365621a6a810ad1173fffd1d520",
            "path": "research-wiki/semantic-roundtrip/audits/ASTIS-RT-20261008-GaussianMarginalPoincare.json",
            "raw_sha256": "cca20455cdd76cfb1dcda7f8df2a414990cbc986f5e767c7f750d2e2d0cd2cf8"
          },
          "native_source_review": {
            "bytes": 8950,
            "lf_bytes": 8950,
            "lf_sha256": "ec6237b62f7c52b0017a5c39367f9bff553c6fac4283cb9919413e95d0c17020",
            "path": "runs/20261007-companion-priority/pbps-marginal-poincare57/source-review57/result0.json",
            "raw_sha256": "ec6237b62f7c52b0017a5c39367f9bff553c6fac4283cb9919413e95d0c17020"
          },
          "native_source_run": {
            "bytes": 5414,
            "lf_bytes": 5414,
            "lf_sha256": "76901bb887a098970d7684b565a7486dbee4cc929c01c4ba64dbb61518a1610e",
            "path": "runs/20261007-companion-priority/pbps-marginal-poincare57/source-review57/reviewer.source.run.json",
            "raw_sha256": "76901bb887a098970d7684b565a7486dbee4cc929c01c4ba64dbb61518a1610e"
          }
        },
        "truth_boundary": "Full weakH1/macro-range/fullB13/Gamma/halfturn/dynamics/main/errors/cost/composition/full-reader/live/PURIFIED OPEN. Full shared aggregate is later serialized integration, not current evidence.",
        "verified_commit": "e8a9044ba5a945eaa4b4aecd110b63494fe6c68e",
        "verifier_binding_payload_sha256": "8cb11f30d6bec7988e2721cb46634ec6f6a6d3812de453933d912039673c4669",
        "verifier_id": "whole_math52_exact57"
      },
      "modes": [
        "faithfulPaper",
        "proof-design",
        "Lean"
      ],
      "needs_diagnosis": false,
      "no_progress_streak": 1,
      "owner_id": "companion_root_20261005",
      "priority": 100,
      "proposed_files": [
        "AutoSamplingTheory/TechnicalLemmas/FunctionalInequalities/GaussianMarginalPoincare.lean",
        "Tests/GaussianMarginalPoincare.lean"
      ],
      "publication_declarations": [
        "AutoSamplingTheory.TechnicalLemmas.FunctionalInequalities.GaussianMarginalPoincare.actual_gaussian_marginal_centered_poincare"
      ],
      "schema_version": 4,
      "source_anchor": "PBPS2609.06905v1 Eq2.13 and AppendixD.2 D6/D10 feeding C3; original C2, two Hessian bounds,0<alpha<=beta and capped positive eta remain.",
      "state": "VERIFIED",
      "target_declarations": [
        "AutoSamplingTheory.TechnicalLemmas.FunctionalInequalities.GaussianMarginalPoincare.actual_gaussian_marginal_centered_poincare"
      ],
      "task_id": "ASTIS-COMPANION-PBPS",
      "theorem_delta": "Actual Gaussian Gibbs marginal density/normalizer -> posterior covariance upper and exact generic smoothed upper curvature -> marginal Hessian loweralpha/(1+alphaeta) and upperbeta/(1+betaeta) -> genuine dense compact-gradient core -> actual centered-domain PI -> SAME56 domain/centering C3 -> sharp sourceC4 contraction.",
      "truth_boundary": "PBPS2609.06905v1 Eq2.13 and AppendixD.2 D6/D10 feeding C3; original C2, two Hessian bounds,0<alpha<=beta and capped positive eta remain. Finite real Hilbert/Borel including rank0 explicit; exact compact-gradient closure Poincare, not equality to a separately defined weighted H1. Uniform genuine G selected before all centered domain z. Actual nu centered Poincare with coefficient alpha/(1+alpha eta). Separate fullH1/B13/Gamma/macro-range/dynamics/main/errors/cost/composition remain open.",
      "updated_at": "2026-10-08T07:47:16+00:00"
    },
    {
      "advance_id": "ASTIS-SA-20261008-PBPSRoughMeanGradient",
      "checkpoint_count": 1,
      "created_at": "2026-10-08T05:08:52+00:00",
      "created_by": "companion_root_20261005",
      "dag_inputs": [
        "AutoSamplingTheory.ExampleCases.ProximalBPS.SourceMeanGradientDomain.literal_source_mean_in_closed_gradient",
        "AutoSamplingTheory.ExampleCases.ProximalBPS.L2MacroscopicMean.actual_macroscopic_l2_mean",
        "AutoSamplingTheory.ExampleCases.ProximalBPS.MacroscopicEnergy.actual_macroscopic_gradient_energy_blocks"
      ],
      "event": "proposal",
      "fingerprint": "9b9541910f1b29b293b865d62356383691c2bfbd0f8f974b8bb55bbd9a6c77c9",
      "focused_checks": [
        "lake build Tests.ProximalBPSRoughMeanGradient"
      ],
      "frontier_cell": "ASTIS-SW-PBPS-rough-mean-gradient",
      "goal": "Produce actual full-L2 conditional mean closed-gradient image and sharp defect via one bounded gradient K.",
      "last_actor": "whole_math52_exact56",
      "latest_checkpoint": {
        "advance_id": "ASTIS-SA-20261008-PBPSRoughMeanGradient",
        "context_characters": 0,
        "created_at": "2026-10-08T05:20:48+00:00",
        "event": "checkpoint",
        "exact_residual": "Weak-H1 equivalence/full B13/Gamma/main/errors/cost/composition open; independent review/admission/aggregate pending.",
        "mathematical_delta": "Actual uniform closed compact-gradient G; genuine bounded source conditional mean T and one bounded K before all rough L2 inputs; sharp c and source4eta defect. Genuine joint reflection block rough-difference consumer identifies SAME T by actual AE source integrals; endpoint alpha*eta=1 forces K=0 with no singular division.",
        "needs_diagnosis": false,
        "no_progress_streak": 1,
        "progress_signature": "3899PASS-exact1755-actual-joint-BMu-rough-differences-alphaeta1-Kzero",
        "route_fingerprint": "actual-core-gradient-linear-bound-extendOfNorm-closed-graph-sharp-defect-v1",
        "schema_version": 4,
        "worker_id": "companion_root_20261005"
      },
      "latest_evidence": {
        "checked_commit": "db2c1237cd56698ae560a8121abfcbf374ff8838",
        "fake_closure_scan": "Actual full production/Test/three public parent scan PASS_ZERO and unchanged independently CLOSED complete proof review, exact source/frame/normalizer/AE representative and core extension checks.",
        "gate": "One actual lake build Tests.ProximalBPSRoughMeanGradient PID47152 EXIT0/CLOSED/3899; main+two Tests standard3; reviewed publication plus publication--baseorigin/main/semantic/frontier/contributor actual PASS. Full shared ASTIS/root/Registry497 gates pending serialized integration.",
        "publication_declarations": [
          "AutoSamplingTheory.ExampleCases.ProximalBPS.RoughMeanGradient.actual_rough_mean_gradient"
        ],
        "remaining_boundary": [
          "Equivalence with a separately defined weak H1 convention",
          "Gamma construction and Gamma-domain membership",
          "The whole printed B13 including its Gamma endpoint",
          "Full rough-gradient regularity beyond canonical graph closure",
          "Hypocoercivity/dynamics/nonexplosion",
          "Main theorem, actual cost, error bounds and composition",
          "Whole paper/source admission, reader purification, integration, remote/main/live and whole-Goal completion"
        ],
        "semantic_roundtrip_audit": "ASTIS-RT-20261008-PBPSRoughMeanGradient",
        "source_audit": "research-wiki/semantic-roundtrip/audits/ASTIS-RT-20261008-PBPSRoughMeanGradient.json",
        "verification_binding_sha256": "b06397c9fd0af4f1ecd74fd0c6cd514841709e43e1e2d26adc2b98182cb2ef7f",
        "verification_native_run": {
          "bytes": 506032,
          "lf_sha256": "31df47c937720166d48fc85d21bcb4cad65f3ca59226abee8f6c6af76294805d",
          "path": "runs/20261007-companion-priority/pbps-rough-mean-gradient56/exact-verification56/run.json",
          "raw_sha256": "c4305db00068613fb033c79dbda2d0626bd91b086c72c42b3288fdc602c4f43f"
        },
        "verification_receipt": {
          "bytes": 43936,
          "lf_sha256": "47f7832484de0d0f3cef225f987f9b94573b6c85ec207dbd7fc02611c3690c7f",
          "path": "runs/20261007-companion-priority/pbps-rough-mean-gradient56/exact-verification56/receipt.json",
          "raw_sha256": "b813cbd2e7075006b5c833d725a808c3cdb15d0f5ee1c9827751830ff6f077e7"
        },
        "verification_run_sha256": "017adbd12a4e6871d0e79bc4016418fd2811d4f386282952db1d3b416c2ec48a",
        "verified_commit": "db2c1237cd56698ae560a8121abfcbf374ff8838",
        "verifier_id": "whole_math52_exact56"
      },
      "modes": [
        "faithfulPaper",
        "proof-design",
        "Lean"
      ],
      "needs_diagnosis": false,
      "no_progress_streak": 1,
      "owner_id": "companion_root_20261005",
      "priority": 100,
      "proposed_files": [
        "AutoSamplingTheory/ExampleCases/ProximalBPS/RoughMeanGradient.lean",
        "Tests/ProximalBPSRoughMeanGradient.lean"
      ],
      "publication_declarations": [
        "AutoSamplingTheory.ExampleCases.ProximalBPS.RoughMeanGradient.actual_rough_mean_gradient"
      ],
      "schema_version": 4,
      "source_anchor": "Fixed PBPS2609.06905v1 C.1 density/closedness passage and C.2 sharp compact estimate toward B.13; actual rough-input conditional mean in the SAME canonical closed-gradient graph and sharp energy estimate. Source C2/two Hessian/positive capped eta retained.",
      "state": "VERIFIED",
      "target_declarations": [
        "AutoSamplingTheory.ExampleCases.ProximalBPS.RoughMeanGradient.actual_rough_mean_gradient"
      ],
      "task_id": "ASTIS-COMPANION-PBPS",
      "theorem_delta": "Actual54 genuine core/compact conditional gradient + actual55 same-law T/AE representative + actual50 sharp energy -> true bounded linear derivative on dense core -> complete vector-L2 extension K -> dense closed graph membership and sharp norm defect -> source4eta bound.",
      "truth_boundary": "Fixed PBPS2609.06905v1 C.1 density/closedness passage and C.2 sharp compact estimate toward B.13; actual rough-input conditional mean in the SAME canonical closed-gradient graph and sharp energy estimate. Source C2/two Hessian/positive capped eta retained. Finite real Hilbert/Borel including rank0 extends printed finite Euclidean presentation. Actual closed compact-gradient graph is advertised explicitly; separately defined weak-H1 equivalence and Gamma norm identity are not claimed. SAME actual mu/J/nu and EVERY-y literal source S; one dense closable genuine compact-gradient core G, one actual bounded T and one bounded K chosen BEFORE every u in full L2(nu). T is the AE source conditional mean; (T u,K u) lies in G.closure.graph; sharp coefficient c=(1-alpha*eta)^2/[4(1+alpha*eta)] and source4eta inequality. Separate weak-H1 equivalence/full B13/Gamma/dynamics/main/errors/cost and actual-input composition remain open.",
      "updated_at": "2026-10-08T05:53:01+00:00"
    },
    {
      "advance_id": "ASTIS-SA-20261008-PBPSL2MacroscopicMean",
      "checkpoint_count": 1,
      "created_at": "2026-10-08T03:12:38+00:00",
      "created_by": "companion_root_20261005",
      "dag_inputs": [
        "AutoSamplingTheory.ExampleCases.ProximalBPS.MacroscopicEnergy.actual_macroscopic_gradient_energy_blocks",
        "AutoSamplingTheory.TechnicalLemmas.FunctionalInequalities.GaussianMarginalGradient.gaussian_marginal_gradient_closable",
        "AutoSamplingTheory.ExampleCases.ProximalBPS.ReflectionL2.actual_reflection_block_identities",
        "AutoSamplingTheory.ExampleCases.ProximalBPS.GaussianReflection.reflection_preserves_augmentation",
        "AutoSamplingTheory.TechnicalLemmas.Probability.GaussianConditionalKernel.exists_tilted_isCondKernel"
      ],
      "event": "proposal",
      "fingerprint": "4f02e696d4e4606621b7ae8958675758f0cbf4988c7a43c250a38158900648e6",
      "focused_checks": [
        "lake build Tests.ProximalBPSL2MacroscopicMean"
      ],
      "frontier_cell": "ASTIS-SW-PBPS-l2-macroscopic-mean",
      "goal": "Produce one genuine all-L2 PBPS mean T and snd pullback M with actual conditional mean, AE fiber integrability and exact variance/norm defect.",
      "last_actor": "whole_math52",
      "latest_checkpoint": {
        "advance_id": "ASTIS-SA-20261008-PBPSL2MacroscopicMean",
        "context_characters": 0,
        "created_at": "2026-10-08T03:35:11+00:00",
        "event": "checkpoint",
        "exact_residual": "Gradient B13/source weakH1 equivalence/Gamma/main/errors/cost/composition open; independent review/admission/aggregate pending.",
        "mathematical_delta": "One actual uniform M/T on SAME nu/J with PM=M, MT=AM, true AE source S mean, contraction, AE fiber L1/squareL1 and integrated variance/B norm defect. Genuine actual rough L2 differences and noncentered rank0 constant1 consumers compiled. All five admitted public parents consumed.",
        "needs_diagnosis": false,
        "no_progress_streak": 1,
        "progress_signature": "3894PASS-exact2526-allL2-difference-variance-rank0noncentered-constant",
        "route_fingerprint": "actual-snd-isometry-dense-closed-range-bounded-mean-posterior-disintegration-fubini-variance-v1",
        "schema_version": 4,
        "worker_id": "companion_root_20261005"
      },
      "latest_evidence": {
        "checked_commit": "4f71a36d56500fda7f86e8080f695a514913950a",
        "fake_closure_scan": {
          "evidence": {
            "bytes": 13307,
            "lf_sha256": "b8851ddf22619aa030428389bdcc9049605f9a02f1e2cefbaed042634bbcd635",
            "path": "runs/20261007-companion-priority/pbps-l2-macroscopic-mean55/exact-verification55/gates.json",
            "raw_sha256": "d87ac5439fbd5f32a08b3e58cfcc2bbc57420cc8013ac75d684b6610764d57bc"
          },
          "hits": 0,
          "status": "PASS"
        },
        "gate": {
          "Lean": "One nonforced focused Tests.ProximalBPSL2MacroscopicMean build exit0/PID28008, standard3",
          "focused": {
            "bytes": 1295,
            "lf_sha256": "ad44614d52b469ce97979025c5e3b46866fd3720847c5ba9cd6d4dd5f304a782",
            "path": "runs/20261007-companion-priority/pbps-l2-macroscopic-mean55/exact-verification55/focused.status.json",
            "raw_sha256": "971a28e838627c46584c5d3e4cebff7f342107ced29b5ab58dda940c1b3737b4"
          },
          "noncompiler": {
            "bytes": 3451,
            "lf_sha256": "a729247b9f04c79d1a65017c13b41c8aa6534fedcc783d2dee9ab6271c5ace85",
            "path": "runs/20261007-companion-priority/pbps-l2-macroscopic-mean55/exact-verification55/noncompiler.status.json",
            "raw_sha256": "08801c88354c5951a1c8496a2797939a37812754bad3d60ea52bffbd286cc068"
          },
          "receipt": {
            "bytes": 8290,
            "lf_sha256": "2bb2fb47ca136a075106ec19cc816ff930fa6dcc68710861f89991e34e462016",
            "path": "runs/20261007-companion-priority/pbps-l2-macroscopic-mean55/exact-verification55/verification.before-transition.receipt.json",
            "raw_sha256": "ba73abe3d64ff4d66bae4b2e457edf7e36304ed4d40e6388e494ae31006df8ab"
          },
          "source": "Native accepted source1/full binding + actual reviewed publication gate PASS",
          "status": "PASS"
        },
        "publication_declarations": [
          "AutoSamplingTheory.ExampleCases.ProximalBPS.L2MacroscopicMean.actual_macroscopic_l2_mean"
        ],
        "source_audit": {
          "canonical": {
            "bytes": 49569,
            "lf_sha256": "2ebcddc450f8b4932b0962e52b56957c6cc930afa78f4de794963a56257ccd93",
            "path": "research-wiki/semantic-roundtrip/audits/ASTIS-RT-20261008-PBPSL2MacroscopicMean.json",
            "raw_sha256": "0cced653391b0c885d8541ee73a6e1c9da1e0f50dfdfe69f2c55e6969c68b353"
          },
          "publication_binding_sha256": "3429f3b54edb1b9e40456d5f25677a1a54b4984f8d62aae273ce650e3b6ce862",
          "review": {
            "bytes": 116912,
            "lf_sha256": "84d051420245add848f86bbda1fb1559cfdd2004bb62471e5ce6f51e2bb9c173",
            "path": "runs/20261007-companion-priority/pbps-l2-macroscopic-mean55/independent-review55/source.1.review.json",
            "raw_sha256": "84d051420245add848f86bbda1fb1559cfdd2004bb62471e5ce6f51e2bb9c173"
          },
          "review_run_sha256": "7c13e04568d44130aad1266fe067712480c2e6592a76b520720557f369caad1b"
        },
        "truth_boundary": [
          "Rough-gradient/H1/closed-gradient B13 membership is unproved here.",
          "Gamma, main theorem, quantitative errors/costs and paper composition remain open.",
          "Shared repository aggregation, new-head CI, main/live and PURIFIED/Exposition admission are separate later stages.",
          "AE rough input/source mean/fiber integrability is not an EVERY-y rough assertion; EVERY-y source kernel law is genuine."
        ],
        "verified_commit": "4f71a36d56500fda7f86e8080f695a514913950a",
        "verifier_id": "whole_math52"
      },
      "modes": [
        "independent-exact-commit-verification"
      ],
      "needs_diagnosis": false,
      "no_progress_streak": 1,
      "owner_id": "companion_root_20261005",
      "priority": 100,
      "proposed_files": [
        "AutoSamplingTheory/ExampleCases/ProximalBPS/L2MacroscopicMean.lean",
        "Tests/ProximalBPSL2MacroscopicMean.lean"
      ],
      "publication_declarations": [
        "AutoSamplingTheory.ExampleCases.ProximalBPS.L2MacroscopicMean.actual_macroscopic_l2_mean"
      ],
      "schema_version": 4,
      "source_anchor": "PBPS2609.06905v1 Appendix B.1 real conditional projection/reflection blocks and B.9 variance identity; actual all-L2 mean bridge needed before full rough B.13. Source C2 potential, both Hessian bounds and capped positive step retained.",
      "state": "VERIFIED",
      "target_declarations": [
        "AutoSamplingTheory.ExampleCases.ProximalBPS.L2MacroscopicMean.actual_macroscopic_l2_mean"
      ],
      "task_id": "ASTIS-COMPANION-PBPS",
      "theorem_delta": "Join actual50 compact block/mean, actual51 density, ReflectionL2, Gaussian invariance and genuine posterior disintegration into true all-L2 M/T/sourceS mean and variance.",
      "truth_boundary": "PBPS2609.06905v1 Appendix B.1 real conditional projection/reflection blocks and B.9 variance identity; actual all-L2 mean bridge needed before full rough B.13. Source C2 potential, both Hessian bounds and capped positive step retained. Finite real Hilbert/Borel E including rank0 explicitly extends source finite Euclidean setting. Actual probability, Markov kernel, whole source-density equality, U/M/T coherence, contraction, AE-fiber integrability and variance identity are all conclusions produced internally. Only actual all-L2 M/T pullback, conditional mean, AE integrability and variance defect; rough-gradient/H1/B13, Gamma/dynamics/main/errors/cost/composition remain separate.",
      "updated_at": "2026-10-08T04:25:17+00:00"
    },
    {
      "advance_id": "ASTIS-SA-20261008-PBPSSourceMeanGradientDomain",
      "checkpoint_count": 1,
      "created_at": "2026-10-08T01:42:49+00:00",
      "created_by": "companion_root_20261005",
      "dag_inputs": [
        "AutoSamplingTheory.ExampleCases.ProximalBPS.MacroscopicEnergy.actual_macroscopic_gradient_energy_blocks",
        "AutoSamplingTheory.ExampleCases.ProximalBPS.LiteralReflectedMean.reflected_gibbs_mean_c1",
        "AutoSamplingTheory.TechnicalLemmas.FunctionalInequalities.GaussianMarginalGradient.gaussian_marginal_gradient_closable",
        "AutoSamplingTheory.TechnicalLemmas.FunctionalInequalities.WeightedC1GradientDomain.c1_in_closed_gradient"
      ],
      "event": "proposal",
      "fingerprint": "958a27b4e04a5d8b4d7ddd69143c15817af55d808567c94bfc4cc5e4824c1646",
      "focused_checks": [
        "lake build Tests.ProximalBPSSourceMeanGradientDomain"
      ],
      "frontier_cell": "ASTIS-SW-PBPS-source-mean-gradient-domain",
      "goal": "Put the literal PBPS source mean and gradient canonical classes in the genuine closed-gradient graph.",
      "last_actor": "whole_math52",
      "latest_checkpoint": {
        "advance_id": "ASTIS-SA-20261008-PBPSSourceMeanGradientDomain",
        "context_characters": 0,
        "created_at": "2026-10-08T01:54:09+00:00",
        "event": "checkpoint",
        "exact_residual": "Full all-L2 limit, source weakH1 identification, roughB13/Gamma/main/errors/cost/composition open; independent review/admission/aggregate pending.",
        "mathematical_delta": "Uniform same-nu genuine compact-gradient core and canonical closed-gradient pair for literal source mean. Genuine actual PUP Ag representative consumes it; rank0 noncentered source mean1/gradient0 produces the constant1/zero canonical graph pair. Retired dependent direct toLp rewrite in Test; actual toLp_congr transports canonical objects.",
        "needs_diagnosis": false,
        "no_progress_streak": 1,
        "progress_signature": "3898PASS-exact1448-actualAgRepresentative-canonicalRank0Mean1Gradient0",
        "route_fingerprint": "actual-Lp-whole-source-C1-uniform-core-closed-gradient-join-v1",
        "schema_version": 4,
        "worker_id": "companion_root_20261005"
      },
      "latest_evidence": {
        "checked_commit": "16797326f3e06a853e2d047f67fde924ac8c1647",
        "complete_math_review": "runs/20261007-companion-priority/pbps-source-mean-gradient-domain54/whole-proof-review54/receipt.json",
        "fake_closure_scan": "runs/20261007-companion-priority/pbps-source-mean-gradient-domain54/exact-verification54/native.checks.json",
        "gate": "PASS exact science16797326f3e06a853e2d047f67fde924ac8c1647: one focused Tests3898 exit0 PID7412; complete closed native whole/math/source/decoder bindings, all552/566 originals, real reviewed publication and fake-closure scan.",
        "independent_verification": "runs/20261007-companion-priority/pbps-source-mean-gradient-domain54/exact-verification54/receipt.json",
        "publication_declarations": [
          "AutoSamplingTheory.ExampleCases.ProximalBPS.SourceMeanGradientDomain.literal_source_mean_in_closed_gradient"
        ],
        "source_audit": "research-wiki/semantic-roundtrip/audits/ASTIS-RT-20261008-PBPSSourceMeanGradientDomain.json",
        "source_review": "runs/20261007-companion-priority/pbps-source-mean-gradient-domain54/source.0.review.json",
        "truth_boundary": "Exact1448 compact-observer literal-source mean canonical graph pair in one genuine uniform same-nu gradient closure. Complete prior whole mathematics reused unchanged; current science body/Test/Git and native source/blind/publication evidence independently checked.",
        "verified_commit": "16797326f3e06a853e2d047f67fde924ac8c1647",
        "verifier_id": "whole_math52"
      },
      "modes": [
        "independent-verification"
      ],
      "needs_diagnosis": false,
      "no_progress_streak": 1,
      "owner_id": "companion_root_20261005",
      "priority": 100,
      "proposed_files": [
        "AutoSamplingTheory/ExampleCases/ProximalBPS/SourceMeanGradientDomain.lean",
        "Tests/ProximalBPSSourceMeanGradientDomain.lean"
      ],
      "publication_declarations": [
        "AutoSamplingTheory.ExampleCases.ProximalBPS.SourceMeanGradientDomain.literal_source_mean_in_closed_gradient"
      ],
      "schema_version": 4,
      "source_anchor": "Pinned PBPS2609.06905v1 C.1 smoothcompact reduction physical4573–4576, literal S density4581–4587 and actual mean4597–4604, C.2 integrated actual gradient4654–4664 toward B.13 physical3777–3786. This is source-specific analytic integration of the compact branch, not printed full rough B.13.",
      "state": "VERIFIED",
      "target_declarations": [
        "AutoSamplingTheory.ExampleCases.ProximalBPS.SourceMeanGradientDomain.literal_source_mean_in_closed_gradient"
      ],
      "task_id": "ASTIS-COMPANION-PBPS",
      "theorem_delta": "Join actual50 mean/gradient Lp, actual53 whole-function C1, actual51 uniform core and the public C1 domain adapter on SAME actual nu.",
      "truth_boundary": "Pinned PBPS2609.06905v1 C.1 smoothcompact reduction physical4573–4576, literal S density4581–4587 and actual mean4597–4604, C.2 integrated actual gradient4654–4664 toward B.13 physical3777–3786. This is source-specific analytic integration of the compact branch, not printed full rough B.13. Finite real Hilbert/Borel E including rank0 is explicit authored extension of source Euclidean setting. Original C2 V, signed smoothcompact f, two-sided Hessian and beta*eta<=1 retained exactly. G is repository compact-gradient LinearPMap core with exact smoothcompact AE graph; closure interpretation is explicit authored background, not a claim of proved equivalence to any independently defined weighted weak H1. Only smoothcompact observer source-mean canonical closed-gradient pair; all-L2/H1 B13, quantitative energy extension, Gamma/dynamics/main/errors/cost/composition remain separate.",
      "updated_at": "2026-10-08T02:22:35+00:00"
    }
  ],
  "arbiter_queue": [
    "ASTIS-SW-SPHMC-full-range-proximal-gaussian-oracle",
    "ASTIS-SW-SPHMC-two-noise-rgo",
    "ASTIS-SW-SPHMC-standardized-rgo-sqrt-density",
    "ASTIS-SW-SPHMC-standardized-rgo-relative-entropy",
    "ASTIS-SW-SPHMC-standardized-rgo-position-fisher",
    "ASTIS-SW-SPHMC-standardized-rgo-kl-fisher",
    "ASTIS-SW-SPHMC-standardized-rgo-kl-dimension",
    "ASTIS-SW-SPHMC-source-quadrature-work"
  ],
  "conceptual_mirror_protocol": "Libraries/conceptual-mirror-protocol.json",
  "control_model": "substantive-advance-frontier-mesh",
  "coordinator_policy": "cell-synthesis-first; conceptual-mirror-aware; raw transcripts forbidden",
  "discoveries": [
    {
      "advance_id": "ASTIS-20260908-KernelInvariance",
      "created_at": "2026-09-08T12:02:34+00:00",
      "created_by": "root-samplewiki-resume",
      "discovery_id": "ASTIS-DISC-20260908-shared-kernel-synthesis-v2",
      "event": "discovery",
      "evidence": "runs/20260908-samplewiki-resume/kernel-cell-synthesis-v2.json; canonical Frontier Cells; immutable independent review capsules; source-bound gate at bb6fa815270f0bb41a6ec197caecae737227acf6.",
      "fingerprint": "3d26ac78fe10708c4e8a8f56a2bf23a5f26e9a167620fea7cac6a589549ac2a6",
      "frontier_cell": "ASTIS-SHARED-random-scan-heat-bath",
      "kind": "synthesis",
      "latest_actor": "reversibility_proof_review",
      "latest_note": "Independent bounded comparison against all eight canonical cells, their basis bb6fa815 statuses and compact review capsules: exact contracts and one stabilized/seven independently_verified counts accepted. Current reversibility packet is NOT an eighth-member snapshot inclusion or a new result count. Historical gate digest provenance checked without rebuilding old proofs. Evidence: runs/20260908-samplewiki-resume/reversibility-independent-review.md.",
      "metadata": {
        "next_candidate": "ASTIS-SHARED-random-scan-reversibility",
        "snapshot": "runs/20260908-samplewiki-resume/kernel-cell-synthesis-v2.json",
        "supersedes_snapshot_for_scheduling": "runs/20260908-samplewiki-resume/kernel-cell-synthesis.json"
      },
      "provenance": "Root bounded synthesis of verified cells and exact prior gate; no new proof or source theorem certificate.",
      "schema_version": 3,
      "statement": "Eight independently checked shared kernel packets now reach the actual supported Boolean uniform random-scan transition law. Compact contracts distinguish real proof parents, invariance/power test consumers, scoped source acceptance and the unchanged single stabilization queue.",
      "status": "validated",
      "updated_at": "2026-09-08T12:35:28+00:00",
      "where_it_matters": "Shared MCMC/Discrete Sampling kernel floor; avoid replaying eight Worker histories before detailed balance."
    },
    {
      "advance_id": "ASTIS-20260908-KernelInvariance",
      "created_at": "2026-09-08T08:59:48+00:00",
      "created_by": "root-samplewiki-resume",
      "discovery_id": "ASTIS-DISC-20260908-shared-kernel-synthesis",
      "event": "discovery",
      "evidence": "runs/20260908-samplewiki-resume/kernel-cell-synthesis.json; independent-review.md; heat-bath-independent-review.md; kernel-mixture-independent-review.md; source-bound gate at 1d400af.",
      "fingerprint": "b85b66bae86d6a380180a1b8bdd7146dd1a670b309eff07736dadf5333a556dc",
      "frontier_cell": "ASTIS-SHARED-kernel-invariant-powers",
      "kind": "synthesis",
      "latest_actor": "kernel_transport_review",
      "latest_note": "Independent bounded synthesis audit against all four cells, three review capsules, actual theorem/test imports and contracts, current local Registry394/ledger queue and historical source-bound gate at 1d400af. Proof parents and test inputs distinguished; source-neutral prerequisites and local state only, no proof recertification, source-theorem assimilation, or remote merged-state certificate. Evidence: runs/20260908-samplewiki-resume/synthesis-audit.md.",
      "metadata": {
        "next_candidate": "ASTIS-SHARED-kernel-invariant-transport",
        "related_cells": [
          "ASTIS-SHARED-conditional-resampling-law",
          "ASTIS-SHARED-heat-bath-snd-invariance",
          "ASTIS-SHARED-finite-kernel-mixture"
        ],
        "snapshot": "runs/20260908-samplewiki-resume/kernel-cell-synthesis.json"
      },
      "provenance": "Root synthesis of current cells, exact review capsules and successful local gates; no new proof or publication certificate.",
      "schema_version": 3,
      "statement": "Four independently checked shared kernel interfaces form the finite-iteration, one-block conditional update and fixed-mixture floor; transport across a measurable equivalence is the next missing coordinate-update edge. Proof parents and concrete test inputs remain distinct.",
      "status": "validated",
      "updated_at": "2026-09-08T09:05:56+00:00",
      "where_it_matters": "MCMC and Discrete Sampling coordinate updates; compress the connected shared kernel slice before further work."
    },
    {
      "advance_id": "ASTIS-SA-20261007-BernoulliFunctionLogSobolev",
      "created_at": "2026-10-07T00:44:10+00:00",
      "created_by": "companion_root_20261005",
      "discovery_id": "ASTIS-DISC-20261007-BernoulliGaussianEntropyEnergyMirror",
      "event": "discovery",
      "evidence": ".astis/bernoulli-lsi34/conceptual-mirror.candidate.json",
      "fingerprint": "aa9e7bdb95a403195c1112c2551521249b55666443ba7389739176b66205f10e",
      "frontier_cell": "ASTIS-SW-SPHMC-bernoulli-function-lsi",
      "kind": "conceptual-mirror",
      "latest_actor": "phase_source_reviewer_20261005",
      "latest_note": "Independent accepted-scoped-conceptual-only review: runs/20261007-companion-priority/bernoulli-lsi-source-graph-review/conceptual-mirror-review.json; raw/LF SHA256=9656089f38abbb6b32f4c26672c45db1050c82f1153238b1207e59abbbf4d981; review_run_sha256=c809a05588df07d5998451ffb1a3cabb1af3c67475413acd4876e499e6d5425e. Canonical candidate byte-identical; metadata graph_views list preserves names and full original graph-view contracts. Validation is source/mathematical conceptual correspondence only: finite coefficient1/2, true flip-energy factor4 yields Gaussian coefficient2 only after actual limit/adapters. No Lean transport/equivalence/functor, Gaussian LSI/T2/W2/main/work completion or stabilization credit.",
      "metadata": {
        "bridge_id": "transport:bernoulli-gaussian-entropy-energy-limit",
        "conclusion_map": {
          "Gaussian": "Entropy of f squared bounded by twice real derivative-square integral after the proven factor4 limit.",
          "finite": "Entropy of h squared bounded by half of unnormalized sum of full coordinate-flip squares.",
          "paper": "Only after true finite-Hilbert/cutoff and canonical entropy/quarter-energy identity does this supply KL<=Fisher/2; no T2 or W2 from this bridge."
        },
        "domains": [
          "concept:finite-boolean-product",
          "concept:real-gaussian-function-entropy"
        ],
        "failure_boundary": "No arbitrary dependent Boolean/Gibbs law, modified LSI jump entropy, covariance mismatch, noncompact extension without limits, canonical RN differentiation from AE equality, T2/W2/main/composition or unbounded cost transfer. CLT law convergence alone does not imply flip-energy convergence; the map is many-to-one and no theorem equivalence is asserted.",
        "family_id": "family:entropy-coordinate-energy",
        "formula": "Ent_mu_n(h_n^2) <= (1/2) E_mu_n sum_i (h_n-h_n o flip_i)^2; h_n=f(S_n), S_n=sum_i(sign_i)/sqrt(n); actual entropy limit is Ent_gamma(f^2), actual flip-energy limit is4 E_gamma(deriv f)^2, giving coefficient2.",
        "graph_view_contracts": {
          "functor": "Typed candidate after independent mathematical/source validation.",
          "lean": "No solid conceptual edge; only source-present compiled candidate substrates after actual local proof exists.",
          "overview": "Source/mechanism topology only."
        },
        "graph_views": [
          "overview",
          "functor",
          "lean"
        ],
        "hypothesis_map": {
          "finite": "Actual normalized counting law on all Fin n -> Bool, independent balanced coordinates; signed arbitrary h; all finite L1 domains produced.",
          "limit": "Actual normalized Rademacher sums, weak limit covariance1 gamma; for the compact core, real C2 compact-support f and genuine entropy/gradient limit producers, not supplied limits.",
          "noncompact_source": "Actual SPHMC sqrt density is C2 and noncompact; true cutoff mass/entropy/energy limits remain required. Gaussian law/orthonormal finite-product adapters are separate."
        },
        "mechanism": "Coordinate entropy controls assemble by true product entropy decomposition and RMS energy contraction; a law limit plus separately justified local perturbation-energy limit changes the ambient state space. This candidate records proof mechanism and adapter obligations; no Lean implication, equivalence or certified functor.",
        "source_ids": [
          "arXiv:2609.06906v1:S4.E6:omitted-Gaussian-LSI",
          "SLT:d0f506f0a695018265dccb33bcb05e2f5ca1c876:BernoulliLSI.bernoulli_logSobolev",
          "SLT:d0f506f0a695018265dccb33bcb05e2f5ca1c876:GaussianLSI.gaussian_logSobolev_CompSmo",
          "runs/20261007-companion-priority/gaussian-one-dimensional-preread/bounded-synthesis.json",
          "runs/20261007-companion-priority/bernoulli-lsi-source-preread/bounded-synthesis.json"
        ]
      },
      "provenance": "Pinned source first prereads and independent statement admission; no formal transport proof.",
      "schema_version": 4,
      "statement": "Ent_mu_n(h_n^2) <= (1/2) E_mu_n sum_i (h_n-h_n o flip_i)^2; h_n=f(S_n), S_n=sum_i(sign_i)/sqrt(n); actual entropy limit is Ent_gamma(f^2), actual flip-energy limit is4 E_gamma(deriv f)^2, giving coefficient2.",
      "status": "validated",
      "updated_at": "2026-10-07T00:53:28+00:00",
      "where_it_matters": "Genuine finite Bernoulli function-LSI required by actual normalized Rademacher Gaussian CLT/gradient limits for compact1D Gaussian LSI, then compact finite Hilbert and cutoff extension consume actual SPHMC32 C2 noncompact square root and finitecanonical33 entropy; all downstream obligations still OPEN."
    },
    {
      "advance_id": "ASTIS-SA-20261008-PBPSMacroscopicCenteredRange",
      "created_at": "2026-10-08T10:55:52+00:00",
      "created_by": "companion_root_20261005",
      "discovery_id": "ASTIS-DISC-20261008-RealL2FixedSpaceCFC-Candidate",
      "event": "discovery",
      "evidence": "Post58 dependency/API reading: fixed Mathlib StarOrder has complex-Hilbert CFC instances, real instStarOrderedRingRCLike requires unavailable realCFC; MemLp.ofReal exists in LpSpace/Basic line758. Name-pattern searches did not locate a dedicated generic Complexification file; this is not an exhaustive nonexistence claim. Independent source-only59 contract pins PBPS D.1 actual positive root definition; no eta prefactor.",
      "fingerprint": "c5b00529f6b677f353bbd658a5592d0d784731d4c0861e9cb27424c599e2c715",
      "frontier_cell": "ASTIS-SW-PBPS-macroscopic-centered-range",
      "kind": "conceptual-mirror",
      "metadata": {
        "bridge_id": "transport:real-l2-fixed-space-positive-root-candidate",
        "certificate": false,
        "compiled": false,
        "conclusion_map": "Candidate positive real root, exact square identity and norm identities on the SAME actual domain. Centered lower gap delta would become root norm lower gap sqrt(delta) only after exact root construction. No eta prefactor; no dynamics/main/cost/composition consequence.",
        "domains": [
          "concept:real-l2",
          "concept:complex-l2"
        ],
        "failure_boundary": "Actual complex extension, centered-domain compatibility, antiunitary conjugation star-algebra map, CFC naturality/root uniqueness, and restriction positivity all remain UNPROVED/unselected. No formal edge or Gamma inverse claim. A generic real Hilbert complexification may be more work than the actual L2 adapter; compare routes after59 source/statement seals.",
        "family_id": "family:l2-coercivity",
        "formula": "If e:H_R≃isometry Fix(C) and actual D_C extends D_R and commutes with antiunitary involution C, then Gamma_R u := e^{-1}_{Fix(C)}(sqrt(D_C)(e u)); Gamma_R^2=D_R and the actual norm/coercivity constants transport. Every adapter premise must be internally constructed, not a public source binder.",
        "graph_views": [
          "functor"
        ],
        "hypothesis_map": "Actual complete real L2/closed centered domain -> internally constructed genuine complex L2/centered Hilbert domain and onto real fixed-space isometry. Actual real positive selfadjoint D -> actual complex extension with positivity, plus C antiunitary involution and real star-algebra transport preserving D. No finite-dimensionality of L2, supplied CFC/centering/extension/root certificate.",
        "mechanism": "Realize real observables as conjugation-fixed complex observables. The real star algebra conjugation A↦C A C fixes D_C; a genuine CFC-map or positive-root uniqueness proof must show it fixes sqrt(D_C), permitting restriction to the real closed subspace.",
        "source_ids": [
          "arXiv:2609.06905v1 AppendixD D.1",
          "Mathlib@db584cd6d46c92f209a44c0f1c829460d327499d:Analysis/InnerProductSpace/StarOrder.lean",
          "Mathlib@db584cd6d46c92f209a44c0f1c829460d327499d:MeasureTheory/Function/LpSpace/Basic.lean"
        ],
        "validated": false
      },
      "provenance": "Root postintegration candidate observation, not a printed paper route, compiled adapter, validated mirror, theorem equivalence or certified functor.",
      "schema_version": 4,
      "statement": "Candidate ASTIS adapter: construct the actual complex L2/centered extension internally, use its genuine complex-Hilbert positive functional calculus, and restrict the positive root to the real fixed subspace of pointwise conjugation. No real-CFC certificate or finite-dimensional L2 may be added as a source premise.",
      "status": "raw",
      "where_it_matters": "After actual selfadjoint centered T0 and positive/coercive D0 are proved. Later PBPS real Gamma_P background; not part58 math closure or yet selected59 proof route."
    },
    {
      "advance_id": "ASTIS-SA-20261005-SPHMCKineticDissipation",
      "created_at": "2026-10-05T13:00:12+00:00",
      "created_by": "companion_root_20261005",
      "discovery_id": "ASTIS-D-20261005-KineticLyapunovScalarCoercivity",
      "event": "discovery",
      "evidence": "Source SPHMC v1 (4.14)-(4.15); independently verified source_kinetic_dissipation at 3dcc65cfe1e6029ca8b0df80d7813ddfe7cc2e2d. Existing SemigroupDecay isolates the scalar mechanism behind Chewi Theorems1.2.21/22/26; it constructs no actual semigroup.",
      "fingerprint": "4bc8aba86a4845171a00b37a9f6f67945392fecebaa26f2c90b6dd67f4fd4d7c",
      "frontier_cell": "ASTIS-SW-SPHMC-kinetic-dissipation",
      "kind": "conceptual-mirror",
      "metadata": {
        "bridge_id": "transport:kinetic-lyapunov-scalar-coercivity",
        "candidate_substrates": [
          "AutoSamplingTheory.ExampleCases.SmoothedPicardHMC.KineticDissipation.source_kinetic_dissipation",
          "AutoSamplingTheory.TechnicalLemmas.FunctionalInequalities.SemigroupDecay.exponential_decay_of_scaled_dissipation_from"
        ],
        "conclusion_map": "Conditional scalar energy exponential decay; neither sampler invariance nor discrete transition contraction follows without its own adapters. Existing scalar Gronwall substrate can be considered only after the actual derivative/coercivity contracts compile.",
        "domains": [
          "concept:sampling"
        ],
        "failure_boundary": "Nonselfadjoint kinetic A_H is not the reversible L2 density generator. No Poincare identity, cross-space theorem implication, actual K/Khat contraction, Markov semigroup or transport certificate is asserted. Step/remainder, regularity and norm-equivalence obligations cannot be dropped.",
        "family_id": "family:l2-coercivity",
        "formula": "Kinetic: Q_kappa(z)=<M_kappa z,z>, D_H(z)=-2<M_kappa z,A_H z> >= Q_kappa(z)/(8kappa). With an independently established C1 curve z'=A_H z, Q'=-D_H. Reversible L2: E'=-2 Dirichlet and Dirichlet>=E/C_PI. Each maps to E'<=-r E and scalar Gronwall, with respective r=1/(8kappa) and 2/C_PI.",
        "graph_views": [
          "functor"
        ],
        "hypothesis_map": "Kinetic: finite real inner-product E, kappa>=1, H symmetric, (2kappa)^-1 I<=H<=I, actual M_kappa and A_H; a C1 solution curve/chain-rule adapter must separately be proved. L2: actual reversible density evolution, generator-domain derivative identity and Poincare coercivity must separately be proved.",
        "mechanism": "Exact energy derivative plus source-specific coercivity yields a scalar differential inequality. The spaces, operators, regularity domains and rates remain distinct; this is a candidate instance of the family mechanism, not an equivalence.",
        "source_ids": [
          "sphmc-2026",
          "sampling"
        ],
        "validation_boundary": "raw candidate only; independent mathematical/source validation pending; not stabilized in Graph Memory/Hypergraph"
      },
      "provenance": "Post-PROVED_LOCAL retrieval on 2026-10-05. Earlier none-found audit remains its historical checkpoint; new candidate is raw and unvalidated. No change to accepted proof/source binding.",
      "schema_version": 4,
      "statement": "After the source kinetic drift admission, a candidate recurring scalar coercivity/dissipation mechanism is recorded. It is not a formal kernel dependency or a theorem transport certificate.",
      "status": "raw",
      "where_it_matters": "Future linear-flow derivative adapter and faithful sampling decay interfaces; the actual discrete K first-order remainder and step restrictions remain mandatory and are not supplied by this mirror."
    },
    {
      "advance_id": "ASTIS-SA-20261007-GaussianSharpConcentration",
      "created_at": "2026-10-06T20:22:42+00:00",
      "created_by": "companion_root_20261005",
      "discovery_id": "ASTIS-DISC-20261007-GaussianSymmetryPushforwardRepaired",
      "event": "discovery",
      "evidence": "runs/20261007-companion-priority/gaussian-sharp-concentration/conceptual-mirror.gaussian-symmetry.repaired.proposal.json",
      "fingerprint": "0fc184da7c47c8967f95bbf45885c347bfbc06962c40ba4625a482cf4ad4ed94",
      "frontier_cell": "ASTIS-SHARED-gaussian-sharp-concentration",
      "kind": "conceptual-mirror",
      "latest_actor": "companion_root_20261005",
      "latest_note": "Serialized local conceptual stabilization in existing Graph Memory + Functor Hypergraph after independent source validation; this discovery status is not Git PR merge or formal theorem implication. Candidate substrates only; no solid edge. runs/20261007-companion-priority/gaussian-sharp-concentration/conceptual-mirror.gaussian-symmetry.repaired.review.json",
      "metadata": {
        "bridge_id": "transport:gaussian-symmetry-pushforward",
        "candidate_substrates": [
          "AutoSamplingTheory.ExampleCases.ProximalBPS.GaussianReflection.reflection_preserves_augmentation",
          "AutoSamplingTheory.TechnicalLemmas.Probability.GaussianLipschitzExponential.integral_exp_centered_le_stdGaussian_of_lipschitz"
        ],
        "conclusion_map": "PBPS: literal augmentation law is invariant under R(x,y)=(x,2x-y), and R is involutive. Concentration background: the product Gaussian integral is unchanged by rotation, enabling conditional Stein/covariance calculation. Only coordinate-law invariance is shared; neither conclusion is a PBPS process-invariance theorem or Gaussian LSI/T2 certificate.",
        "domains": [
          "concept:probability",
          "concept:sampling",
          "concept:mcmc"
        ],
        "failure_boundary": "Rotating an arbitrary mu with a Gaussian does not preserve mu product gamma: at theta=pi/2 a non-Gaussian or noncentered mu is swapped with gamma. PBPS avoids that by fixing the arbitrary input. Gaussian reflection and rotation are different maps; reflection involutivity is not a generic rotation conclusion. Identically distributed centered anisotropic Gaussian copies may retain rotation invariance, but isotropic sharp coefficient1/2 in the given metric cannot be inferred. No PBPS reflection theorem implies the sharp concentration bound, nonexplosion, hypocoercivity, actual algorithm or query costs. No certified functor/equivalence or solid Lean dependency is claimed.",
        "family_id": "family:gaussian-law-symmetry",
        "formal_credit": false,
        "formula": "S_\\#\\nu=\\nu,\\quad R\\circ\\Phi=\\Phi\\circ S\\quad\\Longrightarrow\\quad R_\\#(\\Phi_\\#\\nu)=\\Phi_\\#\\nu.",
        "graph_views": [
          "overview",
          "functor"
        ],
        "hypothesis_map": "Common: actual measurable maps and law-preservation identity. PBPS: nu=mu product stdGaussian, arbitrary probability mu, S(x,z)=(x,-z), Phi(x,z)=(x,x+sqrt(eta)z), eta>0. Concentration background: nu=stdGaussian product itself, Phi=id and R=S=T_theta, T_theta(x,z)=(cos(theta)x+sin(theta)z,-sin(theta)x+cos(theta)z); both inputs Gaussian, centered and with identical covariance. The actual source standard-Gaussian instance has identity covariance in the Hilbert metric; the sharp numerical coefficient requires a separate covariance-scale/concentration calibration and does not follow from product-rotation law invariance alone.",
        "mechanism": "Preserve an underlying centered Gaussian law by an appropriate linear symmetry, then transport the symmetry through an actual measurable generative map. PBPS flips the noise while fixing the arbitrary input; the authored SPHMC concentration background rotates two independent identically distributed centered Gaussian copies before conditional Stein. Measure preservation permits changing integration coordinates. This does not identify the algorithms or their convergence guarantees.",
        "source_ids": [
          "arXiv:2609.06905v1:S2.SS2:(2.7),(2.14):Proposition2.1(iii)",
          "arXiv:2609.06906v1:S4.E3:omitted-Gaussian-background",
          "Mathlib:db584cd6:Gaussian.Fernique:map_rotation_eq_self",
          "Mathlib:db584cd6:Gaussian.Multivariate:stdGaussian_map"
        ],
        "source_route_distinction": "PBPS reflection is a printed source component; the rotation/Stein/Herbst proof is an ASTIS authored background route for the printed SPHMC concentration estimate, not attributed to the primary author proof."
      },
      "provenance": "Successor retains pinned primary/API source distinction and repairs a mathematical necessity claim identified by independent review; original raw candidate/review retained.",
      "schema_version": 4,
      "statement": "Gaussian symmetry preservation transported through actual measurable generative maps: PBPS noise reflection and authored concentration product rotation, with separate covariance calibration and distinct exact hypotheses/conclusions.",
      "status": "merged",
      "updated_at": "2026-10-06T20:34:40+00:00",
      "where_it_matters": "PBPS augmentation reflection and authored SPHMC omitted Gaussian-concentration background; conceptual coordinate-law mechanism only."
    },
    {
      "advance_id": "ASTIS-SA-20261007-GaussianSharpConcentration",
      "created_at": "2026-10-06T20:14:49+00:00",
      "created_by": "companion_root_20261005",
      "discovery_id": "ASTIS-DISC-20261007-GaussianSymmetryPushforward",
      "event": "discovery",
      "evidence": "runs/20261007-companion-priority/gaussian-sharp-concentration/conceptual-mirror.gaussian-symmetry.proposal.json",
      "fingerprint": "a112d1530a92860e0df1a6bca964a443d5b7ef6a5f82e7e58c26b4eea257beb2",
      "frontier_cell": "ASTIS-SHARED-gaussian-sharp-concentration",
      "kind": "conceptual-mirror",
      "latest_actor": "companion_root_20261005",
      "latest_note": "Original immutable candidate superseded only for the independently identified identity-covariance necessity wording; mechanism retained in corrected successor. runs/20261007-companion-priority/gaussian-sharp-concentration/conceptual-mirror.gaussian-symmetry.review.json",
      "metadata": {
        "bridge_id": "transport:gaussian-symmetry-pushforward",
        "candidate_substrates": [
          "AutoSamplingTheory.ExampleCases.ProximalBPS.GaussianReflection.reflection_preserves_augmentation",
          "AutoSamplingTheory.TechnicalLemmas.Probability.GaussianLipschitzExponential.integral_exp_centered_le_stdGaussian_of_lipschitz"
        ],
        "conclusion_map": "PBPS: literal augmentation law is invariant under R(x,y)=(x,2x-y), and R is involutive. Concentration background: the product Gaussian integral is unchanged by rotation, enabling conditional Stein/covariance calculation. Only coordinate-law invariance is shared; neither conclusion is a PBPS process-invariance theorem or Gaussian LSI/T2 certificate.",
        "domains": [
          "concept:probability",
          "concept:sampling",
          "concept:mcmc"
        ],
        "failure_boundary": "Rotating an arbitrary mu with a Gaussian does not preserve mu product gamma: at theta=pi/2 a non-Gaussian or noncentered mu is swapped with gamma. PBPS avoids that by fixing the arbitrary input. Gaussian reflection and rotation are different maps; reflection involutivity is not a generic rotation conclusion. Identically distributed centered anisotropic Gaussian copies may retain rotation invariance, but isotropic sharp coefficient1/2 in the given metric cannot be inferred. No PBPS reflection theorem implies the sharp concentration bound, nonexplosion, hypocoercivity, actual algorithm or query costs. No certified functor/equivalence or solid Lean dependency is claimed.",
        "family_id": "family:gaussian-law-symmetry",
        "formal_credit": false,
        "formula": "S_\\#\\nu=\\nu,\\quad R\\circ\\Phi=\\Phi\\circ S\\quad\\Longrightarrow\\quad R_\\#(\\Phi_\\#\\nu)=\\Phi_\\#\\nu.",
        "graph_views": [
          "overview",
          "functor"
        ],
        "hypothesis_map": "Common: actual measurable maps and law-preservation identity. PBPS: nu=mu product stdGaussian, arbitrary probability mu, S(x,z)=(x,-z), Phi(x,z)=(x,x+sqrt(eta)z), eta>0. Concentration background: nu=stdGaussian product itself, Phi=id and R=S=T_theta, T_theta(x,z)=(cos(theta)x+sin(theta)z,-sin(theta)x+cos(theta)z); both inputs Gaussian, centered and with identical covariance. Identity covariance in the actual Hilbert metric is additionally needed for the stated sharp1/2 Lipschitz coefficient.",
        "mechanism": "Preserve an underlying centered Gaussian law by an appropriate linear symmetry, then transport the symmetry through an actual measurable generative map. PBPS flips the noise while fixing the arbitrary input; the authored SPHMC concentration background rotates two independent identically distributed centered Gaussian copies before conditional Stein. Measure preservation permits changing integration coordinates. This does not identify the algorithms or their convergence guarantees.",
        "source_ids": [
          "arXiv:2609.06905v1:S2.SS2:(2.7),(2.14):Proposition2.1(iii)",
          "arXiv:2609.06906v1:S4.E3:omitted-Gaussian-background",
          "Mathlib:db584cd6:Gaussian.Fernique:map_rotation_eq_self",
          "Mathlib:db584cd6:Gaussian.Multivariate:stdGaussian_map"
        ],
        "source_route_distinction": "PBPS reflection is a printed source component; the rotation/Stein/Herbst proof is an ASTIS authored background route for the printed SPHMC concentration estimate, not attributed to the primary author proof."
      },
      "provenance": "Exact pinned primary PBPS2.7/2.14, SPHMC4.3 and pinned Mathlib Gaussian symmetry declarations; ASTIS authored rotation background distinct from printed source route.",
      "schema_version": 4,
      "statement": "Gaussian law symmetries reused as actual coordinate changes: PBPS generative noise reflection and the authored sharp concentration proof product rotation share preservation plus measurable pushforward intertwining, with different exact hypotheses and conclusions.",
      "status": "rejected",
      "updated_at": "2026-10-06T20:22:42+00:00",
      "where_it_matters": "PBPS augmentation reflection and SPHMC omitted Gaussian-concentration background; retain reusable mechanism without a formal dependency or process guarantee."
    },
    {
      "advance_id": "ASTIS-20260908-RandomScanReversibility",
      "created_at": "2026-09-08T12:09:54+00:00",
      "created_by": "random_scan_reversibility_worker",
      "discovery_id": "ASTIS-DISC-20260908-CountableAtomicReversibility",
      "event": "discovery",
      "evidence": "KernelReversibility.isReversible_of_singleton_balance compiled pinned Lean4.33.0 single-thread; consumed by actual randomScan_isReversible and infinite Nat counting-kernel test. Both public theorem axioms standard only.",
      "fingerprint": "34acfcd6c39e9bccd152bc3c157b7ab38c08fbb8f64a14c0901a6c4ad8d16fed",
      "frontier_cell": "ASTIS-SHARED-random-scan-reversibility",
      "kind": "interface",
      "latest_actor": "reversibility_proof_review",
      "latest_note": "Independent fresh Lean4.33.0 single-thread proof/test/API/axiom checks at 865871bfe058e073421a478103bd5fc9f9b1a3eb accept Countable+MeasurableSingleton singleton balance to Mathlib set-lintegral reversibility, without Markov/finite/probability assumptions. Direct actual randomScan consumer, zero measures, infinite atom and counting tests checked; standard axioms only. Evidence: runs/20260908-samplewiki-resume/reversibility-independent-review.md.",
      "metadata": {
        "lean_declaration": "AutoSamplingTheory.TechnicalLemmas.Probability.KernelReversibility.isReversible_of_singleton_balance",
        "status_boundary": "PROVED_LOCAL evidence, not independently verified"
      },
      "provenance": "Samplinglib/Mathlib/shared-cell retrieval; Mathlib lintegral_countable, ENNReal.tsum_mul_right and tsum_comm; exact source-neutral countable adapter, no external Lean port.",
      "schema_version": 3,
      "statement": "Countable measurable-singleton atomic flux symmetry implies the existing Kernel.IsReversible set-lintegral property without Markov, finite or probability assumptions.",
      "status": "validated",
      "updated_at": "2026-09-08T12:35:28+00:00",
      "where_it_matters": "Canonical shared adapter for finite/discrete MCMC balance calculations; no duplicate reversibility definition and no general-state uncountable claim."
    },
    {
      "advance_id": "ASTIS-SA-20261008-PBPSCenteredDefectOperator",
      "created_at": "2026-10-08T13:10:00+00:00",
      "created_by": "companion_root_20261005",
      "discovery_id": "ASTIS-DISC-20261008-NamedKernelHeaderElaboration59",
      "event": "discovery",
      "evidence": "Original named-type.negative-addendum.json and independently CLOSED independent-elab-type-second exact proposal/TYPE controls; distinct elaboration-kernel-overlay-source-review; root.statement-seal59.v3.json; actual final-consumer-v3 focused3911 PASS; independent full mathematics and source review. Intentionalfail and diagnostic_input controls remain excluded from source proof credit.",
      "fingerprint": "605f348f75e8aa0d3248da3202028c8928b1cdb04da8fb92ed06c66f1772daf3",
      "frontier_cell": "ASTIS-SW-PBPS-centered-selfadjoint-defect",
      "kind": "process",
      "metadata": {
        "compiler_diagnostic_is_proof": false,
        "control_plane_math_authority": false,
        "extra_public_binders": 0,
        "failure_class": "API_BLOCKED",
        "independent_process_validation": "Not requested; raw discovery, not validated conceptual mirror or Lean edge.",
        "mathematical_source_assumptions_changed": false,
        "scope": "Pinned empirical type/proof separation only",
        "standing_instruction": false
      },
      "provenance": "Evidence-bound local process observation in fixed Lean4.33.0/Mathlibdb584cd6d46c92f209a44c0f1c829460d327499d. Strict type reducer by whole_math52; exact syntax independently reviewed by next_primary59; actual source proof by companion_root_20261005. Not a universal compiler rule or mathematical implication.",
      "schema_version": 4,
      "statement": "For this pinned Lean4.33.0 real-L2 dependent centered-kernel header, complete Prop-valued definitions and named rfl equalities compiled while the original named theorem type failed before its proof. Exact definitional inlining of the H0 kernel fixed both complete named types; the actual complete source theorem proofs were then compiled separately.",
      "status": "raw",
      "where_it_matters": "Preproof API/elaboration diagnosis for similar dependent public L2/closed-subspace types. Require a named complete declaration type check; a Prop-valued or reduced fragment equality is not operational type admission for the full theorem."
    },
    {
      "advance_id": "ASTIS-SA-20261007-StandardizedRGOKLDimension",
      "created_at": "2026-10-07T15:20:10+00:00",
      "created_by": "gaussian_noncompact_preread_42",
      "discovery_id": "ASTIS-DISC-20261007-GaussianTalagrandRepresentativeDerivativeGap",
      "event": "discovery",
      "evidence": "runs/20261007-companion-priority/gaussian-talagrand-next-leaf-preread46/run.json",
      "fingerprint": "bf0f6ec68419d782165296d7ecb20ccd4a8da76e7ea1736bc4f2e1b6e48b3bc9",
      "frontier_cell": "ASTIS-SW-SPHMC-standardized-rgo-kl-dimension",
      "kind": "source-gap",
      "metadata": {
        "compiler_credit": false,
        "failure_boundary": "Bounded API absence is not a nonexistence theorem; scalar reproducer is not compiled truth; source C2 density does not silently provide a global C1 map or Caffarelli certificate. Dynamic evolution obligations remain distinct.",
        "retired_route": "Directly feed total Rockafellar gradient AE graph identity to global-monotone Jacobian consumer.",
        "run_sha256": "d77c0a01aa97c43f859f3884644027798e9ddbab7c01d55d21670ceae4601780",
        "smaller_next_delta": "Internally produce vector approximate/relative derivative and PSD on actual full-measure transport support with a compatible Jacobian passage, or prove actual special-RGO Caffarelli producer.",
        "source_detail_sha256": "88488089011add8e49664fac486861dd50c835317b67b5fb896ba045414cbe26",
        "status": "RAW-source-only-representative-and-vector-regularity-obstruction",
        "theorem_credit": false
      },
      "provenance": "Independent source/API-only46 reduction by gaussian_noncompact_preread_42. Original63raw/LF inputs32publicheaders and actualclosedlease preserved. No compiler, independent theorem verification, general absence claim, conditionalwrapper or source weakening.",
      "schema_version": 4,
      "statement": "Static covariance-I GaussianT2 route is strictly reduced to an actual full-measure vector derivative/PSD contract and compatible representative/localized Jacobian passage. Existing genuine optimizer/Brenier substrates and scalar convex-potential AE differentiation do not supply these vector contracts. Literal totalgradient may fail global monotonicity at nondifferentiability points; a concrete convex scalar reproducer is recorded as uncompiled diagnostic evidence. Special SPHMC source4.10 uses Caffarelli, whose actual producer was not located in the bounded pinned scopes.",
      "status": "raw",
      "where_it_matters": "True actual standardized RGO W2/FIRST4.6 consumer after numerical canonicalKL; paper mains and actual-input expected-query-cost composition remain separate."
    },
    {
      "advance_id": "ASTIS-SA-20261007-StandardizedRGOKLFisher",
      "created_at": "2026-10-07T14:07:55+00:00",
      "created_by": "gaussian_noncompact_preread_42",
      "discovery_id": "ASTIS-DISC-20261007-GaussianTalagrandActualProducerGap",
      "event": "discovery",
      "evidence": "runs/20261007-companion-priority/gaussian-talagrand-preread44/preread-run.json",
      "fingerprint": "57af5a28aba5c76f41e58d71dcc1e0b970d65c784bc81fcd9254a9bac56899dd",
      "frontier_cell": "ASTIS-SW-SPHMC-standardized-rgo-kl-fisher",
      "kind": "source-gap",
      "metadata": {
        "compiler_credit": false,
        "failure_boundary": "No global C1 or supplied map/Jacobian/entropy/flow/T2 premise may close a faithful Gaussian T2 theorem. Bounded search absence is not a theorem of nonexistence.",
        "minimal_static_residual": "AE derivative/PSD Jacobian of internally produced actual Rockafellar/Brenier map on a measurable full convex-effective-interior set.",
        "run_sha256": "6712451fc69e6d6325451fd5934929dad6b372d3acbf2245e579a49559b7e80a",
        "smaller_next_delta": "Actual canonical standardized RGO KL<=eta²finrank/2 from verified31+43, retaining same-law identity internally.",
        "source_detail_sha256": "5d39104950e6f6af067f17a382aa0deb12a6badeb42e810477a8c98c9771cf8f",
        "sourcecontract_sha256": "f29ad90cb5c01a85a5eae0524a33da069b7a8e69cffab6b5824093619405e60b",
        "status": "source-only-typed-prerequisite-obstruction",
        "theorem_credit": false
      },
      "provenance": "Independent primary/Chewi and pinned API bounded preread44 by gaussian_noncompact_preread_42. Root retains the original closed packet and exact hashes. No Lean proof, independent source topology admission, theorem-level absence claim or supplied transport certificate.",
      "schema_version": 4,
      "statement": "Covariance-I Gaussian T2 remains a genuine measure-level producer obligation. Existing actual optimizer/Brenier-map substrates do not yet internally produce the AE derivative/PSD Jacobian, density/logdet entropy identity and approximation passage of the static route; the dynamic route separately needs actual Gaussian evolution, evolved domains, KL dissipation, metric speed and convergence. Function LSI alone supplies neither route.",
      "status": "raw",
      "where_it_matters": "Actual standardized RGO W2/FIRST4.6 consumer after canonical KL<=eta²finrank/2; full SPHMC main and actual input-accuracy/cost composition remain separate."
    },
    {
      "advance_id": "ASTIS-SA-20261007-GaussianSharpConcentration",
      "created_at": "2026-10-06T18:46:47+00:00",
      "created_by": "companion_root_20261005",
      "discovery_id": "ASTIS-DISC-20261007-GaussianRotationCovarianceRoute",
      "event": "discovery",
      "evidence": "runs/20261007-companion-priority/gaussian-sharp-concentration/rotation-covariance-route.proposal.json",
      "fingerprint": "ed67a355afa873b60be582a5da02df4d3084c233485b960c43154e04680b96bc",
      "frontier_cell": "ASTIS-SHARED-gaussian-lipschitz-exponential-domain",
      "kind": "interface",
      "metadata": {
        "formal_credit": false,
        "status": "unproved-route"
      },
      "provenance": "Pinned Mathlib rotation/IBP/bump APIs and ASTIS Gaussian density; root candidate, independent mathematical review pending, no certified theorem edge.",
      "schema_version": 4,
      "statement": "Authored alternative sharp Gaussian concentration route via product rotation, scalar Stein, exact covariance integral, Herbst and normalized compact convolution. Constant grad g(U) during V-Stein avoids unprovided second derivative/Hessian domains.",
      "status": "raw",
      "where_it_matters": "SPHMC actualsource4.3 Gaussian-gradient-output sharp1/2 consumer"
    }
  ],
  "frontier_cells": [
    {
      "active_advances": [
        "ASTIS-SA-20261007-GaussianSharpConcentration",
        "ASTIS-SA-20261007-GaussianLaplaceDomain",
        "ASTIS-SA-20261007-PositiveStepProximalRGO",
        "ASTIS-SA-20261006-FullRangeProximalGaussianOracle"
      ],
      "blocked_advances": [],
      "frontier_cell": "ASTIS-SW-SPHMC-full-range-proximal-gaussian-oracle",
      "needs_diagnosis": [],
      "requires_local_synthesis": true,
      "top_priority": 100,
      "validated_conceptual_mirrors": [],
      "validated_syntheses": [],
      "verified_advances": [
        "ASTIS-SA-20261007-GaussianSharpConcentration",
        "ASTIS-SA-20261007-GaussianLaplaceDomain",
        "ASTIS-SA-20261007-PositiveStepProximalRGO",
        "ASTIS-SA-20261006-FullRangeProximalGaussianOracle"
      ]
    },
    {
      "active_advances": [
        "ASTIS-SA-20260911-SPHMCTwoNoiseRGO"
      ],
      "blocked_advances": [],
      "frontier_cell": "ASTIS-SW-SPHMC-two-noise-rgo",
      "needs_diagnosis": [],
      "requires_local_synthesis": false,
      "top_priority": 100,
      "validated_conceptual_mirrors": [],
      "validated_syntheses": [],
      "verified_advances": [
        "ASTIS-SA-20260911-SPHMCTwoNoiseRGO"
      ]
    },
    {
      "active_advances": [
        "ASTIS-SA-20261007-GaussianSqrtDensityDomain"
      ],
      "blocked_advances": [],
      "frontier_cell": "ASTIS-SW-SPHMC-standardized-rgo-sqrt-density",
      "needs_diagnosis": [],
      "requires_local_synthesis": false,
      "top_priority": 100,
      "validated_conceptual_mirrors": [],
      "validated_syntheses": [],
      "verified_advances": [
        "ASTIS-SA-20261007-GaussianSqrtDensityDomain"
      ]
    },
    {
      "active_advances": [
        "ASTIS-SA-20261007-StandardizedRGORelativeEntropy"
      ],
      "blocked_advances": [],
      "frontier_cell": "ASTIS-SW-SPHMC-standardized-rgo-relative-entropy",
      "needs_diagnosis": [],
      "requires_local_synthesis": false,
      "top_priority": 100,
      "validated_conceptual_mirrors": [],
      "validated_syntheses": [],
      "verified_advances": [
        "ASTIS-SA-20261007-StandardizedRGORelativeEntropy"
      ]
    },
    {
      "active_advances": [
        "ASTIS-SA-20261006-StandardizedRGOPositionFisher"
      ],
      "blocked_advances": [],
      "frontier_cell": "ASTIS-SW-SPHMC-standardized-rgo-position-fisher",
      "needs_diagnosis": [],
      "requires_local_synthesis": false,
      "top_priority": 100,
      "validated_conceptual_mirrors": [],
      "validated_syntheses": [],
      "verified_advances": [
        "ASTIS-SA-20261006-StandardizedRGOPositionFisher"
      ]
    },
    {
      "active_advances": [
        "ASTIS-SA-20261007-StandardizedRGOKLFisher"
      ],
      "blocked_advances": [],
      "frontier_cell": "ASTIS-SW-SPHMC-standardized-rgo-kl-fisher",
      "needs_diagnosis": [],
      "requires_local_synthesis": false,
      "top_priority": 100,
      "validated_conceptual_mirrors": [],
      "validated_syntheses": [],
      "verified_advances": [
        "ASTIS-SA-20261007-StandardizedRGOKLFisher"
      ]
    },
    {
      "active_advances": [
        "ASTIS-SA-20261007-StandardizedRGOKLDimension"
      ],
      "blocked_advances": [],
      "frontier_cell": "ASTIS-SW-SPHMC-standardized-rgo-kl-dimension",
      "needs_diagnosis": [],
      "requires_local_synthesis": false,
      "top_priority": 100,
      "validated_conceptual_mirrors": [],
      "validated_syntheses": [],
      "verified_advances": [
        "ASTIS-SA-20261007-StandardizedRGOKLDimension"
      ]
    },
    {
      "active_advances": [
        "ASTIS-SA-20261005-SPHMCSourceQuadrature"
      ],
      "blocked_advances": [],
      "frontier_cell": "ASTIS-SW-SPHMC-source-quadrature-work",
      "needs_diagnosis": [],
      "requires_local_synthesis": false,
      "top_priority": 100,
      "validated_conceptual_mirrors": [],
      "validated_syntheses": [],
      "verified_advances": [
        "ASTIS-SA-20261005-SPHMCSourceQuadrature"
      ]
    }
  ],
  "generated_at": "2026-10-08T16:30:54+00:00",
  "graph_memory_index": "website/content/graph_memory_index.json",
  "no_progress_advances": [],
  "omitted_advance_count": 165,
  "omitted_cell_count": 163,
  "omitted_discovery_count": 18,
  "raw_worker_transcripts_included": false,
  "schema_version": 4,
  "serialized_characters": 90409,
  "single_stabilization_lane": [
    "ASTIS-SA-20261005-SPHMCImplementedPhaseKernel"
  ],
  "validated_conceptual_mirrors": [
    {
      "advance_id": "ASTIS-SA-20261007-BernoulliFunctionLogSobolev",
      "bridge_id": "transport:bernoulli-gaussian-entropy-energy-limit",
      "discovery_id": "ASTIS-DISC-20261007-BernoulliGaussianEntropyEnergyMirror",
      "domains": [
        "concept:finite-boolean-product",
        "concept:real-gaussian-function-entropy"
      ],
      "family_id": "family:entropy-coordinate-energy",
      "frontier_cell": "ASTIS-SW-SPHMC-bernoulli-function-lsi",
      "status": "validated"
    },
    {
      "advance_id": "ASTIS-SA-20261007-GaussianSharpConcentration",
      "bridge_id": "transport:gaussian-symmetry-pushforward",
      "discovery_id": "ASTIS-DISC-20261007-GaussianSymmetryPushforwardRepaired",
      "domains": [
        "concept:probability",
        "concept:sampling",
        "concept:mcmc"
      ],
      "family_id": "family:gaussian-law-symmetry",
      "frontier_cell": "ASTIS-SHARED-gaussian-sharp-concentration",
      "status": "merged"
    }
  ]
}
